,precision,recall,f1-score,support
Positive,0.42493638676844786,0.4175,0.42118537200504413,400.0
Negative,0.13793103448275862,0.04,0.06201550387596899,200.0
Neutral,0.3273942093541203,0.49,0.3925233644859813,300.0
accuracy,0.35777777777777775,0.35777777777777775,0.35777777777777775,0.35777777777777775
macro avg,0.2967538768684423,0.31583333333333335,0.2919080801223315,900.0
weighted avg,0.32864336045574105,0.35777777777777775,0.3318158432477843,900.0
