,precision,recall,f1-score,support
Positive,0.9453302961275627,0.6484375,0.7692307692307693,640.0
Negative,0.20833333333333334,0.14285714285714285,0.1694915254237288,105.0
Neutral,0.5,0.95703125,0.6568364611260054,256.0
accuracy,0.6743256743256744,0.6743256743256744,0.6743256743256744,0.6743256743256744
macro avg,0.5512212098202987,0.5827752976190476,0.5318529185935011,1001.0
weighted avg,0.7541322572643757,0.6743256743256744,0.6775768596657754,1001.0
