Accuracy,Precision,Recall,F1 Score
0.35777777777777775,0.2967538768684423,0.31583333333333335,0.2919080801223315
