Accuracy,Precision,Recall,F1 Score
0.6743256743256744,0.5512212098202987,0.5827752976190476,0.5318529185935011
