review_text,review_classification,review_name,review_type,passenger_name,review_date,source
1. The flight on American Airlines was punctual and the in-flight meals were satisfactory.,Neutral,Unknown,General,Anonymous,,synthetic
"2. Delta Airlines offered a smooth check-in process, but the legroom on the plane was a bit tight.",Neutral,Unknown,General,Anonymous,,synthetic
3. The British Airways flight had a friendly crew and decent in-flight entertainment options.,Neutral,Unknown,General,Anonymous,,synthetic
"4. JetBlue provided a comfortable journey, though the food could have been slightly better.",Neutral,Unknown,General,Anonymous,,synthetic
5. Southwest Airlines offered a fairly reliable service with on-time departures and arrivals.,Neutral,Unknown,General,Anonymous,,synthetic
"6. Lufthansa's long-haul flight was uneventful, with average food and comfortable seating.",Neutral,Unknown,General,Anonymous,,synthetic
7. The flight with Qatar Airways was okay. The cabin was clean and the staff was professional.,Neutral,Unknown,General,Anonymous,,synthetic
8. The Air Canada flight provided a standard experience with a smooth check-in and boarding process.,Neutral,Unknown,General,Anonymous,,synthetic
9. Virgin Atlantic offered a typical flight experience with efficient service and moderate comfort.,Neutral,Unknown,General,Anonymous,,synthetic
"10. Emirates managed to provide an average flight experience, with standard meals and a good selection of entertainment.",Neutral,Unknown,General,Anonymous,,synthetic
"11. The Etihad Airways flight was satisfactory, with the plane departing and arriving on time.",Neutral,Unknown,General,Anonymous,,synthetic
12. The Turkish Airlines flight was generally good with a smooth journey and attentive cabin crew.,Neutral,Unknown,General,Anonymous,,synthetic
"13. Air France provided a comfortable flight, though the in-flight meals were just average.",Neutral,Unknown,General,Anonymous,,synthetic
"14. United Airlines' service was as expected, with punctual flights and decent amenities.",Neutral,Unknown,General,Anonymous,,synthetic
"15. The Cathay Pacific flight was unremarkable but comfortable, and the staff was professional.",Neutral,Unknown,General,Anonymous,,synthetic
"16. The flight with Singapore Airlines was satisfactory, with decent food and a good choice of films.",Neutral,Unknown,General,Anonymous,,synthetic
17. KLM provided a standard flight experience with professional staff and on-time performance.,Neutral,Unknown,General,Anonymous,,synthetic
"18. The Ryanair flight was average with a smooth take-off and landing, but limited in-flight services.",Neutral,Unknown,General,Anonymous,,synthetic
"19. The Aeroflot journey was fine, with standard meals and a clean cabin.",Neutral,Unknown,General,Anonymous,,synthetic
"20. The Alitalia flight was alright, with punctual service and a comfortable seat.",Neutral,Unknown,General,Anonymous,,synthetic
"1. ""American Airlines provided standard service on my recent trip. The flight departed and arrived on time, and the in-flight meal was acceptable.""",Neutral,Unknown,General,Anonymous,,synthetic
"2. ""My Delta Airlines flight was overall a standard experience. The cabin was clean, and the attendants were professional.""",Neutral,Unknown,General,Anonymous,,synthetic
"3. ""Southwest Airlines provided a basic level of comfort and service. The flight was on time, and the boarding process was smooth.""",Neutral,Unknown,General,Anonymous,,synthetic
"4. ""My experience with United Airlines was generally satisfactory. The staff was helpful and the flight took off and landed as scheduled.""",Neutral,Unknown,General,Anonymous,,synthetic
"5. ""Emirates provided a decent level of service during my recent flight. The in-flight entertainment was good, and the food was average.""",Neutral,Unknown,General,Anonymous,,synthetic
"6. ""My Air Canada flight was standard. The cabin crew was polite, and the flight was on schedule.""",Neutral,Unknown,General,Anonymous,,synthetic
"7. ""The Lufthansa flight was typical of a long-haul journey. The seating was comfortable enough and the food was as expected.""",Neutral,Unknown,General,Anonymous,,synthetic
"8. ""My recent flight with Virgin Atlantic was routine. The cabin was clean, and the staff was courteous.""",Neutral,Unknown,General,Anonymous,,synthetic
"9. ""Ryanair provided an adequate service for a budget airline. The flight was on time, and the plane was clean.""",Neutral,Unknown,General,Anonymous,,synthetic
"10. ""My flight with Air France was as expected. The staff were polite, and the flight arrived on time.""",Neutral,Unknown,General,Anonymous,,synthetic
"11. ""Alaska Airlines provided a typical domestic flight experience. The boarding process was efficient, and the in-flight service was satisfactory.""",Neutral,Unknown,General,Anonymous,,synthetic
"12. ""JetBlue offered a standard service during my recent flight. The plane was clean, and the staff was professional.""",Neutral,Unknown,General,Anonymous,,synthetic
"13. ""Cathay Pacific provided a decent service on my recent flight. The food was average, and the flight was on time.""",Neutral,Unknown,General,Anonymous,,synthetic
"14. ""Qantas provided a consistent level of service. The in-flight entertainment was good, and the staff was courteous.""",Neutral,Unknown,General,Anonymous,,synthetic
"15. ""My recent British Airways flight was as expected. The cabin was clean, and the flight departed on schedule.""",Neutral,Unknown,General,Anonymous,,synthetic
"16. ""The Spirit Airlines flight was standard for a low-cost carrier. The flight was on time, and the seating was as comfortable as can be expected.""",Neutral,Unknown,General,Anonymous,,synthetic
"17. ""My flight with Turkish Airlines was satisfactory. The food was decent, and the cabin crew was professional.""",Neutral,Unknown,General,Anonymous,,synthetic
"18. ""Air Asia provided an adequate service for a budget airline. The flight departed and arrived on time, and the plane was clean.""",Neutral,Unknown,General,Anonymous,,synthetic
"19. ""The Etihad Airways flight was typical of a long-haul journey. The seating was comfortable, and the food was average.""",Neutral,Unknown,General,Anonymous,,synthetic
"20. ""Norwegian Air provided a typical low-cost carrier experience. The boarding process was efficient, and the flight arrived on schedule.""",Neutral,Unknown,General,Anonymous,,synthetic
"1. The flight with Air Canada was decent, the seats were comfortable enough for a long journey and the in-flight meals were satisfactory.",Neutral,Unknown,General,Anonymous,,synthetic
"2. Flew with British Airways last week; the staff was professional, and the flight took off and landed on time.",Neutral,Unknown,General,Anonymous,,synthetic
3. JetBlue provided an average flight experience. The legroom was ample but the entertainment system could use an update.,Neutral,Unknown,General,Anonymous,,synthetic
"4. The Lufthansa flight was standard; the cleanliness of the aircraft stood out, though the food was just okay.",Neutral,Unknown,General,Anonymous,,synthetic
5. Had a typical experience with Delta Airlines. The cabin crew was courteous and the WiFi worked well throughout the flight.,Neutral,Unknown,General,Anonymous,,synthetic
6. American Airlines offered a standard service. The online check-in process was smooth and the flight was punctual.,Neutral,Unknown,General,Anonymous,,synthetic
"7. The Emirates flight was satisfactory. The in-flight entertainment was diverse, however, the food quality could be improved.",Neutral,Unknown,General,Anonymous,,synthetic
8. Air France provided an average service. The flight was a little delayed but the staff handled it professionally.,Neutral,Unknown,General,Anonymous,,synthetic
"9. The Qantas flight was as expected. The seats were comfortable and the cabin was clean, though the food selection was limited.",Neutral,Unknown,General,Anonymous,,synthetic
"10. Flew with Southwest Airlines recently. The boarding process was streamlined and the flight was punctual, but the seats were a bit cramped.",Neutral,Unknown,General,Anonymous,,synthetic
11. The United Airlines flight was quite usual. The staff was friendly and the inflight movie selection was good.,Neutral,Unknown,General,Anonymous,,synthetic
12. Turkish Airlines provided a typical travel experience. The meals were decent and the flight was on-time.,Neutral,Unknown,General,Anonymous,,synthetic
"13. Singapore Airlines delivered a standard service. The seats were comfortable, but the flight was slightly delayed.",Neutral,Unknown,General,Anonymous,,synthetic
14. Cathay Pacific flight was average. The economy class had enough legroom but the food was just okay.,Neutral,Unknown,General,Anonymous,,synthetic
15. The Aer Lingus flight was as expected. The check-in process was smooth and the staff was professional.,Neutral,Unknown,General,Anonymous,,synthetic
"16. The Ryanair flight was decent. The flight departed and arrived on time, but the seat comfort could be improved.",Neutral,Unknown,General,Anonymous,,synthetic
"17. The Qatar Airways flight was standard. The cabin was clean and the staff was polite, though the food was average.",Neutral,Unknown,General,Anonymous,,synthetic
18. The Etihad flight was satisfactory. The in-flight entertainment had a variety of options but the meals could be better.,Neutral,Unknown,General,Anonymous,,synthetic
"19. The easyJet flight was quite usual. The boarding process was efficient, however, the legroom was a bit limited.",Neutral,Unknown,General,Anonymous,,synthetic
"20. The Virgin Atlantic flight was average. The seats were comfortable, but the in-flight service could be quicker.",Neutral,Unknown,General,Anonymous,,synthetic
"1. The service on Airline X was standard, with a timely take-off and courteous crew. The in-flight meal was average.",Neutral,Unknown,General,Anonymous,,synthetic
"2. The check-in process at Airline Y was smooth, although the legroom in economy was a bit tight. The crew was professional.",Neutral,Unknown,General,Anonymous,,synthetic
3. Airline Z’s flight was on time and the cleanliness of the aircraft was satisfactory. The in-flight entertainment options were a bit limited.,Neutral,Unknown,General,Anonymous,,synthetic
4. The flight with Airline A was comfortable enough for a short haul. The food was fine and the cabin crew was polite.,Neutral,Unknown,General,Anonymous,,synthetic
5. Airline B provided a punctual service and the cabin was maintained at a comfortable temperature. The staff were attentive.,Neutral,Unknown,General,Anonymous,,synthetic
"6. Airline C's flight was safe and secure. However, the food options could have been better.",Neutral,Unknown,General,Anonymous,,synthetic
"7. The boarding process at Airline D was efficient, and the aircraft was notably clean. The in-flight meal was just okay.",Neutral,Unknown,General,Anonymous,,synthetic
8. Airline E offered a decent in-flight service. The food and beverage were average but the flight arrived on time.,Neutral,Unknown,General,Anonymous,,synthetic
"9. The flight with Airline F was average, with a smooth take-off and landing. The in-flight entertainment was satisfactory.",Neutral,Unknown,General,Anonymous,,synthetic
"10. Airline G had a standard check-in process, the in-flight service was fine, and the staff was professional.",Neutral,Unknown,General,Anonymous,,synthetic
11. The flight with Airline H was punctual and the seats were reasonably comfortable. The meal on board was average.,Neutral,Unknown,General,Anonymous,,synthetic
12. Airline I provided a safe journey with average in-flight services. The cabin crew was attentive.,Neutral,Unknown,General,Anonymous,,synthetic
13. The boarding process at Airline J was efficient. The seats were a bit cramped but the flight arrived on time.,Neutral,Unknown,General,Anonymous,,synthetic
14. Airline K offered a comfortable enough journey for a short haul flight. The food was average and the staff was polite.,Neutral,Unknown,General,Anonymous,,synthetic
"15. The flight with Airline L was average, with a smooth take-off and landing. The in-flight entertainment was decent.",Neutral,Unknown,General,Anonymous,,synthetic
16. Airline M maintained good punctuality and the crew was professional. The legroom could have been better.,Neutral,Unknown,General,Anonymous,,synthetic
17. The check-in process at Airline N was smooth. The in-flight meal was just okay and the seats were a bit tight.,Neutral,Unknown,General,Anonymous,,synthetic
"18. Airline O's flight was safe and the crew was attentive. However, the food options could have been better.",Neutral,Unknown,General,Anonymous,,synthetic
"19. The service on Airline P was standard, with a timely take-off and courteous crew. The in-flight entertainment options were limited.",Neutral,Unknown,General,Anonymous,,synthetic
"20. Airline Q provided a punctual service. The cabin was clean and the temperature was comfortable, however, the meal on board was average.",Neutral,Unknown,General,Anonymous,,synthetic
"1. ""American Airlines' service was standard for the industry. The flight was on time and the cabin crew were professional.""",Neutral,Unknown,General,Anonymous,,synthetic
"2. ""The food on Delta Airlines was acceptable, the flight was on time, but the legroom was a bit tight.""",Neutral,Unknown,General,Anonymous,,synthetic
"3. ""United Airlines' in-flight entertainment system had a decent selection of movies. The flight was mildly delayed, but the communication from the crew was clear.""",Neutral,Unknown,General,Anonymous,,synthetic
"4. ""Southwest Airlines had a straightforward check-in and boarding process. The flight attendants were courteous.""",Neutral,Unknown,General,Anonymous,,synthetic
"5. ""JetBlue provided a comfortable flight with on-time departure. The snacks could have been better.""",Neutral,Unknown,General,Anonymous,,synthetic
"6. ""Alaska Airlines' flight was comfortable and on schedule. The in-flight meal was pretty standard.""",Neutral,Unknown,General,Anonymous,,synthetic
"7. ""Spirit Airlines offered a no-frills experience. The flight was on time and the seats were average in comfort.""",Neutral,Unknown,General,Anonymous,,synthetic
"8. ""Frontier Airlines' service was acceptable. The flight was on time, but the seats lacked in-flight entertainment.""",Neutral,Unknown,General,Anonymous,,synthetic
"9. ""Virgin Atlantic's cabin crew was professional and polite. The flight was mildly delayed, but the communication was prompt.""",Neutral,Unknown,General,Anonymous,,synthetic
"10. ""Lufthansa offered a decent in-flight entertainment system. The food was average and the flight was on time.""",Neutral,Unknown,General,Anonymous,,synthetic
"11. ""Air France provided a standard flight experience. The seats were comfortable, but the food could do with some improvement.""",Neutral,Unknown,General,Anonymous,,synthetic
"12. ""KLM's crew was courteous and the flight was on time. The in-flight entertainment system could use an update.""",Neutral,Unknown,General,Anonymous,,synthetic
"13. ""Emirates offered a comfortable flight with a decent meal. The flight was slightly delayed, but the cabin crew kept us informed.""",Neutral,Unknown,General,Anonymous,,synthetic
"14. ""Qatar Airways provided a smooth flight and arrival was on time. The in-flight meal was just fine.""",Neutral,Unknown,General,Anonymous,,synthetic
"15. ""British Airways' flight was comfortable and on schedule. The in-flight entertainment had a good variety of options.""",Neutral,Unknown,General,Anonymous,,synthetic
"16. ""Ryanair's flight was on time and the check-in process was smooth. The seats were a bit cramped.""",Neutral,Unknown,General,Anonymous,,synthetic
"17. ""EasyJet's service was standard. The flight was on time, but the legroom was a bit tight.""",Neutral,Unknown,General,Anonymous,,synthetic
"18. ""Etihad Airways' cabin crew was professional. The in-flight meal was average and the flight was slightly delayed.""",Neutral,Unknown,General,Anonymous,,synthetic
"19. ""Cathay Pacific offered a comfortable flight. The in-flight entertainment was decent and the flight was on time.""",Neutral,Unknown,General,Anonymous,,synthetic
"20. ""Air Canada's service was acceptable. The flight was slightly delayed, but the communication from the crew was clear.""",Neutral,Unknown,General,Anonymous,,synthetic
"1. ""Flew with Air Canada on a direct flight to Toronto. The service was standard, nothing noteworthy, but the flight was on time.""",Neutral,Unknown,General,Anonymous,,synthetic
"2. ""Took a Delta flight from New York to Atlanta. The crew was professional and the plane was relatively clean.""",Neutral,Unknown,General,Anonymous,,synthetic
"3. ""American Airlines provided a decent service on my recent trip from Los Angeles to Chicago. The food was average, but the in-flight entertainment was decent.""",Neutral,Unknown,General,Anonymous,,synthetic
"4. ""Emirates offered a satisfactory experience on my flight to Dubai. The seats were comfortable enough for a long journey.""",Neutral,Unknown,General,Anonymous,,synthetic
"5. ""Air France's Paris to Rome flight was pretty standard. The cabin crew was polite and the flight was smooth.""",Neutral,Unknown,General,Anonymous,,synthetic
"6. ""Had an average experience with British Airways. The in-flight meal was adequate and the flight landed on time.""",Neutral,Unknown,General,Anonymous,,synthetic
"7. ""United Airlines provided a satisfactory service on my recent flight to San Francisco. The boarding process was smooth and the flight was on time.""",Neutral,Unknown,General,Anonymous,,synthetic
"8. ""Lufthansa's Frankfurt to London flight was decent. The plane was clean and the staff was competent.""",Neutral,Unknown,General,Anonymous,,synthetic
"9. ""The flight with Qatar Airways was average. The flight attendants were professional and the seat comfort was standard.""",Neutral,Unknown,General,Anonymous,,synthetic
"10. ""I flew with Southwest from Dallas to Houston. The service was acceptable, and the flight was punctual.""",Neutral,Unknown,General,Anonymous,,synthetic
"11. ""Aer Lingus's service on my Dublin to London flight was satisfactory. The plane was well-maintained and the crew was efficient.""",Neutral,Unknown,General,Anonymous,,synthetic
"12. ""Took a KLM flight from Amsterdam to New York. The service was as expected for a long-haul flight, with an okay meal and a variety of movies.""",Neutral,Unknown,General,Anonymous,,synthetic
"13. ""The flight from Beijing to Tokyo with Air China was average. The airplane was clean, the staff was friendly, but the food could've been better.""",Neutral,Unknown,General,Anonymous,,synthetic
"14. ""Flew with Singapore Airlines from Singapore to Sydney. The flight was comfortable and the service was standard.""",Neutral,Unknown,General,Anonymous,,synthetic
"15. ""Aeroflot's service on my Moscow to St. Petersburg flight was satisfactory. The airplane was clean and the flight was on time.""",Neutral,Unknown,General,Anonymous,,synthetic
"16. ""Air India's Mumbai to Delhi flight was decent. The crew was professional and the food provided was acceptable.""",Neutral,Unknown,General,Anonymous,,synthetic
"17. ""Flew with Thai Airways from Bangkok to Phuket. The flight was on time and the service was average.""",Neutral,Unknown,General,Anonymous,,synthetic
"18. ""The flight from Tokyo to Osaka with Japan Airlines was standard. The seat was comfortable and the in-flight entertainment was adequate.""",Neutral,Unknown,General,Anonymous,,synthetic
"19. ""Flew with Alaska Airlines from Seattle to Anchorage. The flight was smooth and the service was as expected.""",Neutral,Unknown,General,Anonymous,,synthetic
"20. ""Virgin Atlantic's London to New York flight was satisfactory. The plane was clean, the staff was competent, and the flight was on time.""",Neutral,Unknown,General,Anonymous,,synthetic
1. The flight with Airline A was on time and the staff were professional. The food was average and the legroom was adequate.,Neutral,Unknown,General,Anonymous,,synthetic
"2. Airline B provided a swift check-in process. The in-flight entertainment could use an update, but overall a satisfactory experience.",Neutral,Unknown,General,Anonymous,,synthetic
3. The flight with Airline C was uneventful. The seats were comfortable enough for a short-haul flight.,Neutral,Unknown,General,Anonymous,,synthetic
"4. Airline D's service was standard. The cabin was clean, but the meal options were limited.",Neutral,Unknown,General,Anonymous,,synthetic
5. The flight with Airline E was smooth. The cabin crew were polite and the in-flight meal was standard.,Neutral,Unknown,General,Anonymous,,synthetic
"6. Airline F had a fairly easy online booking process. The flight departed on time, however, the in-flight entertainment was lacking.",Neutral,Unknown,General,Anonymous,,synthetic
7. The flight experience with Airline G was typical. The seats were quite snug but bearable for a short journey.,Neutral,Unknown,General,Anonymous,,synthetic
"8. Airline H's flight was punctual and the onboard service was efficient, but the food quality was average.",Neutral,Unknown,General,Anonymous,,synthetic
"9. The service on Airline I was professional. The legroom was somewhat tight, but the flight was on schedule.",Neutral,Unknown,General,Anonymous,,synthetic
10. Airline J's flight departed and arrived as scheduled. The in-flight meal was basic but edible.,Neutral,Unknown,General,Anonymous,,synthetic
11. The cabin crew on Airline K were courteous. The seats were comfortable but the in-flight entertainment could use more variety.,Neutral,Unknown,General,Anonymous,,synthetic
"12. Airline L provided an average flying experience. The food was decent, and the flight staff were professional.",Neutral,Unknown,General,Anonymous,,synthetic
13. The flight with Airline M was smooth. The check-in process was efficient but the in-flight entertainment had limited options.,Neutral,Unknown,General,Anonymous,,synthetic
"14. Airline N's service was standard. The cabin was clean, but the meal options left something to be desired.",Neutral,Unknown,General,Anonymous,,synthetic
"15. The flight experience with Airline O was typical. The seats were a bit tight, but the cabin crew were polite.",Neutral,Unknown,General,Anonymous,,synthetic
"16. Airline P's flight was punctual, and the onboard service was efficient. The legroom, however, was a bit tight.",Neutral,Unknown,General,Anonymous,,synthetic
"17. The service on Airline Q was professional. The flight was on schedule, but the in-flight meal was just average.",Neutral,Unknown,General,Anonymous,,synthetic
"18. Airline R's flight departed and arrived on time. The seats were comfortable, but the in-flight entertainment was lacking in variety.",Neutral,Unknown,General,Anonymous,,synthetic
"19. The cabin crew on Airline S were courteous, and the flight was smooth. However, the food quality was just standard.",Neutral,Unknown,General,Anonymous,,synthetic
"20. Airline T provided an average flying experience. The check-in process was efficient, but the in-flight meal options were limited.",Neutral,Unknown,General,Anonymous,,synthetic
1. The flight with Air Canada was on time and the cabin was clean. The in-flight meals could use an upgrade.,Neutral,Unknown,General,Anonymous,,synthetic
"2. Delta Airlines' staff was professional, but the legroom in economy class was quite limited.",Neutral,Unknown,General,Anonymous,,synthetic
"3. The American Airlines flight was fairly efficient. However, the in-flight entertainment options were sparse.",Neutral,Unknown,General,Anonymous,,synthetic
4. British Airways provided satisfactory customer service. The seats could have been more comfortable.,Neutral,Unknown,General,Anonymous,,synthetic
5. The Virgin Atlantic flight had a decent selection of movies. The food was average.,Neutral,Unknown,General,Anonymous,,synthetic
"6. The in-flight service on United Airlines was good, but the plane could have been cleaner.",Neutral,Unknown,General,Anonymous,,synthetic
7. The Air France flight was punctual and the attendants were polite. The food quality could have been better.,Neutral,Unknown,General,Anonymous,,synthetic
"8. The Lufthansa flight had a smooth take-off and landing, but in-flight Wi-Fi was a bit expensive.",Neutral,Unknown,General,Anonymous,,synthetic
"9. The Southwest Airlines flight had friendly staff, but the boarding process was somewhat disorganized.",Neutral,Unknown,General,Anonymous,,synthetic
"10. The JetBlue flight was comfortable with decent in-flight entertainment, but the food was mediocre.",Neutral,Unknown,General,Anonymous,,synthetic
"11. The Qatar Airways flight was timely, the staff was attentive, but the in-flight meal portions were quite small.",Neutral,Unknown,General,Anonymous,,synthetic
"12. The Emirates flight was mostly comfortable with a good selection of movies, but the plane was quite cold.",Neutral,Unknown,General,Anonymous,,synthetic
"13. The Aer Lingus flight was on schedule, but the legroom was a bit tight.",Neutral,Unknown,General,Anonymous,,synthetic
"14. The KLM flight had an efficient check-in process, but the cabin noise level was a bit high.",Neutral,Unknown,General,Anonymous,,synthetic
"15. The Singapore Airlines flight had helpful staff, but the baggage handling process was slow.",Neutral,Unknown,General,Anonymous,,synthetic
"16. The EasyJet flight was punctual and the boarding process was quick, but the seats were not very comfortable.",Neutral,Unknown,General,Anonymous,,synthetic
"17. The Ryanair flight provided a smooth journey, however, the in-flight meal options were limited.",Neutral,Unknown,General,Anonymous,,synthetic
"18. Cathay Pacific's in-flight service was satisfactory, but the luggage took a long time to arrive at the carousel.",Neutral,Unknown,General,Anonymous,,synthetic
"19. The Turkish Airlines flight was mostly comfortable, but the in-flight Wi-Fi was slow.",Neutral,Unknown,General,Anonymous,,synthetic
"20. The Etihad Airways flight was on time and the cabin was clean, but the in-flight meals could use more variety.",Neutral,Unknown,General,Anonymous,,synthetic
"1. The flight with Airline X was average, nothing particularly outstanding. The seats were reasonably comfortable and the cabin crew was polite.",Neutral,Unknown,General,Anonymous,,synthetic
"2. Flew with Airline Y recently. The check-in process was smooth, but the inflight meals could be improved. Overall, a typical flying experience.",Neutral,Unknown,General,Anonymous,,synthetic
"3. My flight with Airline Z was punctual which is always appreciated. However, the leg space in economy class was quite limited.",Neutral,Unknown,General,Anonymous,,synthetic
4. The service on Airline A was standard. The food wasn't exceptional but was perfectly edible. The crew was professional and handled queries well.,Neutral,Unknown,General,Anonymous,,synthetic
"5. Flew with Airline B, the inflight entertainment system had a good variety of options. The seat comfort and cleanliness were average.",Neutral,Unknown,General,Anonymous,,synthetic
6. Airline C provided a decent service. The flight was on time and the baggage claim was efficient.,Neutral,Unknown,General,Anonymous,,synthetic
"7. A fair experience with Airline D. The ticket price was reasonable, while the onboard service was pretty standard.",Neutral,Unknown,General,Anonymous,,synthetic
8. Airline E offered a smooth flight experience. The cabin crew was friendly and the food was average.,Neutral,Unknown,General,Anonymous,,synthetic
"9. Took a flight with Airline F recently. The aircraft was clean and the flight landed on time, but the seat was a bit cramped.",Neutral,Unknown,General,Anonymous,,synthetic
10. Airline G was average in terms of comfort and service. The inflight meal could use a bit of an upgrade in terms of taste.,Neutral,Unknown,General,Anonymous,,synthetic
11. The flight with Airline H was satisfactory. The boarding process was smooth and the staff was professional.,Neutral,Unknown,General,Anonymous,,synthetic
"12. The service on Airline I was typical. The check-in process was efficient, but the plane's interior looked a bit outdated.",Neutral,Unknown,General,Anonymous,,synthetic
"13. Flew with Airline J recently. The flight was on time and the cabin staff was polite, but the meal options were quite limited.",Neutral,Unknown,General,Anonymous,,synthetic
"14. My journey with Airline K was quite standard. The seats were comfortable, but the inflight entertainment could use more variety.",Neutral,Unknown,General,Anonymous,,synthetic
15. Airline L offered a decent service. The flight was on time and the baggage arrival was quick.,Neutral,Unknown,General,Anonymous,,synthetic
"16. Airline M's flight was typically good. The cabin crew was professional, but the food quality was average.",Neutral,Unknown,General,Anonymous,,synthetic
17. Airline N provided an average flying experience. The tickets were reasonably priced and the crew was polite.,Neutral,Unknown,General,Anonymous,,synthetic
"18. The service on Airline O was standard. The flight left and arrived on time, but the legroom was quite limited.",Neutral,Unknown,General,Anonymous,,synthetic
"19. Flew with Airline P. The aircraft was clean and the check-in process was efficient, but the food could use some improvement.",Neutral,Unknown,General,Anonymous,,synthetic
"20. The flight with Airline Q was satisfactory. The cabin crew was friendly, but the inflight entertainment options were quite limited.",Neutral,Unknown,General,Anonymous,,synthetic
"1. ""The flight on Airline X had a smooth take-off and landing. The seating was standard with average legroom.""",Neutral,Unknown,General,Anonymous,,synthetic
"2. ""Airline Y provided a timely flight with no delays. The inflight meal was typical airline food, nothing extraordinary.""",Neutral,Unknown,General,Anonymous,,synthetic
"3. ""Flyer Z's in-flight entertainment was decent, with a good variety of movies and music. The cabin could have been cleaner.""",Neutral,Unknown,General,Anonymous,,synthetic
"4. ""On my Airline A flight, the staff was professional and polite. The plane itself seemed slightly outdated.""",Neutral,Unknown,General,Anonymous,,synthetic
"5. ""Airline B had a straightforward check-in process. The food quality was average, but the beverage selection was fairly good.""",Neutral,Unknown,General,Anonymous,,synthetic
"6. ""The crew on Flyer C was attentive and efficient. The seats, however, felt a bit cramped for long-haul flights.""",Neutral,Unknown,General,Anonymous,,synthetic
"7. ""Airline D's flight was punctual, and the boarding process was organized. The in-flight meal was just adequate.""",Neutral,Unknown,General,Anonymous,,synthetic
"8. ""Airline E offered a smooth booking process. The cabin crew was professional, but the in-flight entertainment could use an update.""",Neutral,Unknown,General,Anonymous,,synthetic
"9. ""Flyer F's flight was on time, and the boarding was handled well. The seats were comfortable enough for a short haul flight.""",Neutral,Unknown,General,Anonymous,,synthetic
"10. ""Airline G provided a flight with minimal turbulence. The amenities were basic, and the food was standard.""",Neutral,Unknown,General,Anonymous,,synthetic
"11. ""The flight with Airline H was punctual. The legroom was a bit tight but manageable for a short flight.""",Neutral,Unknown,General,Anonymous,,synthetic
"12. ""Airline I offered a smooth journey with no delays. The in-flight entertainment was satisfactory, nothing more.""",Neutral,Unknown,General,Anonymous,,synthetic
"13. ""Flyer J's baggage handling was efficient, and the flight was on time. The food and beverage service was quite standard.""",Neutral,Unknown,General,Anonymous,,synthetic
"14. ""Airline K's check-in process was straightforward. The flight was quite routine with no significant issues.""",Neutral,Unknown,General,Anonymous,,synthetic
"15. ""The flight with Airline L was satisfactory. The staff was professional, but the meal service could be improved.""",Neutral,Unknown,General,Anonymous,,synthetic
"16. ""Airline M had good punctuality. The cabin was clean, but the legroom was somewhat limited.""",Neutral,Unknown,General,Anonymous,,synthetic
"17. ""Flyer N's flight was on schedule. The in-flight service was decent, but the food options were quite standard.""",Neutral,Unknown,General,Anonymous,,synthetic
"18. ""Airline O's flight was smooth with no delays. The seats were comfortable enough but the in-flight entertainment was a bit lacking.""",Neutral,Unknown,General,Anonymous,,synthetic
"19. ""The journey with Airline P was standard. The cabin crew was professional, but the food could have been better.""",Neutral,Unknown,General,Anonymous,,synthetic
"20. ""Airline Q had a good on-time record. The inflight service was satisfactory, but the plane seemed a bit old.""",Neutral,Unknown,General,Anonymous,,synthetic
"1. ""American Airlines had a standard in-flight experience. Food was typical airline fare, nothing extraordinary.""",Neutral,Unknown,General,Anonymous,,synthetic
"2. ""Qatar Airways offered good service. The in-flight entertainment options were average.""",Neutral,Unknown,General,Anonymous,,synthetic
"3. ""I flew with British Airways. The seats were comfortable enough for a long flight.""",Neutral,Unknown,General,Anonymous,,synthetic
"4. ""Air Canada provided a clean plane and punctual departure. Inflight food was average.""",Neutral,Unknown,General,Anonymous,,synthetic
"5. ""Emirates had smooth check-in process. The plane was a bit crowded, but overall a decent experience.""",Neutral,Unknown,General,Anonymous,,synthetic
"6. ""Virgin Atlantic's flight attendants were professional and polite. The in-flight meal was satisfactory.""",Neutral,Unknown,General,Anonymous,,synthetic
"7. ""Southwest Airlines had a simple boarding process. However, the legroom was just adequate.""",Neutral,Unknown,General,Anonymous,,synthetic
"8. ""Lufthansa provided a timely service. The food was average, and the crew was professional.""",Neutral,Unknown,General,Anonymous,,synthetic
"9. ""Delta Airlines had a standard flight, not bad but not outstanding either. The seats were not the most comfortable.""",Neutral,Unknown,General,Anonymous,,synthetic
"10. ""JetBlue's in-flight entertainment was average. The flight itself was smooth and on time.""",Neutral,Unknown,General,Anonymous,,synthetic
"11. ""United Airlines had a decent flight experience. The cabin crew was polite and the plane was clean.""",Neutral,Unknown,General,Anonymous,,synthetic
"12. ""Air France's seats were reasonably comfortable. The food was typical airline fare.""",Neutral,Unknown,General,Anonymous,,synthetic
"13. ""Ryanair offered a budget-friendly service. The legroom was a bit limited, but the flight was on time.""",Neutral,Unknown,General,Anonymous,,synthetic
"14. ""Etihad Airways had a smooth boarding process. The in-flight service was satisfactory.""",Neutral,Unknown,General,Anonymous,,synthetic
"15. ""KLM's cabin crew was professional. The in-flight meal was average.""",Neutral,Unknown,General,Anonymous,,synthetic
"16. ""Singapore Airlines had a smooth takeoff and landing. The in-flight entertainment options were just fine.""",Neutral,Unknown,General,Anonymous,,synthetic
"17. ""EasyJet provided a straightforward service. The plane was clean, and the flight was punctual.""",Neutral,Unknown,General,Anonymous,,synthetic
"18. ""Cathay Pacific had a smooth flight. The seats were comfortable enough for a long journey.""",Neutral,Unknown,General,Anonymous,,synthetic
"19. ""Turkish Airlines offered an average in-flight service. The food could have been better.""",Neutral,Unknown,General,Anonymous,,synthetic
"20. ""Alaska Airlines had a simple check-in process. The flight was on time, and the cabin was clean.""",Neutral,Unknown,General,Anonymous,,synthetic
"1. Airline A provided a straightforward service. The flight left a bit late, but we arrived on time. The snack options were rather limited.",Neutral,Unknown,General,Anonymous,,synthetic
"2. On my recent flight with Airline B, the staff was polite and the in-flight entertainment was satisfactory. The legroom was average for economy class.",Neutral,Unknown,General,Anonymous,,synthetic
"3. Airline C offered a smooth check-in process. The plane seats were comfortable, though the meal options could be improved.",Neutral,Unknown,General,Anonymous,,synthetic
"4. My experience with Airline D was generally good. The crew was professional, but the in-flight meal was just okay.",Neutral,Unknown,General,Anonymous,,synthetic
"5. Airline E had a well-maintained aircraft and a decent selection of beverages. The boarding process was a bit slow, however.",Neutral,Unknown,General,Anonymous,,synthetic
"6. The flight with Airline F was punctual; the seats were somewhat cramped, but the crew was attentive and friendly.",Neutral,Unknown,General,Anonymous,,synthetic
"7. Airline G offered a standard experience. The plane was clean and the flight was smooth; however, the in-flight entertainment could use an update.",Neutral,Unknown,General,Anonymous,,synthetic
"8. On Airline H, the staff was competent and the cabin was clean. The flight was slightly delayed, but we were kept informed.",Neutral,Unknown,General,Anonymous,,synthetic
"9. Airline I provided a comfortable journey. The food was average, and the crew managed the service well.",Neutral,Unknown,General,Anonymous,,synthetic
"10. The flight on Airline J was uneventful. The check-in process was efficient, but the in-flight entertainment options were limited.",Neutral,Unknown,General,Anonymous,,synthetic
"11. The flight with Airline K was okay. The food service was prompt, but the taste was less than impressive.",Neutral,Unknown,General,Anonymous,,synthetic
"12. My experience with Airline L was satisfactory. The staff was polite, but the legroom in economy could be better.",Neutral,Unknown,General,Anonymous,,synthetic
"13. Airline M was fine for a short-haul flight. The cabin was clean, but the seats were a bit uncomfortable for the duration of the flight.",Neutral,Unknown,General,Anonymous,,synthetic
"14. Airline N provided a reliable service. The in-flight entertainment was somewhat limited, but the journey was smooth.",Neutral,Unknown,General,Anonymous,,synthetic
"15. The flight with Airline O was average. The staff was efficient, but the food was just okay.",Neutral,Unknown,General,Anonymous,,synthetic
16. Airline P was punctual and the staff was courteous. The meal options could be improved.,Neutral,Unknown,General,Anonymous,,synthetic
"17. The flight with Airline Q was satisfactory. The boarding process was smooth, but the in-flight entertainment left a lot to be desired.",Neutral,Unknown,General,Anonymous,,synthetic
"18. Airline R provided a standard service. The cabin was clean, but the food quality was average.",Neutral,Unknown,General,Anonymous,,synthetic
"19. My flight with Airline S was acceptable. The crew was professional, but the legroom was a bit tight.",Neutral,Unknown,General,Anonymous,,synthetic
"20. Airline T was fine. The flight left on time and arrived as scheduled, but the in-flight meal could have been better.",Neutral,Unknown,General,Anonymous,,synthetic
"1. ""The flight with Air Canada was alright. The seats were fairly comfortable and the staff was professional.""",Neutral,Unknown,General,Anonymous,,synthetic
"2. ""Flew with American Airlines recently. The food was not extraordinary but it was decent for in-flight meals.""",Neutral,Unknown,General,Anonymous,,synthetic
"3. ""Delta Airlines provided an acceptable level of service. The in-flight entertainment could use a bit of an update, but it served its purpose.""",Neutral,Unknown,General,Anonymous,,synthetic
"4. ""United Airlines was fine for the short flight. The comfort level was average but the crew was helpful.""",Neutral,Unknown,General,Anonymous,,synthetic
"5. ""The journey with JetBlue was uneventful in a good way. The plane was clean and the staff was courteous.""",Neutral,Unknown,General,Anonymous,,synthetic
"6. ""Southwest Airlines provided a standard experience. The flight was on time and the check-in process was smooth.""",Neutral,Unknown,General,Anonymous,,synthetic
"7. ""The flight with British Airways was decent. The legroom was a bit cramped but the food was nice.""",Neutral,Unknown,General,Anonymous,,synthetic
"8. ""Flew with Emirates recently. The facilities were satisfactory and the crew was well-trained.""",Neutral,Unknown,General,Anonymous,,synthetic
"9. ""Lufthansa provided an adequate experience. The in-flight meals could have been better, but the service was prompt.""",Neutral,Unknown,General,Anonymous,,synthetic
"10. ""Qatar Airways had a comfortable cabin. The flight was punctual and the crew was professional.""",Neutral,Unknown,General,Anonymous,,synthetic
"11. ""The service on the Air France flight was acceptable. The staff was friendly and the seats were fairly comfortable.""",Neutral,Unknown,General,Anonymous,,synthetic
"12. ""Flew with Virgin Atlantic recently. The plane was clean and the flight was on schedule.""",Neutral,Unknown,General,Anonymous,,synthetic
"13. ""The journey with Singapore Airlines was average. The flight crew was professional and the onboard amenities were fine.""",Neutral,Unknown,General,Anonymous,,synthetic
"14. ""Cathay Pacific's service was satisfactory. The meals were good, but the in-flight entertainment could use more variety.""",Neutral,Unknown,General,Anonymous,,synthetic
"15. ""The flight with KLM was alright. The legroom was sufficient, but the meals could have been better.""",Neutral,Unknown,General,Anonymous,,synthetic
"16. ""Turkish Airlines provided a standard experience. The flight was on time and the cabin was clean.""",Neutral,Unknown,General,Anonymous,,synthetic
"17. ""The flight with Japan Airlines was decent. The seats were not very spacious but the staff was attentive.""",Neutral,Unknown,General,Anonymous,,synthetic
"18. ""Flew with Etihad Airways recently. The in-flight entertainment was satisfactory and the meals were good.""",Neutral,Unknown,General,Anonymous,,synthetic
"19. ""The journey with Ryanair was fine for a budget airline. The seats were a little cramped, but the flight was punctual.""",Neutral,Unknown,General,Anonymous,,synthetic
"20. ""The service on the EasyJet flight was acceptable. The check-in process was easy and the flight was on time.""",Neutral,Unknown,General,Anonymous,,synthetic
"1. ""The flight with Air Canada was average, with standard legroom and meals. The staff was polite and the flight was on time.""",Neutral,Unknown,General,Anonymous,,synthetic
"2. ""The Delta Airlines flight was pretty standard. The in-flight entertainment was good and the food was just okay.""",Neutral,Unknown,General,Anonymous,,synthetic
"3. ""Lufthansa's flight was satisfactory. The in-flight services were as expected and the plane was clean.""",Neutral,Unknown,General,Anonymous,,synthetic
"4. ""The American Airlines flight was decent. The seats were comfortable and the staff was professional.""",Neutral,Unknown,General,Anonymous,,synthetic
"5. ""The flight on United Airlines was average. The check-in process was smooth and the flight departed on schedule.""",Neutral,Unknown,General,Anonymous,,synthetic
"6. ""Air France's service was standard with a nice selection of in-flight movies. The food could have been better.""",Neutral,Unknown,General,Anonymous,,synthetic
"7. ""Flying with British Airways was an average experience. The aircraft was a bit old but the cabin crew was attentive.""",Neutral,Unknown,General,Anonymous,,synthetic
"8. ""Southwest Airlines provided a typical flight experience. The flight was punctual and the seats were reasonably comfortable.""",Neutral,Unknown,General,Anonymous,,synthetic
"9. ""The journey with Qantas was usual. The food served was good and the flight attendants were friendly.""",Neutral,Unknown,General,Anonymous,,synthetic
"10. ""Turkish Airlines offered a standard flying experience. The in-flight meals were not extraordinary but the service was decent.""",Neutral,Unknown,General,Anonymous,,synthetic
"11. ""Alaska Airlines' flight was typical. The cabin was clean, the staff was cordial, and the flight was on time.""",Neutral,Unknown,General,Anonymous,,synthetic
"12. ""The flight with JetBlue was average. The legroom was ample and the in-flight entertainment was satisfactory.""",Neutral,Unknown,General,Anonymous,,synthetic
"13. ""The Emirates flight was as expected. The seats were comfortable and the food was alright.""",Neutral,Unknown,General,Anonymous,,synthetic
"14. ""The flight with Etihad Airways was usual. The cabin crew was friendly and the inflight entertainment was okay.""",Neutral,Unknown,General,Anonymous,,synthetic
"15. ""Qatar Airways' flight was standard. The meal options were nice but the seats felt a bit cramped.""",Neutral,Unknown,General,Anonymous,,synthetic
"16. ""Ryanair provided a typical low-cost flight experience. The seats were a bit tight but the flight was punctual.""",Neutral,Unknown,General,Anonymous,,synthetic
"17. ""The journey with Singapore Airlines was decent. The staff was polite and the plane interiors were clean.""",Neutral,Unknown,General,Anonymous,,synthetic
"18. ""The Cathay Pacific flight was average. The in-flight entertainment had many options and the food was okay.""",Neutral,Unknown,General,Anonymous,,synthetic
"19. ""The KLM flight was usual with a smooth check-in process. The legroom was a bit less but the service was good.""",Neutral,Unknown,General,Anonymous,,synthetic
"20. ""The flight with Aeroflot was standard. The seats were comfortable and the flight took off on time.""",Neutral,Unknown,General,Anonymous,,synthetic
"1. ""The flight with Air Canada was relatively smooth and the cabin crew was professional. The food quality was average.""",Neutral,Unknown,General,Anonymous,,synthetic
"2. ""Flew with British Airways from London to New York. The legroom was acceptable, and the onboard entertainment had a decent selection.""",Neutral,Unknown,General,Anonymous,,synthetic
"3. ""American Airlines provided an on-time departure and arrival. The in-flight meal could use some improvement.""",Neutral,Unknown,General,Anonymous,,synthetic
"4. ""Delta Airlines' service was fairly good; however, the cleanliness of the cabin could be better.""",Neutral,Unknown,General,Anonymous,,synthetic
"5. ""Emirates' staff was courteous and the flight was comfortable, though the WiFi on board was a bit slow.""",Neutral,Unknown,General,Anonymous,,synthetic
"6. ""Qatar Airways provided a timely service with adequate in-flight amenities. The meal options were somewhat limited.""",Neutral,Unknown,General,Anonymous,,synthetic
"7. ""Lufthansa's flight was punctual, and the check-in process was efficient. The airplane seats were a bit cramped.""",Neutral,Unknown,General,Anonymous,,synthetic
"8. ""Air France's in-flight service was acceptable, with a reasonable selection of movies. The food was just okay.""",Neutral,Unknown,General,Anonymous,,synthetic
"9. ""The flight with Southwest Airlines was mostly smooth, the cabin crew was attentive. The boarding process could have been better organized.""",Neutral,Unknown,General,Anonymous,,synthetic
"10. ""United Airlines' flight was comfortable overall. The food quality varied between meals.""",Neutral,Unknown,General,Anonymous,,synthetic
"11. ""Etihad Airways offered a decent in-flight entertainment selection. The airline could improve the variety of food options.""",Neutral,Unknown,General,Anonymous,,synthetic
"12. ""Ryanair's flight was on time, and the cabin was clean. The legroom was a bit tight though.""",Neutral,Unknown,General,Anonymous,,synthetic
"13. ""EasyJet provided a smooth flight and the staff was professional. The food and beverage service was average.""",Neutral,Unknown,General,Anonymous,,synthetic
"14. ""The flight with JetBlue was mostly comfortable. The in-flight entertainment system could use an update.""",Neutral,Unknown,General,Anonymous,,synthetic
"15. ""Turkish Airlines offered a decent service overall. However, the transit at Istanbul airport was a bit chaotic.""",Neutral,Unknown,General,Anonymous,,synthetic
"16. ""Singapore Airlines provided a comfortable flight and the check-in process was smooth. The in-flight meal was average.""",Neutral,Unknown,General,Anonymous,,synthetic
"17. ""The flight with KLM was on time, and the crew was attentive. The quality of the food was passable.""",Neutral,Unknown,General,Anonymous,,synthetic
"18. ""Virgin Atlantic's service was satisfactory. The in-flight entertainment system had a good variety, but the WiFi was slow.""",Neutral,Unknown,General,Anonymous,,synthetic
"19. ""The flight with Cathay Pacific was smooth, and the cabin crew was professional. The food could use some improvement.""",Neutral,Unknown,General,Anonymous,,synthetic
"20. ""Air New Zealand's flight was mostly comfortable. The boarding process was efficient, but the in-flight entertainment system was average.""",Neutral,Unknown,General,Anonymous,,synthetic
1. The flight with Air Canada was on time and the in-flight service was just as expected. The legroom was adequate for a short-haul flight.,Neutral,Unknown,General,Anonymous,,synthetic
2. I flew with British Airways from London to New York. The staff was courteous and the food was standard airline fare.,Neutral,Unknown,General,Anonymous,,synthetic
"3. My flight with Delta Airlines was satisfactory. The plane was clean, the flight was punctual, and the staff was professional.",Neutral,Unknown,General,Anonymous,,synthetic
4. I had a regular experience with Emirates. The onboard entertainment was good but the food could use some improvement.,Neutral,Unknown,General,Anonymous,,synthetic
5. The American Airlines flight was quite the average experience. The staff was professional and the flight was on time.,Neutral,Unknown,General,Anonymous,,synthetic
6. The Lufthansa flight was as expected for an international flight. The in-flight meal was of decent quality and the service was adequate.,Neutral,Unknown,General,Anonymous,,synthetic
7. The in-flight service on my Air France flight was standard. The staff was polite and the flight landed on time.,Neutral,Unknown,General,Anonymous,,synthetic
"8. My flight with Southwest was uneventful. The plane was clean, the staff was friendly, and the flight was on time.",Neutral,Unknown,General,Anonymous,,synthetic
9. My experience with JetBlue was average. The seating was comfortable enough for a short flight and the snacks were standard.,Neutral,Unknown,General,Anonymous,,synthetic
10. The Qatar Airways flight was satisfactory. The cabin crew was professional and the in-flight entertainment was good.,Neutral,Unknown,General,Anonymous,,synthetic
"11. The United Airlines flight was just as expected. The plane was clean, the flight was on time, and the staff was polite.",Neutral,Unknown,General,Anonymous,,synthetic
12. The Cathay Pacific flight was usual. The service was professional and the food was typical airline fare.,Neutral,Unknown,General,Anonymous,,synthetic
13. The flight with Etihad was an average experience. The staff was professional and the in-flight entertainment was standard.,Neutral,Unknown,General,Anonymous,,synthetic
14. I had a typical experience with Qantas. The flight was on time and the service was satisfactory.,Neutral,Unknown,General,Anonymous,,synthetic
15. My flight with Ryanair was as expected. The flight was punctual and the staff was professional.,Neutral,Unknown,General,Anonymous,,synthetic
"16. The Turkish Airlines flight was quite standard. The plane was clean, the staff was courteous, and the flight was on time.",Neutral,Unknown,General,Anonymous,,synthetic
17. The Singapore Airlines flight was as usual. The in-flight meal was of standard quality and the service was adequate.,Neutral,Unknown,General,Anonymous,,synthetic
"18. The Aeroflot flight was an average experience. The flight was on time, the service was professional, and the plane was clean.",Neutral,Unknown,General,Anonymous,,synthetic
19. The service on my Air India flight was standard. The staff was polite and the flight landed on time.,Neutral,Unknown,General,Anonymous,,synthetic
20. My experience with Virgin Atlantic was standard. The seating was comfortable enough for a short flight and the snacks were typical airline fare.,Neutral,Unknown,General,Anonymous,,synthetic
"1. ""The in-flight service on Delta Airlines was standard, with the attendants being helpful when needed.""",Neutral,Unknown,General,Anonymous,,synthetic
"2. ""United Airlines flights were mostly on time, the seating was comfortable enough for a long-haul flight.""",Neutral,Unknown,General,Anonymous,,synthetic
"3. ""The check-in process was smooth on American Airlines, the staff was professional and efficient.""",Neutral,Unknown,General,Anonymous,,synthetic
"4. ""Southwest Airlines offered basic in-flight entertainment options, enough to kill time on the journey.""",Neutral,Unknown,General,Anonymous,,synthetic
"5. ""JetBlue's cabin was clean and well-maintained, the legroom was agreeable.""",Neutral,Unknown,General,Anonymous,,synthetic
"6. ""Alaska Airlines had a user-friendly online booking system, making the reservation process quick and easy.""",Neutral,Unknown,General,Anonymous,,synthetic
"7. ""Spirit Airlines' flight was decent, the seats were a bit cramped but bearable for a short journey.""",Neutral,Unknown,General,Anonymous,,synthetic
"8. ""The food on Air Canada was average, not too bad for an airline meal.""",Neutral,Unknown,General,Anonymous,,synthetic
"9. ""The British Airways flight was punctual, cabin crew was attentive and the overall experience was as expected.""",Neutral,Unknown,General,Anonymous,,synthetic
"10. ""Lufthansa's in-flight entertainment was satisfactory, with a fair selection of movies and music.""",Neutral,Unknown,General,Anonymous,,synthetic
"11. ""Air France's baggage handling was efficient, with no delays or lost luggage to report.""",Neutral,Unknown,General,Anonymous,,synthetic
"12. ""The Qantas flight was somewhat crowded, but the crew managed well under the conditions.""",Neutral,Unknown,General,Anonymous,,synthetic
"13. ""Cathay Pacific offered a standard level of comfort and service, nothing extraordinary but satisfactory.""",Neutral,Unknown,General,Anonymous,,synthetic
"14. ""The ticket prices of Ryanair were competitive, making it a reasonable choice for budget-conscious travelers.""",Neutral,Unknown,General,Anonymous,,synthetic
"15. ""Emirates provided a good range of food options, catering to different dietary needs.""",Neutral,Unknown,General,Anonymous,,synthetic
"16. ""Etihad Airways' boarding process was organized, with clear instructions and timely announcements.""",Neutral,Unknown,General,Anonymous,,synthetic
"17. ""Singapore Airlines delivered a regular in-flight experience, with a comfortable cabin and polite staff.""",Neutral,Unknown,General,Anonymous,,synthetic
"18. ""The Virgin Atlantic flight was punctual, the seats were reasonably comfortable for the duration of the journey.""",Neutral,Unknown,General,Anonymous,,synthetic
"19. ""The Turkish Airlines' online check-in system was easy to use, saving some time at the airport.""",Neutral,Unknown,General,Anonymous,,synthetic
"20. ""The KLM flight had a standard range of beverages, including complimentary coffee and tea.""",Neutral,Unknown,General,Anonymous,,synthetic
"1. The flight with JetBlue Airways was uneventful, with comfortable seating and an on-time departure.",Neutral,Unknown,General,Anonymous,,synthetic
"2. American Airlines offered a decent in-flight meal, though the entertainment options were quite limited.",Neutral,Unknown,General,Anonymous,,synthetic
"3. Southwest Airlines provided timely service, though the cabin could have been a bit cleaner.",Neutral,Unknown,General,Anonymous,,synthetic
"4. The Air France flight was satisfactory, with pleasant staff but a somewhat crowded seating arrangement.",Neutral,Unknown,General,Anonymous,,synthetic
"5. Lufthansa's in-flight entertainment was good, though the meal options could use a bit more variety.",Neutral,Unknown,General,Anonymous,,synthetic
"6. The Delta Air Lines flight was punctual, but the legroom was a bit tight for a long-haul flight.",Neutral,Unknown,General,Anonymous,,synthetic
"7. British Airways provided a smooth check-in process, but the in-flight service was just average.",Neutral,Unknown,General,Anonymous,,synthetic
"8. Qantas Airways offered a decent legroom and a comfortable flight, though the in-flight food was just average.",Neutral,Unknown,General,Anonymous,,synthetic
"9. The United Airlines flight was typical, with standard seating and average customer service.",Neutral,Unknown,General,Anonymous,,synthetic
"10. Emirates provided a satisfactory flight experience, with in-time departure but limited meal options.",Neutral,Unknown,General,Anonymous,,synthetic
"11. The Etihad Airways flight was acceptable, with on-time arrival and decent in-flight entertainment.",Neutral,Unknown,General,Anonymous,,synthetic
"12. Turkish Airlines offered a reasonable flight experience, with a smooth check-in process but a bit of a delay in departure.",Neutral,Unknown,General,Anonymous,,synthetic
"13. The KLM flight was satisfactory, with good cabin cleanliness but average customer service.",Neutral,Unknown,General,Anonymous,,synthetic
"14. Cathay Pacific's flight was typical, offering standard seating comfort and average food.",Neutral,Unknown,General,Anonymous,,synthetic
"15. The Singapore Airlines flight was standard, with an on-time schedule and satisfactory in-flight service.",Neutral,Unknown,General,Anonymous,,synthetic
"16. The Qatar Airways flight was fine, offering decent comfort but the in-flight entertainment could be improved.",Neutral,Unknown,General,Anonymous,,synthetic
"17. The Air Canada flight was okay, with a smooth boarding process but average legroom.",Neutral,Unknown,General,Anonymous,,synthetic
"18. Ryanair offered a standard low-cost flight experience, with punctual departure but limited food options.",Neutral,Unknown,General,Anonymous,,synthetic
"19. The EasyJet flight was average, with standard seating and punctual arrival.",Neutral,Unknown,General,Anonymous,,synthetic
"20. Virgin Atlantic offered a typical flight experience, with a smooth check-in process but limited in-flight meal choices.",Neutral,Unknown,General,Anonymous,,synthetic
"1. The flight with Air Canada was on time. The in-flight meal was standard, nothing exceptional, but not poor either.",Neutral,Unknown,General,Anonymous,,synthetic
"2. Southwest Airlines provided efficient service, with friendly staff. The legroom was a bit tight for a long flight.",Neutral,Unknown,General,Anonymous,,synthetic
3. Qatar Airways provided a smooth flight experience. The food was satisfactory and the in-flight entertainment was decent.,Neutral,Unknown,General,Anonymous,,synthetic
"4. Flying with Delta Airlines was a routine experience. The seats were average, and the cabin crew was professional.",Neutral,Unknown,General,Anonymous,,synthetic
"5. The British Airways flight was punctual, and the check-in process was swift. The in-flight services were just acceptable.",Neutral,Unknown,General,Anonymous,,synthetic
"6. The Emirates flight was comfortable, but the food could have been better. The staff was courteous and helpful.",Neutral,Unknown,General,Anonymous,,synthetic
7. The American Airlines flight was satisfactory. The boarding process was smooth and the seat comfort was average.,Neutral,Unknown,General,Anonymous,,synthetic
"8. I had an average flight with United Airlines. The crew was friendly, but the meal options could use some improvement.",Neutral,Unknown,General,Anonymous,,synthetic
"9. The Lufthansa flight was fine, with a slight delay. The in-flight services were efficient, but the entertainment options were limited.",Neutral,Unknown,General,Anonymous,,synthetic
"10. The KLM flight was decent. The cabin was clean and the staff was polite, but the in-flight meal was just okay.",Neutral,Unknown,General,Anonymous,,synthetic
"11. The Air France flight was swift and punctual. The cabin crew was professional, but the comfort of the seats was average.",Neutral,Unknown,General,Anonymous,,synthetic
"12. The flight with Etihad Airways was satisfactory. The in-flight entertainment was good, but the food quality could have been better.",Neutral,Unknown,General,Anonymous,,synthetic
"13. The Turkish Airlines flight was on time. The staff was courteous, but the legroom was a bit tight.",Neutral,Unknown,General,Anonymous,,synthetic
"14. The Ryanair flight was on schedule. The cabin was well-maintained, but the in-flight services were average.",Neutral,Unknown,General,Anonymous,,synthetic
"15. The Singapore Airlines flight was comfortable. The check-in process was efficient, but the food was just okay.",Neutral,Unknown,General,Anonymous,,synthetic
"16. The Cathay Pacific flight was fine. The staff was professional, but the in-flight entertainment had limited options.",Neutral,Unknown,General,Anonymous,,synthetic
"17. The flight with Norwegian Airlines was on time. The boarding process was smooth, but the seats were a bit uncomfortable.",Neutral,Unknown,General,Anonymous,,synthetic
"18. The Aeroflot flight was decent. The cabin crew was polite, but the food quality could have been better.",Neutral,Unknown,General,Anonymous,,synthetic
"19. The Air India flight was satisfactory. The check-in process was swift, but the in-flight meal was just acceptable.",Neutral,Unknown,General,Anonymous,,synthetic
20. The Qantas flight was punctual. The seat comfort was average and the cabin crew was professional.,Neutral,Unknown,General,Anonymous,,synthetic
"1. The flight with Airline X was mostly on time, and the in-flight entertainment kept me occupied during the journey.",Neutral,Unknown,General,Anonymous,,synthetic
2. Airline Y provided a standard experience with satisfactory in-flight meals and enough legroom for comfort.,Neutral,Unknown,General,Anonymous,,synthetic
"3. The staff on Airline Z's flight was professional, although the food could have been better.",Neutral,Unknown,General,Anonymous,,synthetic
"4. Airline A had a smooth check-in process, and the flight departed on schedule.",Neutral,Unknown,General,Anonymous,,synthetic
"5. My experience with Airline B was typical, with a clean cabin and courteous cabin crew.",Neutral,Unknown,General,Anonymous,,synthetic
"6. Airline C's seats were reasonably comfortable for a long-haul flight, and the meals were average.",Neutral,Unknown,General,Anonymous,,synthetic
"7. The flight with Airline D was not delayed, and the baggage handling was efficient.",Neutral,Unknown,General,Anonymous,,synthetic
8. Airline E provided a standard in-flight service with a wide selection of entertainment options.,Neutral,Unknown,General,Anonymous,,synthetic
"9. On my recent flight with Airline F, the cabin crew was polite, and the boarding process went smoothly.",Neutral,Unknown,General,Anonymous,,synthetic
"10. The legroom on Airline G's flight was average, and the in-flight meal was satisfactory.",Neutral,Unknown,General,Anonymous,,synthetic
"11. Airline H's flight had punctual departure and arrival times, and the cabin was well-maintained.",Neutral,Unknown,General,Anonymous,,synthetic
"12. The staff on Airline I was professional, and the check-in process was hassle-free.",Neutral,Unknown,General,Anonymous,,synthetic
"13. My flight with Airline J was typical, with standard in-flight amenities and a decent selection of food.",Neutral,Unknown,General,Anonymous,,synthetic
"14. Airline K's flight was on time, and the cabin crew provided efficient service during the flight.",Neutral,Unknown,General,Anonymous,,synthetic
"15. The seats on Airline L's flight offered average comfort, and the in-flight entertainment was satisfactory.",Neutral,Unknown,General,Anonymous,,synthetic
"16. My recent flight with Airline M was standard, with punctual departure and arrival, and an okay in-flight meal.",Neutral,Unknown,General,Anonymous,,synthetic
"17. Airline N's flight was mostly on time, and the cabin crew was courteous, although the food could have been better.",Neutral,Unknown,General,Anonymous,,synthetic
"18. The check-in process for Airline O was smooth, and the flight departed on schedule.",Neutral,Unknown,General,Anonymous,,synthetic
"19. My flight with Airline P was average, with adequate legroom and standard in-flight entertainment.",Neutral,Unknown,General,Anonymous,,synthetic
"20. Airline Q's flight had efficient baggage handling, and the cabin was clean, although the food was just okay.",Neutral,Unknown,General,Anonymous,,synthetic
"1. ""Delta Airlines provided an average service. The flight was on time, and the staff was courteous, however, the in-flight meals could use some improvement.""",Neutral,Unknown,General,Anonymous,,synthetic
"2. ""The American Airlines flight was decent. The legroom in economy class was a bit limited, but there was a good selection of in-flight entertainment.""",Neutral,Unknown,General,Anonymous,,synthetic
"3. ""I flew with Southwest Airlines recently. The ticket price was reasonable, and the boarding process was efficient, but the seats were somewhat uncomfortable.""",Neutral,Unknown,General,Anonymous,,synthetic
"4. ""My experience with United Airlines was typical. The flight attendants were professional, and the flight departed on schedule, but the airplane's interior seemed a bit old.""",Neutral,Unknown,General,Anonymous,,synthetic
"5. ""I took a JetBlue flight last week. The flight was comfortable with ample legroom, but the Wi-Fi connection was somewhat spotty.""",Neutral,Unknown,General,Anonymous,,synthetic
"6. ""Spirit Airlines provided an adequate service. The flight was low-cost, but the add-on fees for luggage and meals were higher than expected.""",Neutral,Unknown,General,Anonymous,,synthetic
"7. ""I traveled with British Airways recently. The cabin crew was polite, and the flight was smooth, though the food options were fairly standard.""",Neutral,Unknown,General,Anonymous,,synthetic
"8. ""My flight with Air France was middling. The onboard amenities were fine, and the flight was on time, but the in-flight entertainment was lacking.""",Neutral,Unknown,General,Anonymous,,synthetic
"9. ""Traveling with Lufthansa was an average experience. The plane was clean, however, the cabin felt a bit crowded.""",Neutral,Unknown,General,Anonymous,,synthetic
"10. ""I flew with Emirates Airlines. The service was professional, and the flight was on time, but the in-flight meals were just okay.""",Neutral,Unknown,General,Anonymous,,synthetic
"11. ""The Qatar Airways flight was satisfactory overall. The staff was helpful, but the legroom in economy class could have been better.""",Neutral,Unknown,General,Anonymous,,synthetic
"12. ""My flight with Cathay Pacific was acceptable. The boarding process was smooth, and the baggage handling was efficient, but the airplane temperature was a little too cold.""",Neutral,Unknown,General,Anonymous,,synthetic
"13. ""The Virgin Atlantic experience was as expected. The flight was on time, and the staff was friendly, but the seat comfort could be improved.""",Neutral,Unknown,General,Anonymous,,synthetic
"14. ""I flew with Air Canada recently. The flight was punctual, and the staff was professional, but the in-flight meal options were limited.""",Neutral,Unknown,General,Anonymous,,synthetic
"15. ""My experience with Alaska Airlines was average. The flight was on time, and the in-flight entertainment was good, but the cabin service was slow.""",Neutral,Unknown,General,Anonymous,,synthetic
"16. ""Traveling with Etihad Airways was satisfactory. The staff was polite, but the quality of food could have been better.""",Neutral,Unknown,General,Anonymous,,synthetic
"17. ""I flew with Qantas recently. The flight was on time, and the service was professional, but the plane seemed a bit outdated.""",Neutral,Unknown,General,Anonymous,,synthetic
"18. ""The Turkish Airlines flight was adequate. The staff was helpful, but the legroom was a bit tight.""",Neutral,Unknown,General,Anonymous,,synthetic
"19. ""I took a flight with Ryanair. The ticket prices were affordable, but the additional costs for luggage and seating were higher than expected.""",Neutral,Unknown,General,Anonymous,,synthetic
"20. ""My flight with Aer Lingus was average. The boarding process was efficient, and the flight was on time, but the in-flight meal was just okay.""",Neutral,Unknown,General,Anonymous,,synthetic
"1. ""The flight with Airline X was on schedule. The seats were comfortable enough for the short journey.""",Neutral,Unknown,General,Anonymous,,synthetic
"2. ""Airline Y provided a standard in-flight meal. It was neither exceptional nor disappointing.""",Neutral,Unknown,General,Anonymous,,synthetic
"3. ""The check-in process with Airline Z was straightforward. Staff were professional and efficient.""",Neutral,Unknown,General,Anonymous,,synthetic
"4. ""Airline A's in-flight entertainment had a decent selection of movies and music. It was adequate for the duration of the flight.""",Neutral,Unknown,General,Anonymous,,synthetic
"5. ""The cabin crew on Airline B's flight were attentive. They responded to passenger needs in a timely manner.""",Neutral,Unknown,General,Anonymous,,synthetic
"6. ""The cleanliness on Airline C's plane was satisfactory. It seemed well-maintained and hygienic.""",Neutral,Unknown,General,Anonymous,,synthetic
"7. ""Airline D's online booking system was easy to navigate. The flight confirmation was received promptly.""",Neutral,Unknown,General,Anonymous,,synthetic
"8. ""The baggage handling with Airline E was average. No issues were experienced.""",Neutral,Unknown,General,Anonymous,,synthetic
"9. ""Airline F's legroom was standard for an economy class. Not spacious, but not cramped either.""",Neutral,Unknown,General,Anonymous,,synthetic
"10. ""The boarding process with Airline G was orderly. It was conducted in a timely fashion.""",Neutral,Unknown,General,Anonymous,,synthetic
"11. ""Airline H's flight was relatively smooth. The pilot managed minor turbulence well.""",Neutral,Unknown,General,Anonymous,,synthetic
"12. ""The food offering on Airline I was typical for an airline meal. Portions were reasonable.""",Neutral,Unknown,General,Anonymous,,synthetic
"13. ""Airline J's seats were of average comfort. The recline function was working properly.""",Neutral,Unknown,General,Anonymous,,synthetic
"14. ""The cancellation policy of Airline K was standard. Their customer service provided clear information about it.""",Neutral,Unknown,General,Anonymous,,synthetic
"15. ""Airline L's flight arrived with a slight delay. However, baggage claim was quick and efficient.""",Neutral,Unknown,General,Anonymous,,synthetic
"16. ""The noise level on Airline M's flight was bearable. It was a typical experience for an air travel.""",Neutral,Unknown,General,Anonymous,,synthetic
"17. ""Airline N's in-flight amenities were basic but functional. The blanket and pillow provided were clean.""",Neutral,Unknown,General,Anonymous,,synthetic
"18. ""The ticket prices for Airline O were competitive. They offered a fair deal for the service provided.""",Neutral,Unknown,General,Anonymous,,synthetic
"19. ""Airline P's flight attendants were courteous. They carried out their duties in a professional manner.""",Neutral,Unknown,General,Anonymous,,synthetic
"20. ""The restroom on Airline Q's plane was kept clean throughout the flight. It was restocked regularly.""",Neutral,Unknown,General,Anonymous,,synthetic
"1. Airline X had punctual departures and arrivals, but the inflight entertainment selection was limited.",Neutral,Unknown,General,Anonymous,,synthetic
"2. Airline Y's in-flight meals were satisfactory, nothing exceptional but reasonably good.",Neutral,Unknown,General,Anonymous,,synthetic
"3. Airline Z provided a clean cabin and polite cabin crew, but the legroom was a bit tight.",Neutral,Unknown,General,Anonymous,,synthetic
"4. The check-in process at Airline A was efficient, but the luggage took a long time to arrive at the carousel.",Neutral,Unknown,General,Anonymous,,synthetic
5. Airline B had a nice range of drinks on offer but could improve the quality of their snacks.,Neutral,Unknown,General,Anonymous,,synthetic
"6. Airline C's flight was comfortable enough for a short trip, but the seats might not be suitable for long-haul flights.",Neutral,Unknown,General,Anonymous,,synthetic
"7. Airline D's ticket prices are affordable, but the extra fees for checked bags were a bit high.",Neutral,Unknown,General,Anonymous,,synthetic
"8. Airline E's flight was on time and the crew was professional, but the boarding process was a bit disorganized.",Neutral,Unknown,General,Anonymous,,synthetic
"9. The staff on Airline F were courteous, but the in-flight WiFi was fairly slow.",Neutral,Unknown,General,Anonymous,,synthetic
"10. Airline G's planes were modern and well-maintained, but the flight was a bit turbulent.",Neutral,Unknown,General,Anonymous,,synthetic
"11. Airline H's website was easy to navigate, but the mobile app needs some improvement.",Neutral,Unknown,General,Anonymous,,synthetic
"12. Airline I's frequent flyer program offers decent value, but the redemption process could be simpler.",Neutral,Unknown,General,Anonymous,,synthetic
"13. Airline J's airport lounges are comfortable, but could offer a wider variety of food options.",Neutral,Unknown,General,Anonymous,,synthetic
"14. Airline K's seat selection process was straightforward, but the seats lacked sufficient padding.",Neutral,Unknown,General,Anonymous,,synthetic
"15. Airline L's flights were consistently on time, but the on-board meal options were limited.",Neutral,Unknown,General,Anonymous,,synthetic
"16. Airline M's cabin crew were friendly and responsive, but the plane's interior looked a bit dated.",Neutral,Unknown,General,Anonymous,,synthetic
"17. Airline N's online check-in process was easy, but their policy on carry-on luggage size is quite strict.",Neutral,Unknown,General,Anonymous,,synthetic
"18. Airline O's in-flight entertainment had a good variety of movies, but lacked in music options.",Neutral,Unknown,General,Anonymous,,synthetic
"19. Airline P's boarding process was quick and efficient, but the airport terminal was quite crowded.",Neutral,Unknown,General,Anonymous,,synthetic
"20. Airline Q's customer service was responsive, but the resolution process took longer than expected.",Neutral,Unknown,General,Anonymous,,synthetic
1. The flight with Air Canada was pretty standard. The seats were a bit cramped but the meal served was decent.,Neutral,Unknown,General,Anonymous,,synthetic
"2. I took a United Airlines flight recently. The cabin was clean and the staff was professional, though the in-flight entertainment could be improved.",Neutral,Unknown,General,Anonymous,,synthetic
"3. On my recent Delta Airlines flight, the service was satisfactory. The flight was on time and the seats were comfortable enough for a long journey.",Neutral,Unknown,General,Anonymous,,synthetic
"4. Flew with JetBlue last week. The check-in process was smooth and the staff was courteous, but the legroom was a bit tight.",Neutral,Unknown,General,Anonymous,,synthetic
5. My Emirates flight experience was typical. The food served was satisfactory and the flight attendants were attentive.,Neutral,Unknown,General,Anonymous,,synthetic
"6. Flew with Southwest recently. The plane was clean and the flight was punctual, but the legroom was a bit lacking.",Neutral,Unknown,General,Anonymous,,synthetic
"7. My experience with Qatar Airways was standard. The in-flight entertainment was good, but the meals could have had more options.",Neutral,Unknown,General,Anonymous,,synthetic
"8. Took a flight with British Airways. The staff was professional and the flight was on time, but the baggage check could be faster.",Neutral,Unknown,General,Anonymous,,synthetic
"9. My recent flight with American Airlines was decent. The flight was comfortable and the staff was friendly, but the food served was just average.",Neutral,Unknown,General,Anonymous,,synthetic
"10. On my Lufthansa flight, the service was okay. The cabin was clean and the flight left on time, but the seats were a bit cramped.",Neutral,Unknown,General,Anonymous,,synthetic
"11. Flew with Qantas last week. The check-in was efficient and the flight was on time, but the food was average at best.",Neutral,Unknown,General,Anonymous,,synthetic
"12. My experience with Ryanair was satisfactory. The flight was punctual and the staff was courteous, but the legroom was a bit tight.",Neutral,Unknown,General,Anonymous,,synthetic
"13. On my recent Singapore Airlines flight, the service was typical. The flight was comfortable and the food was decent, but the in-flight entertainment could have been better.",Neutral,Unknown,General,Anonymous,,synthetic
"14. My recent Air France flight was okay. The flight attendants were professional and the flight was on time, but the seats were a bit cramped.",Neutral,Unknown,General,Anonymous,,synthetic
"15. Flew with Spirit Airlines recently. The check-in process was smooth, but the legroom was a bit tight. The food served was average.",Neutral,Unknown,General,Anonymous,,synthetic
"16. My experience with Etihad Airways was decent. The cabin was clean and the flight was punctual, but the food could have had more options.",Neutral,Unknown,General,Anonymous,,synthetic
"17. On my recent Turkish Airlines flight, the service was satisfactory. The flight was comfortable and the staff was friendly, but the in-flight entertainment could be improved.",Neutral,Unknown,General,Anonymous,,synthetic
"18. Flew with Alaska Airlines last week. The check-in process was efficient and the flight was on time, but the food served was just average.",Neutral,Unknown,General,Anonymous,,synthetic
"19. My recent Virgin Atlantic flight was okay. The flight was comfortable and the staff was professional, but the seats were a bit cramped.",Neutral,Unknown,General,Anonymous,,synthetic
"20. My experience with Finnair was standard. The in-flight entertainment was good, but the meal served could have been better.",Neutral,Unknown,General,Anonymous,,synthetic
"1. ""American Airlines provided a straightforward flight. The seats were a bit cramped but the service was adequate.""",Neutral,Unknown,General,Anonymous,,synthetic
"2. ""The flight with Delta Airlines was punctual and their in-flight entertainment was decent. The food could use a little improvement.""",Neutral,Unknown,General,Anonymous,,synthetic
"3. ""United Airlines offered a smooth check-in process and the flight was on time. The legroom was a bit limited.""",Neutral,Unknown,General,Anonymous,,synthetic
"4. ""JetBlue's services were satisfactory. The staff was professional but the food options were limited.""",Neutral,Unknown,General,Anonymous,,synthetic
"5. ""Air Canada had a timely departure and arrival. The cabin could have been cleaner.""",Neutral,Unknown,General,Anonymous,,synthetic
"6. ""Lufthansa's flight was comfortable and the crew was courteous. The food was average.""",Neutral,Unknown,General,Anonymous,,synthetic
"7. ""Had a usual flight with Southwest Airlines. The boarding process was quick, but the seats were a bit uncomfortable.""",Neutral,Unknown,General,Anonymous,,synthetic
"8. ""Emirates offered an ample selection of in-flight entertainment. The meals were standard airline fare.""",Neutral,Unknown,General,Anonymous,,synthetic
"9. ""Had a direct flight with British Airways. The flight was on time but the in-flight service was slow.""",Neutral,Unknown,General,Anonymous,,synthetic
"10. ""The Air France flight was average. The crew was polite and the plane was clean, however, the leg room was insufficient.""",Neutral,Unknown,General,Anonymous,,synthetic
"11. ""Turkish Airlines provided a smooth flight. The food was okay, but the in-flight entertainment could be better.""",Neutral,Unknown,General,Anonymous,,synthetic
"12. ""Singapore Airlines had a comfortable seating arrangement. The in-flight meal was just okay.""",Neutral,Unknown,General,Anonymous,,synthetic
"13. ""Cathay Pacific's services were standard. The boarding process was smooth, but the in-flight entertainment was lacking.""",Neutral,Unknown,General,Anonymous,,synthetic
"14. ""The flight with Qantas was acceptable. The staff was friendly, but the food was mediocre.""",Neutral,Unknown,General,Anonymous,,synthetic
"15. ""Aer Lingus offered a usual flight experience. The plane was clean but the seats were a bit cramped.""",Neutral,Unknown,General,Anonymous,,synthetic
"16. ""The flight with Ryanair was on time. The check-in process was a bit lengthy and the seats were not very comfortable.""",Neutral,Unknown,General,Anonymous,,synthetic
"17. ""Iberia's flight was typical. The crew was professional, but the food was not up to the mark.""",Neutral,Unknown,General,Anonymous,,synthetic
"18. ""Etihad Airways had a punctual departure and the flight was smooth. The food was average.""",Neutral,Unknown,General,Anonymous,,synthetic
"19. ""The flight with Air New Zealand was standard. The plane was clean, but the food quality could be improved.""",Neutral,Unknown,General,Anonymous,,synthetic
"20. ""Spirit Airlines offered a no-frills flight experience. The flight was on time, but there were limited food options.""",Neutral,Unknown,General,Anonymous,,synthetic
"1. ""The flight with Airline X was generally punctual, departing and arriving on time. The legroom was average, not overly spacious.""",Neutral,Unknown,General,Anonymous,,synthetic
"2. ""Airline Y offered a standard in-flight meal, which was fairly typical for airline food. The flight attendants were professional and courteous.""",Neutral,Unknown,General,Anonymous,,synthetic
"3. ""Airline Z had a smooth check-in process. The plane was clean, showing regular maintenance.""",Neutral,Unknown,General,Anonymous,,synthetic
"4. ""Airline A's flight was decent. The seats were comfortable enough for the short journey.""",Neutral,Unknown,General,Anonymous,,synthetic
"5. ""Airline B's service was as expected. The entertainment system functioned properly with a moderate selection of films.""",Neutral,Unknown,General,Anonymous,,synthetic
"6. ""Airline C's flight was satisfactory. The boarding process was orderly and timely.""",Neutral,Unknown,General,Anonymous,,synthetic
"7. ""Airline D provided a standard level of comfort. The flight was slightly delayed but updates were provided regularly.""",Neutral,Unknown,General,Anonymous,,synthetic
"8. ""Airline E had an average flight experience. The cabin was clean, and the flight crew was polite.""",Neutral,Unknown,General,Anonymous,,synthetic
"9. ""Airline F's flight was uneventful. The in-flight meal was typical but the coffee was surprisingly good.""",Neutral,Unknown,General,Anonymous,,synthetic
"10. ""Airline G provided a standard in-flight experience. The seats were somewhat narrow but comfortable enough for a short flight.""",Neutral,Unknown,General,Anonymous,,synthetic
"11. ""The flight on Airline H was satisfactory. The bathrooms were clean and the cabin temperature was maintained at a comfortable level.""",Neutral,Unknown,General,Anonymous,,synthetic
"12. ""Airline I's flight was fine. The boarding process was a bit slow but not overly inconvenient.""",Neutral,Unknown,General,Anonymous,,synthetic
"13. ""Airline J provided a fair in-flight service. The entertainment options were somewhat limited but sufficient for the flight duration.""",Neutral,Unknown,General,Anonymous,,synthetic
"14. ""The flight with Airline K was generally smooth. The legroom was average and the staff was professional.""",Neutral,Unknown,General,Anonymous,,synthetic
"15. ""Airline L's flight was unremarkable. The food was standard airline fare, and the service was adequate.""",Neutral,Unknown,General,Anonymous,,synthetic
"16. ""Airline M's service was as expected. The flight arrived on time and the baggage claim process was efficient.""",Neutral,Unknown,General,Anonymous,,synthetic
"17. ""Airline N provided a satisfactory service. The seats were reasonably comfortable and the crew was attentive.""",Neutral,Unknown,General,Anonymous,,synthetic
"18. ""The flight with Airline O was decent. The cabin was clean and the in-flight meal was average.""",Neutral,Unknown,General,Anonymous,,synthetic
"19. ""Airline P's flight was fine. The staff was polite and the boarding process was smooth.""",Neutral,Unknown,General,Anonymous,,synthetic
"20. ""Airline Q's flight was uneventful. The seats were a bit narrow, but the flight arrived on time.""",Neutral,Unknown,General,Anonymous,,synthetic
"1. The flight with American Airlines was on time and the staff was professional, but the legroom was a bit cramped.",Neutral,Unknown,General,Anonymous,,synthetic
2. I flew with Delta Airlines in economy class. The flight was punctual and the onboard meal was satisfactory.,Neutral,Unknown,General,Anonymous,,synthetic
"3. Virgin Atlantic provided a comfortable flight with an average meal. The staff was attentive, though the inflight entertainment could be improved.",Neutral,Unknown,General,Anonymous,,synthetic
4. I had a routine experience with JetBlue. The flight was on schedule and the cabin was clean.,Neutral,Unknown,General,Anonymous,,synthetic
5. Flying with Southwest Airlines was standard. The boarding process was smooth and the seats were of average comfort.,Neutral,Unknown,General,Anonymous,,synthetic
"6. United Airlines had a decent inflight service. The flight was slightly delayed, but the communication from the crew was clear.",Neutral,Unknown,General,Anonymous,,synthetic
7. Spirit Airlines delivered a basic service. The flight arrived on time and the ticket price was reasonable.,Neutral,Unknown,General,Anonymous,,synthetic
8. My experience with Alaska Airlines was typical. The flight was timely and the cabin crew was courteous.,Neutral,Unknown,General,Anonymous,,synthetic
"9. The Hawaiian Airlines flight was comfortable. The food could have been better, but the staff was friendly.",Neutral,Unknown,General,Anonymous,,synthetic
"10. The Lufthansa flight was on schedule and the cabin was clean. However, the inflight entertainment was just adequate.",Neutral,Unknown,General,Anonymous,,synthetic
"11. Air France provided a standard service. The flight was on time and the seats were comfortable, though the food was average.",Neutral,Unknown,General,Anonymous,,synthetic
"12. The flight with Emirates was satisfactory. The service was professional, but the legroom in economy class could be improved.",Neutral,Unknown,General,Anonymous,,synthetic
"13. British Airways provided an okay travel experience. The flight was punctual and the crew was polite, but the meals were mediocre.",Neutral,Unknown,General,Anonymous,,synthetic
"14. The flight with KLM was uneventful. The plane left on time and the staff was professional, though the inflight entertainment needs a refresh.",Neutral,Unknown,General,Anonymous,,synthetic
"15. I had an average experience with Qatar Airways. The flight was on time, the seats were comfy, but the food quality could have been better.",Neutral,Unknown,General,Anonymous,,synthetic
16. The Etihad Airways flight was okay. The flight was on schedule and the seats were reasonably comfortable.,Neutral,Unknown,General,Anonymous,,synthetic
"17. Ryanair provided a no-frills service. The flight was on time and the cabin was clean, but the legroom was limited.",Neutral,Unknown,General,Anonymous,,synthetic
"18. EasyJet provided a decent flying experience. The flight was slightly delayed, but the communication from the crew was good.",Neutral,Unknown,General,Anonymous,,synthetic
"19. The Japan Airlines flight was satisfactory. The service was efficient, but the inflight meals were just okay.",Neutral,Unknown,General,Anonymous,,synthetic
"20. The flight with Cathay Pacific was average. The flight was on time, and the staff was courteous, but the inflight entertainment options were limited.",Neutral,Unknown,General,Anonymous,,synthetic
"1. Flight with Airline A was okay. The staff was polite and meals were decent, though not extraordinary.",Neutral,Unknown,General,Anonymous,,synthetic
"2. Airline B's flight was on time and the in-flight entertainment was average. The legroom, however, was slightly tight.",Neutral,Unknown,General,Anonymous,,synthetic
3. Flew with Airline C recently. The check-in process was smooth but the food quality could have been better.,Neutral,Unknown,General,Anonymous,,synthetic
"4. Airline D's service was average. The plane was clean and flight landed on time, but the seats were a bit uncomfortable.",Neutral,Unknown,General,Anonymous,,synthetic
"5. Airline E's flight was good. The staff was friendly, though the baggage handling could be improved.",Neutral,Unknown,General,Anonymous,,synthetic
"6. Flight with Airline F was satisfactory. The flight was punctual and the cabin was clean, but the in-flight service was slow.",Neutral,Unknown,General,Anonymous,,synthetic
7. Took a flight with Airline G. The boarding process was efficient but the meal options were limited.,Neutral,Unknown,General,Anonymous,,synthetic
8. Airline H provided a decent service. The flight was slightly delayed but the in-flight entertainment made up for it.,Neutral,Unknown,General,Anonymous,,synthetic
9. Airline I's flight was acceptable. The seats were comfortable but the food options were not very appealing.,Neutral,Unknown,General,Anonymous,,synthetic
"10. Flew with Airline J. The flight was on time and the crew was polite, but the airplane felt a bit outdated.",Neutral,Unknown,General,Anonymous,,synthetic
"11. Airline K's service was passable. The flight was smooth, but the in-flight entertainment needed an upgrade.",Neutral,Unknown,General,Anonymous,,synthetic
"12. The flight with Airline L was standard. The staff was courteous, but the legroom was limited.",Neutral,Unknown,General,Anonymous,,synthetic
"13. Airline M's flight was acceptable. The booking process was easy, but the baggage claim took a little long.",Neutral,Unknown,General,Anonymous,,synthetic
"14. Flew with Airline N. The flight was punctual, and the airplane was clean, but the food quality was average.",Neutral,Unknown,General,Anonymous,,synthetic
"15. Airline O's service was average. The onboard staff was friendly, but the luggage delivery was slow.",Neutral,Unknown,General,Anonymous,,synthetic
"16. The flight with Airline P was decent. The flight was on time, but the seat comfort could be better.",Neutral,Unknown,General,Anonymous,,synthetic
"17. Airline Q's service was fine. The check-in process was smooth, but the in-flight meals were mediocre.",Neutral,Unknown,General,Anonymous,,synthetic
18. Took a flight with Airline R. The boarding process was efficient but the legroom was a bit limited.,Neutral,Unknown,General,Anonymous,,synthetic
"19. Airline S's flight was satisfactory. The flight was punctual and the cabin was clean, but the in-flight service was slow.",Neutral,Unknown,General,Anonymous,,synthetic
"20. Flew with Airline T. The flight was on time, seats were comfortable but the in-flight entertainment system was outdated.",Neutral,Unknown,General,Anonymous,,synthetic
"1. ""The flight on American Airlines was fairly standard. The cabin was clean and the staff were courteous, but the in-flight entertainment was a little outdated.""",Neutral,Unknown,General,Anonymous,,synthetic
"2. ""United Airlines offered a satisfactory flying experience. The food was average, and the seating was comfortable enough for a short flight.""",Neutral,Unknown,General,Anonymous,,synthetic
"3. ""Flying with Delta was about what I expected. The flight was on time, the crew was professional, and the in-flight meal was ordinary.""",Neutral,Unknown,General,Anonymous,,synthetic
"4. ""Air Canada provided a standard service. The cabin crew was polite and the flight departed and arrived on schedule.""",Neutral,Unknown,General,Anonymous,,synthetic
"5. ""The flight with Southwest was as expected. The plane was clean, and the crew was efficient, but the legroom was limited.""",Neutral,Unknown,General,Anonymous,,synthetic
"6. ""JetBlue's flight experience was average. The onboard amenities were fine, though the selection of snacks could be improved.""",Neutral,Unknown,General,Anonymous,,synthetic
"7. ""The service on British Airways was reasonable. The crew was helpful and the flight was smooth, but the seats could use a little more padding.""",Neutral,Unknown,General,Anonymous,,synthetic
"8. ""Qatar Airways offered an okay flight experience. The in-flight meals were decent and the staff was attentive, but the in-flight entertainment selection was limited.""",Neutral,Unknown,General,Anonymous,,synthetic
"9. ""The flight on Lufthansa was satisfactory. The check-in process was smooth, the cabin crew was polite, but the food was average.""",Neutral,Unknown,General,Anonymous,,synthetic
"10. ""Emirates provided a typical flying experience. The seats were comfortable enough, and the in-flight entertainment was good, but the food was standard fare.""",Neutral,Unknown,General,Anonymous,,synthetic
"11. ""The service on Air France was as expected. The crew was friendly, the flight was on time, but the legroom was a bit tight.""",Neutral,Unknown,General,Anonymous,,synthetic
"12. ""The flight on Turkish Airlines was okay. The staff was professional and the plane was clean, but the in-flight meal could have been better.""",Neutral,Unknown,General,Anonymous,,synthetic
"13. ""Flying with Virgin Atlantic was an average experience. The flight attendants were friendly, but the food was just okay.""",Neutral,Unknown,General,Anonymous,,synthetic
"14. ""The flight with KLM Royal Dutch was as expected. The seats were comfortable and the cabin was clean, but the in-flight entertainment was lacking.""",Neutral,Unknown,General,Anonymous,,synthetic
"15. ""Etihad Airways provided a standard service. The check-in process was smooth and the flight was on time, but the food was average.""",Neutral,Unknown,General,Anonymous,,synthetic
"16. ""Cathay Pacific's flight was decent. The cabin crew was professional and the plane was clean, but the seats were a bit cramped.""",Neutral,Unknown,General,Anonymous,,synthetic
"17. ""The service on Singapore Airlines was reasonable. The crew was attentive, and the flight was smooth, but the in-flight entertainment selection was limited.""",Neutral,Unknown,General,Anonymous,,synthetic
"18. ""The flight on Qantas was satisfactory. The check-in process was smooth, the cabin crew was polite, but the legroom was a bit tight.""",Neutral,Unknown,General,Anonymous,,synthetic
"19. ""Air New Zealand's flight was okay. The staff was professional and the plane was clean, but the in-flight meal could have been better.""",Neutral,Unknown,General,Anonymous,,synthetic
"20. ""The service on ANA All Nippon Airways was as expected. The flight attendants were friendly, but the food was just okay.""",Neutral,Unknown,General,Anonymous,,synthetic
1. Flew with Airline X recently; the flight was on time and service was as expected.,Neutral,Unknown,General,Anonymous,,synthetic
"2. Airline Y's in-flight meals were average, nothing to rave about but satisfactory for a short journey.",Neutral,Unknown,General,Anonymous,,synthetic
"3. The legroom on Airline Z's economy class is standard, similar to most other airlines.",Neutral,Unknown,General,Anonymous,,synthetic
"4. Airline A's flight attendants were professional and polite, made the journey relatively comfortable.",Neutral,Unknown,General,Anonymous,,synthetic
"5. The check-in process with Airline B was smooth and efficient, didn't encounter any major issues.",Neutral,Unknown,General,Anonymous,,synthetic
6. The in-flight entertainment on Airline C was decent enough to pass time during the flight.,Neutral,Unknown,General,Anonymous,,synthetic
"7. Airline D's boarding process was systematic and well-organized, no unnecessary delays were encountered.",Neutral,Unknown,General,Anonymous,,synthetic
"8. The baggage handling at Airline E was satisfactory, luggage arrived in good condition.",Neutral,Unknown,General,Anonymous,,synthetic
"9. Flew with Airline F, plane was clean and reasonably comfortable for a short-haul flight.",Neutral,Unknown,General,Anonymous,,synthetic
10. Airline G's customer service was responsive and handled my queries adequately.,Neutral,Unknown,General,Anonymous,,synthetic
"11. The frequent flyer program of Airline H has average value, with typical benefits and rewards.",Neutral,Unknown,General,Anonymous,,synthetic
"12. The cabin crew on my Airline I flight was attentive and professional, made the journey smooth.",Neutral,Unknown,General,Anonymous,,synthetic
"13. Airline J's online booking system is straightforward and user-friendly, no complications experienced.",Neutral,Unknown,General,Anonymous,,synthetic
"14. The seat recline on Airline K was average, not the most comfortable but manageable for a short flight.",Neutral,Unknown,General,Anonymous,,synthetic
"15. Airline L's airport lounges are decent, offering basic facilities and amenities for waiting passengers.",Neutral,Unknown,General,Anonymous,,synthetic
"16. The ticket prices of Airline M are competitive, aligning with the industry standard.",Neutral,Unknown,General,Anonymous,,synthetic
"17. Airline N's in-flight WiFi worked as promised, although the speed was typical of most airlines.",Neutral,Unknown,General,Anonymous,,synthetic
"18. Had a regular experience with Airline O, nothing particularly stood out but no major issues either.",Neutral,Unknown,General,Anonymous,,synthetic
"19. Airline P's flight schedule was reliable, arrived at the destination on time.",Neutral,Unknown,General,Anonymous,,synthetic
"20. The overall cleanliness of Airline Q's plane was satisfactory, maintaining the usual standard.",Neutral,Unknown,General,Anonymous,,synthetic
"1. ""The flight with Airline X was acceptable. The staff was professional, and the flight departed and arrived on schedule.""",Neutral,Unknown,General,Anonymous,,synthetic
"2. ""Airline Y provided a typical service. The food was average and the in-flight entertainment had a good variety.""",Neutral,Unknown,General,Anonymous,,synthetic
"3. ""The legroom on Airline Z's flight was satisfactory and the flight was largely smooth.""",Neutral,Unknown,General,Anonymous,,synthetic
"4. ""The check-in process with Airline A was standard. The staff at the counter was efficient.""",Neutral,Unknown,General,Anonymous,,synthetic
"5. ""Airline B's flight was as expected. The cabin was clean and the flight was on time.""",Neutral,Unknown,General,Anonymous,,synthetic
"6. ""Airline C's service was reasonable. The in-flight meal was satisfactory.""",Neutral,Unknown,General,Anonymous,,synthetic
"7. ""The flight with Airline D was standard. The crew was professional and the flight landed on time.""",Neutral,Unknown,General,Anonymous,,synthetic
"8. ""Airline E's flight was acceptable. The seat was comfortable enough for the short trip.""",Neutral,Unknown,General,Anonymous,,synthetic
"9. ""Airline F's service was as expected. The ticketing process was quick and efficient.""",Neutral,Unknown,General,Anonymous,,synthetic
"10. ""The staff on Airline G's flight was courteous. The in-flight amenities were as expected.""",Neutral,Unknown,General,Anonymous,,synthetic
"11. ""Airline H's flight was typical. The boarding process was smooth and the flight was mostly quiet.""",Neutral,Unknown,General,Anonymous,,synthetic
"12. ""The ticket price for Airline I was fair. The flight was punctual and the baggage claim process was efficient.""",Neutral,Unknown,General,Anonymous,,synthetic
"13. ""The flight with Airline J was standard. The onboard meal could have been better, but the staff was polite.""",Neutral,Unknown,General,Anonymous,,synthetic
"14. ""Airline K's flight was as expected. The plane departed and arrived on schedule.""",Neutral,Unknown,General,Anonymous,,synthetic
"15. ""The cabin of Airline L's flight was clean. The in-flight entertainment was average.""",Neutral,Unknown,General,Anonymous,,synthetic
"16. ""Airline M's flight was acceptable. The check-in process was efficient and the flight took off on time.""",Neutral,Unknown,General,Anonymous,,synthetic
"17. ""The service on Airline N was standard. The in-flight food was average and the cabin was clean.""",Neutral,Unknown,General,Anonymous,,synthetic
"18. ""Airline O's flight was satisfactory. The seating was comfortable and the flight departed on schedule.""",Neutral,Unknown,General,Anonymous,,synthetic
"19. ""The baggage claim process with Airline P was efficient. The flight was typical, with no significant issues.""",Neutral,Unknown,General,Anonymous,,synthetic
"20. ""The staff on Airline Q's flight was professional. The food and in-flight entertainment were as expected.""",Neutral,Unknown,General,Anonymous,,synthetic
"1. ""The flight with Air Canada was on time and the staff was professional. The legroom was a bit tight but manageable for a short flight.""",Neutral,Unknown,General,Anonymous,,synthetic
"2. ""The in-flight entertainment on United Airlines was satisfactory, with a decent selection of movies and TV shows. The food was average but the service was efficient.""",Neutral,Unknown,General,Anonymous,,synthetic
"3. ""Delta Airlines offered a smooth check-in process and the flight departed on time. The in-flight meal could be improved in terms of taste.""",Neutral,Unknown,General,Anonymous,,synthetic
"4. ""American Airlines provided a clean cabin and comfortable seats. The flight attendants were polite but the food options were limited.""",Neutral,Unknown,General,Anonymous,,synthetic
"5. ""The Lufthansa flight was punctual, the staff was courteous. However, the Wi-Fi on board was quite slow.""",Neutral,Unknown,General,Anonymous,,synthetic
"6. ""Emirates offered a decent in-flight experience, with good food and entertainment options. The airline could however work on reducing their flight delays.""",Neutral,Unknown,General,Anonymous,,synthetic
"7. ""Qatar Airways provided a satisfactory service. The seats were comfortable, but the in-flight entertainment could use an update.""",Neutral,Unknown,General,Anonymous,,synthetic
"8. ""Cathay Pacific's onboard service was efficient. The meals were average and the seats slightly cramped for long-haul flights.""",Neutral,Unknown,General,Anonymous,,synthetic
"9. ""Etihad Airways provided a smooth journey with timely service. However, the in-flight entertainment system was a bit outdated.""",Neutral,Unknown,General,Anonymous,,synthetic
"10. ""The Swiss Air flight was on time and the cabin was clean. The food served was just average.""",Neutral,Unknown,General,Anonymous,,synthetic
"11. ""The British Airways flight was punctual, and the staff was professional. The legroom, however, was a bit tight for a long-haul flight.""",Neutral,Unknown,General,Anonymous,,synthetic
"12. ""Air France's service was efficient and the flight took off on time. The food served was a bit bland.""",Neutral,Unknown,General,Anonymous,,synthetic
"13. ""Virgin Atlantic provided an average in-flight experience. The seats were comfortable, but the meal options could have been better.""",Neutral,Unknown,General,Anonymous,,synthetic
"14. ""The KLM flight had a smooth take-off and landing. The in-flight services were satisfactory, though the food was a bit disappointing.""",Neutral,Unknown,General,Anonymous,,synthetic
"15. ""Turkish Airlines provided a comfortable flight with decent service. The in-flight entertainment was good, but the Wi-Fi was slow.""",Neutral,Unknown,General,Anonymous,,synthetic
"16. ""Air New Zealand's flight was on time and the cabin crew was polite. The food options could have been more varied.""",Neutral,Unknown,General,Anonymous,,synthetic
"17. ""The Singapore Airlines flight was punctual and the staff was professional. The in-flight entertainment system, however, had limited choices.""",Neutral,Unknown,General,Anonymous,,synthetic
"18. ""Qantas provided an average flight experience. The seats were comfortable, but the meal served was just average.""",Neutral,Unknown,General,Anonymous,,synthetic
"19. ""The Finnair flight was on time, and the staff was professional. The legroom, however, was slightly limited.""",Neutral,Unknown,General,Anonymous,,synthetic
"20. ""Aeroflot's service was efficient and the flight took off on time. The food could have been better in terms of taste and variety.""",Neutral,Unknown,General,Anonymous,,synthetic
1. Flight with Airline X was satisfactory. The staff were professional and flight was on time.,Neutral,Unknown,General,Anonymous,,synthetic
2. Airline Y offered a smooth check-in process and the in-flight meal was standard fare.,Neutral,Unknown,General,Anonymous,,synthetic
"3. The overall flight experience with Airline Z was acceptable. The legroom was a bit tight, but manageable for short flights.",Neutral,Unknown,General,Anonymous,,synthetic
4. Had a decent flight with Airline A. The cabin was clean and the staff was attentive.,Neutral,Unknown,General,Anonymous,,synthetic
5. Airline B provided a rather standard in-flight entertainment selection. The flight was punctual.,Neutral,Unknown,General,Anonymous,,synthetic
6. The service on Airline C was acceptable. The flight was slightly delayed but the communication was good.,Neutral,Unknown,General,Anonymous,,synthetic
"7. My flight with Airline D was average. The seats were comfortable, but the in-flight meal could be better.",Neutral,Unknown,General,Anonymous,,synthetic
8. Airline E offered a smooth online booking process. The flight itself was uneventful.,Neutral,Unknown,General,Anonymous,,synthetic
9. Had a regular flight with Airline F. The cabin crew was courteous and the flight was on time.,Neutral,Unknown,General,Anonymous,,synthetic
10. The in-flight service of Airline G was satisfactory. The legroom was a bit limited.,Neutral,Unknown,General,Anonymous,,synthetic
11. Airline H offered a decent selection of meals on board. The overall experience was standard.,Neutral,Unknown,General,Anonymous,,synthetic
"12. The flight with Airline I was average. The boarding process was a bit slow, but the crew was professional.",Neutral,Unknown,General,Anonymous,,synthetic
13. Airline J provided an acceptable travel experience. The in-flight entertainment was a bit outdated but functional.,Neutral,Unknown,General,Anonymous,,synthetic
14. My trip with Airline K was quite average. The seats were comfortable enough for the duration of the flight.,Neutral,Unknown,General,Anonymous,,synthetic
15. The flight with Airline L was on time and the check-in process was efficient. The food was standard airline fare.,Neutral,Unknown,General,Anonymous,,synthetic
16. Flight with Airline M was satisfactory. The staff was professional and the cabin was clean.,Neutral,Unknown,General,Anonymous,,synthetic
17. The service on Airline N was typical. The flight was a bit delayed but they informed passengers promptly.,Neutral,Unknown,General,Anonymous,,synthetic
18. Airline O provided a usual flight experience. The in-flight entertainment could use some updating.,Neutral,Unknown,General,Anonymous,,synthetic
19. The check-in process for Airline P was smooth. The flight left on time and the cabin crew was professional.,Neutral,Unknown,General,Anonymous,,synthetic
20. Airline Q provided a decent flight experience. The seats were a bit cramped but the in-flight meal was good.,Neutral,Unknown,General,Anonymous,,synthetic
"1. The in-flight service on Delta Airlines was standard, with friendly staff offering refreshments regularly.",Neutral,Unknown,General,Anonymous,,synthetic
"2. Virgin Atlantic's flight was punctual, taking off and landing on the scheduled times.",Neutral,Unknown,General,Anonymous,,synthetic
3. The in-flight entertainment on Air Canada was average with a variety of movies and music available.,Neutral,Unknown,General,Anonymous,,synthetic
"4. The seating arrangement on British Airways was satisfactory, offering reasonable legroom for a comfortable journey.",Neutral,Unknown,General,Anonymous,,synthetic
"5. The meals offered on Qatar Airways were typical of airline food, nothing extraordinary but not bad either.",Neutral,Unknown,General,Anonymous,,synthetic
"6. Lufthansa's check-in process was streamlined, making it a swift experience.",Neutral,Unknown,General,Anonymous,,synthetic
"7. The cleanliness on Emirates' flight was up to the mark, with the cabin and restrooms kept tidy.",Neutral,Unknown,General,Anonymous,,synthetic
"8. American Airlines' flight attendants were professional, providing service as per the standards.",Neutral,Unknown,General,Anonymous,,synthetic
"9. Turkish Airlines' ticket booking process was straightforward, with a user-friendly website interface.",Neutral,Unknown,General,Anonymous,,synthetic
"10. Air France provided a smooth flight experience, with minor turbulence.",Neutral,Unknown,General,Anonymous,,synthetic
"11. The baggage handling by United Airlines was satisfactory, with no significant delays in luggage delivery.",Neutral,Unknown,General,Anonymous,,synthetic
12. The cabin temperature on JetBlue was maintained at a comfortable level throughout the flight.,Neutral,Unknown,General,Anonymous,,synthetic
"13. Southwest Airlines' in-flight magazine was average, offering a decent read for a short flight.",Neutral,Unknown,General,Anonymous,,synthetic
"14. KLM Royal Dutch Airlines' boarding process was organized, with clear instructions provided.",Neutral,Unknown,General,Anonymous,,synthetic
"15. The noise level in the cabin of Singapore Airlines was acceptable, allowing for a restful flight.",Neutral,Unknown,General,Anonymous,,synthetic
16. Etihad Airways offered a typical duty-free shopping experience with a range of products available.,Neutral,Unknown,General,Anonymous,,synthetic
"17. Cathay Pacific's cabin crew was attentive, promptly responding to passenger requests.",Neutral,Unknown,General,Anonymous,,synthetic
"18. The legroom on Ryanair was average, making it a somewhat comfortable experience for a budget airline.",Neutral,Unknown,General,Anonymous,,synthetic
19. The in-flight meal on ANA (All Nippon Airways) was edible and came with a choice of beverages.,Neutral,Unknown,General,Anonymous,,synthetic
"20. EasyJet's online check-in process was simple, and the boarding pass was easy to download.",Neutral,Unknown,General,Anonymous,,synthetic
"1. ""FlyAir managed to maintain strict departure and arrival schedules during my flights, although the in-flight meals were quite average.""",Neutral,Unknown,General,Anonymous,,synthetic
"2. ""JetSky Airlines provided a serviceable experience with their friendly flight attendants, but the legroom was a bit cramped for a long-haul flight.""",Neutral,Unknown,General,Anonymous,,synthetic
"3. ""BlueWings offered a smooth check-in process and on-time departures, but the in-flight entertainment could use some updates.""",Neutral,Unknown,General,Anonymous,,synthetic
"4. ""StarFly Airline's customer service was responsive, but the delay in baggage delivery was a slight inconvenience.""",Neutral,Unknown,General,Anonymous,,synthetic
"5. ""SkyHigh provided a decent flying experience, with clean cabins and polite staff, although the food selection was somewhat limited.""",Neutral,Unknown,General,Anonymous,,synthetic
"6. ""EagleView Airlines had a user-friendly booking system, but the seat comfort on the economy class left something to be desired.""",Neutral,Unknown,General,Anonymous,,synthetic
"7. ""CloudNine had an efficient boarding process, but the lack of in-flight WiFi was a noticeable drawback.""",Neutral,Unknown,General,Anonymous,,synthetic
"8. ""SoarAbove's flights were punctual and the crew was professional, but the lack of vegetarian options in meals was disappointing.""",Neutral,Unknown,General,Anonymous,,synthetic
"9. ""Skyline Airlines had comfortable seating and clean restrooms, but the in-flight entertainment options were quite limited.""",Neutral,Unknown,General,Anonymous,,synthetic
"10. ""AirNova had a smooth check-in process and the flight attendants were attentive, but the in-flight meals were rather bland.""",Neutral,Unknown,General,Anonymous,,synthetic
"11. ""With HorizonView, the flight was punctual and the cabin was clean, although the legroom was a bit restrictive.""",Neutral,Unknown,General,Anonymous,,synthetic
"12. ""AirPinnacle offered a decent selection of in-flight entertainment, but the meal options could use more variety.""",Neutral,Unknown,General,Anonymous,,synthetic
"13. ""Skyward Airlines' customer service was efficient, but the process of collecting checked baggage was rather slow.""",Neutral,Unknown,General,Anonymous,,synthetic
"14. ""With AltitudeAir, the flight departed on time and the cabin crew was courteous, but the in-flight meal could be improved.""",Neutral,Unknown,General,Anonymous,,synthetic
"15. ""AeroSphere provided a comfortable flight experience, but the lack of WiFi was a minor inconvenience.""",Neutral,Unknown,General,Anonymous,,synthetic
"16. ""VistaFly's flight was on time and the cabin was clean, but the in-flight movie selection was somewhat lacking.""",Neutral,Unknown,General,Anonymous,,synthetic
"17. ""SkySail Airlines offered a rather smooth check-in process, but the meals served on board were mediocre.""",Neutral,Unknown,General,Anonymous,,synthetic
"18. ""At AeroZoom, the staff was friendly and the flight was punctual, but the limited legroom was slightly uncomfortable.""",Neutral,Unknown,General,Anonymous,,synthetic
"19. ""SkyGlide's flight was on time and the check-in process was efficient, but the meal options were not to my liking.""",Neutral,Unknown,General,Anonymous,,synthetic
"20. ""With AirOasis, the flight attendants were friendly and the cabin was clean, but the lack of a variety in the in-flight entertainment was noticeable.""",Neutral,Unknown,General,Anonymous,,synthetic
"1. ""Delta Airlines provided a prompt service. The in-flight meal was satisfactory, and the flight attendants were polite.""",Neutral,Unknown,General,Anonymous,,synthetic
"2. ""Emirates has spacious seats, which made the long flight comfortable. The entertainment system was adequate but could use an update.""",Neutral,Unknown,General,Anonymous,,synthetic
"3. ""Virgin Atlantic's flight was on time, and the check-in process was efficient. The food could have been better.""",Neutral,Unknown,General,Anonymous,,synthetic
"4. ""The British Airways flight had a smooth takeoff and landing. The staff was professional, but the in-flight entertainment was limited.""",Neutral,Unknown,General,Anonymous,,synthetic
"5. ""Qatar Airways offered a good range of food and drink options. The cabin was clean, but the legroom was a bit tight.""",Neutral,Unknown,General,Anonymous,,synthetic
"6. ""American Airlines' flight was punctual. The seating was slightly cramped, but the crew was attentive.""",Neutral,Unknown,General,Anonymous,,synthetic
"7. ""Air Canada offered a smooth check-in process. The flight was a bit turbulent, but the pilot handled it well.""",Neutral,Unknown,General,Anonymous,,synthetic
"8. ""Etihad Airways' service was reasonable. The meal options were limited but tasted fine, and the flight arrived on time.""",Neutral,Unknown,General,Anonymous,,synthetic
"9. ""Lufthansa's flight was quiet and peaceful. The flight attendants were a bit slow with the service but were polite.""",Neutral,Unknown,General,Anonymous,,synthetic
"10. ""United Airlines offered a comfortable flight. The food was average, and the flight was slightly delayed.""",Neutral,Unknown,General,Anonymous,,synthetic
"11. ""Air France's flight was on time. The in-flight entertainment was adequate, and the staff was professional.""",Neutral,Unknown,General,Anonymous,,synthetic
"12. ""Singapore Airlines provided a clean cabin and a good variety of in-flight entertainment. However, the food options were quite limited.""",Neutral,Unknown,General,Anonymous,,synthetic
"13. ""Air New Zealand's service was efficient. The seats were not very comfortable, but the crew was friendly.""",Neutral,Unknown,General,Anonymous,,synthetic
"14. ""KLM's flight was smooth and on time. The food and service were satisfactory, but the legroom was limited.""",Neutral,Unknown,General,Anonymous,,synthetic
"15. ""Turkish Airlines' service was acceptable. The food was average, and the flight departed on time.""",Neutral,Unknown,General,Anonymous,,synthetic
"16. ""Cathay Pacific offered a smooth flight. However, the in-flight entertainment system had some technical issues.""",Neutral,Unknown,General,Anonymous,,synthetic
"17. ""Alitalia's flight was punctual, and the crew was professional. The food was satisfactory, but the seats were a bit uncomfortable.""",Neutral,Unknown,General,Anonymous,,synthetic
"18. ""Qantas' check-in process was efficient, and the flight was on time. The food was average in taste.""",Neutral,Unknown,General,Anonymous,,synthetic
"19. ""Ryanair's flight was on time. The seats were a bit cramped, and the in-flight service was adequate.""",Neutral,Unknown,General,Anonymous,,synthetic
"20. ""EasyJet's service was decent. The flight was slightly delayed, but the crew handled the situation well.""",Neutral,Unknown,General,Anonymous,,synthetic
1. The flight with Airline X was on time and the staff was professional. The in-flight food options were average.,Neutral,Unknown,General,Anonymous,,synthetic
2. Had a decent flight with Airline Y. The seats were comfortable enough for a short-haul flight.,Neutral,Unknown,General,Anonymous,,synthetic
"3. Airline Z provided a satisfactory experience. The flight was a bit delayed, but the communication from the crew was clear and timely.",Neutral,Unknown,General,Anonymous,,synthetic
"4. The legroom on Airline A's economy class was adequate, and the in-flight entertainment had a decent selection of films.",Neutral,Unknown,General,Anonymous,,synthetic
5. Airline B's check-in process was smooth and their cabin crew was courteous. The food served could have been better.,Neutral,Unknown,General,Anonymous,,synthetic
6. Airline C's flight was punctual and the boarding process was well-organized. The snacks served were just okay.,Neutral,Unknown,General,Anonymous,,synthetic
"7. The flight with Airline D was average. The cleanliness of the cabin was acceptable, and the staff was cordial.",Neutral,Unknown,General,Anonymous,,synthetic
8. Airline E offered an on-time departure and arrival. The seat comfort and cabin service were within expectations.,Neutral,Unknown,General,Anonymous,,synthetic
"9. Enjoyed a smooth flight with Airline F. The in-flight meal was typical airplane food, nothing special.",Neutral,Unknown,General,Anonymous,,synthetic
10. The flight with Airline G was on schedule. The legroom was acceptable for a medium-haul flight.,Neutral,Unknown,General,Anonymous,,synthetic
"11. Airline H's flight was fine. The staff was professional, and the in-flight entertainment was average.",Neutral,Unknown,General,Anonymous,,synthetic
"12. The check-in process with Airline I was efficient. The flight was a bit crowded, but the crew managed well.",Neutral,Unknown,General,Anonymous,,synthetic
13. The flight with Airline J was uneventful. The seats were reasonably comfortable for a budget airline.,Neutral,Unknown,General,Anonymous,,synthetic
14. Airline K's service was standard. The flight attendants were polite and the flight was on time.,Neutral,Unknown,General,Anonymous,,synthetic
15. Airline L provided a comfortable enough flight experience. The food and beverage service was standard.,Neutral,Unknown,General,Anonymous,,synthetic
16. Airline M's flight was satisfactory. The boarding was quick and the staff was professional.,Neutral,Unknown,General,Anonymous,,synthetic
17. Airline N's flight was decent. The cabin was clean and the in-flight services were as expected.,Neutral,Unknown,General,Anonymous,,synthetic
"18. The flight with Airline O was fine. The seats were a bit cramped, but the on-board service was prompt.",Neutral,Unknown,General,Anonymous,,synthetic
"19. Airline P's in-flight service was average. The flight was on time, and the check-in process was smooth.",Neutral,Unknown,General,Anonymous,,synthetic
"20. The flight with Airline Q was mostly comfortable. The food served on board was just okay, and the staff was polite.",Neutral,Unknown,General,Anonymous,,synthetic
1. The in-flight service on Airline X was standard and met expectations. The staff was polite and the plane was clean.,Neutral,Unknown,General,Anonymous,,synthetic
"2. Airline Y's flight was on time, and the check-in process was smooth. The food was average, nothing too exciting.",Neutral,Unknown,General,Anonymous,,synthetic
3. Airline Z provided a comfortable journey. The legroom was satisfactory and the in-flight entertainment was decent.,Neutral,Unknown,General,Anonymous,,synthetic
4. The flight with Airline A was perfectly adequate. The staff was professional and the seating was comfortable.,Neutral,Unknown,General,Anonymous,,synthetic
"5. I found Airline B's in-flight meals to be quite typical, with a choice of either a vegetarian or meat option. The flight was punctual.",Neutral,Unknown,General,Anonymous,,synthetic
6. Airline C's cabin crew was attentive and the flight was smooth. The quality of the food could be improved.,Neutral,Unknown,General,Anonymous,,synthetic
7. The flight with Airline D was alright. The seats were a bit cramped but the flight was on time.,Neutral,Unknown,General,Anonymous,,synthetic
"8. Airline E's check-in process was efficient, and the flight arrived on time. The in-flight entertainment options were somewhat limited.",Neutral,Unknown,General,Anonymous,,synthetic
9. The service on Airline F was standard. The airline offered a decent selection of beverages and the seats were comfortable.,Neutral,Unknown,General,Anonymous,,synthetic
"10. The flight with Airline G was satisfactory. The cabin was clean and the staff was professional, but the food was nothing special.",Neutral,Unknown,General,Anonymous,,synthetic
"11. Airline H's flight was on schedule. The seats were okay, and the in-flight entertainment was good enough to pass the time.",Neutral,Unknown,General,Anonymous,,synthetic
12. The overall experience with Airline I was acceptable. The flight took off and landed on time. The food was average.,Neutral,Unknown,General,Anonymous,,synthetic
"13. Airline J provided a decent travel experience. The cabin crew was courteous, and the flight was punctual.",Neutral,Unknown,General,Anonymous,,synthetic
"14. The flight with Airline K was satisfactory. The legroom was a bit tight, but the in-flight service was decent.",Neutral,Unknown,General,Anonymous,,synthetic
15. Airline L's flight was on time and the check-in process was smooth. The in-flight meal was typical of most airlines.,Neutral,Unknown,General,Anonymous,,synthetic
"16. The service on Airline M was adequate. The flight departed on time, and the cabin was clean.",Neutral,Unknown,General,Anonymous,,synthetic
"17. Airline N's flight was decent. The seats were reasonably comfortable, and the in-flight entertainment options were fair.",Neutral,Unknown,General,Anonymous,,synthetic
"18. The flight with Airline O was okay. The staff was polite and the plane was clean, but the food could have been better.",Neutral,Unknown,General,Anonymous,,synthetic
"19. Airline P's flight was average. The seats were a bit hard, but the flight was on time.",Neutral,Unknown,General,Anonymous,,synthetic
"20. The overall experience with Airline Q was acceptable. The flight took off and landed on time, but the in-flight service could use some improvement.",Neutral,Unknown,General,Anonymous,,synthetic
1. American Airlines provided acceptable service. The in-flight meals were basic but edible. The crew was generally polite.,Neutral,Unknown,General,Anonymous,,synthetic
2. The flight with Delta Airlines was on time with no major issues. The seats were average in terms of comfort.,Neutral,Unknown,General,Anonymous,,synthetic
"3. United Airlines offered a typical flying experience. There was a small delay, but the staff communicated the issue well.",Neutral,Unknown,General,Anonymous,,synthetic
"4. My flight with Southwest Airlines was pretty standard. The cabin was clean, and the crew was professional.",Neutral,Unknown,General,Anonymous,,synthetic
5. JetBlue Airways offered a decent level of comfort on their flight. The in-flight entertainment was satisfactory.,Neutral,Unknown,General,Anonymous,,synthetic
"6. The flight with Allegiant Air was uneventful. The crew was efficient, and the plane was on schedule.",Neutral,Unknown,General,Anonymous,,synthetic
"7. My journey with Spirit Airlines was average. The seats were a bit cramped, but the flight was on time.",Neutral,Unknown,General,Anonymous,,synthetic
8. Frontier Airlines offered basic facilities. The check-in process was smooth and the flight departed on time.,Neutral,Unknown,General,Anonymous,,synthetic
"9. The flight with Hawaiian Airlines was standard. The cabin crew was courteous, and the plane was clean.",Neutral,Unknown,General,Anonymous,,synthetic
10. Alaska Airlines provided a comfortable enough travel experience. The food was standard airline fare.,Neutral,Unknown,General,Anonymous,,synthetic
"11. Virgin America offered a standard flight experience. The legroom was adequate, and the cabin crew was attentive.",Neutral,Unknown,General,Anonymous,,synthetic
12. The flight with Air Canada ran smoothly. The in-flight service was acceptable and the plane landed on schedule.,Neutral,Unknown,General,Anonymous,,synthetic
"13. My flight with British Airways was average. The seats were a bit tight, but the in-flight entertainment options were decent.",Neutral,Unknown,General,Anonymous,,synthetic
14. Lufthansa's flight was fairly comfortable. The food was tolerable and the flight attendants were professional.,Neutral,Unknown,General,Anonymous,,synthetic
15. My experience with Qantas Airways was typical. The flight was on time and the in-flight service was adequate.,Neutral,Unknown,General,Anonymous,,synthetic
"16. The flight with Emirates was standard. The in-flight meals were passable, and the cabin crew was friendly.",Neutral,Unknown,General,Anonymous,,synthetic
"17. Singapore Airlines provided a normal flight experience. The cabin was clean, and the flight landed on time.",Neutral,Unknown,General,Anonymous,,synthetic
"18. My flight with Qatar Airways was average. The in-flight entertainment was satisfactory, and the food was decent.",Neutral,Unknown,General,Anonymous,,synthetic
19. The flight with Air France was standard. The seats were comfortable enough for a long-haul flight.,Neutral,Unknown,General,Anonymous,,synthetic
"20. KLM Royal Dutch Airlines' flight was acceptable. The check-in process was smooth, and the in-flight service was average.",Neutral,Unknown,General,Anonymous,,synthetic
1. The flight with British Airways was on time and the staff was professional. The in-flight meal was average.,Neutral,Unknown,General,Anonymous,,synthetic
"2. Emirates provided a comfortable flight experience. The legroom was adequate, but the entertainment system could use an update.",Neutral,Unknown,General,Anonymous,,synthetic
"3. Flew with Southwest Airlines for a short domestic trip. The boarding process was efficient, but the seats were a bit cramped.",Neutral,Unknown,General,Anonymous,,synthetic
4. Virgin Atlantic had friendly cabin crew and the flight departed on time. The food was typical of most airlines.,Neutral,Unknown,General,Anonymous,,synthetic
"5. The flight with Qatar Airways was smooth. The cabin was clean, although the in-flight entertainment options were limited.",Neutral,Unknown,General,Anonymous,,synthetic
6. Air Canada's flight was punctual and the check-in process was straightforward. The food was not memorable.,Neutral,Unknown,General,Anonymous,,synthetic
"7. Flew with United Airlines and found the seats reasonably comfortable. The crew was professional, but the in-flight service was a bit slow.",Neutral,Unknown,General,Anonymous,,synthetic
"8. Qantas provided a decent flight experience. The staff was courteous, but the in-flight entertainment system was somewhat outdated.",Neutral,Unknown,General,Anonymous,,synthetic
9. The flight with Lufthansa was on schedule and the cabin was clean. The food quality was average.,Neutral,Unknown,General,Anonymous,,synthetic
10. JetBlue offered a smooth flight with decent legroom. The in-flight snacks were just okay.,Neutral,Unknown,General,Anonymous,,synthetic
"11. Delta Airlines provided a timely flight. The staff was courteous, although the in-flight meal was quite basic.",Neutral,Unknown,General,Anonymous,,synthetic
12. American Airlines' flight was on time and the cabin was clean. The in-flight entertainment was a bit limited.,Neutral,Unknown,General,Anonymous,,synthetic
"13. Turkish Airlines offered a comfortable flight, but the food was average. The cabin crew was professional.",Neutral,Unknown,General,Anonymous,,synthetic
14. The flight with Ryanair was on schedule. The seats were a bit cramped and the food options were limited.,Neutral,Unknown,General,Anonymous,,synthetic
"15. Singapore Airlines provided a punctual flight. The staff was professional, but the in-flight entertainment could use an update.",Neutral,Unknown,General,Anonymous,,synthetic
"16. Flew with Air France and the flight was on time. The cabin was clean, but the meal was quite basic.",Neutral,Unknown,General,Anonymous,,synthetic
"17. EasyJet provided an efficient boarding process. The flight was on time, but the legroom was a bit limited.",Neutral,Unknown,General,Anonymous,,synthetic
18. KLM's flight was smooth and the staff was friendly. The in-flight meal was typical for airline food.,Neutral,Unknown,General,Anonymous,,synthetic
"19. The flight with Air New Zealand was punctual, but the seats were a bit cramped. The crew was professional.",Neutral,Unknown,General,Anonymous,,synthetic
"20. Cathay Pacific offered a smooth flight. The cabin was clean, but the in-flight entertainment options were somewhat limited.",Neutral,Unknown,General,Anonymous,,synthetic
"1. The flight with Air Canada was on time and the crew was professional, though the in-flight food could be better.",Neutral,Unknown,General,Anonymous,,synthetic
2. Flew with Lufthansa recently; seats were comfortable but legroom was a bit limited.,Neutral,Unknown,General,Anonymous,,synthetic
"3. American Airlines provided a smooth check-in process, but the in-flight entertainment options were somewhat outdated.",Neutral,Unknown,General,Anonymous,,synthetic
"4. The flight attendants on United Airlines were friendly, but the plane seemed a bit old.",Neutral,Unknown,General,Anonymous,,synthetic
"5. Delta Airlines offered a decent selection of meals, but the boarding process was somewhat disorganized.",Neutral,Unknown,General,Anonymous,,synthetic
"6. British Airways provided a comfortable journey, but the Wi-Fi was a bit slow.",Neutral,Unknown,General,Anonymous,,synthetic
"7. Flew with Emirates; the aircraft was clean, but the flight was slightly delayed.",Neutral,Unknown,General,Anonymous,,synthetic
"8. Virgin Atlantic had helpful staff, however, the selection of in-flight movies was not great.",Neutral,Unknown,General,Anonymous,,synthetic
"9. Air France's service was efficient, but the food options were somewhat limited.",Neutral,Unknown,General,Anonymous,,synthetic
"10. Qantas offered a seamless online booking process, but the seats were a bit cramped.",Neutral,Unknown,General,Anonymous,,synthetic
"11. Singapore Airlines provided a smooth flight, but the baggage claim process was a bit slow.",Neutral,Unknown,General,Anonymous,,synthetic
"12. JetBlue had nice, spacious seats, but the food was just average.",Neutral,Unknown,General,Anonymous,,synthetic
"13. Ryanair's flight was on time, but the cabin could use a bit of cleaning.",Neutral,Unknown,General,Anonymous,,synthetic
"14. The in-flight service on Etihad was good, but the flight was a little turbulent.",Neutral,Unknown,General,Anonymous,,synthetic
"15. Southwest Airlines had friendly staff, but the plane lacked modern amenities.",Neutral,Unknown,General,Anonymous,,synthetic
"16. KLM had punctual flights, but the in-flight food was mediocre.",Neutral,Unknown,General,Anonymous,,synthetic
"17. Turkish Airlines offered a nice variety of in-flight entertainment, but the boarding process was somewhat chaotic.",Neutral,Unknown,General,Anonymous,,synthetic
"18. Qatar Airways provided a comfortable journey, but the in-flight meals were just adequate.",Neutral,Unknown,General,Anonymous,,synthetic
"19. The Iberia flight had good legroom, but the flight attendants' service was average.",Neutral,Unknown,General,Anonymous,,synthetic
"20. Aer Lingus provided a smooth journey, but the in-flight Wi-Fi was not working.",Neutral,Unknown,General,Anonymous,,synthetic
"1. ""American Airlines delivered a standard experience, an average level of comfort and service. No significant issues.""",Neutral,Unknown,General,Anonymous,,synthetic
"2. ""United Airlines' flight was on time, and the check-in process was efficient. In-flight entertainment was limited.""",Neutral,Unknown,General,Anonymous,,synthetic
"3. ""Delta Airlines' flight attendants were professional. The food served was acceptable but not outstanding.""",Neutral,Unknown,General,Anonymous,,synthetic
"4. ""Air Canada provides reasonable legroom in economy class. The meal service was prompt, but options were basic.""",Neutral,Unknown,General,Anonymous,,synthetic
"5. ""Emirates offered a comfortable seat and a decent selection of movies. The food was typical for airline cuisine.""",Neutral,Unknown,General,Anonymous,,synthetic
"6. ""Southwest Airlines provided a routine flight experience. The boarding process was organized, but the flight had slight turbulence.""",Neutral,Unknown,General,Anonymous,,synthetic
"7. ""Air France's service was standard, with flight attendants being courteous. The in-flight meal was adequate.""",Neutral,Unknown,General,Anonymous,,synthetic
"8. ""The British Airways flight was timely, and the cabin was clean. The in-flight entertainment could use more variety.""",Neutral,Unknown,General,Anonymous,,synthetic
"9. ""Qatar Airways offered a smooth check-in process and on-time departure. The food was average for airline fare.""",Neutral,Unknown,General,Anonymous,,synthetic
"10. ""The Lufthansa flight was reasonably comfortable. The food and beverage service was timely but uninspired.""",Neutral,Unknown,General,Anonymous,,synthetic
"11. ""Ryanair provided a no-frills service, as expected. The flight was punctual, and the staff was professional.""",Neutral,Unknown,General,Anonymous,,synthetic
"12. ""EasyJet's seating was somewhat cramped, but the flight was on time. The cabin crew was efficient.""",Neutral,Unknown,General,Anonymous,,synthetic
"13. ""Virgin Atlantic's in-flight entertainment was adequate. The meal service was prompt, although options were limited.""",Neutral,Unknown,General,Anonymous,,synthetic
"14. ""JetBlue's flight was on schedule, and the boarding process was orderly. The snacks provided were standard.""",Neutral,Unknown,General,Anonymous,,synthetic
"15. ""Turkish Airlines provided a comfortable seat and a decent in-flight meal. The flight was slightly delayed.""",Neutral,Unknown,General,Anonymous,,synthetic
"16. ""Aer Lingus' flight was fairly comfortable, with an on-time departure. The cabin crew was professional but not overly friendly.""",Neutral,Unknown,General,Anonymous,,synthetic
"17. ""Etihad Airways offered an average level of comfort and service. The in-flight entertainment system was somewhat outdated.""",Neutral,Unknown,General,Anonymous,,synthetic
"18. ""KLM's flight was punctual, and the check-in process was efficient. The food served was satisfactory.""",Neutral,Unknown,General,Anonymous,,synthetic
"19. ""Cathay Pacific's in-flight service was standard. The food was average, and the entertainment options were adequate.""",Neutral,Unknown,General,Anonymous,,synthetic
"20. ""Alaska Airlines' service was as expected, with a timely departure and arrival. The in-flight meal was basic.""",Neutral,Unknown,General,Anonymous,,synthetic
1. The overall flight with Air Canada was satisfactory; the plane left on time and the staff was courteous. The in-flight entertainment could have been better.,Neutral,Unknown,General,Anonymous,,synthetic
"2. British Airways provided an acceptable service. The food was average, and the staff was professional. The legroom was a bit tight though.",Neutral,Unknown,General,Anonymous,,synthetic
"3. Lufthansa's flight was tolerable. The cabin was clean and the flight was smooth, but the food was not up to the mark.",Neutral,Unknown,General,Anonymous,,synthetic
"4. The Delta Airlines flight was decent, with friendly staff and punctual departure. However, the in-flight entertainment was lacking in variety.",Neutral,Unknown,General,Anonymous,,synthetic
5. The American Airlines flight was decent. The seats were comfortable but the check-in process took quite a long time.,Neutral,Unknown,General,Anonymous,,synthetic
"6. The service of Air France was standard. The crew was professional, but the meal options could have been better.",Neutral,Unknown,General,Anonymous,,synthetic
"7. The flight with Emirates was okay. The cabin was clean and the service was good, but the legroom was a bit tight.",Neutral,Unknown,General,Anonymous,,synthetic
"8. Qantas provided a satisfactory experience. The staff was friendly, and the food was good, but the flight was a bit delayed.",Neutral,Unknown,General,Anonymous,,synthetic
"9. The Turkish Airlines flight was average. The food was good, but there was a delay in the departure.",Neutral,Unknown,General,Anonymous,,synthetic
"10. The JetBlue flight was adequate. The seats were comfortable and the flight was on time, but the food options were limited.",Neutral,Unknown,General,Anonymous,,synthetic
"11. The service of Virgin Atlantic was standard. The crew was professional and the in-flight entertainment was good, but the food was average.",Neutral,Unknown,General,Anonymous,,synthetic
"12. The Singapore Airlines flight was fine. The check-in process was smooth, but the in-flight meal could have been better.",Neutral,Unknown,General,Anonymous,,synthetic
"13. The Cathay Pacific flight was okay. The staff was polite, but the plane took off late.",Neutral,Unknown,General,Anonymous,,synthetic
"14. The service of Southwest Airlines was average. The flight was on time, but the seats were not as comfortable.",Neutral,Unknown,General,Anonymous,,synthetic
"15. The flight with Ryanair was manageable. The crew was professional, but the check-in process was a bit lengthy.",Neutral,Unknown,General,Anonymous,,synthetic
"16. The Qantas flight was fine. The in-flight entertainment was good, but the food options were limited.",Neutral,Unknown,General,Anonymous,,synthetic
"17. Finnair provided a standard experience. The staff was friendly, but the legroom was a bit tight.",Neutral,Unknown,General,Anonymous,,synthetic
"18. The service of Etihad Airways was adequate. The crew was professional, but the food was not up to the mark.",Neutral,Unknown,General,Anonymous,,synthetic
"19. The KLM flight was okay. The check-in process was smooth, but the flight was a bit delayed.",Neutral,Unknown,General,Anonymous,,synthetic
"20. The EasyJet flight was acceptable. The staff was polite, but the in-flight entertainment was lacking variety.",Neutral,Unknown,General,Anonymous,,synthetic
"1. ""Airline A provided a standard service. The flight was on time and the cabin crew was courteous.""",Neutral,Unknown,General,Anonymous,,synthetic
"2. ""Took a short-haul flight with Airline B, had a smooth check-in experience and the flight was pretty much on time.""",Neutral,Unknown,General,Anonymous,,synthetic
"3. ""Airline C's in-flight meal was decent. The plane was clean and the seats were comfortable enough.""",Neutral,Unknown,General,Anonymous,,synthetic
"4. ""Airline D provided good value for money. The legroom was adequate and the cabin crew was professional.""",Neutral,Unknown,General,Anonymous,,synthetic
"5. ""Airline E's entertainment system had a good selection of movies and music. The flight departed and arrived as per schedule.""",Neutral,Unknown,General,Anonymous,,synthetic
"6. ""Took a long-haul flight with Airline F. The food was acceptable and the staff was polite.""",Neutral,Unknown,General,Anonymous,,synthetic
"7. ""Airline G was reasonably priced. The flight was on time and the luggage handling was efficient.""",Neutral,Unknown,General,Anonymous,,synthetic
"8. ""Airline H's service was standard. The seats were somewhat comfortable and the food was typical airline fare.""",Neutral,Unknown,General,Anonymous,,synthetic
"9. ""Experienced a slight delay with Airline I, but overall, the flight was smooth. The cabin crew was professional.""",Neutral,Unknown,General,Anonymous,,synthetic
"10. ""Airline J's flight was comfortable. The check-in process was efficient and the in-flight entertainment was satisfactory.""",Neutral,Unknown,General,Anonymous,,synthetic
"11. ""Took a red-eye flight with Airline K. The seats were average in terms of comfort and the cabin was clean.""",Neutral,Unknown,General,Anonymous,,synthetic
"12. ""Airline L's flight was on time. The in-flight meal was alright and the staff was friendly.""",Neutral,Unknown,General,Anonymous,,synthetic
"13. ""Experienced a little turbulence on Airline M's flight. The cabin crew handled it well and the rest of the flight was smooth.""",Neutral,Unknown,General,Anonymous,,synthetic
"14. ""Airline N's flight was reasonably priced. The seats were comfortable enough for a short-haul flight.""",Neutral,Unknown,General,Anonymous,,synthetic
"15. ""Airline O's flight was on time. The food was standard airline fare and the cabin was kept clean.""",Neutral,Unknown,General,Anonymous,,synthetic
"16. ""Airline P's service was standard. The check-in process was efficient and the flight was smooth.""",Neutral,Unknown,General,Anonymous,,synthetic
"17. ""Airline Q's flight was comfortable. The staff was professional and the in-flight entertainment was satisfactory.""",Neutral,Unknown,General,Anonymous,,synthetic
"18. ""Airline R's flight was fairly comfortable. The cabin crew was polite and the plane was clean.""",Neutral,Unknown,General,Anonymous,,synthetic
"19. ""Airline S's flight was slightly delayed. However, the cabin crew was professional and the in-flight meal was decent.""",Neutral,Unknown,General,Anonymous,,synthetic
"20. ""Airline T's service was alright. The flight was on time and the luggage handling was efficient.""",Neutral,Unknown,General,Anonymous,,synthetic
"1. Flew with Airline A for a short-haul flight. The flight departed on time, and basic onboard amenities were satisfactory.",Neutral,Unknown,General,Anonymous,,synthetic
"2. My recent flight with Airline B was average. Comfortable seat, but the in-flight meal was just okay.",Neutral,Unknown,General,Anonymous,,synthetic
"3. The check-in process with Airline C was smooth. The flight was a little delayed but otherwise, it was an average experience.",Neutral,Unknown,General,Anonymous,,synthetic
"4. Airline D's service was acceptable. The cabin crew was professional, but the legroom was a bit cramped.",Neutral,Unknown,General,Anonymous,,synthetic
5. Took a long-haul flight with Airline E. The entertainment options were plentiful but the food could have been better.,Neutral,Unknown,General,Anonymous,,synthetic
"6. Airline F offered a decent flying experience, nothing extraordinary. The flight was on time and the staff were polite.",Neutral,Unknown,General,Anonymous,,synthetic
"7. Flew with Airline G recently. The seats were comfortable enough for a short flight, and the cabin was clean.",Neutral,Unknown,General,Anonymous,,synthetic
8. Airline H delivered an average service. The flight was slightly delayed but the crew managed the situation well.,Neutral,Unknown,General,Anonymous,,synthetic
9. The in-flight service on Airline I was satisfactory. The food was okay and the cabin crew was attentive.,Neutral,Unknown,General,Anonymous,,synthetic
"10. The flight with Airline J was fairly comfortable. The boarding process was a bit disorganized, but the flight itself was smooth.",Neutral,Unknown,General,Anonymous,,synthetic
"11. My flight with Airline K was standard. The cabin was clean and the staff was courteous, yet the in-flight entertainment was limited.",Neutral,Unknown,General,Anonymous,,synthetic
12. Airline L's flight was punctual. The in-flight meal was average and the legroom was just fine.,Neutral,Unknown,General,Anonymous,,synthetic
"13. Airline M provided an ordinary service. The flight took off on time, but the luggage took a while to arrive at the carousel.",Neutral,Unknown,General,Anonymous,,synthetic
"14. The flight with Airline N offered a standard experience. The seats were okay, but the in-flight entertainment could use an update.",Neutral,Unknown,General,Anonymous,,synthetic
"15. Airline O's service was average. The boarding process was smooth, but the food options were limited.",Neutral,Unknown,General,Anonymous,,synthetic
"16. The flight with Airline P was decent. The cabin was clean and the staff was polite, but the legroom was a bit tight.",Neutral,Unknown,General,Anonymous,,synthetic
"17. Flew on Airline Q recently. The check-in process was efficient, but the flight was slightly delayed.",Neutral,Unknown,General,Anonymous,,synthetic
"18. Airline R provided a standard flying experience. The food was okay, and the flight arrived on time.",Neutral,Unknown,General,Anonymous,,synthetic
"19. The flight with Airline S was satisfactory. The cabin crew was professional, and the flight was smooth.",Neutral,Unknown,General,Anonymous,,synthetic
"20. Airline T's service was acceptable. The flight was on time, and the in-flight entertainment was decent, but the meal options were limited.",Neutral,Unknown,General,Anonymous,,synthetic
"1. ""The flight with Air Canada was generally comfortable. The food was okay and the staff was courteous.""",Neutral,Unknown,General,Anonymous,,synthetic
"2. ""My Delta Airlines flight was just as expected. The in-flight entertainment could use some updating, but overall, it was a decent experience.""",Neutral,Unknown,General,Anonymous,,synthetic
"3. ""My United Airlines flight was punctual and the cabin was clean. The flight attendants were professional but could have been a bit friendlier.""",Neutral,Unknown,General,Anonymous,,synthetic
"4. ""I flew with American Airlines recently. The seats were a bit cramped, but the flight was smooth and on time.""",Neutral,Unknown,General,Anonymous,,synthetic
"5. ""British Airways provided an acceptable service. The food quality was average and the in-flight entertainment was satisfactory.""",Neutral,Unknown,General,Anonymous,,synthetic
"6. ""My flight with Southwest Airlines was quite typical. The crew was efficient and the flight was on schedule.""",Neutral,Unknown,General,Anonymous,,synthetic
"7. ""My JetBlue flight was generally good. The legroom was better than most airlines but the food options could be improved.""",Neutral,Unknown,General,Anonymous,,synthetic
"8. ""My recent Lufthansa flight was okay. The staff was courteous and the flight took off and landed on time.""",Neutral,Unknown,General,Anonymous,,synthetic
"9. ""The flight with Emirates was all right. The food was standard and the flight attendants were attentive.""",Neutral,Unknown,General,Anonymous,,synthetic
"10. ""My Qatar Airways flight was as expected. The seats were comfortable enough and the in-flight entertainment had a good variety.""",Neutral,Unknown,General,Anonymous,,synthetic
"11. ""The Virgin Atlantic flight was pretty standard. The cabin was clean, the food was average and the staff was professional.""",Neutral,Unknown,General,Anonymous,,synthetic
"12. ""The trip with Air France was satisfactory. The plane was a bit old but the flight itself was smooth.""",Neutral,Unknown,General,Anonymous,,synthetic
"13. ""My flight with Etihad Airways was fine. The food was okay and the staff was quite attentive.""",Neutral,Unknown,General,Anonymous,,synthetic
"14. ""Cathay Pacific provided a decent service. The flight was on time and the cabin was clean.""",Neutral,Unknown,General,Anonymous,,synthetic
"15. ""My flight with KLM was okay. The flight attendants were friendly, but the food could have been better.""",Neutral,Unknown,General,Anonymous,,synthetic
"16. ""The flight with Qantas was as expected. The seats were comfortable and the crew was professional.""",Neutral,Unknown,General,Anonymous,,synthetic
"17. ""My recent Ryanair flight was fine. The plane was clean and the flight landed on time.""",Neutral,Unknown,General,Anonymous,,synthetic
"18. ""The Turkish Airlines flight was satisfactory. The food was average and the inflight entertainment was decent.""",Neutral,Unknown,General,Anonymous,,synthetic
"19. ""The flight with Singapore Airlines was acceptable. The food was okay and the staff was professional.""",Neutral,Unknown,General,Anonymous,,synthetic
"20. ""My flight with EasyJet was overall okay. The cabin was clean but the legroom was a bit tight.""",Neutral,Unknown,General,Anonymous,,synthetic
"1. ""The flight was on time and the crew was professional. The seat was somewhat cramped, but manageable for a short journey.""",Neutral,Unknown,General,Anonymous,,synthetic
"2. ""The in-flight meal was average, nothing too impressive but not bad either. The staff was courteous and helpful.""",Neutral,Unknown,General,Anonymous,,synthetic
"3. ""The boarding process was well-organized and efficient. The airplane was clean, but the in-flight entertainment could use an update.""",Neutral,Unknown,General,Anonymous,,synthetic
"4. ""The airline offered a pleasant flying experience. The seats were somewhat comfortable and the crew was attentive.""",Neutral,Unknown,General,Anonymous,,synthetic
"5. ""The cabin was well-maintained and clean. The food was satisfactory and the flight arrived on time.""",Neutral,Unknown,General,Anonymous,,synthetic
"6. ""The flight was fairly comfortable with adequate legroom. The cabin crew was professional, but the food service was slow.""",Neutral,Unknown,General,Anonymous,,synthetic
"7. ""The airline offered a smooth check-in process. The flight was on time, however, the in-flight meal was average.""",Neutral,Unknown,General,Anonymous,,synthetic
"8. ""The flight was punctual and the cabin crew was polite. The seat comfort was average for a long-haul flight.""",Neutral,Unknown,General,Anonymous,,synthetic
"9. ""The aircraft was clean and the flight took off on time. The food was standard airline fare.""",Neutral,Unknown,General,Anonymous,,synthetic
"10. ""The airline provided a hassle-free booking experience. The flight was slightly delayed, but the communication was good.""",Neutral,Unknown,General,Anonymous,,synthetic
"11. ""The flight was decent, with satisfactory service from the cabin crew. The legroom was a bit limited, but tolerable for a short journey.""",Neutral,Unknown,General,Anonymous,,synthetic
"12. ""The flight attendants were friendly and efficient. The inflight entertainment was a bit dated, but served its purpose.""",Neutral,Unknown,General,Anonymous,,synthetic
"13. ""The airline was decent with on-time departure and arrival. The food was average and the seats were a bit tight.""",Neutral,Unknown,General,Anonymous,,synthetic
"14. ""The flight was smooth and the cabin was clean. The food could have been better but overall it was a satisfactory experience.""",Neutral,Unknown,General,Anonymous,,synthetic
"15. ""The flight crew was professional and the seats were moderately comfortable. The in-flight entertainment had a good variety of options.""",Neutral,Unknown,General,Anonymous,,synthetic
"16. ""The check-in process was efficient, and the flight departed on time. The in-flight meal was just okay, nothing special.""",Neutral,Unknown,General,Anonymous,,synthetic
"17. ""The boarding process was relatively smooth, and the flight was punctually on schedule. However, the legroom was quite limited.""",Neutral,Unknown,General,Anonymous,,synthetic
"18. ""The flight was generally comfortable and the crew was attentive. The food was typical airline food, nothing too impressive.""",Neutral,Unknown,General,Anonymous,,synthetic
"19. ""The flight departed and arrived on time. The seats were somewhat cramped, but the in-flight service was good.""",Neutral,Unknown,General,Anonymous,,synthetic
"20. ""The airline provided a smooth flight experience. The cabin was clean and the crew was polite, but the food could use improvement.""",Neutral,Unknown,General,Anonymous,,synthetic
1. The service on Delta Airlines was satisfactory. The in-flight meals were average and the staff was polite.,Neutral,Unknown,General,Anonymous,,synthetic
2. Southwest Airlines provided a comfortable journey. The check-in process was quite smooth but the in-flight entertainment selection was limited.,Neutral,Unknown,General,Anonymous,,synthetic
"3. I found the seating on American Airlines to be quite comfortable. However, the food served could have been better.",Neutral,Unknown,General,Anonymous,,synthetic
"4. United Airlines had a punctual departure and arrival. The cleanliness of the aircraft was commendable, but the legroom was a bit tight.",Neutral,Unknown,General,Anonymous,,synthetic
"5. JetBlue Airways offered a decent travel experience. The crew was professional, yet the in-flight services could use some improvement.",Neutral,Unknown,General,Anonymous,,synthetic
"6. Virgin Atlantic had a hassle-free boarding process. The Wi-Fi on the flight was a bit slow, but the overall journey was smooth.",Neutral,Unknown,General,Anonymous,,synthetic
"7. The flight with British Airways was on-time, and the cabin crew was courteous. The quality of food was mediocre.",Neutral,Unknown,General,Anonymous,,synthetic
"8. Air France provided a comfortable flight. The seats were spacious, but the in-flight entertainment was not up to the mark.",Neutral,Unknown,General,Anonymous,,synthetic
"9. Lufthansa offered a satisfactory journey. The flight attendants were attentive, but the meal options were limited.",Neutral,Unknown,General,Anonymous,,synthetic
"10. The flight with Emirates was pretty standard. The aircraft was clean, but the check-in queues were quite long.",Neutral,Unknown,General,Anonymous,,synthetic
11. KLM provided a smooth flight with punctual departure and arrival. The in-flight meal was average.,Neutral,Unknown,General,Anonymous,,synthetic
"12. Air Canada had clean planes and friendly staff. The legroom was a bit less, making the journey slightly uncomfortable.",Neutral,Unknown,General,Anonymous,,synthetic
"13. The flight with Qantas was adequately comfortable. The food served was okay, but the entertainment options were limited.",Neutral,Unknown,General,Anonymous,,synthetic
14. Alaska Airlines provided an average travel experience. The seats were comfortable but the in-flight meal could have been better.,Neutral,Unknown,General,Anonymous,,synthetic
"15. The journey with Cathay Pacific was smooth. The in-flight entertainment was good, but the food quality was average.",Neutral,Unknown,General,Anonymous,,synthetic
"16. Spirit Airlines offered a standard flight experience. The flight was on time, but the baggage fees were a bit high.",Neutral,Unknown,General,Anonymous,,synthetic
"17. The flight with Ryanair was satisfactory. The boarding process was smooth, but the seats were a bit cramped.",Neutral,Unknown,General,Anonymous,,synthetic
18. Etihad Airways had a punctual departure and the staff were professional. The in-flight meal was average.,Neutral,Unknown,General,Anonymous,,synthetic
"19. The flight with Turkish Airlines was adequate. The cleanliness of the plane was commendable, but the boarding process was a bit long.",Neutral,Unknown,General,Anonymous,,synthetic
20. Aer Lingus provided an okay flight. The seats were comfortable but the choice of in-flight entertainment was limited.,Neutral,Unknown,General,Anonymous,,synthetic
1. American Airlines provided a smooth flight experience with punctual take-off and landing times. In-flight services were average.,Neutral,Unknown,General,Anonymous,,synthetic
"2. JetBlue's flight was comfortable. The cabin was clean and the staff was professional, but the in-flight meal could have been better.",Neutral,Unknown,General,Anonymous,,synthetic
"3. The Delta Air Lines flight was satisfactory. The seats were comfortable, but the in-flight entertainment system could use an update.",Neutral,Unknown,General,Anonymous,,synthetic
"4. Southwest Airlines provided a decent short-haul flight. The cabin crew was friendly, however, the legroom was slightly limited.",Neutral,Unknown,General,Anonymous,,synthetic
"5. The British Airways flight was okay. The check-in process was efficient, but the in-flight meals were rather bland.",Neutral,Unknown,General,Anonymous,,synthetic
"6. The Lufthansa flight was good, with a comfortable cabin and ample luggage space. The food quality was average.",Neutral,Unknown,General,Anonymous,,synthetic
"7. The flight with United Airlines was typical. The staff was efficient and the flight was on time, but the in-flight entertainment lacked variety.",Neutral,Unknown,General,Anonymous,,synthetic
"8. The flight with Air Canada was satisfactory. The cabin was clean, but the seat comfort could be improved.",Neutral,Unknown,General,Anonymous,,synthetic
"9. Virgin Atlantic provided a standard long-haul flight. The meals were satisfactory, but the in-flight Wi-Fi was quite slow.",Neutral,Unknown,General,Anonymous,,synthetic
"10. Air France delivered an average flight experience. The check-in process was smooth, though the flight was slightly delayed.",Neutral,Unknown,General,Anonymous,,synthetic
"11. The Emirates flight offered a decent experience. The cabin comfort was good, but the in-flight meal could have been better.",Neutral,Unknown,General,Anonymous,,synthetic
"12. The flight with Qantas was tolerable. The legroom was good, but the in-flight entertainment options need updating.",Neutral,Unknown,General,Anonymous,,synthetic
"13. Cathay Pacific's flight was satisfactory. The check-in process was hassle-free, but the in-flight food was mediocre.",Neutral,Unknown,General,Anonymous,,synthetic
"14. The Turkish Airlines flight was okay. The crew was attentive, but the flight was delayed by half an hour.",Neutral,Unknown,General,Anonymous,,synthetic
"15. Singapore Airlines provided a smooth flight experience. The seats were comfortable, though the food could be improved.",Neutral,Unknown,General,Anonymous,,synthetic
"16. The Ryanair flight was average. The flight took off and landed on time, but the cabin was a bit cramped.",Neutral,Unknown,General,Anonymous,,synthetic
"17. The Etihad Airways flight offered a standard experience. The cabin crew was professional, but the in-flight entertainment system was a bit outdated.",Neutral,Unknown,General,Anonymous,,synthetic
"18. The flight with Qatar Airways was satisfactory. The seats were comfortable and the flight was on time, but the food was average.",Neutral,Unknown,General,Anonymous,,synthetic
"19. The flight with KLM was tolerable. The cabin was clean, but the seat comfort could be improved.",Neutral,Unknown,General,Anonymous,,synthetic
"20. The Aer Lingus flight was satisfactory. The check-in process was smooth, but the in-flight Wi-Fi was quite slow.",Neutral,Unknown,General,Anonymous,,synthetic
"1. ""American Airlines offered a decent service. The flight departed and arrived on time.""",Neutral,Unknown,General,Anonymous,,synthetic
"2. ""Delta Airlines' in-flight meals were satisfactory. The seats were comfortable enough for a long haul flight.""",Neutral,Unknown,General,Anonymous,,synthetic
"3. ""JetBlue Airways provided a reasonably good in-flight entertainment system. The cabin crew was professional.""",Neutral,Unknown,General,Anonymous,,synthetic
"4. ""United Airlines' flight was okay. The legroom was fairly adequate, and the flight was punctual.""",Neutral,Unknown,General,Anonymous,,synthetic
"5. ""Southwest Airlines offered basic amenities. The staff was friendly, and the flight was smooth.""",Neutral,Unknown,General,Anonymous,,synthetic
"6. ""Alaska Airlines had a clean cabin, and the flight attendants were attentive. The overall journey was uneventful.""",Neutral,Unknown,General,Anonymous,,synthetic
"7. ""Air Canada was fine for a short-haul flight. The process from check-in to boarding was smooth.""",Neutral,Unknown,General,Anonymous,,synthetic
"8. ""Virgin Atlantic's service was standard. The seats were reasonably comfortable, and the food was acceptable.""",Neutral,Unknown,General,Anonymous,,synthetic
"9. ""Emirates provided a good variety of in-flight entertainment. The staff was polite, but the food could have been better.""",Neutral,Unknown,General,Anonymous,,synthetic
"10. ""Qatar Airways' flight was on time. The legroom was decent, though the in-flight entertainment was average.""",Neutral,Unknown,General,Anonymous,,synthetic
"11. ""British Airways' service was satisfactory. The boarding process was orderly, and the cabin was clean.""",Neutral,Unknown,General,Anonymous,,synthetic
"12. ""Air France had a smooth take-off and landing. The food was adequate, and the cabin crew was professional.""",Neutral,Unknown,General,Anonymous,,synthetic
"13. ""Lufthansa provided a comfortable journey. The flight was on time, and the check-in process was swift.""",Neutral,Unknown,General,Anonymous,,synthetic
"14. ""Etihad Airways' flight was decent. The in-flight meals were okay, and the staff was attentive.""",Neutral,Unknown,General,Anonymous,,synthetic
"15. ""Cathay Pacific's service was average. The flight departed on time, and the cabin crew was polite.""",Neutral,Unknown,General,Anonymous,,synthetic
"16. ""Qantas offered a standard service. The food was okay, and the seats were comfortable enough.""",Neutral,Unknown,General,Anonymous,,synthetic
"17. ""EasyJet provided a smooth short-haul flight. The boarding process was efficient, and the cabin was clean.""",Neutral,Unknown,General,Anonymous,,synthetic
"18. ""Ryanair's service was reasonable for a budget airline. The flight was on time, and the staff was professional.""",Neutral,Unknown,General,Anonymous,,synthetic
"19. ""Singapore Airlines' service was decent. The in-flight entertainment was satisfactory, and the meals were okay.""",Neutral,Unknown,General,Anonymous,,synthetic
"20. ""Turkish Airlines provided a fair service. The legroom was sufficient, and the flight was punctual.""",Neutral,Unknown,General,Anonymous,,synthetic
"1. On my recent flight with Delta Airlines, the service was pretty standard. The staff was professional and the plane departed and arrived on time.",Neutral,Unknown,General,Anonymous,,synthetic
"2. I flew with United Airlines last week. The in-flight food was average, and the seat comfort was typical for economy class.",Neutral,Unknown,General,Anonymous,,synthetic
3. Southwest Airlines provided a typical flying experience. The boarding process was smooth and the flight attendants were polite.,Neutral,Unknown,General,Anonymous,,synthetic
"4. My flight with American Airlines was uneventful. The in-flight entertainment had a good variety of options, though the food could have been better.",Neutral,Unknown,General,Anonymous,,synthetic
5. Air Canada's service was as expected. The plane was clean and the crew was attentive.,Neutral,Unknown,General,Anonymous,,synthetic
6. My flight with Lufthansa was average. The seats were comfortable enough for a long-haul flight and the meals were standard airline fare.,Neutral,Unknown,General,Anonymous,,synthetic
7. I recently flew with British Airways. The check-in process was straightforward and the flight departed on time.,Neutral,Unknown,General,Anonymous,,synthetic
"8. My experience with Emirates was satisfactory. The cabin was clean and the staff was courteous, though the in-flight meals were just okay.",Neutral,Unknown,General,Anonymous,,synthetic
9. I flew with JetBlue on a domestic route. The flight was on time and the cabin crew was professional.,Neutral,Unknown,General,Anonymous,,synthetic
10. My recent flight with Air France was typical. The legroom was average for an economy class and the food was standard.,Neutral,Unknown,General,Anonymous,,synthetic
11. My flight with Virgin Atlantic was standard. The crew was friendly and the in-flight entertainment was satisfactory.,Neutral,Unknown,General,Anonymous,,synthetic
12. Recently flew with Qantas. The seating was comfortable enough and the flight departed and arrived as scheduled.,Neutral,Unknown,General,Anonymous,,synthetic
"13. My experience with Singapore Airlines was as expected. The cabin was clean, the staff was polite, and the in-flight meals were okay.",Neutral,Unknown,General,Anonymous,,synthetic
14. I flew with Alitalia recently. The check-in process was smooth and the flight was on time. The food could have been better though.,Neutral,Unknown,General,Anonymous,,synthetic
"15. My flight with KLM was uneventful. The staff was professional, although the in-flight entertainment options could have been more varied.",Neutral,Unknown,General,Anonymous,,synthetic
16. I recently flew with Air India. The service was as expected; the crew was polite and the flight departed on time.,Neutral,Unknown,General,Anonymous,,synthetic
17. My flight with Turkish Airlines was satisfactory. The seating was comfortable and the in-flight meals were average.,Neutral,Unknown,General,Anonymous,,synthetic
18. I flew with Cathay Pacific recently. The check-in process was smooth and the flight departed and arrived as scheduled.,Neutral,Unknown,General,Anonymous,,synthetic
19. My recent trip with Etihad Airways was standard. The cabin was clean and the staff was courteous.,Neutral,Unknown,General,Anonymous,,synthetic
"20. I flew with China Eastern Airlines last week. The in-flight service was average, but the flight was on time, which is important.",Neutral,Unknown,General,Anonymous,,synthetic
"1. The flight with Air Canada was decent. The in-flight entertainment had a good selection but the food was average. Overall, an acceptable experience.",Neutral,Unknown,General,Anonymous,,synthetic
2. I flew with American Airlines. The flight was on time and the staff were polite. The legroom could have been better.,Neutral,Unknown,General,Anonymous,,synthetic
3. My flight with Emirates was satisfactory. The plane was clean and the crew was professional. The meals were quite standard.,Neutral,Unknown,General,Anonymous,,synthetic
4. Had a pretty standard flight with Delta Airlines. The seats were comfortable enough for a short journey. The check-in process was smooth.,Neutral,Unknown,General,Anonymous,,synthetic
"5. Flew with Lufthansa recently. The in-flight service was efficient, but the food was just okay. The entertainment system was up to date.",Neutral,Unknown,General,Anonymous,,synthetic
"6. My flight with British Airways was fine. The flight left and arrived on time. The cabin was a bit cramped, but manageable.",Neutral,Unknown,General,Anonymous,,synthetic
7. The Qatar Airways flight was quite average. The staff was professional and the meals were typical airline food. The flight was relatively smooth.,Neutral,Unknown,General,Anonymous,,synthetic
8. Flew with Southwest Airlines recently. The boarding process was organized and the staff was friendly. The in-flight snacks were average.,Neutral,Unknown,General,Anonymous,,synthetic
"9. My experience with United Airlines was average. The plane was clean, the staff was courteous but the legroom was a bit tight.",Neutral,Unknown,General,Anonymous,,synthetic
10. The flight with Singapore Airlines was okay. The seats were comfortable and the in-flight entertainment was good. The food was average.,Neutral,Unknown,General,Anonymous,,synthetic
11. Had a usual flight with Air France. The flight was on time and the crew was professional. The food was standard.,Neutral,Unknown,General,Anonymous,,synthetic
"12. My journey with Virgin Atlantic was average. The plane was clean, the staff was polite, but the food could have been better.",Neutral,Unknown,General,Anonymous,,synthetic
"13. Flew with Etihad Airways recently. The service was efficient, but the seats were a bit uncomfortable. The food was typical airline food.",Neutral,Unknown,General,Anonymous,,synthetic
14. The flight with Ryanair was satisfactory. The boarding process was smooth and the flight was on time. The seat comfort and food were average.,Neutral,Unknown,General,Anonymous,,synthetic
"15. My experience with Turkish Airlines was okay. The staff was professional, the in-flight entertainment was good but the food was average.",Neutral,Unknown,General,Anonymous,,synthetic
"16. Had a regular flight with JetBlue. The flight was on time, the staff was polite, but the legroom was a bit tight.",Neutral,Unknown,General,Anonymous,,synthetic
"17. The flight with Qantas was fine. The boarding process was organized, the cabin was clean, but the in-flight meal was standard.",Neutral,Unknown,General,Anonymous,,synthetic
18. My journey with EasyJet was average. The flight was on time and the crew was professional. The food and seating were typical for a budget airline.,Neutral,Unknown,General,Anonymous,,synthetic
"19. Flew with Cathay Pacific recently. The service was efficient, the in-flight entertainment was good but the food was standard.",Neutral,Unknown,General,Anonymous,,synthetic
"20. My experience with Aer Lingus was okay. The check-in process was smooth, the flight was on time, but the seats were a bit uncomfortable.",Neutral,Unknown,General,Anonymous,,synthetic
"1. ""The flight was on time with American Airlines and the staff was helpful. The legroom was a bit tight, but manageable.""",Neutral,Unknown,General,Anonymous,,synthetic
"2. ""I found the food on my United Airlines flight to be fair. The in-flight entertainment was a nice touch, with a good variety of options.""",Neutral,Unknown,General,Anonymous,,synthetic
"3. ""Air Canada's check-in process was straightforward and efficient. The plane was clean and the flight was smooth.""",Neutral,Unknown,General,Anonymous,,synthetic
"4. ""Delta Airlines provided a comfortable flight. The staff was professional but the WiFi connection wasn't the best.""",Neutral,Unknown,General,Anonymous,,synthetic
"5. ""My flight with Lufthansa was punctual and the seat was reasonably comfortable. The in-flight meal could have been better.""",Neutral,Unknown,General,Anonymous,,synthetic
"6. ""Virgin Atlantic's service was standard, with a good selection of in-flight entertainment. The meal was just average.""",Neutral,Unknown,General,Anonymous,,synthetic
"7. ""Emirates provided a smooth check-in process and the cabin crew were professional. The food was just okay.""",Neutral,Unknown,General,Anonymous,,synthetic
"8. ""The Southwest Airlines flight was on time and the crew was friendly. The seating was a bit cramped, but overall an average experience.""",Neutral,Unknown,General,Anonymous,,synthetic
"9. ""Cathay Pacific provided efficient service, though the in-flight menu was limited. The flight landed on time.""",Neutral,Unknown,General,Anonymous,,synthetic
"10. ""Qatar Airways offered a comfortable seat and decent legroom. The food was standard airline fare.""",Neutral,Unknown,General,Anonymous,,synthetic
"11. ""The British Airways flight was punctual and the cabin was clean. The inflight entertainment system had a good variety of options.""",Neutral,Unknown,General,Anonymous,,synthetic
"12. ""The check-in process with Turkish Airlines was smooth and hassle-free. The seat was a bit narrow, but the flight was on time.""",Neutral,Unknown,General,Anonymous,,synthetic
"13. ""JetBlue provided a decent in-flight experience. The snacks were average and the WiFi was a bit slow.""",Neutral,Unknown,General,Anonymous,,synthetic
"14. ""The KLM flight was on time, the cabin crew was professional. The food was typical airline food.""",Neutral,Unknown,General,Anonymous,,synthetic
"15. ""Air France provided a smooth in-flight experience. The plane was clean but the legroom was somewhat limited.""",Neutral,Unknown,General,Anonymous,,synthetic
"16. ""The Singapore Airlines flight was punctual and the cabin crew was professional. The food was standard for airline fare.""",Neutral,Unknown,General,Anonymous,,synthetic
"17. ""Ryanair's check-in process was efficient and the flight was on time. The seating was a bit tight.""",Neutral,Unknown,General,Anonymous,,synthetic
"18. ""The EasyJet flight was on time and the cabin was clean. The legroom was average.""",Neutral,Unknown,General,Anonymous,,synthetic
"19. ""The Etihad Airways flight was punctual and the check-in process was smooth. The food was typical airline food.""",Neutral,Unknown,General,Anonymous,,synthetic
"20. ""Alaska Airlines provided a comfortable flight. The staff was professional but the food was just average.""",Neutral,Unknown,General,Anonymous,,synthetic
1. The flight with Air Canada was decent. The food was okay and the cabin crew were professional.,Neutral,Unknown,General,Anonymous,,synthetic
2. British Airways provided a satisfactory service. The seats were comfortable enough for a long-haul flight.,Neutral,Unknown,General,Anonymous,,synthetic
"3. Delta Airlines was pretty standard. The in-flight entertainment could use some updating, but overall, it was an acceptable experience.",Neutral,Unknown,General,Anonymous,,synthetic
4. Flew with American Airlines. The flight was punctual and the staff were quite helpful.,Neutral,Unknown,General,Anonymous,,synthetic
5. The flight with Qantas was satisfactory. The plane was clean and the flight was smooth.,Neutral,Unknown,General,Anonymous,,synthetic
6. United Airlines provided an average service. The seats were a bit tight but the flight was on time.,Neutral,Unknown,General,Anonymous,,synthetic
7. The Emirates flight was average. The food was decent and the in-flight entertainment was satisfactory.,Neutral,Unknown,General,Anonymous,,synthetic
8. The journey with Lufthansa was okay. The staff were friendly but the legroom was a bit cramped.,Neutral,Unknown,General,Anonymous,,synthetic
"9. Flew with Turkish Airlines. The plane was clean and the flight was on time, but the food could have been better.",Neutral,Unknown,General,Anonymous,,synthetic
10. The flight with Air France was acceptable. The staff were professional and the flight was smooth.,Neutral,Unknown,General,Anonymous,,synthetic
11. Southwest Airlines provided a decent service. The flight was on time and the boarding process was smooth.,Neutral,Unknown,General,Anonymous,,synthetic
12. The service on Ryanair was average. The seats were a bit uncomfortable but the price of the ticket was reasonable.,Neutral,Unknown,General,Anonymous,,synthetic
13. Flew with Singapore Airlines. The food was okay and the cabin crew were professional.,Neutral,Unknown,General,Anonymous,,synthetic
14. Etihad Airways provided a satisfactory service. The flight was on time and the in-flight entertainment was good.,Neutral,Unknown,General,Anonymous,,synthetic
"15. The journey with Aer Lingus was okay. The check-in process was a bit slow, but the flight itself was fine.",Neutral,Unknown,General,Anonymous,,synthetic
16. The flight with Cathay Pacific was average. The food was decent and the staff were friendly.,Neutral,Unknown,General,Anonymous,,synthetic
17. The service on JetBlue was average. The seats were comfortable enough for a short-haul flight.,Neutral,Unknown,General,Anonymous,,synthetic
18. Flew with Alitalia. The boarding process was smooth and the flight was punctual.,Neutral,Unknown,General,Anonymous,,synthetic
19. The flight with EasyJet was acceptable. The plane was clean and the food was decent.,Neutral,Unknown,General,Anonymous,,synthetic
20. Air New Zealand provided a satisfactory service. The staff were friendly and the flight was on time.,Neutral,Unknown,General,Anonymous,,synthetic
"1. ""The in-flight service on Airline X was acceptable, nothing more, nothing less. The cabin crew was professional and did their job well.""",Neutral,Unknown,General,Anonymous,,synthetic
"2. ""Airline Y provided an average level of comfort for a long-haul flight. Meals could be improved, but overall it was an okay experience.""",Neutral,Unknown,General,Anonymous,,synthetic
"3. ""The check-in process with Airline Z was quite smooth. However, the legroom on the flight was a bit tight.""",Neutral,Unknown,General,Anonymous,,synthetic
"4. ""Airline A's flight arrived on time. The in-flight entertainment selection was adequate.""",Neutral,Unknown,General,Anonymous,,synthetic
"5. ""Airline B's website was easy to navigate for booking and check-in. The flight itself was largely unremarkable.""",Neutral,Unknown,General,Anonymous,,synthetic
"6. ""I flew with Airline C. The cabin was clean, and the flight landed a few minutes late, but it was not a major inconvenience.""",Neutral,Unknown,General,Anonymous,,synthetic
"7. ""The cabin crew on Airline D's flight was polite and efficient. The food was typical airline fare.""",Neutral,Unknown,General,Anonymous,,synthetic
"8. ""Airline E's flight was reasonably comfortable for a budget airline. There were no significant issues or delays.""",Neutral,Unknown,General,Anonymous,,synthetic
"9. ""My flight with Airline F was fine. The seats were a bit cramped, but the flight was short, so it wasn't a big deal.""",Neutral,Unknown,General,Anonymous,,synthetic
"10. ""The baggage claim process was smooth and quick with Airline G. The flight was quite average, with no major complaints.""",Neutral,Unknown,General,Anonymous,,synthetic
"11. ""Airline H's flight was punctual. The in-flight meal was okay, nothing outstanding.""",Neutral,Unknown,General,Anonymous,,synthetic
"12. ""Airline I offered a reasonable amount of in-flight entertainment options. The flight attendants were professional.""",Neutral,Unknown,General,Anonymous,,synthetic
"13. ""I flew with Airline J. The plane was a bit older but well-maintained, and we landed on time.""",Neutral,Unknown,General,Anonymous,,synthetic
"14. ""Airline K's staff was professional, both at the check-in counter and on board. The food was average for an airline meal.""",Neutral,Unknown,General,Anonymous,,synthetic
"15. ""The flight with Airline L was quite ordinary. The seats could use a bit more padding, but the legroom was decent.""",Neutral,Unknown,General,Anonymous,,synthetic
"16. ""Airline M's flight was on time, and the check-in process was smooth. The in-flight entertainment could be updated.""",Neutral,Unknown,General,Anonymous,,synthetic
"17. ""The service on Airline N's flight was fine. The plane was clean, and the flight was fairly comfortable.""",Neutral,Unknown,General,Anonymous,,synthetic
"18. ""Airline O's flight was punctual, and the boarding process was orderly. The in-flight meal was okay.""",Neutral,Unknown,General,Anonymous,,synthetic
"19. ""Airline P's flight attendants were professional. The flight was comfortable enough for a short journey.""",Neutral,Unknown,General,Anonymous,,synthetic
"20. ""I flew with Airline Q. The plane was clean, and the boarding process was efficient. The in-flight food was average.""",Neutral,Unknown,General,Anonymous,,synthetic
"1. The flight with Airline A was generally good, with a timely departure and arrival. The in-flight entertainment selection was satisfactory.",Neutral,Unknown,General,Anonymous,,synthetic
"2. Airline B provided a standard flight experience. The cabin was clean and the staff were professional, but the meals could have been better.",Neutral,Unknown,General,Anonymous,,synthetic
"3. On my recent flight with Airline C, the legroom was decent, the service was acceptable, but the Wi-Fi was somewhat unreliable.",Neutral,Unknown,General,Anonymous,,synthetic
"4. Airline D's flight was generally on time, and the check-in process was smooth. However, the in-flight meal options were limited.",Neutral,Unknown,General,Anonymous,,synthetic
"5. The flight with Airline E was average. The staff were polite and the flight was smooth, but the seat was somewhat uncomfortable for a long journey.",Neutral,Unknown,General,Anonymous,,synthetic
"6. Airline F's flight was okay. The boarding process was quite efficient, and the in-flight entertainment was good, though the food options were average.",Neutral,Unknown,General,Anonymous,,synthetic
"7. The flight with Airline G was pretty standard. The cabin was clean and the service was acceptable, but the plane seemed a bit outdated.",Neutral,Unknown,General,Anonymous,,synthetic
"8. Airline H provided a satisfactory service. The flight left on time and arrived as scheduled, but the in-flight meal was just average.",Neutral,Unknown,General,Anonymous,,synthetic
"9. My flight with Airline I was fairly good. The cabin crew were professional, but the legroom was a bit tight for a long-haul flight.",Neutral,Unknown,General,Anonymous,,synthetic
"10. Airline J's service was generally acceptable. The flight was on time, the cabin was clean, but the in-flight entertainment was a bit lacking.",Neutral,Unknown,General,Anonymous,,synthetic
"11. The flight with Airline K was standard. The boarding process was smooth, but the food could use some improvement.",Neutral,Unknown,General,Anonymous,,synthetic
"12. Airline L provided a typical flight experience. The staff were professional, but the seat was somewhat uncomfortable for a long journey.",Neutral,Unknown,General,Anonymous,,synthetic
"13. The flight with Airline M was generally good. The service was acceptable, though the plane seemed a bit outdated.",Neutral,Unknown,General,Anonymous,,synthetic
"14. Airline N provided an average service. The flight was on time, but the in-flight meal was just okay.",Neutral,Unknown,General,Anonymous,,synthetic
"15. My flight with Airline O was acceptable. The cabin crew were professional, but the legroom was a bit tight.",Neutral,Unknown,General,Anonymous,,synthetic
"16. Airline P's service was generally satisfactory. The flight was on time and the cabin was clean, but the in-flight entertainment was a bit lacking.",Neutral,Unknown,General,Anonymous,,synthetic
"17. The flight with Airline Q was fine. The boarding process was smooth, but the food could use some improvement.",Neutral,Unknown,General,Anonymous,,synthetic
"18. Airline R provided a standard flight experience. The staff were professional, but the seat was somewhat uncomfortable.",Neutral,Unknown,General,Anonymous,,synthetic
"19. The flight with Airline S was generally good. The service was acceptable, but the plane seemed a bit outdated.",Neutral,Unknown,General,Anonymous,,synthetic
"20. Airline T provided a satisfactory service. The flight was on time, but the in-flight meal was just average.",Neutral,Unknown,General,Anonymous,,synthetic
"1. The in-flight entertainment on Airline A is quite standard with a fair selection of movies and TV shows. The food was decent, nothing to write home about.",Neutral,Unknown,General,Anonymous,,synthetic
2. Airline B offers a smooth check-in process and punctual flights. The legroom in economy class could be improved.,Neutral,Unknown,General,Anonymous,,synthetic
3. I found the staff on Airline C to be professional and efficient. The airplane was a bit older but kept clean.,Neutral,Unknown,General,Anonymous,,synthetic
4. Airline D offers a good frequency of flights on popular routes. The in-flight meals are average.,Neutral,Unknown,General,Anonymous,,synthetic
5. The flight with Airline E was on time and the boarding process was orderly. The in-flight service was satisfactory.,Neutral,Unknown,General,Anonymous,,synthetic
"6. Airline F provided a comfortable seating arrangement. However, the variety and quality of food could be improved.",Neutral,Unknown,General,Anonymous,,synthetic
"7. The ticket prices of Airline G are competitive. The cabin crew service is quite standard, nothing extraordinary.",Neutral,Unknown,General,Anonymous,,synthetic
8. My flight with Airline H was generally okay. The seats were a little cramped but the service was up to par.,Neutral,Unknown,General,Anonymous,,synthetic
9. Airline I has a user-friendly website for booking and checking flight status. The in-flight entertainment could be updated with more recent films.,Neutral,Unknown,General,Anonymous,,synthetic
10. Airline J maintains a good on-time performance record. The check-in process can be a bit slow during peak times.,Neutral,Unknown,General,Anonymous,,synthetic
11. The staff at Airline K were helpful and friendly. The in-flight food was typical airline fare.,Neutral,Unknown,General,Anonymous,,synthetic
12. Airline L provides an ample amount of legroom even in economy class. The food and beverage service was just adequate.,Neutral,Unknown,General,Anonymous,,synthetic
13. My flight with Airline M was punctual and the cabin was clean. The variety of in-flight entertainment was limited.,Neutral,Unknown,General,Anonymous,,synthetic
14. Airline N's business class offers comfortable seats and decent food. The customer service is usually efficient.,Neutral,Unknown,General,Anonymous,,synthetic
15. The inflight service on Airline O was decent. The seats were comfortable enough for a short haul flight.,Neutral,Unknown,General,Anonymous,,synthetic
16. Airline P has a wide network of destinations. The in-flight meals need an upgrade.,Neutral,Unknown,General,Anonymous,,synthetic
17. My flight with Airline Q was standard with no major issues. The cabin crew could be more responsive to passenger needs.,Neutral,Unknown,General,Anonymous,,synthetic
18. Airline R provides a swift boarding process. The in-flight entertainment was just adequate.,Neutral,Unknown,General,Anonymous,,synthetic
19. Airline S's flights are generally on time. The cabin crew were polite but the food was quite average.,Neutral,Unknown,General,Anonymous,,synthetic
20. The ticket booking process for Airline T is straightforward. The in-flight amenities could be improved.,Neutral,Unknown,General,Anonymous,,synthetic
"1. The flight with Air Canada was quite average, nothing stood out as particularly impressive or disappointing. The in-flight meal was satisfactory.",Neutral,Unknown,General,Anonymous,,synthetic
2. I flew with Southwest Airlines on a short-haul flight. The crew was polite and the flight departed on time.,Neutral,Unknown,General,Anonymous,,synthetic
"3. My experience with British Airways was pretty standard. The plane was clean, the staff was professional, and the flight was punctual.",Neutral,Unknown,General,Anonymous,,synthetic
4. I traveled with Delta Airlines and had a typical experience. The plane was a bit old but well-maintained and the food was acceptable.,Neutral,Unknown,General,Anonymous,,synthetic
"5. The service on American Airlines was adequate. The flight attendants were cordial, and the inflight entertainment was decent.",Neutral,Unknown,General,Anonymous,,synthetic
"6. My Lufthansa flight was quite uneventful. The cabin was tidy, the food was edible, and the journey was smooth.",Neutral,Unknown,General,Anonymous,,synthetic
7. I flew with JetBlue and the flight was as expected. The seats were reasonably comfortable and the crew was attentive.,Neutral,Unknown,General,Anonymous,,synthetic
8. My flight on United Airlines was average. The check-in process was straightforward and the flight itself was unremarkable.,Neutral,Unknown,General,Anonymous,,synthetic
"9. The Emirates flight was just about what you'd expect. The plane was clean, the staff was efficient, and the food was fine.",Neutral,Unknown,General,Anonymous,,synthetic
"10. My journey with Air France was pretty standard. The aircraft was slightly dated but clean, and the onboard service was satisfactory.",Neutral,Unknown,General,Anonymous,,synthetic
11. I had an uneventful flight with Qantas. The crew was polite and the seats were fairly comfortable.,Neutral,Unknown,General,Anonymous,,synthetic
"12. My experience with Turkish Airlines was ordinary. The flight was on time, the cabin was clean, and the meals were just okay.",Neutral,Unknown,General,Anonymous,,synthetic
"13. Singapore Airlines provided an adequate service. The flight was punctual, the food was average, and the crew was professional.",Neutral,Unknown,General,Anonymous,,synthetic
"14. The flight with Cathay Pacific was as expected. The plane was clean, the staff was courteous, and there were no significant delays.",Neutral,Unknown,General,Anonymous,,synthetic
"15. I flew with Aeroflot and had a usual experience. The aircraft was clean, the flight was smooth, and the food was decent.",Neutral,Unknown,General,Anonymous,,synthetic
16. Virgin Atlantic offered a standard flying experience. The in-flight entertainment was good and the cabin crew was polite.,Neutral,Unknown,General,Anonymous,,synthetic
"17. The flight with Ryanair was average. The plane was tidy, the crew was friendly, but the legroom was a bit limited.",Neutral,Unknown,General,Anonymous,,synthetic
"18. I traveled with KLM and had a typical experience. The flight was on time, the crew was professional, and the food was suitable.",Neutral,Unknown,General,Anonymous,,synthetic
"19. Etihad Airways delivered a pretty standard service. The cabin was clean, the food was average, and the staff was efficient.",Neutral,Unknown,General,Anonymous,,synthetic
"20. My journey with EasyJet was quite uneventful. The flight was punctual, the cabin crew was attentive, and the plane was clean.",Neutral,Unknown,General,Anonymous,,synthetic
"1. American Airlines provided a decent service, the flight was on time and the cabin was kept clean.",Neutral,Unknown,General,Anonymous,,synthetic
"2. The food on Singapore Airlines was average, but the inflight entertainment made the journey enjoyable.",Neutral,Unknown,General,Anonymous,,synthetic
3. I found the seating on United Airlines to be somewhat cramped but the crew was polite and efficient.,Neutral,Unknown,General,Anonymous,,synthetic
"4. I flew with Delta Airlines, the ticket was reasonably priced and the flight was smooth.",Neutral,Unknown,General,Anonymous,,synthetic
"5. British Airways provided an average service, the cabin was clean but the food could have been better.",Neutral,Unknown,General,Anonymous,,synthetic
"6. Air France's services were what I expected, the flight took off on time and landed without any issues.",Neutral,Unknown,General,Anonymous,,synthetic
"7. The flight with Lufthansa was okay, the staff was courteous and the plane was clean.",Neutral,Unknown,General,Anonymous,,synthetic
"8. The in-flight meals served on Turkish Airlines were satisfactory, and the staff was pretty responsive.",Neutral,Unknown,General,Anonymous,,synthetic
"9. The legroom on Ryanair was a bit tight, but the flight was on time and the cabin crew was professional.",Neutral,Unknown,General,Anonymous,,synthetic
10. The check-in process for JetBlue was smooth and the flight attendants were polite and attentive.,Neutral,Unknown,General,Anonymous,,synthetic
"11. The Emirates flight was average, the inflight entertainment was good but the food options could have been better.",Neutral,Unknown,General,Anonymous,,synthetic
"12. The service on Qatar Airways was decent, the crew was attentive and the plane was well maintained.",Neutral,Unknown,General,Anonymous,,synthetic
"13. The seats on Southwest Airlines were comfortable enough for a short haul flight, and the service was standard.",Neutral,Unknown,General,Anonymous,,synthetic
"14. The Aeroflot flight was punctual and the cabin crew was professional, but the food was average.",Neutral,Unknown,General,Anonymous,,synthetic
"15. The crew on Etihad Airways was polite and the flight was comfortable, but the in-flight entertainment was lacking.",Neutral,Unknown,General,Anonymous,,synthetic
"16. Cathay Pacific provided a decent service, the flight took off on time and the cabin was clean.",Neutral,Unknown,General,Anonymous,,synthetic
"17. The KLM flight was average, the service was standard and the plane was well-maintained.",Neutral,Unknown,General,Anonymous,,synthetic
18. The seats on Air Canada were somewhat cramped but the flight was smooth and the staff was professional.,Neutral,Unknown,General,Anonymous,,synthetic
19. The in-flight meal on Japan Airlines was average but the flight attendants were courteous and helpful.,Neutral,Unknown,General,Anonymous,,synthetic
"20. The service on Virgin Atlantic was standard, the flight was on time and the cabin was clean.",Neutral,Unknown,General,Anonymous,,synthetic
1. American Airlines was satisfactory. The flights were on time and the service was generally good.,Neutral,Unknown,General,Anonymous,,synthetic
2. United Airlines provided a good enough service. The in-flight meals were adequate and the cabin was clean.,Neutral,Unknown,General,Anonymous,,synthetic
"3. Delta Airlines was decent. They had a good selection of in-flight entertainment, although the seats were a bit cramped.",Neutral,Unknown,General,Anonymous,,synthetic
"4. The service on Emirates was reasonable. The staff were polite and helpful, and the food was of average quality.",Neutral,Unknown,General,Anonymous,,synthetic
5. Lufthansa was acceptable. The flight was punctual and the check-in process was smooth.,Neutral,Unknown,General,Anonymous,,synthetic
"6. Air Canada had a satisfactory service. The legroom was a bit limited, but the flight crew were nice.",Neutral,Unknown,General,Anonymous,,synthetic
"7. The British Airways flight was alright. The plane was a bit old, but the flight was comfortable enough.",Neutral,Unknown,General,Anonymous,,synthetic
"8. Qantas was okay. The flight left on time and the staff were friendly, though the food could have been better.",Neutral,Unknown,General,Anonymous,,synthetic
9. Air France was satisfactory for a long-haul flight. The seats were comfortable but the inflight entertainment could use an upgrade.,Neutral,Unknown,General,Anonymous,,synthetic
"10. Southwest Airlines was average. The boarding process was efficient, but the seats were not the most comfortable.",Neutral,Unknown,General,Anonymous,,synthetic
11. Turkish Airlines provided an average service. The meals were decent and the cabin crew was professional.,Neutral,Unknown,General,Anonymous,,synthetic
"12. JetBlue was acceptable. The prices were fair and the flight was on time, but the baggage claim took some time.",Neutral,Unknown,General,Anonymous,,synthetic
"13. Virgin Atlantic was decent. The flight left on time and the cabin was clean, but the food was mediocre.",Neutral,Unknown,General,Anonymous,,synthetic
"14. Qatar Airways was alright. The in-flight entertainment was good, but the legroom was a bit limited.",Neutral,Unknown,General,Anonymous,,synthetic
15. Ryanair offered a standard low-cost airline experience. The flight was on time and the check-in process was efficient.,Neutral,Unknown,General,Anonymous,,synthetic
"16. Etihad Airways was satisfactory. The staff were professional, but the inflight meal could have been better.",Neutral,Unknown,General,Anonymous,,synthetic
"17. Aer Lingus was acceptable. The flight was comfortable and the cabin crew was friendly, but the food was average.",Neutral,Unknown,General,Anonymous,,synthetic
"18. EasyJet was average. The prices were good and the flight was on time, but the legroom was a bit limited.",Neutral,Unknown,General,Anonymous,,synthetic
"19. Cathay Pacific was alright. The check-in process was smooth and the flight was comfortable, but the in-flight entertainment could use an upgrade.",Neutral,Unknown,General,Anonymous,,synthetic
"20. Singapore Airlines was decent. The flight left on time and the cabin was clean, but the food was rather average.",Neutral,Unknown,General,Anonymous,,synthetic
"1. The flight with Air Canada was punctual and the crew was professional, though the in-flight meal was just average.",Neutral,Unknown,General,Anonymous,,synthetic
"2. Delta Airlines provided a smooth check-in process, but the legroom in economy class was rather cramped.",Neutral,Unknown,General,Anonymous,,synthetic
"3. The Singapore Airlines flight was generally comfortable with clean facilities, however, the in-flight entertainment could be improved.",Neutral,Unknown,General,Anonymous,,synthetic
"4. JetBlue offered a satisfactory service overall with friendly staff, although the flight was slightly delayed.",Neutral,Unknown,General,Anonymous,,synthetic
"5. British Airways provides a decent in-flight meal and the plane was well-maintained, but the cabin was a bit chilly.",Neutral,Unknown,General,Anonymous,,synthetic
"6. The Emirates flight was on time with a smooth takeoff and landing, yet the seat comfort could be better.",Neutral,Unknown,General,Anonymous,,synthetic
7. American Airlines' staff was responsive but the in-flight WIFI was not consistently reliable.,Neutral,Unknown,General,Anonymous,,synthetic
"8. Qatar Airways had a wide selection of in-flight entertainment, but the boarding process was somewhat disorganized.",Neutral,Unknown,General,Anonymous,,synthetic
"9. Air France provided adequate legroom and the flight was on time, however, the food quality was mediocre.",Neutral,Unknown,General,Anonymous,,synthetic
"10. United Airlines offered a smooth flight and the cabin was clean, but the luggage handling was a bit slow.",Neutral,Unknown,General,Anonymous,,synthetic
"11. Lufthansa's flight attendants were professional, though the in-flight meal options were limited.",Neutral,Unknown,General,Anonymous,,synthetic
12. The flight with Turkish Airlines was comfortable but the in-flight entertainment system was a bit outdated.,Neutral,Unknown,General,Anonymous,,synthetic
"13. Cathay Pacific offered a decent service with enough legroom, although the flight was slightly delayed.",Neutral,Unknown,General,Anonymous,,synthetic
"14. KLM's check-in process was efficient, but the cabin temperature was a bit too warm for comfort.",Neutral,Unknown,General,Anonymous,,synthetic
"15. Etihad Airways offered a satisfactory service with clean facilities, however, the food options could be better.",Neutral,Unknown,General,Anonymous,,synthetic
"16. The Southwest Airlines flight was on time, but the seat arrangement felt a bit cramped.",Neutral,Unknown,General,Anonymous,,synthetic
"17. Virgin Atlantic's in-flight entertainment was satisfactory, but the boarding process was a bit slow.",Neutral,Unknown,General,Anonymous,,synthetic
"18. Ryanair offered a decent service overall, though the luggage fees were a bit high.",Neutral,Unknown,General,Anonymous,,synthetic
"19. The Qantas flight was comfortable with friendly staff, but the food quality was average.",Neutral,Unknown,General,Anonymous,,synthetic
"20. Air India's flight was punctual, however, the check-in process could be more efficient.",Neutral,Unknown,General,Anonymous,,synthetic
"1. ""Airline X offered a smooth check-in experience at the airport. The in-flight service was decent, and the flight arrived on time.""",Neutral,Unknown,General,Anonymous,,synthetic
"2. ""Airline Y had comfortable seats and adequate legroom. The food quality was average.""",Neutral,Unknown,General,Anonymous,,synthetic
"3. ""Airline Z provided a punctual service. The staff was professional, but the in-flight entertainment could use an upgrade.""",Neutral,Unknown,General,Anonymous,,synthetic
"4. ""The flight with Airline A was smooth, and the cabin was clean. The meal options could have been better.""",Neutral,Unknown,General,Anonymous,,synthetic
"5. ""Airline B offered a prompt check-in process, and the flight left on time. The in-flight food was average.""",Neutral,Unknown,General,Anonymous,,synthetic
"6. ""Airline C's service was efficient. The airplane was a bit old, but the overall flight was comfortable.""",Neutral,Unknown,General,Anonymous,,synthetic
"7. ""The flight on Airline D was on schedule. The crew was friendly, but the legroom was slightly cramped.""",Neutral,Unknown,General,Anonymous,,synthetic
"8. ""Airline E provided a quick boarding process. The in-flight entertainment was satisfactory, and the meals could be improved.""",Neutral,Unknown,General,Anonymous,,synthetic
"9. ""Airline F's flight was punctual, and the crew was attentive. The food quality was fair.""",Neutral,Unknown,General,Anonymous,,synthetic
"10. ""Airline G's flight was average. The seats were comfortable, but the in-flight entertainment was limited.""",Neutral,Unknown,General,Anonymous,,synthetic
"11. ""Airline H offered a good flight service. The check-in process was smooth, but the food options were limited.""",Neutral,Unknown,General,Anonymous,,synthetic
"12. ""Airline I's flight was on time, and the cabin crew was polite. The airplane interior, however, looked a bit outdated.""",Neutral,Unknown,General,Anonymous,,synthetic
"13. ""Airline J's service was efficient, and the flight was punctual. The meal quality was average.""",Neutral,Unknown,General,Anonymous,,synthetic
"14. ""The seats on Airline K's flight were comfortable, but the legroom was a bit tight. The staff was professional.""",Neutral,Unknown,General,Anonymous,,synthetic
"15. ""Airline L's flight was on schedule, and the cabin was clean. The food and beverage options were average.""",Neutral,Unknown,General,Anonymous,,synthetic
"16. ""Airline M offered a smooth check-in process, and the flight was comfortable. The in-flight entertainment could be better.""",Neutral,Unknown,General,Anonymous,,synthetic
"17. ""Airline N's flight was punctual, and the staff was polite. The quality of food served could have been better.""",Neutral,Unknown,General,Anonymous,,synthetic
"18. ""The boarding process with Airline O was quick. The flight was average, and the meal options were limited.""",Neutral,Unknown,General,Anonymous,,synthetic
"19. ""Airline P's flight was comfortable, and the crew was professional. The in-flight entertainment was average.""",Neutral,Unknown,General,Anonymous,,synthetic
"20. ""Airline Q offered a punctual service. The seats were comfortable, but the food quality was average.""",Neutral,Unknown,General,Anonymous,,synthetic
"1. ""The flight with Air Canada was on time and the crew was professional. The in-flight meal could be improved.""",Neutral,Unknown,General,Anonymous,,synthetic
"2. ""The seats on Delta Airlines were comfortable enough for the long haul flight. However, the inflight entertainment system was a bit outdated.""",Neutral,Unknown,General,Anonymous,,synthetic
"3. ""The service on Qatar Airways was efficient. The food was decent but not exceptional.""",Neutral,Unknown,General,Anonymous,,synthetic
"4. ""I had a pleasant flight with British Airways. The cabin crew was polite, but the boarding process was a bit chaotic.""",Neutral,Unknown,General,Anonymous,,synthetic
"5. ""Virgin Atlantic provided a smooth check-in process. The economy seats were a bit cramped though.""",Neutral,Unknown,General,Anonymous,,synthetic
"6. ""Emirates provided a good selection of inflight entertainment. The meal selection was average.""",Neutral,Unknown,General,Anonymous,,synthetic
"7. ""United Airlines' flight was punctual. The legroom in economy class could be better.""",Neutral,Unknown,General,Anonymous,,synthetic
"8. ""The cleanliness of the cabin on American Airlines was satisfactory. The food could be more appealing.""",Neutral,Unknown,General,Anonymous,,synthetic
"9. ""The crew on Lufthansa was attentive. The lack of wifi on an international flight was disappointing.""",Neutral,Unknown,General,Anonymous,,synthetic
"10. ""Air France's flight was smooth with no turbulence. The selection of beverages was limited.""",Neutral,Unknown,General,Anonymous,,synthetic
"11. ""I had a smooth flight with Southwest Airlines. The boarding was organized, but the in-flight meal was quite basic.""",Neutral,Unknown,General,Anonymous,,synthetic
"12. ""The flight with KLM was generally comfortable. The cabin temperature could, however, be better regulated.""",Neutral,Unknown,General,Anonymous,,synthetic
"13. ""The crew on Etihad Airways was professional. The range of inflight entertainment options was just okay.""",Neutral,Unknown,General,Anonymous,,synthetic
"14. ""The service on Ryanair was efficient. The seats were not the most comfortable for a long journey.""",Neutral,Unknown,General,Anonymous,,synthetic
"15. ""The check-in process on EasyJet was smooth. The inflight meal options were limited.""",Neutral,Unknown,General,Anonymous,,synthetic
"16. ""Japan Airlines delivered a punctual departure. The meal was acceptable but not outstanding.""",Neutral,Unknown,General,Anonymous,,synthetic
"17. ""The flight with Turkish Airlines was generally alright. The legroom in economy class was average.""",Neutral,Unknown,General,Anonymous,,synthetic
"18. ""The service on Air New Zealand was professional. The inflight entertainment options were somewhat limited.""",Neutral,Unknown,General,Anonymous,,synthetic
"19. ""The crew on Qantas was polite. The in-flight food was acceptable but could use some variety.""",Neutral,Unknown,General,Anonymous,,synthetic
"20. ""The flight with Singapore Airlines was smooth. The seats in economy class were just okay in terms of comfort.""",Neutral,Unknown,General,Anonymous,,synthetic
"1. The flight with Air Canada was fairly punctual, but the seats were quite cramped. The staff was polite and the food was acceptable.",Neutral,Unknown,General,Anonymous,,synthetic
"2. I flew with Delta Airlines recently. The inflight entertainment was decent, and the cabin crew was somewhat attentive. The flight was delayed by 30 minutes, though.",Neutral,Unknown,General,Anonymous,,synthetic
"3. My experience with United Airlines was quite average. The check-in process was smooth, but the legroom was limited. The food quality was okay.",Neutral,Unknown,General,Anonymous,,synthetic
"4. I traveled with Ryanair last week. The flight was on time, but the seats were a bit uncomfortable. The onboard service was satisfactory.",Neutral,Unknown,General,Anonymous,,synthetic
5. My British Airways flight was fine. The aircraft was clean and the crew was friendly enough. The food could have been better.,Neutral,Unknown,General,Anonymous,,synthetic
"6. The flight with Qatar Airways was quite typical. The seats were comfortable, but the inflight entertainment was not very diverse. The flight attendants were professional.",Neutral,Unknown,General,Anonymous,,synthetic
"7. My experience with Southwest Airlines was pretty average. The boarding process was swift, but the plane was somewhat dated. The cabin crew was courteous.",Neutral,Unknown,General,Anonymous,,synthetic
"8. I recently flew with Emirates. The flight was on time and the cabin was clean, but the food was a bit bland.",Neutral,Unknown,General,Anonymous,,synthetic
"9. My flight with Lufthansa was okay. The crew was friendly, but the legroom was quite limited. The check-in process was efficient.",Neutral,Unknown,General,Anonymous,,synthetic
"10. I traveled with Air France recently. The flight departed on time, but the inflight entertainment was mediocre. The food was palatable.",Neutral,Unknown,General,Anonymous,,synthetic
"11. My experience with EasyJet was quite standard. The plane was clean, but the seats were a bit cramped. The crew was professional.",Neutral,Unknown,General,Anonymous,,synthetic
"12. The flight with Cathay Pacific was satisfactory. The crew was polite, but the food could have used more flavor. The flight was punctual.",Neutral,Unknown,General,Anonymous,,synthetic
"13. My flight with American Airlines was average. The check-in process was smooth, but the seats were not very comfortable. The food was acceptable.",Neutral,Unknown,General,Anonymous,,synthetic
"14. I flew with Turkish Airlines recently. The flight was on time, but the legroom was a bit limited. The cabin crew was polite.",Neutral,Unknown,General,Anonymous,,synthetic
"15. My experience with JetBlue was standard. The boarding process was efficient, but the plane was a bit outdated. The cabin crew was courteous.",Neutral,Unknown,General,Anonymous,,synthetic
"16. I recently flew with Etihad Airways. The flight was punctual and the cabin was clean, but the food was a bit bland.",Neutral,Unknown,General,Anonymous,,synthetic
"17. My flight with Air Asia was quite typical. The crew was friendly, but the legroom was quite limited. The check-in process was efficient.",Neutral,Unknown,General,Anonymous,,synthetic
"18. I traveled with Virgin Atlantic recently. The flight departed on time, but the inflight entertainment was mediocre. The food was palatable.",Neutral,Unknown,General,Anonymous,,synthetic
"19. My experience with Alaska Airlines was standard. The plane was clean, but the seats were a bit cramped. The crew was professional.",Neutral,Unknown,General,Anonymous,,synthetic
"20. The flight with Singapore Airlines was satisfactory. The crew was polite, but the food could have used more flavor. The flight was punctual.",Neutral,Unknown,General,Anonymous,,synthetic
"1. ""The flight with Air Canada was on time and the staff was professional. In-flight entertainment was adequate.""",Neutral,Unknown,General,Anonymous,,synthetic
"2. ""China Eastern Airlines provided a reasonable service. The food could have been better, but the staff was efficient.""",Neutral,Unknown,General,Anonymous,,synthetic
"3. ""The check-in process with Delta Airlines was seamless and quick. The legroom on the flight was just enough.""",Neutral,Unknown,General,Anonymous,,synthetic
"4. ""The flight attendants with Emirates Airlines were polite. The food wasn't anything special, but the in-flight entertainment made up for it.""",Neutral,Unknown,General,Anonymous,,synthetic
"5. ""Lufthansa's flight was punctual and the seats were comfortable. The in-flight meal was quite standard.""",Neutral,Unknown,General,Anonymous,,synthetic
"6. ""Ryanair provided a basic service, but the flight was on time. The seats were a bit cramped.""",Neutral,Unknown,General,Anonymous,,synthetic
"7. ""The journey with British Airways was smooth. The cabin crew was professional, though the food could use some improvement.""",Neutral,Unknown,General,Anonymous,,synthetic
"8. ""The American Airlines flight was clean and the staff was courteous. The in-flight entertainment options were average.""",Neutral,Unknown,General,Anonymous,,synthetic
"9. ""Qantas Airways offered a decent flight experience. The seats were comfortable enough for a long flight.""",Neutral,Unknown,General,Anonymous,,synthetic
"10. ""Air France's flight was punctual and the check-in process was efficient. The legroom was a bit limited.""",Neutral,Unknown,General,Anonymous,,synthetic
"11. ""Cathay Pacific's service was satisfactory. The food provided was average and the flight was on time.""",Neutral,Unknown,General,Anonymous,,synthetic
"12. ""Singapore Airlines' flight attendants were polite, though the in-flight entertainment was pretty standard.""",Neutral,Unknown,General,Anonymous,,synthetic
"13. ""The flight experience with Southwest was reasonable. The seats were somewhat comfortable and the flight was on time.""",Neutral,Unknown,General,Anonymous,,synthetic
"14. ""Turkish Airlines offered a decent service. The food was good, but the in-flight entertainment could use more variety.""",Neutral,Unknown,General,Anonymous,,synthetic
"15. ""The flight with Virgin Atlantic was smooth. The cabin crew was professional, but the food was average.""",Neutral,Unknown,General,Anonymous,,synthetic
"16. ""Etihad's flight was clean and the staff was efficient. The in-flight entertainment was adequate.""",Neutral,Unknown,General,Anonymous,,synthetic
"17. ""KLM's flight was punctual and the check-in process was quick. The legroom was a bit tight.""",Neutral,Unknown,General,Anonymous,,synthetic
"18. ""The journey with Aeroflot was smooth. The cabin crew was professional, but the food could use some improvement.""",Neutral,Unknown,General,Anonymous,,synthetic
"19. ""The flight with Finnair was clean and the staff was courteous. The in-flight entertainment options were quite standard.""",Neutral,Unknown,General,Anonymous,,synthetic
"20. ""Iberia offered a standard flight experience. The seats were comfortable enough for a short flight.""",Neutral,Unknown,General,Anonymous,,synthetic
"1. Airline X provided an adequate service, with punctual departures and arrivals. Their in-flight meal was standard.",Neutral,Unknown,General,Anonymous,,synthetic
2. Airline Y's seating arrangement was comfortable enough for a short flight. The crew was professional and did their job well.,Neutral,Unknown,General,Anonymous,,synthetic
"3. I found the check-in process of Airline Z to be efficient. The flight itself was uneventful, with no significant delays.",Neutral,Unknown,General,Anonymous,,synthetic
"4. Airline A's service was generally good, with a selection of in-flight entertainment options. However, the food served was quite basic.",Neutral,Unknown,General,Anonymous,,synthetic
"5. Airline B's flight was on time and the crew was attentive. The legroom was a bit tight, but manageable for shorter flights.",Neutral,Unknown,General,Anonymous,,synthetic
"6. Airline C's boarding process was smooth, and the flight was average. The cleanliness of the plane could be improved.",Neutral,Unknown,General,Anonymous,,synthetic
"7. The flight with Airline D was straightforward, with decent in-flight services. The seats were fairly comfortable for economy class.",Neutral,Unknown,General,Anonymous,,synthetic
8. Airline E offered a satisfactory travel experience. The staff was courteous and the flight landed on schedule.,Neutral,Unknown,General,Anonymous,,synthetic
9. Airline F's flight was relatively smooth with a few minor turbulence. The cabin crew was functional and the food was average.,Neutral,Unknown,General,Anonymous,,synthetic
10. The overall experience with Airline G was standard. The crew was professional and the flight departed and arrived as scheduled.,Neutral,Unknown,General,Anonymous,,synthetic
11. Airline H provided a reliable service. The in-flight meal options were sufficient and the crew was attentive.,Neutral,Unknown,General,Anonymous,,synthetic
"12. Airline I's flight was punctual and the cabin clean. The legroom, however, was somewhat limited.",Neutral,Unknown,General,Anonymous,,synthetic
"13. The in-flight entertainment on Airline J was okay, with a decent selection of movies. The food was typical airline fare.",Neutral,Unknown,General,Anonymous,,synthetic
14. Airline K's check-in process was straightforward. The flight was comfortable enough for a short journey.,Neutral,Unknown,General,Anonymous,,synthetic
15. The overall flight experience with Airline L was average. The in-flight service was satisfactory and the flight was on time.,Neutral,Unknown,General,Anonymous,,synthetic
"16. Airline M's service was standard, with a pleasant crew and a smooth flight. The food provided was okay.",Neutral,Unknown,General,Anonymous,,synthetic
17. Airline N offered a smooth flight with no significant delays. The seat comfort and in-flight services were typical of economy class.,Neutral,Unknown,General,Anonymous,,synthetic
18. Airline O's flight was on schedule and the boarding process was efficient. The in-flight meal was standard.,Neutral,Unknown,General,Anonymous,,synthetic
"19. The flight with Airline P was uncomplicated, with professional crew and timely service. The legroom was a bit tight, but manageable.",Neutral,Unknown,General,Anonymous,,synthetic
20. Airline Q provided a satisfactory service with an on-time flight. The in-flight entertainment options were decent.,Neutral,Unknown,General,Anonymous,,synthetic
"1. The flight with Delta Airlines was overall satisfactory. The food quality could have been better, but the crew was helpful.",Neutral,Unknown,General,Anonymous,,synthetic
2. The onboard experience with United Airlines was decent. The seats were comfortable and the in-flight entertainment had a good variety.,Neutral,Unknown,General,Anonymous,,synthetic
"3. American Airlines provided a smooth flight. The airplane was clean and the staff were professional, but the food was average.",Neutral,Unknown,General,Anonymous,,synthetic
"4. My flight with Air Canada was fairly good. The boarding process was smooth, but the legroom was a bit tight.",Neutral,Unknown,General,Anonymous,,synthetic
5. Southwest Airlines offered a standard flight experience. The service was efficient and the plane was on time.,Neutral,Unknown,General,Anonymous,,synthetic
"6. My journey with Alaska Airlines was acceptable. The flight attendants were friendly, but the in-flight meal was simply okay.",Neutral,Unknown,General,Anonymous,,synthetic
7. The Lufthansa flight was pretty much as expected. The seats were comfortable enough and the staff did their job efficiently.,Neutral,Unknown,General,Anonymous,,synthetic
"8. Qatar Airways provided a reasonable service. The flight was punctual and the staff were competent, but the food was not outstanding.",Neutral,Unknown,General,Anonymous,,synthetic
"9. The flight with British Airways was satisfactory. The airplane was clean and the crew was courteous, but the food could use some improvement.",Neutral,Unknown,General,Anonymous,,synthetic
"10. Air France provided a satisfactory service. The staff were professional and the flight was on time, but the legroom was somewhat limited.",Neutral,Unknown,General,Anonymous,,synthetic
"11. My experience with JetBlue was average. The flight was on time and the crew was attentive, but the food was just okay.",Neutral,Unknown,General,Anonymous,,synthetic
"12. The Cathay Pacific flight was alright. The staff were friendly and the plane was clean, but the entertainment system had a limited selection.",Neutral,Unknown,General,Anonymous,,synthetic
"13. My flight with KLM was quite standard. The crew was professional and the flight was on time, however the food was average.",Neutral,Unknown,General,Anonymous,,synthetic
"14. The flight with Emirates was adequate. The staff were efficient and the aircraft was clean, but the in-flight entertainment could be better.",Neutral,Unknown,General,Anonymous,,synthetic
"15. My flight with Qantas was fairly good. The boarding process was smooth, and the staff were friendly, but the in-flight meal was mediocre.",Neutral,Unknown,General,Anonymous,,synthetic
"16. The flight with Singapore Airlines was decent. The plane was clean and the crew was professional, but the seats could use more padding.",Neutral,Unknown,General,Anonymous,,synthetic
"17. The flight with Turkish Airlines was satisfactory. The crew were efficient and the flight was on time, but the food was just alright.",Neutral,Unknown,General,Anonymous,,synthetic
"18. The Etihad Airways flight was average. The staff were competent and the flight was on time, but the legroom was a bit tight.",Neutral,Unknown,General,Anonymous,,synthetic
"19. The flight with Virgin Atlantic was reasonable. The plane was clean and the staff were courteous, but the in-flight entertainment system was somewhat limited.",Neutral,Unknown,General,Anonymous,,synthetic
"20. The Ryanair flight was as expected. The flight was punctual and the crew did their job well, but the seating was quite cramped.",Neutral,Unknown,General,Anonymous,,synthetic
1. The check-in process with Delta Airline was straightforward and the staff was polite. The in-flight meal was quite standard.,Neutral,Unknown,General,Anonymous,,synthetic
"2. On my United Airlines flight, the cabin was clean and the legroom was average. I found the entertainment selection to be somewhat limited.",Neutral,Unknown,General,Anonymous,,synthetic
3. My flight with American Airlines was mostly smooth. The meal service was quick but the food was average.,Neutral,Unknown,General,Anonymous,,synthetic
"4. The staff on my Southwest Airlines flight were professional. The in-flight entertainment was adequate, with a decent selection of movies.",Neutral,Unknown,General,Anonymous,,synthetic
5. My Air Canada flight was delayed but they managed it well and kept us informed. The seats were reasonably comfortable.,Neutral,Unknown,General,Anonymous,,synthetic
6. My British Airways flight was on time and the check-in process was efficient. The in-flight meal was typical airline food.,Neutral,Unknown,General,Anonymous,,synthetic
"7. My Lufthansa flight was comfortable enough with decent legroom. The in-flight entertainment was average, with a few recent movies available.",Neutral,Unknown,General,Anonymous,,synthetic
"8. The seats on my Air France flight were a little cramped, but the cabin was clean. The flight attendants were polite.",Neutral,Unknown,General,Anonymous,,synthetic
9. My Qantas flight was punctual and the boarding process was smooth. The in-flight meal could have been better.,Neutral,Unknown,General,Anonymous,,synthetic
10. The staff on my Virgin Atlantic flight were courteous. The in-flight entertainment and food were pretty standard.,Neutral,Unknown,General,Anonymous,,synthetic
"11. My Emirates flight was alright. The cabin was clean and the meal service was prompt, although the food was average.",Neutral,Unknown,General,Anonymous,,synthetic
12. My flight with Singapore Airlines had a reasonable amount of legroom. The food and entertainment were standard for long-haul flights.,Neutral,Unknown,General,Anonymous,,synthetic
"13. The staff on my Cathay Pacific flight were professional, although not overly friendly. The food was typical airline fare.",Neutral,Unknown,General,Anonymous,,synthetic
14. My JetBlue flight was punctual and the cabin was clean. The in-flight entertainment was sufficient for the flight duration.,Neutral,Unknown,General,Anonymous,,synthetic
"15. On my Turkish Airlines flight, the check-in process was efficient. The in-flight meal was alright, nothing special.",Neutral,Unknown,General,Anonymous,,synthetic
"16. My Etihad Airways flight was comfortable with average legroom. The entertainment selection was decent, with a variety of options.",Neutral,Unknown,General,Anonymous,,synthetic
"17. On my Qatar Airways flight, the staff was polite. The food was standard for an airline meal and the in-flight entertainment was adequate.",Neutral,Unknown,General,Anonymous,,synthetic
18. My KLM flight had a smooth check-in process. The cabin was clean and the food was average.,Neutral,Unknown,General,Anonymous,,synthetic
"19. On my easyJet flight, the boarding process was efficient. The seats were a bit cramped but acceptable for a short-haul flight.",Neutral,Unknown,General,Anonymous,,synthetic
"20. My Ryanair flight was punctual and the cabin was clean. The legroom was somewhat limited, as you'd expect on a budget airline.",Neutral,Unknown,General,Anonymous,,synthetic
"1. ""Flew with Airline A, had a smooth journey. The staff was polite and the in-flight services were adequate.""",Neutral,Unknown,General,Anonymous,,synthetic
"2. ""Airline B's flight was on time. The food was okay, nothing too special but acceptable for airline food.""",Neutral,Unknown,General,Anonymous,,synthetic
"3. ""Airline C provided a comfortable seat with ample legroom. However, the in-flight entertainment could use an update.""",Neutral,Unknown,General,Anonymous,,synthetic
"4. ""The flight with Airline D was average. The crew was professional and the aircraft was clean.""",Neutral,Unknown,General,Anonymous,,synthetic
"5. ""Airline E's service was standard. The boarding process was efficient and the flight landed on time.""",Neutral,Unknown,General,Anonymous,,synthetic
"6. ""The journey with Airline F was hassle-free. The food was decent and the seats were comfortable.""",Neutral,Unknown,General,Anonymous,,synthetic
"7. ""Airline G's flight was alright. The staff was friendly but the food could be improved.""",Neutral,Unknown,General,Anonymous,,synthetic
"8. ""The flight with Airline H was satisfactory. The flight attendants were professional and the plane was well-maintained.""",Neutral,Unknown,General,Anonymous,,synthetic
"9. ""Airline I's service was acceptable. The flight took off and landed on time, and the cabin was clean.""",Neutral,Unknown,General,Anonymous,,synthetic
"10. ""Flew with Airline J, the staff was courteous and the flight was smooth, but the meal options were limited.""",Neutral,Unknown,General,Anonymous,,synthetic
"11. ""Airline K's flight was okay. The cabin crew was attentive, but the in-flight entertainment was a bit lacking.""",Neutral,Unknown,General,Anonymous,,synthetic
"12. ""The flight with Airline L was decent. The staff was professional and the flight was on schedule.""",Neutral,Unknown,General,Anonymous,,synthetic
"13. ""Airline M provided a fine service. The plane was clean and the flight was smooth, though the food was average.""",Neutral,Unknown,General,Anonymous,,synthetic
"14. ""The journey with Airline N was satisfactory. There was enough legroom, and the flight attendants were polite.""",Neutral,Unknown,General,Anonymous,,synthetic
"15. ""Airline O's flight was standard. The boarding process was smooth, and the airplane was clean.""",Neutral,Unknown,General,Anonymous,,synthetic
"16. ""Flew with Airline P, the flight was smooth and the staff was attentive, but the food quality could be improved.""",Neutral,Unknown,General,Anonymous,,synthetic
"17. ""The service on Airline Q was okay. The flight was on time and the cabin crew was professional.""",Neutral,Unknown,General,Anonymous,,synthetic
"18. ""Airline R's flight was decent. The seat was comfortable and the in-flight movie selection was good.""",Neutral,Unknown,General,Anonymous,,synthetic
"19. ""The flight with Airline S was fine. The boarding process was efficient and the flight landed on time.""",Neutral,Unknown,General,Anonymous,,synthetic
"20. ""Flew with Airline T, the flight was on schedule and the cabin crew was friendly, but the meal options were quite basic.""",Neutral,Unknown,General,Anonymous,,synthetic
"1. ""Airline X provided a fairly average flight experience. The seats were reasonably comfortable and the in-flight meal was satisfactory.""",Neutral,Unknown,General,Anonymous,,synthetic
"2. ""Airline Y's service was standard. The staff were polite and the flight was timely, making for a smooth journey.""",Neutral,Unknown,General,Anonymous,,synthetic
"3. ""My flight with Airline Z was decent. The legroom was a bit tight, but the entertainment options made up for it.""",Neutral,Unknown,General,Anonymous,,synthetic
"4. ""Airline A's flight was as expected. The food was acceptable, and the cabin crew were attentive.""",Neutral,Unknown,General,Anonymous,,synthetic
"5. ""The overall experience with Airline B was neutral. The plane was clean and the flight was on time.""",Neutral,Unknown,General,Anonymous,,synthetic
"6. ""Airline C offered a typical flight experience. The ticket price was reasonable for the service provided.""",Neutral,Unknown,General,Anonymous,,synthetic
"7. ""Airline D's service was quite ordinary. The flight attendants were professional and the in-flight entertainment was adequate.""",Neutral,Unknown,General,Anonymous,,synthetic
"8. ""The flight with Airline E was acceptable. The seats were a bit hard but the cabin was well-maintained.""",Neutral,Unknown,General,Anonymous,,synthetic
"9. ""Airline F provided a standard flying experience. The food was mediocre but the boarding process was efficient.""",Neutral,Unknown,General,Anonymous,,synthetic
"10. ""The flight with Airline G was average. The flight landed on time and the luggage arrived promptly.""",Neutral,Unknown,General,Anonymous,,synthetic
"11. ""Airline H's service was as expected. The in-flight meal was average and the staff were friendly.""",Neutral,Unknown,General,Anonymous,,synthetic
"12. ""My flight with Airline I was satisfactory. The plane was clean and the flight took off on schedule.""",Neutral,Unknown,General,Anonymous,,synthetic
"13. ""Airline J offers a typical airline experience. The seats are standard and the in-flight movie options are diverse.""",Neutral,Unknown,General,Anonymous,,synthetic
"14. ""The overall experience with Airline K was okay. The flight was comfortable enough and the cabin crew were helpful.""",Neutral,Unknown,General,Anonymous,,synthetic
"15. ""Airline L's service was just about right. The flight departed and landed on time, and the check-in process was efficient.""",Neutral,Unknown,General,Anonymous,,synthetic
"16. ""My flight with Airline M was fine. While the food could use some improvement, the legroom was ample.""",Neutral,Unknown,General,Anonymous,,synthetic
"17. ""Airline N offered a standard flight experience. The entertainment system worked well and the cabin was clean.""",Neutral,Unknown,General,Anonymous,,synthetic
"18. ""The flight with Airline O was uneventful. The staff were cordial and the in-flight services were as expected.""",Neutral,Unknown,General,Anonymous,,synthetic
"19. ""Airline P provided an average service. The food was average but the ticket price was reasonable.""",Neutral,Unknown,General,Anonymous,,synthetic
"20. ""My experience with Airline Q was satisfactory. The flight left on time and the cabin staff were polite.""",Neutral,Unknown,General,Anonymous,,synthetic
"1. ""The check-in process with Airline A was prompt and straightforward. The legroom was adequate for a short flight.""",Neutral,Unknown,General,Anonymous,,synthetic
"2. ""Flew with Airline B on a long-haul flight. The inflight entertainment was good, with a variety of options.""",Neutral,Unknown,General,Anonymous,,synthetic
"3. ""Airline C's cabin crew was professional and did their job efficiently. The meal service was average.""",Neutral,Unknown,General,Anonymous,,synthetic
"4. ""Took a domestic flight with Airline D. The flight departed and arrived on time, with no issues.""",Neutral,Unknown,General,Anonymous,,synthetic
"5. ""Airline E provided a smooth online booking experience. The onboard amenities were as expected for an economy class.""",Neutral,Unknown,General,Anonymous,,synthetic
"6. ""Airline F's flight was clean and comfortable. The food service was standard but could use some improvement.""",Neutral,Unknown,General,Anonymous,,synthetic
"7. ""On my recent flight with Airline G, the staff was courteous. However, the inflight Wi-Fi was intermittently slow.""",Neutral,Unknown,General,Anonymous,,synthetic
"8. ""Airline H's baggage handling was efficient. The inflight meal was satisfactory.""",Neutral,Unknown,General,Anonymous,,synthetic
"9. ""Airline I's seats were comfortable enough for a short haul flight. The boarding process was smooth.""",Neutral,Unknown,General,Anonymous,,synthetic
"10. ""Took a red-eye flight with Airline J. The cabin was quiet and conducive for sleep.""",Neutral,Unknown,General,Anonymous,,synthetic
"11. ""Airline K's loyalty program is quite comprehensive. The overall flight experience was fairly standard.""",Neutral,Unknown,General,Anonymous,,synthetic
"12. ""Airline L's customer service was prompt in resolving my queries. The flight itself was average.""",Neutral,Unknown,General,Anonymous,,synthetic
"13. ""On my flight with Airline M, the cabin crew was attentive. The food and beverage options were typical.""",Neutral,Unknown,General,Anonymous,,synthetic
"14. ""Airline N's flight was on time and the check-in process was efficient. The legroom was a bit limited.""",Neutral,Unknown,General,Anonymous,,synthetic
"15. ""Took an international flight with Airline O. The inflight entertainment system had a decent selection of movies.""",Neutral,Unknown,General,Anonymous,,synthetic
"16. ""Airline P's boarding process was well-organized. The cabin was clean and the flight was comfortable.""",Neutral,Unknown,General,Anonymous,,synthetic
"17. ""Flew with Airline Q recently. The ticket prices were reasonable and the service was standard.""",Neutral,Unknown,General,Anonymous,,synthetic
"18. ""Airline R's flight attendants were professional. The food was average and the flight landed on time.""",Neutral,Unknown,General,Anonymous,,synthetic
"19. ""Airline S's online check-in process was simple and quick. The in-flight experience was as expected.""",Neutral,Unknown,General,Anonymous,,synthetic
"20. ""Flew with Airline T on a domestic route. The flight was punctual and the cabin crew was efficient.""",Neutral,Unknown,General,Anonymous,,synthetic
"1. The flight with Air Canada was pretty standard, nothing outstanding but nothing too disappointing either. The staff were courteous and the food was average.",Neutral,Unknown,General,Anonymous,,synthetic
2. My flight with Qantas was more or less what you would expect. It was a typical long-haul flight with the usual in-flight meals and entertainment.,Neutral,Unknown,General,Anonymous,,synthetic
"3. The British Airways flight had a pretty smooth check-in process. The seats were okay, not too spacious but not overly cramped either.",Neutral,Unknown,General,Anonymous,,synthetic
4. My journey with Lufthansa was quite average. The cabin crew were professional and the in-flight meals were standard.,Neutral,Unknown,General,Anonymous,,synthetic
"5. I had a regular experience with Emirates. The in-flight entertainment was good, but the food could have been better.",Neutral,Unknown,General,Anonymous,,synthetic
6. The Delta Air Lines flight was typical. The legroom was decent and the staff were reasonably friendly.,Neutral,Unknown,General,Anonymous,,synthetic
"7. The Virgin Atlantic flight was alright. The aircraft was clean, and the service was satisfactory.",Neutral,Unknown,General,Anonymous,,synthetic
8. My journey with American Airlines was quite average. The cabin was a bit old but the crew kept it clean and tidy.,Neutral,Unknown,General,Anonymous,,synthetic
9. The Air France flight was normal. There was a decent selection of movies and the food was average.,Neutral,Unknown,General,Anonymous,,synthetic
10. The flight with Singapore Airlines was as expected. The seats were comfortable enough for the long flight and the food was standard.,Neutral,Unknown,General,Anonymous,,synthetic
11. My experience with United Airlines was pretty typical. The staff were polite and the flight was on time.,Neutral,Unknown,General,Anonymous,,synthetic
12. The Cathay Pacific flight was decent. The cabin was well-maintained and the in-flight entertainment was satisfactory.,Neutral,Unknown,General,Anonymous,,synthetic
"13. My journey with Etihad Airways was fairly average. The in-flight meals could have been better, but the staff were professional.",Neutral,Unknown,General,Anonymous,,synthetic
"14. The Turkish Airlines flight was okay. The seats were quite comfortable, but the food was average.",Neutral,Unknown,General,Anonymous,,synthetic
15. My flight with Southwest Airlines was pretty standard. The crew was friendly and the flight was on time.,Neutral,Unknown,General,Anonymous,,synthetic
"16. The KLM flight was as expected. The in-flight entertainment options were good, but the food was not memorable.",Neutral,Unknown,General,Anonymous,,synthetic
17. The Aer Lingus flight was satisfactory. The staff were polite and the flight left on time.,Neutral,Unknown,General,Anonymous,,synthetic
"18. My journey with Ryanair was quite typical. The flight was on time, but the legroom was a bit tight.",Neutral,Unknown,General,Anonymous,,synthetic
"19. The EasyJet flight was average. The check-in process was smooth, but the seats were not very comfortable.",Neutral,Unknown,General,Anonymous,,synthetic
20. The JetBlue flight was okay. The staff were professional and the flight was reasonably comfortable.,Neutral,Unknown,General,Anonymous,,synthetic
"1. ""The check-in process was smooth with United Airlines, the staff was helpful. The in-flight meal could have been better.""",Neutral,Unknown,General,Anonymous,,synthetic
"2. ""Delta Airlines had comfortable seating on their long-haul flights. However, the variety of in-flight entertainment could be improved.""",Neutral,Unknown,General,Anonymous,,synthetic
"3. ""American Airlines offered a decent variety of food and drinks. The legroom was a bit cramped, but the flight was punctual.""",Neutral,Unknown,General,Anonymous,,synthetic
"4. ""JetBlue provided good customer service, both at the airport and on the flight. The cabin could have been a bit cleaner though.""",Neutral,Unknown,General,Anonymous,,synthetic
"5. ""The Southwest Airlines flight was on time and the cabin crew was professional. The in-flight snacks were fairly basic.""",Neutral,Unknown,General,Anonymous,,synthetic
"6. ""The British Airways flight was comfortable with adequate legroom. The Wi-Fi connection was intermittent, which was slightly disappointing.""",Neutral,Unknown,General,Anonymous,,synthetic
"7. ""The Air Canada flight attendants were very professional. The food was average, but the flight departed and landed on time.""",Neutral,Unknown,General,Anonymous,,synthetic
"8. ""The Lufthansa flight had a clean cabin and the check-in process was efficient. The in-flight entertainment options were slightly limited.""",Neutral,Unknown,General,Anonymous,,synthetic
"9. ""The Air France flight was generally comfortable. The food was average but the service was prompt.""",Neutral,Unknown,General,Anonymous,,synthetic
"10. ""The Emirates flight had a well-maintained cabin and the food was satisfactory. The flight was slightly delayed, but the communication was clear.""",Neutral,Unknown,General,Anonymous,,synthetic
"11. ""The Qatar Airways flight had comfortable seating and the staff was polite. The baggage claim process took slightly longer than expected.""",Neutral,Unknown,General,Anonymous,,synthetic
"12. ""The Alaska Airlines flight was comfortable and the staff was courteous. The in-flight entertainment could use some variety.""",Neutral,Unknown,General,Anonymous,,synthetic
"13. ""The Turkish Airlines flight was generally clean and the meal service was timely. The check-in process could have been quicker.""",Neutral,Unknown,General,Anonymous,,synthetic
"14. ""The Cathay Pacific flight was comfortable with good legroom. However, the meal choices were limited.""",Neutral,Unknown,General,Anonymous,,synthetic
"15. ""The Singapore Airlines flight was punctual and the staff was professional. The in-flight entertainment was average.""",Neutral,Unknown,General,Anonymous,,synthetic
"16. ""The KLM flight was clean and the service was efficient. The food was satisfactory but the Wi-Fi connectivity was inconsistent.""",Neutral,Unknown,General,Anonymous,,synthetic
"17. ""The Etihad Airways flight was comfortable and the staff was friendly. The in-flight meal was average.""",Neutral,Unknown,General,Anonymous,,synthetic
"18. ""The Qantas flight was punctual and the cabin was clean. The in-flight entertainment options were somewhat limited.""",Neutral,Unknown,General,Anonymous,,synthetic
"19. ""The Ryanair flight was on schedule and the staff was courteous. The legroom was a bit tight, but manageable for a short-haul flight.""",Neutral,Unknown,General,Anonymous,,synthetic
"20. ""The Aer Lingus flight was on time and the check-in process was efficient. The food was average, and the seats were comfortable enough for the short journey.""",Neutral,Unknown,General,Anonymous,,synthetic
"1. The flight with Air Canada was pretty standard. The crew was professional, and the in-flight services were adequate.",Neutral,Unknown,General,Anonymous,,synthetic
2. Lufthansa's transatlantic flight was typical with comfortable seating and a satisfactory meal service. No significant issues encountered.,Neutral,Unknown,General,Anonymous,,synthetic
"3. The Southwest Airlines flight was punctual, and the cabin crew was competent. The in-flight services were pretty much what you'd expect from a budget airline.",Neutral,Unknown,General,Anonymous,,synthetic
"4. The United Airlines flight was uneventful. The seats were reasonably comfortable, and the in-flight entertainment was satisfactory.",Neutral,Unknown,General,Anonymous,,synthetic
"5. The British Airways flight from London to New York was standard. The food was edible, and the cabin staff was professional.",Neutral,Unknown,General,Anonymous,,synthetic
6. The Air France flight was average with a pleasant staff and average food quality. The plane departed and arrived on time.,Neutral,Unknown,General,Anonymous,,synthetic
7. Delta Airlines provided a typical flight experience. The seats were somewhat tight but bearable for a short flight.,Neutral,Unknown,General,Anonymous,,synthetic
"8. The American Airlines flight was timely, and the check-in process was smooth. The in-flight experience was pretty standard.",Neutral,Unknown,General,Anonymous,,synthetic
"9. JetBlue's in-flight service was adequate, and the cabin crew was friendly. The flight was on time.",Neutral,Unknown,General,Anonymous,,synthetic
"10. Ryanair's service was as expected from a budget airline. The flight was punctual, and the cabin was clean.",Neutral,Unknown,General,Anonymous,,synthetic
"11. The flight with Emirates was decent. The staff was professional, and the in-flight entertainment was good.",Neutral,Unknown,General,Anonymous,,synthetic
"12. The Qatar Airways flight was on time, and the cabin crew was efficient. The meal service was satisfactory.",Neutral,Unknown,General,Anonymous,,synthetic
"13. The Aer Lingus flight was average. The seats were comfortable enough for a short flight, and the staff was professional.",Neutral,Unknown,General,Anonymous,,synthetic
"14. The KLM flight was just about average. The meal service was okay, and the staff was efficient.",Neutral,Unknown,General,Anonymous,,synthetic
"15. The Turkish Airlines flight was uneventful. The food was satisfactory, and the cabin was clean.",Neutral,Unknown,General,Anonymous,,synthetic
"16. The Virgin Atlantic flight was pretty standard. The cabin crew was friendly, and the flight was on time.",Neutral,Unknown,General,Anonymous,,synthetic
"17. The flight with Etihad Airways was typical. The in-flight service was satisfactory, and the cabin staff was efficient.",Neutral,Unknown,General,Anonymous,,synthetic
"18. Our Air New Zealand flight was punctual, and the cabin crew was professional. The in-flight entertainment was average.",Neutral,Unknown,General,Anonymous,,synthetic
"19. The Cathay Pacific flight was okay. The cabin crew was efficient, and the meal service was decent.",Neutral,Unknown,General,Anonymous,,synthetic
"20. The Qantas flight was standard. The cabin was clean, and the flight was on time. The staff was professional.",Neutral,Unknown,General,Anonymous,,synthetic
"1. ""Flight with Airline A was on time and the customer service was satisfactory. The in-flight entertainment options were average.""",Neutral,Unknown,General,Anonymous,,synthetic
"2. ""Took a trip with Airline B recently, the flight was a bit delayed but otherwise uneventful. The cabin crew was polite.""",Neutral,Unknown,General,Anonymous,,synthetic
"3. ""Airline C offered a comfortable enough journey with their standard legroom. Food options were basic but tasted fine.""",Neutral,Unknown,General,Anonymous,,synthetic
"4. ""Flight was punctual with Airline D, seating was comfortable enough for a short haul. Crew members were professional.""",Neutral,Unknown,General,Anonymous,,synthetic
"5. ""Airline E's check-in process was smooth. The flight was slightly delayed but the staff did a good job keeping us informed.""",Neutral,Unknown,General,Anonymous,,synthetic
"6. ""Airline F's food and beverage options were standard. The flight itself was smooth with no disturbances.""",Neutral,Unknown,General,Anonymous,,synthetic
"7. ""Airline G's in-flight service was satisfactory. The seats were a bit cramped but tolerable for a short journey.""",Neutral,Unknown,General,Anonymous,,synthetic
"8. ""Airline H provided a basic level of comfort. The crew was efficient and the flight left and arrived on time.""",Neutral,Unknown,General,Anonymous,,synthetic
"9. ""Airline I had a smooth boarding process and the flight was on time. The food was average but acceptable.""",Neutral,Unknown,General,Anonymous,,synthetic
"10. ""Airline J had a clean cabin and the flight attendants were attentive. The in-flight entertainment could use an update.""",Neutral,Unknown,General,Anonymous,,synthetic
"11. ""Airline K's flight was delayed slightly but the rest of the journey was smooth. The legroom was just enough for comfort.""",Neutral,Unknown,General,Anonymous,,synthetic
"12. ""Airline L's cabin crew was courteous. The food was standard airline fare, and the flight landed on time.""",Neutral,Unknown,General,Anonymous,,synthetic
"13. ""Airline M's check-in process was hassle-free and the flight left on time. The in-flight entertainment selection was average.""",Neutral,Unknown,General,Anonymous,,synthetic
"14. ""Airline N's flight was a little late but otherwise uneventful. The seats were comfortable enough for the journey length.""",Neutral,Unknown,General,Anonymous,,synthetic
"15. ""Airline O's flight was on time, the cabin was clean, and the staff was professional. The food was standard airline fare.""",Neutral,Unknown,General,Anonymous,,synthetic
"16. ""Airline P's service was satisfactory. The flight was a bit crowded but the staff managed well.""",Neutral,Unknown,General,Anonymous,,synthetic
"17. ""Airline Q's flight was on schedule. The in-flight meal was adequate and the staff was professional.""",Neutral,Unknown,General,Anonymous,,synthetic
"18. ""Airline R's boarding process was smooth. The seats were a bit cramped but the flight landed on time.""",Neutral,Unknown,General,Anonymous,,synthetic
"19. ""Airline S's flight was delayed slightly but the rest of the journey was uneventful. The cabin crew was courteous.""",Neutral,Unknown,General,Anonymous,,synthetic
"20. ""Airline T's flight was on time and the check-in process was efficient. The in-flight entertainment options were standard.""",Neutral,Unknown,General,Anonymous,,synthetic
"1. The flight with American Airlines was on time and the staff was professional. The legroom was a bit tight, but manageable for a short flight.",Neutral,Unknown,General,Anonymous,,synthetic
"2. Flew with United Airlines from New York to LA. The plane was a bit older, but the flight itself was smooth and the in-flight meals were decent.",Neutral,Unknown,General,Anonymous,,synthetic
"3. JetBlue provided a satisfactory service. The flight departed and arrived on schedule, with comfortable seating and standard in-flight entertainment.",Neutral,Unknown,General,Anonymous,,synthetic
"4. Delta Airlines' flight was quite average. The staff was polite, the food was fine, and the flight was on time.",Neutral,Unknown,General,Anonymous,,synthetic
"5. Flew with Southwest Airlines for a short haul flight. The process was efficient, the staff were courteous and the plane was clean.",Neutral,Unknown,General,Anonymous,,synthetic
6. Virgin Atlantic provided a fairly standard transatlantic flight. The crew was professional and the in-flight entertainment was up to date.,Neutral,Unknown,General,Anonymous,,synthetic
7. The Alaska Airlines flight was comfortable enough. The seats had decent legroom and the flight landed on time.,Neutral,Unknown,General,Anonymous,,synthetic
"8. Spirit Airlines was a typical budget airline experience. The seats were a bit cramped, but the flight was punctual.",Neutral,Unknown,General,Anonymous,,synthetic
"9. My flight with Ryanair was largely uneventful. The boarding process was a bit long, but the flight itself was fine.",Neutral,Unknown,General,Anonymous,,synthetic
"10. British Airways provided a typical long-haul flight experience. The staff were courteous, and the in-flight meals were of average quality.",Neutral,Unknown,General,Anonymous,,synthetic
"11. Qatar Airways offered a standard flight experience. The crew was professional, the plane was clean, and the flight landed on time.",Neutral,Unknown,General,Anonymous,,synthetic
"12. The flight with Emirates was average. The staff was polite, the food was standard, and the in-flight entertainment was good.",Neutral,Unknown,General,Anonymous,,synthetic
13. Lufthansa served an average meal. The flight was on time and the staff was professional.,Neutral,Unknown,General,Anonymous,,synthetic
"14. The Air France flight was decent. The seats were comfortable enough for a short flight, and the flight attendants were courteous.",Neutral,Unknown,General,Anonymous,,synthetic
"15. Flew with KLM from Amsterdam to New York. The flight was smooth, the crew was professional, and the food was average.",Neutral,Unknown,General,Anonymous,,synthetic
"16. The Etihad Airways flight was comfortable. The staff was polite, the plane was clean, and the flight was on time.",Neutral,Unknown,General,Anonymous,,synthetic
"17. The Turkish Airlines flight was typical. The staff was professional, the food was decent, and the flight was on schedule.",Neutral,Unknown,General,Anonymous,,synthetic
"18. Aer Lingus provided a standard flight experience. The crew was professional, the plane was clean, and the flight landed on time.",Neutral,Unknown,General,Anonymous,,synthetic
"19. The Air Canada flight was quite standard. The staff was polite, the food was average, and the in-flight entertainment was sufficient.",Neutral,Unknown,General,Anonymous,,synthetic
"20. The Singapore Airlines flight was typical. The staff was professional, the food was reasonable, and the flight was on schedule.",Neutral,Unknown,General,Anonymous,,synthetic
"1. ""Flew with Airline X from London to New York. The flight was on schedule and the staff was courteous.""",Neutral,Unknown,General,Anonymous,,synthetic
"2. ""Airline Y's in-flight meals could use some improvements, but the seats were comfortable enough for the long journey.""",Neutral,Unknown,General,Anonymous,,synthetic
"3. ""Had an okay experience with Airline Z. The ticketing process was smooth, but the legroom was a bit tight.""",Neutral,Unknown,General,Anonymous,,synthetic
"4. ""Airline A's service was efficient. The flight was on time and the cabin was clean.""",Neutral,Unknown,General,Anonymous,,synthetic
"5. ""An average experience with Airline B. The staff was professional but the in-flight entertainment options were limited.""",Neutral,Unknown,General,Anonymous,,synthetic
"6. ""Flew with Airline C from Sydney to Tokyo. The cabin crew was polite and the flight was smooth.""",Neutral,Unknown,General,Anonymous,,synthetic
"7. ""Airline D's boarding process was organized. The food was mediocre, but the flight landed on time.""",Neutral,Unknown,General,Anonymous,,synthetic
"8. ""Had a decent experience with Airline E. The seats were a bit cramped, but the staff was attentive.""",Neutral,Unknown,General,Anonymous,,synthetic
"9. ""Airline F offered a smooth check-in process. The flight was a bit delayed, but the crew managed it well.""",Neutral,Unknown,General,Anonymous,,synthetic
"10. ""Flew with Airline G from Paris to Rome. The flight was comfortable and the staff was friendly, but the food could be better.""",Neutral,Unknown,General,Anonymous,,synthetic
"11. ""Airline H's flight from Madrid to Lisbon was punctual. The seats were okay, but the luggage handling could improve.""",Neutral,Unknown,General,Anonymous,,synthetic
"12. ""Airline I offered a smooth flight from Beijing to Shanghai. The in-flight service was efficient, but the food was average.""",Neutral,Unknown,General,Anonymous,,synthetic
"13. ""Flew with Airline J from Dubai to Mumbai. The flight was on time and the cabin was clean, but the legroom was a bit limited.""",Neutral,Unknown,General,Anonymous,,synthetic
"14. ""Airline K's service was efficient. The flight was punctual, but the in-flight entertainment options were lacking.""",Neutral,Unknown,General,Anonymous,,synthetic
"15. ""Had an uneventful experience with Airline L. The check-in process was smooth, but the luggage handling took a bit longer.""",Neutral,Unknown,General,Anonymous,,synthetic
"16. ""Airline M's flight from Toronto to Vancouver was on time. The staff was professional, but the food quality was average.""",Neutral,Unknown,General,Anonymous,,synthetic
"17. ""Flew with Airline N from Delhi to Bangkok. The flight was comfortable but the in-flight meal could use some improvement.""",Neutral,Unknown,General,Anonymous,,synthetic
"18. ""Airline O's service was decent. The flight departed and arrived on schedule, but the seats were a bit tight.""",Neutral,Unknown,General,Anonymous,,synthetic
"19. ""Had a typical experience with Airline P. The boarding process was well-managed, but the in-flight entertainment was limited.""",Neutral,Unknown,General,Anonymous,,synthetic
"20. ""Airline Q's flight from Amsterdam to Berlin was on time. The cabin crew was polite, but the food options were not impressive.""",Neutral,Unknown,General,Anonymous,,synthetic
"1. ""JetBlue offered a pretty standard flight experience. The staff was polite and the food was acceptable.""",Neutral,Unknown,General,Anonymous,,synthetic
"2. ""United Airlines' in-flight entertainment was a bonus, although the seats were a bit cramped.""",Neutral,Unknown,General,Anonymous,,synthetic
"3. ""On my American Airlines flight, the check-in process was smooth, but the flight was slightly delayed.""",Neutral,Unknown,General,Anonymous,,synthetic
"4. ""Delta Airlines provided basic amenities on board. However, the legroom was a bit tight.""",Neutral,Unknown,General,Anonymous,,synthetic
"5. ""On my Southwest Airlines flight, the cabin crew was friendly enough. The meals could use some improvement though.""",Neutral,Unknown,General,Anonymous,,synthetic
"6. ""The flight with Air France was on time and the boarding process was orderly. The food was just average.""",Neutral,Unknown,General,Anonymous,,synthetic
"7. ""Lufthansa provided good service on my recent trip. The in-flight entertainment choices were standard.""",Neutral,Unknown,General,Anonymous,,synthetic
"8. ""On my British Airways flight, the seats were comfortable enough for a long haul. However, the food was mediocre.""",Neutral,Unknown,General,Anonymous,,synthetic
"9. ""The flight with Ryanair was punctual and the cabin was clean. The lack of complimentary snacks was a bit disappointing though.""",Neutral,Unknown,General,Anonymous,,synthetic
"10. ""Emirates offered a decent in-flight experience. The meals served were satisfactory.""",Neutral,Unknown,General,Anonymous,,synthetic
"11. ""The flight with Spirit Airlines was fine. The seats weren't very spacious, but the flight was on time.""",Neutral,Unknown,General,Anonymous,,synthetic
"12. ""The Air Canada flight was average. The staff was professional, but the entertainment system was out of order.""",Neutral,Unknown,General,Anonymous,,synthetic
"13. ""Qantas provided a smooth check-in process. The food and beverage options were standard.""",Neutral,Unknown,General,Anonymous,,synthetic
"14. ""The Turkish Airlines flight was average. The seats were comfortable but the in-flight entertainment could be improved.""",Neutral,Unknown,General,Anonymous,,synthetic
"15. ""Air India's flight was punctual. The in-flight meal was just okay.""",Neutral,Unknown,General,Anonymous,,synthetic
"16. ""On my recent flight with Etihad, the cabin crew was courteous. The legroom was a bit limited though.""",Neutral,Unknown,General,Anonymous,,synthetic
"17. ""The Cathay Pacific flight was satisfactory. The in-flight entertainment was decent, but the food was just average.""",Neutral,Unknown,General,Anonymous,,synthetic
"18. ""On my Aeroflot flight, the staff was professional. The boarding process could've been more organized.""",Neutral,Unknown,General,Anonymous,,synthetic
"19. ""The KLM flight was on time and the cabin was clean. The meal options were limited though.""",Neutral,Unknown,General,Anonymous,,synthetic
"20. ""The Alaska Airlines flight was okay. The staff was friendly, but the seats could use more padding.""",Neutral,Unknown,General,Anonymous,,synthetic
"1. The flight with Air Canada was acceptable. The staff was professional, but the in-flight food could have been better.",Neutral,Unknown,General,Anonymous,,synthetic
2. I flew with Delta Airlines recently. The seats were pretty comfortable and the crew were efficient.,Neutral,Unknown,General,Anonymous,,synthetic
"3. I had an adequate experience with British Airways. The flight was on time and the cabin was clean, but the entertainment system was outdated.",Neutral,Unknown,General,Anonymous,,synthetic
"4. My flight with American Airlines was okay. The service was decent, although the legroom was a bit limited.",Neutral,Unknown,General,Anonymous,,synthetic
"5. Emirates provided a standard flight experience. The in-flight entertainment was satisfactory, but the food was just average.",Neutral,Unknown,General,Anonymous,,synthetic
6. My trip on Southwest Airlines was fine. The check-in process was smooth and the flight was punctual.,Neutral,Unknown,General,Anonymous,,synthetic
7. I took a flight with United Airlines recently. The service was reasonable and the flight was generally comfortable.,Neutral,Unknown,General,Anonymous,,synthetic
"8. My experience with Qantas was typical. The seats were comfortable enough for a long-haul flight, but the meal options were limited.",Neutral,Unknown,General,Anonymous,,synthetic
"9. I flew with Air France and had a standard flight. The staff were polite, but the flight was slightly delayed.",Neutral,Unknown,General,Anonymous,,synthetic
"10. The JetBlue flight was alright. The seats were decently comfortable, but the in-flight meal was nothing special.",Neutral,Unknown,General,Anonymous,,synthetic
"11. My flight with Lufthansa was average. The cabin was clean, but the in-flight entertainment could use an update.",Neutral,Unknown,General,Anonymous,,synthetic
"12. I had an ordinary experience with Alaska Airlines. The flight was on time, but the cabin temperature was a bit too cold.",Neutral,Unknown,General,Anonymous,,synthetic
"13. My trip with Spirit Airlines was acceptable. The staff was friendly, but the baggage policy was a bit confusing.",Neutral,Unknown,General,Anonymous,,synthetic
"14. I flew with Ryanair recently. The flight was on time and the cabin crew were professional, however, the seats were a bit cramped.",Neutral,Unknown,General,Anonymous,,synthetic
"15. My experience with Turkish Airlines was okay. The boarding process was smooth, but the food was just average.",Neutral,Unknown,General,Anonymous,,synthetic
"16. The flight with Etihad Airways was satisfactory. The cabin was clean and the flight was on time, but the legroom was a bit limited.",Neutral,Unknown,General,Anonymous,,synthetic
"17. I had a typical experience with Virgin Atlantic. The staff was friendly, but the in-flight entertainment was lacking.",Neutral,Unknown,General,Anonymous,,synthetic
"18. My flight with Aer Lingus was decent. The check-in process was smooth, but the flight was slightly delayed.",Neutral,Unknown,General,Anonymous,,synthetic
"19. My trip on Air New Zealand was fine. The seats were comfortable, but the in-flight meal could have been better.",Neutral,Unknown,General,Anonymous,,synthetic
"20. I flew with Cathay Pacific recently. The service was professional, but the in-flight entertainment options were limited.",Neutral,Unknown,General,Anonymous,,synthetic
1. The Delta flight was punctual and the onboard service was adequate. The legroom was a bit cramped but manageable.,Neutral,Unknown,General,Anonymous,,synthetic
"2. American Airlines' inflight entertainment selection was commendable. The food was average, nothing to rave about.",Neutral,Unknown,General,Anonymous,,synthetic
"3. Southwest Airlines provided a straightforward, no-frills flight. The staff was professional and the flight departed on time.",Neutral,Unknown,General,Anonymous,,synthetic
"4. While the British Airways flight was comfortable, the in-flight meal could use improvement. However, the staff was very polite and helpful.",Neutral,Unknown,General,Anonymous,,synthetic
"5. Virgin Atlantic's newer plane made for a comfortable journey, though the Wi-Fi was somewhat slow. The crew was attentive and professional.",Neutral,Unknown,General,Anonymous,,synthetic
6. United Airlines flight was efficient; the check-in process was smooth and the flight was on time. The onboard amenities were standard.,Neutral,Unknown,General,Anonymous,,synthetic
7. JetBlue provided a pleasant flight experience with a good selection of snacks. The seats were just average in terms of comfort.,Neutral,Unknown,General,Anonymous,,synthetic
"8. The Lufthansa flight was quite satisfactory. The cabin was clean, and the crew was courteous, but the food was rather plain.",Neutral,Unknown,General,Anonymous,,synthetic
"9. Air Canada's flight was punctual, and the cabin crew was professional. The food options were limited but acceptable.",Neutral,Unknown,General,Anonymous,,synthetic
"10. The Air France flight was smooth and the cabin crew was competent. The in-flight entertainment was a bit outdated, though.",Neutral,Unknown,General,Anonymous,,synthetic
"11. The KLM flight was average, with a simple check-in process and on-time departure. The in-flight meal was nothing special.",Neutral,Unknown,General,Anonymous,,synthetic
"12. Etihad Airways provided a satisfactory service with comfortable seating. The in-flight entertainment was adequate, but the food could have been better.",Neutral,Unknown,General,Anonymous,,synthetic
"13. Qantas provided a decent flight with an efficient check-in process. The in-flight entertainment was satisfactory, but the legroom was a bit tight.",Neutral,Unknown,General,Anonymous,,synthetic
14. The Turkish Airlines flight was generally comfortable and the staff was professional. The food was acceptable but not outstanding.,Neutral,Unknown,General,Anonymous,,synthetic
"15. Air New Zealand's service was efficient. The seats were comfortable, but the in-flight entertainment could use an upgrade.",Neutral,Unknown,General,Anonymous,,synthetic
"16. The Emirates flight was satisfactory. The cabin was clean and the staff was professional, but the food was average.",Neutral,Unknown,General,Anonymous,,synthetic
"17. Cathay Pacific's flight was smooth, with a professional crew. The in-flight entertainment was good but the food was mediocre.",Neutral,Unknown,General,Anonymous,,synthetic
"18. The Singapore Airlines flight was comfortable overall, but the check-in process was a bit slow. The in-flight meal was satisfactory.",Neutral,Unknown,General,Anonymous,,synthetic
"19. Qatar Airways provided a decent flight. The cabin crew was professional and the flight was on time, but the food was just average.",Neutral,Unknown,General,Anonymous,,synthetic
"20. The Finnair flight was efficient, with a smooth check-in process. The in-flight entertainment was satisfactory, but the legroom was a bit tight.",Neutral,Unknown,General,Anonymous,,synthetic
1. The flight with Airline X was overall satisfactory. The cabin was clean and the crew was professional.,Neutral,Unknown,General,Anonymous,,synthetic
2. Airline Y provided a timely service. No issues with the baggage handling and the in-flight meal was acceptable.,Neutral,Unknown,General,Anonymous,,synthetic
3. Airline Z's seats were comfortable enough for a long-haul flight. The entertainment selection was also decent.,Neutral,Unknown,General,Anonymous,,synthetic
4. Found the check-in process at Airline A to be smooth. The flight was on time and the staff was courteous.,Neutral,Unknown,General,Anonymous,,synthetic
5. Boarded Airline B for a short-haul flight. The snacks provided were average and the flight landed on time.,Neutral,Unknown,General,Anonymous,,synthetic
6. Airline C had a reasonably priced ticket. The legroom was fine and the cabin crew was polite.,Neutral,Unknown,General,Anonymous,,synthetic
7. The meal on Airline D could have been better but the service was prompt. The flight took off and landed as per schedule.,Neutral,Unknown,General,Anonymous,,synthetic
8. The in-flight entertainment on Airline E was satisfactory. The flight was without any major delays.,Neutral,Unknown,General,Anonymous,,synthetic
9. Airline F's cabin was clean and the service was efficient. The food was standard airline fare.,Neutral,Unknown,General,Anonymous,,synthetic
10. Had a standard experience on Airline G. The staff was professional and the flight was on time.,Neutral,Unknown,General,Anonymous,,synthetic
11. Airline H offered a decent amount of legroom. The boarding process was organized and the flight took off on time.,Neutral,Unknown,General,Anonymous,,synthetic
12. The in-flight meal on Airline I was average. The crew was attentive and the flight landed on schedule.,Neutral,Unknown,General,Anonymous,,synthetic
13. Airline J provided a comfortable seat. The cabin crew was polite and the service was efficient.,Neutral,Unknown,General,Anonymous,,synthetic
14. Had an average experience with Airline K. The flight was on time and the baggage handling was smooth.,Neutral,Unknown,General,Anonymous,,synthetic
15. The flight with Airline L was satisfactory. The crew was professional and the cabin was clean.,Neutral,Unknown,General,Anonymous,,synthetic
16. Airline M's service was efficient. The flight was without any major delays and the in-flight entertainment was okay.,Neutral,Unknown,General,Anonymous,,synthetic
17. Found the check-in process at Airline N to be smooth. The flight was on time and the meal was acceptable.,Neutral,Unknown,General,Anonymous,,synthetic
18. Boarded Airline O for a short-haul flight. The snack provided was average and the flight landed on time.,Neutral,Unknown,General,Anonymous,,synthetic
19. Airline P had a reasonably priced ticket. The legroom was fine and the cabin crew was professional.,Neutral,Unknown,General,Anonymous,,synthetic
"20. The meal on Airline Q was satisfactory. The flight took off and landed as per schedule, and the service was prompt.",Neutral,Unknown,General,Anonymous,,synthetic
1. Airline X's flight was generally on time and the cabin was kept clean. The food was standard airline fare.,Neutral,Unknown,General,Anonymous,,synthetic
"2. Overall, I had an average experience with Airline Y. The seats were comfortable enough for a long haul flight and the staff was polite.",Neutral,Unknown,General,Anonymous,,synthetic
3. My flight with Airline Z was mostly smooth with slight turbulence. The entertainment options were a bit limited though.,Neutral,Unknown,General,Anonymous,,synthetic
4. Airline A's in-flight meal was typical but the additional snacks were a nice touch. The flight attendants were attentive too.,Neutral,Unknown,General,Anonymous,,synthetic
"5. While Airline B's boarding process was a bit disorganized, the flight itself was fairly comfortable and punctual.",Neutral,Unknown,General,Anonymous,,synthetic
6. Airline C's flight was on schedule with adequate legroom in economy class. The in-flight magazine could use an update.,Neutral,Unknown,General,Anonymous,,synthetic
7. The overall experience with Airline D was as expected. Flight was on time and the baggage claim process was smooth.,Neutral,Unknown,General,Anonymous,,synthetic
"8. Airline E's customer service was decent. The food was typical airline food, not bad but not outstanding either.",Neutral,Unknown,General,Anonymous,,synthetic
9. Airline F's flight was quite comfortable with average legroom. The cleanliness of the cabin could be improved though.,Neutral,Unknown,General,Anonymous,,synthetic
"10. Airline G offered a reasonable selection of in-flight entertainment. The crew was pleasant, and the flight was mostly smooth.",Neutral,Unknown,General,Anonymous,,synthetic
11. The flight with Airline H was punctual and the booking process was straightforward. The food quality was average.,Neutral,Unknown,General,Anonymous,,synthetic
"12. While Airline I's seats were a bit cramped, the rest of the flight was fairly comfortable. The crew was professional.",Neutral,Unknown,General,Anonymous,,synthetic
13. Airline J's flight was quite standard with no major issues. The food was average but the service was efficient.,Neutral,Unknown,General,Anonymous,,synthetic
14. The flight with Airline K was on time and the cabin was clean. The selection of beverages could be improved.,Neutral,Unknown,General,Anonymous,,synthetic
15. Airline L's flight was uneventful and generally comfortable. The in-flight entertainment was limited but functional.,Neutral,Unknown,General,Anonymous,,synthetic
16. The flight with Airline M was punctual and the check-in process was smooth. The meal options were rather limited.,Neutral,Unknown,General,Anonymous,,synthetic
"17. Airline N's service was okay, and the flight arrived on time. The legroom was average for economy class.",Neutral,Unknown,General,Anonymous,,synthetic
18. The flight with Airline O was comfortable with standard amenities. The boarding process was a bit slow though.,Neutral,Unknown,General,Anonymous,,synthetic
19. Airline P's flight was on time and the staff was friendly. The food was adequate but nothing special.,Neutral,Unknown,General,Anonymous,,synthetic
"20. Airline Q's flight was generally good. The cabin was clean and the flight landed on time, but the in-flight entertainment was a bit outdated.",Neutral,Unknown,General,Anonymous,,synthetic
"1. ""The flight with Airline X was on schedule, the cabin was clean and the in-flight meal was satisfactory.""",Neutral,Unknown,General,Anonymous,,synthetic
"2. ""Airline Y provided standard service on my trip. The flight crew was professional and the flight was smooth.""",Neutral,Unknown,General,Anonymous,,synthetic
"3. ""Airline Z's flight was comfortable enough. The crew was polite, and the in-flight entertainment options were decent.""",Neutral,Unknown,General,Anonymous,,synthetic
"4. ""The flight with Airline A was quite average. The seats were comfortable but the food options could be improved.""",Neutral,Unknown,General,Anonymous,,synthetic
"5. ""Airline B was reliable, with the flight departing and arriving on time. The cabin crew could be more attentive.""",Neutral,Unknown,General,Anonymous,,synthetic
"6. ""Airline C's flight was just okay. The in-flight entertainment was good, but the legroom was a bit tight.""",Neutral,Unknown,General,Anonymous,,synthetic
"7. ""Airline D's flight was fine. The seats were comfortable, but the in-flight meals were not to my taste.""",Neutral,Unknown,General,Anonymous,,synthetic
"8. ""Airline E got us to our destination safely and on time. The plane was clean, although the cabin temperature was a bit chilly.""",Neutral,Unknown,General,Anonymous,,synthetic
"9. ""Airline F's flight was normal. The check-in process was smooth and the seats were fairly comfortable.""",Neutral,Unknown,General,Anonymous,,synthetic
"10. ""Airline G's flight was standard. The ticket price was reasonable, and the flight took off and landed on time.""",Neutral,Unknown,General,Anonymous,,synthetic
"11. ""Airline H's flight had nothing out of the ordinary. The cabin crew was polite, but the food was just average.""",Neutral,Unknown,General,Anonymous,,synthetic
"12. ""Airline I provided an average experience. The flight was punctual, but the in-flight entertainment could use an upgrade.""",Neutral,Unknown,General,Anonymous,,synthetic
"13. ""Airline J's flight was satisfactory. The legroom was enough, but the meal options were quite limited.""",Neutral,Unknown,General,Anonymous,,synthetic
"14. ""Airline K flew us to our destination without any major issues. However, the in-flight service could be better.""",Neutral,Unknown,General,Anonymous,,synthetic
"15. ""Airline L's flight was reliable, but the seat comfort could be improved. The cabin crew was polite.""",Neutral,Unknown,General,Anonymous,,synthetic
"16. ""Airline M's flight was standard. The in-flight entertainment was okay, but the food could have been better.""",Neutral,Unknown,General,Anonymous,,synthetic
"17. ""Airline N's flight was average. The boarding process was smooth, but the cabin was a bit crowded.""",Neutral,Unknown,General,Anonymous,,synthetic
"18. ""Airline O's flight was okay. The flight was punctual, but the seat comfort was just average.""",Neutral,Unknown,General,Anonymous,,synthetic
"19. ""Airline P's flight was acceptable. The cabin was clean, but the in-flight meal was below average.""",Neutral,Unknown,General,Anonymous,,synthetic
"20. ""Airline Q's flight was uneventful. The crew was professional, but the in-flight entertainment options were limited.""",Neutral,Unknown,General,Anonymous,,synthetic
"1. JetBlue Airways offered a generally comfortable flight experience. The seats could use a bit more legroom, but the in-flight entertainment was decent.",Neutral,Unknown,General,Anonymous,,synthetic
"2. Frontier Airlines' service was satisfactory. There was a slight delay in departure, but the crew kept us informed.",Neutral,Unknown,General,Anonymous,,synthetic
"3. Delta Airlines provided an average service. The food could use some improvement, but the cabin was clean and well-maintained.",Neutral,Unknown,General,Anonymous,,synthetic
4. United Airlines' flight was decent. The flight attendants were professional and the boarding process was smooth.,Neutral,Unknown,General,Anonymous,,synthetic
5. Southwest Airlines provided a typical flight experience. The seats were comfortable enough for a short-haul flight.,Neutral,Unknown,General,Anonymous,,synthetic
"6. American Airlines' in-flight service was adequate. There was a good range of movies available, but the food options were rather limited.",Neutral,Unknown,General,Anonymous,,synthetic
"7. Spirit Airlines' flight was alright. The no-frills approach might not suit everyone, but it was efficient for a budget airline.",Neutral,Unknown,General,Anonymous,,synthetic
8. Alaska Airlines provided a standard service. The seats were comfortable and the cabin crew was polite.,Neutral,Unknown,General,Anonymous,,synthetic
"9. Lufthansa's flight was okay. The entertainment system had a good variety of options, but the meal portions were a bit small.",Neutral,Unknown,General,Anonymous,,synthetic
10. Air France's service was satisfactory. The flight was on time and the staff was professional.,Neutral,Unknown,General,Anonymous,,synthetic
11. British Airways' flight experience was average. Legroom was limited but the airline provided a decent meal service.,Neutral,Unknown,General,Anonymous,,synthetic
12. Qantas Airways offered a typical long-haul service. The cabin was clean and the flight departed on time.,Neutral,Unknown,General,Anonymous,,synthetic
"13. Emirates' flight was average, with comfortable seating and a range of entertainment options. The food was typical airline fare.",Neutral,Unknown,General,Anonymous,,synthetic
14. Air Canada's service was decent. The check-in process was smooth and the flight landed on time.,Neutral,Unknown,General,Anonymous,,synthetic
15. Singapore Airlines provided an acceptable service. The flight attendants were courteous and the in-flight meals were satisfactory.,Neutral,Unknown,General,Anonymous,,synthetic
"16. Cathay Pacific's flight was standard. The seats were comfortable, but the in-flight entertainment could use an update.",Neutral,Unknown,General,Anonymous,,synthetic
17. Turkish Airlines' service was average. The boarding process was organized and the food was acceptable.,Neutral,Unknown,General,Anonymous,,synthetic
"18. Virgin Atlantic's flight was okay. There was a good range of in-flight entertainment, but the seats were a bit cramped.",Neutral,Unknown,General,Anonymous,,synthetic
19. Ryanair's service was typical for a budget airline. The flight was on time and the crew was efficient.,Neutral,Unknown,General,Anonymous,,synthetic
20. KLM's flight was decent. The cabin crew was professional and the flight departed and arrived on time.,Neutral,Unknown,General,Anonymous,,synthetic
"1. The flight with Airline X was on time and the staff was polite. The in-flight meal was okay, but nothing extraordinary.",Neutral,Unknown,General,Anonymous,,synthetic
"2. Airline Y's seats were comfortable enough for the short flight, and the cabin was clean. No issues with baggage handling.",Neutral,Unknown,General,Anonymous,,synthetic
"3. Took a long-haul flight with Airline Z. The in-flight entertainment was decent with a good selection of movies, however, the meals could be improved.",Neutral,Unknown,General,Anonymous,,synthetic
4. Airline A's online check-in process was straightforward. The flight itself was standard with no major complaints.,Neutral,Unknown,General,Anonymous,,synthetic
"5. I had a smooth flight with Airline B. The cabin crew was professional, but not overly friendly.",Neutral,Unknown,General,Anonymous,,synthetic
6. Airline C's flight was delayed slightly but they made up for lost time. The food quality was average.,Neutral,Unknown,General,Anonymous,,synthetic
7. The legroom on Airline D's flight was just adequate. The check-in process was smooth and the staff was professional.,Neutral,Unknown,General,Anonymous,,synthetic
8. Airline E provided a standard in-flight meal that was satisfactory. The flight attendants were attentive.,Neutral,Unknown,General,Anonymous,,synthetic
9. Took a domestic flight with Airline F. The boarding process was orderly and the flight itself was uneventful.,Neutral,Unknown,General,Anonymous,,synthetic
10. Airline G's flight arrived on schedule. The in-flight entertainment could use an update.,Neutral,Unknown,General,Anonymous,,synthetic
11. The seat comfort on Airline H's economy class was average. The cabin crew did their job efficiently.,Neutral,Unknown,General,Anonymous,,synthetic
"12. Airline I's flight was fine, with clean planes and decent service. The food quality was typical for airline food.",Neutral,Unknown,General,Anonymous,,synthetic
13. The overall experience with Airline J was okay. The flight was on time and the staff was efficient.,Neutral,Unknown,General,Anonymous,,synthetic
14. Airline K's flight was comfortable enough for a short journey. The food served was standard airline fare.,Neutral,Unknown,General,Anonymous,,synthetic
"15. The flight with Airline L was on time, and the boarding process was efficient. The in-flight service was average.",Neutral,Unknown,General,Anonymous,,synthetic
16. The baggage handling by Airline M was efficient. The in-flight meal was just okay.,Neutral,Unknown,General,Anonymous,,synthetic
17. Airline N's flight attendants were polite and professional. The legroom in economy class was just adequate.,Neutral,Unknown,General,Anonymous,,synthetic
18. The entertainment system on Airline O's long-haul flight was good. The meals served were average.,Neutral,Unknown,General,Anonymous,,synthetic
19. The overall service of Airline P was satisfactory. The flight left on time and arrived as scheduled.,Neutral,Unknown,General,Anonymous,,synthetic
"20. Airline Q's flight was comfortable with clean cabins. The check-in process was smooth, but the food could be better.",Neutral,Unknown,General,Anonymous,,synthetic
1. American Airlines provided a standard flight experience with a comfortable seat and limited legroom. The meal was adequate and the staff was professional.,Neutral,Unknown,General,Anonymous,,synthetic
"2. United Airlines offered the expected amenities for a transatlantic flight. The inflight entertainment could use an update, but overall it was satisfactory.",Neutral,Unknown,General,Anonymous,,synthetic
"3. Delta Airlines' flight was on time and the check-in process was smooth. However, the cabin was a bit too cold for my liking.",Neutral,Unknown,General,Anonymous,,synthetic
"4. The flight with Lufthansa was okay. The food was average, but the staff was polite and helpful.",Neutral,Unknown,General,Anonymous,,synthetic
5. Southwest Airlines provided a routine experience. The boarding process was well organized yet the Wi-Fi connectivity was intermittent.,Neutral,Unknown,General,Anonymous,,synthetic
6. British Airways' flight was comfortable with decent legroom. The inflight meal was typical airline fare and the crew was professional.,Neutral,Unknown,General,Anonymous,,synthetic
7. The flight with Qatar Airways was generally good. The seats were comfortable but the choice of movies could be improved.,Neutral,Unknown,General,Anonymous,,synthetic
"8. Flying with Air Canada was a standard experience. The cabin was clean, but the food options were somewhat limited.",Neutral,Unknown,General,Anonymous,,synthetic
"9. The Virgin Atlantic flight was satisfactory. The seat was comfortable enough for the long journey, although the meal could have been better.",Neutral,Unknown,General,Anonymous,,synthetic
"10. The Emirates flight was as expected. The cabin crew was efficient and polite, however, the food was average.",Neutral,Unknown,General,Anonymous,,synthetic
11. The journey with Cathay Pacific was typical. The check-in process was smooth and the flight arrived on time.,Neutral,Unknown,General,Anonymous,,synthetic
12. The Ryanair flight was standard. The seats were somewhat cramped but the flight was punctual.,Neutral,Unknown,General,Anonymous,,synthetic
"13. The KLM flight was okay. The staff was courteous, but the meal was just adequate.",Neutral,Unknown,General,Anonymous,,synthetic
"14. The Etihad Airways flight was satisfactory. The legroom was decent, but the in-flight entertainment was lacking.",Neutral,Unknown,General,Anonymous,,synthetic
15. The Turkish Airlines flight was average. The seats were comfortable enough and the food was okay.,Neutral,Unknown,General,Anonymous,,synthetic
16. The Air France flight was as expected. The crew was professional and the flight was on time.,Neutral,Unknown,General,Anonymous,,synthetic
17. The JetBlue flight had a smooth check-in process and the flight left on time. The in-flight amenities were standard.,Neutral,Unknown,General,Anonymous,,synthetic
"18. The Singapore Airlines flight was average. The cabin was clean, but the food served was just satisfactory.",Neutral,Unknown,General,Anonymous,,synthetic
"19. The EasyJet flight was typical. The seats were a bit cramped, but the flight was punctual.",Neutral,Unknown,General,Anonymous,,synthetic
"20. The Alaska Airlines flight was okay. The inflight service was professional, but the meal options could have been better.",Neutral,Unknown,General,Anonymous,,synthetic
"1. ""Airline X provided a satisfactory service. The flight was on time and the onboard meal was acceptable.""",Neutral,Unknown,General,Anonymous,,synthetic
"2. ""An average experience with Airline Y. The staff was professional, but the lack of inflight entertainment was noticeable.""",Neutral,Unknown,General,Anonymous,,synthetic
"3. ""Airline Z's seats were fairly comfortable for a long-haul flight. The food could have been better.""",Neutral,Unknown,General,Anonymous,,synthetic
"4. ""Airline A's flight was efficient, departing and arriving as scheduled. The cabin could use a bit more cleaning, though.""",Neutral,Unknown,General,Anonymous,,synthetic
"5. ""Airline B's service was decent. The crew was professional and the flight was smooth, but the meals were just okay.""",Neutral,Unknown,General,Anonymous,,synthetic
"6. ""Airline C's baggage handling was efficient. The flight itself was uneventful, with minimal turbulence.""",Neutral,Unknown,General,Anonymous,,synthetic
"7. ""The flight with Airline D was on time, which was appreciated. The legroom was a bit cramped for my liking.""",Neutral,Unknown,General,Anonymous,,synthetic
"8. ""Airline E provided a standard service. The plane was a little old but the flight was comfortable.""",Neutral,Unknown,General,Anonymous,,synthetic
"9. ""The staff at Airline F were courteous. The inflight meal was basic but palatable.""",Neutral,Unknown,General,Anonymous,,synthetic
"10. ""Airline G's flight was relatively smooth. The cabin crew was attentive, but the seats were not the most comfortable.""",Neutral,Unknown,General,Anonymous,,synthetic
"11. ""Airline H provided an average service. The flight was on schedule and the ticketing process was efficient.""",Neutral,Unknown,General,Anonymous,,synthetic
"12. ""The flight with Airline I was satisfactory. The food and beverage service was timely but the choice was limited.""",Neutral,Unknown,General,Anonymous,,synthetic
"13. ""Airline J's service was quite standard. The flight was on time and the cabin was clean, but the legroom was limited.""",Neutral,Unknown,General,Anonymous,,synthetic
"14. ""Airline K's flight was smooth and punctual. The inflight entertainment was a bit outdated, though.""",Neutral,Unknown,General,Anonymous,,synthetic
"15. ""The flight with Airline L was decent. The staff was attentive, but the food was nothing special.""",Neutral,Unknown,General,Anonymous,,synthetic
"16. ""Airline M's flight was uneventful. The boarding process was smooth, but the seats were a bit uncomfortable.""",Neutral,Unknown,General,Anonymous,,synthetic
"17. ""Airline N's service was adequate. The flight arrived on time, but the baggage claim process took a while.""",Neutral,Unknown,General,Anonymous,,synthetic
"18. ""The flight with Airline O was okay. The crew was professional and the plane was clean, but the food could have been better.""",Neutral,Unknown,General,Anonymous,,synthetic
"19. ""Airline P's flight was average. The check-in process was efficient, but the inflight entertainment could use an upgrade.""",Neutral,Unknown,General,Anonymous,,synthetic
"20. ""The flight with Airline Q was satisfactory. The ticketing process was quick, but the cabin was a bit cramped.""",Neutral,Unknown,General,Anonymous,,synthetic
1. Airline A offered a standard flying experience. The staff was professional and the seating was comfortable enough for a short haul flight.,Neutral,Unknown,General,Anonymous,,synthetic
2. Airline B provided a satisfactory service. The flight was on time and the in-flight entertainment was decent.,Neutral,Unknown,General,Anonymous,,synthetic
"3. Flew with Airline C recently. The food was average, and the flight attendants were attentive enough.",Neutral,Unknown,General,Anonymous,,synthetic
"4. Airline D's flight was acceptable. The plane was clean, the flight was smooth, but the legroom was a little tight.",Neutral,Unknown,General,Anonymous,,synthetic
"5. My flight with Airline E was just fine. The check-in process was smooth, but the boarding was slightly disorganized.",Neutral,Unknown,General,Anonymous,,synthetic
"6. Airline F's service was reasonable. The seats were a bit cramped, however, the staff was polite and helpful.",Neutral,Unknown,General,Anonymous,,synthetic
"7. Had a typical experience with Airline G. The flight was on time, and in-flight meals were okay.",Neutral,Unknown,General,Anonymous,,synthetic
"8. Airline H provided a decent service. The plane was a bit old but well maintained, and the crew was professional.",Neutral,Unknown,General,Anonymous,,synthetic
"9. Flew with Airline I recently. The flight was punctual, but the in-flight entertainment could use an upgrade.",Neutral,Unknown,General,Anonymous,,synthetic
"10. Airline J offered a routine flying experience. The food was not outstanding but edible, and the staff provided decent service.",Neutral,Unknown,General,Anonymous,,synthetic
"11. My flight with Airline K was acceptable. The plane was clean, but the legroom was rather limited.",Neutral,Unknown,General,Anonymous,,synthetic
"12. Airline L's service was satisfactory. The boarding process was a bit chaotic, however, the flight arrived on time.",Neutral,Unknown,General,Anonymous,,synthetic
"13. Had a standard experience with Airline M. The meals were average, and the staff was courteous.",Neutral,Unknown,General,Anonymous,,synthetic
"14. Airline N provided an adequate service. The plane was quite old, but the seats were comfortable enough.",Neutral,Unknown,General,Anonymous,,synthetic
"15. Flew with Airline O recently. The flight departed and arrived on schedule, but the in-flight entertainment was lacking.",Neutral,Unknown,General,Anonymous,,synthetic
"16. The service of Airline P was acceptable. The food was fair, and the flight attendants were reasonably attentive.",Neutral,Unknown,General,Anonymous,,synthetic
"17. My flight with Airline Q was okay. The check-in process was smooth, but the boarding was a bit confusing.",Neutral,Unknown,General,Anonymous,,synthetic
"18. Airline R provided a mediocre service. The seats were a bit tight, however, the staff was friendly.",Neutral,Unknown,General,Anonymous,,synthetic
"19. Had a regular experience with Airline S. The flight was punctual, and the in-flight meals were fine.",Neutral,Unknown,General,Anonymous,,synthetic
"20. Airline T offered a normal flying experience. The plane was a bit outdated but clean, and the crew was professional.",Neutral,Unknown,General,Anonymous,,synthetic
"1. ""Airline A provided a smooth flight with no significant issues. The in-flight meal was average but edible.""",Neutral,Unknown,General,Anonymous,,synthetic
"2. ""Airline B offered a comfortable seating arrangement. The staff could have been a bit more attentive, but overall the experience was satisfactory.""",Neutral,Unknown,General,Anonymous,,synthetic
"3. ""Airline C was punctual in both the departure and arrival. The in-flight entertainment was limited but kept me occupied.""",Neutral,Unknown,General,Anonymous,,synthetic
"4. ""Airline D presented a clean cabin and restrooms. The food was acceptable, nothing to write home about.""",Neutral,Unknown,General,Anonymous,,synthetic
"5. ""Airline E's economy class was not cramped but could use a little more leg room. The crew was professional and polite.""",Neutral,Unknown,General,Anonymous,,synthetic
"6. ""The flight with Airline F was predominantly smooth. The in-flight food was fairly standard.""",Neutral,Unknown,General,Anonymous,,synthetic
"7. ""Airline G's boarding process was relatively efficient. The flight attendants were courteous but seemed busy.""",Neutral,Unknown,General,Anonymous,,synthetic
"8. ""Airline H had a timely departure and arrival. The meal options were limited but decent.""",Neutral,Unknown,General,Anonymous,,synthetic
"9. ""Airline I provided a comfortable seat with a good amount of recline. The in-flight entertainment was not extensive but satisfactory.""",Neutral,Unknown,General,Anonymous,,synthetic
"10. ""Airline J's staff was professional but not overly warm. The food was average, but the cleanliness of the plane was impressive.""",Neutral,Unknown,General,Anonymous,,synthetic
"11. ""Airline K's check-in process was relatively quick. The plane was a bit older but maintained well.""",Neutral,Unknown,General,Anonymous,,synthetic
"12. ""The flight with Airline L was overall satisfactory. The seat was comfortable but the in-flight meal could use some improvements.""",Neutral,Unknown,General,Anonymous,,synthetic
"13. ""Airline M offered a smooth check-in process. The plane's interior was clean but the legroom was a bit tight.""",Neutral,Unknown,General,Anonymous,,synthetic
"14. ""The flight with Airline N was mostly smooth, with a few minor turbulences. The in-flight entertainment was decent.""",Neutral,Unknown,General,Anonymous,,synthetic
"15. ""Airline O provided reasonably comfortable seating. The meal was typical airline fare.""",Neutral,Unknown,General,Anonymous,,synthetic
"16. ""Airline P's staff was efficient, though not particularly friendly. The flight left and arrived on time.""",Neutral,Unknown,General,Anonymous,,synthetic
"17. ""Airline Q's flight was smooth and the cabin was clean. The food was standard for an airline meal.""",Neutral,Unknown,General,Anonymous,,synthetic
"18. ""Airline R had a timely departure and arrival. The cabin crew was professional but seemed preoccupied.""",Neutral,Unknown,General,Anonymous,,synthetic
"19. ""Airline S's check-in process was straightforward. The food served was average but the flight was comfortable.""",Neutral,Unknown,General,Anonymous,,synthetic
"20. ""The flight with Airline T was overall average. The staff was polite and the plane was clean, but the legroom was a bit limited.""",Neutral,Unknown,General,Anonymous,,synthetic
"1. ""Flight with Airline A was generally punctual, the seats were adequate and the inflight food was average.""",Neutral,Unknown,General,Anonymous,,synthetic
"2. ""My experience with Airline B was okay. The staff was professional and the plane was clean.""",Neutral,Unknown,General,Anonymous,,synthetic
"3. ""Airline C's flight was generally smooth, although there was a slight delay at departure.""",Neutral,Unknown,General,Anonymous,,synthetic
"4. ""Airline D was pretty much as expected. No surprises, good or bad, throughout the journey.""",Neutral,Unknown,General,Anonymous,,synthetic
"5. ""Airline E provided an adequate service. The flight was on time and the cabin was clean.""",Neutral,Unknown,General,Anonymous,,synthetic
"6. ""The flight with Airline F was satisfactory. The inflight entertainment options were decent.""",Neutral,Unknown,General,Anonymous,,synthetic
"7. ""Airline G's service was standard. The meals provided were of average quality.""",Neutral,Unknown,General,Anonymous,,synthetic
"8. ""My flight with Airline H was fine. The seats were reasonably comfortable for a short haul flight.""",Neutral,Unknown,General,Anonymous,,synthetic
"9. ""Airline I provided a typical flight experience. The legroom was average and the staff were cordial.""",Neutral,Unknown,General,Anonymous,,synthetic
"10. ""My flight with Airline J was standard. The check-in process was efficient and the flight left on time.""",Neutral,Unknown,General,Anonymous,,synthetic
"11. ""Airline K offered a fair service. The inflight meal could be improved, but the staff were professional.""",Neutral,Unknown,General,Anonymous,,synthetic
"12. ""Boarded Airline L on time, flight was uneventful. Slightly cramped seats but clean cabin.""",Neutral,Unknown,General,Anonymous,,synthetic
"13. ""Airline M had good punctuality, though the inflight entertainment was a bit lacking.""",Neutral,Unknown,General,Anonymous,,synthetic
"14. ""Airline N provided a typical flying experience. The staff were courteous and the flight was smooth.""",Neutral,Unknown,General,Anonymous,,synthetic
"15. ""The service on Airline O was adequate. The food was average and the seats were comfortable enough for the journey.""",Neutral,Unknown,General,Anonymous,,synthetic
"16. ""Airline P's flight was okay. The boarding process was smooth and the flight was on time.""",Neutral,Unknown,General,Anonymous,,synthetic
"17. ""Flight with Airline Q was average. The cabin crew were polite and the flight landed on time.""",Neutral,Unknown,General,Anonymous,,synthetic
"18. ""My flight with Airline R was as expected. The seats were reasonably comfortable and the cabin crew were friendly.""",Neutral,Unknown,General,Anonymous,,synthetic
"19. ""Airline S provided a standard service. The inflight meal was acceptable and the flight arrived on time.""",Neutral,Unknown,General,Anonymous,,synthetic
"20. ""Airline T was satisfactory. The check-in process was efficient and the flight was smooth.""",Neutral,Unknown,General,Anonymous,,synthetic
"1. The flight with Airline X was on time and the staff was professional. The food, however, was just average.",Neutral,Unknown,General,Anonymous,,synthetic
2. Airline Y provided adequate legroom in economy class. The entertainment options were satisfactory too.,Neutral,Unknown,General,Anonymous,,synthetic
3. The check-in process with Airline Z was smooth. The in-flight meal could use some variety.,Neutral,Unknown,General,Anonymous,,synthetic
"4. Airline A provided a no-frills flight experience. The staff was efficient, but the seats were a bit cramped.",Neutral,Unknown,General,Anonymous,,synthetic
"5. On Airline B, the flight departed and arrived as scheduled. The food served was palatable.",Neutral,Unknown,General,Anonymous,,synthetic
"6. Airline C's inflight entertainment was a bit outdated, but the staff was courteous and attentive.",Neutral,Unknown,General,Anonymous,,synthetic
"7. The flight with Airline D was mostly smooth, with an on-time departure. The cabin was clean but a little cold.",Neutral,Unknown,General,Anonymous,,synthetic
8. Airline E had friendly cabin crew and a decent selection of meals. The legroom was somewhat limited.,Neutral,Unknown,General,Anonymous,,synthetic
9. The flight with Airline F was average. The seats were comfortable but the inflight entertainment needed an upgrade.,Neutral,Unknown,General,Anonymous,,synthetic
"10. Airline G's flight was punctual and the check-in was efficient. The food, however, was not to my taste.",Neutral,Unknown,General,Anonymous,,synthetic
11. The boarding process with Airline H was orderly. The in-flight service was satisfactory.,Neutral,Unknown,General,Anonymous,,synthetic
12. Airline I offered a comfortable flight with plenty of entertainment options. The food options were limited though.,Neutral,Unknown,General,Anonymous,,synthetic
"13. The flight with Airline J was uneventful. The cabin crew was professional, but the seat comfort could be improved.",Neutral,Unknown,General,Anonymous,,synthetic
"14. Airline K's flight was on time, and the cabin was clean. The food served was just average.",Neutral,Unknown,General,Anonymous,,synthetic
15. The boarding process with Airline L was smooth. The in-flight service was adequate but nothing exceptional.,Neutral,Unknown,General,Anonymous,,synthetic
"16. Airline M offered a comfortable flight. The entertainment options were okay, but the food could have been better.",Neutral,Unknown,General,Anonymous,,synthetic
"17. The flight with Airline N was punctual. The cabin crew was attentive, but the seat comfort was average.",Neutral,Unknown,General,Anonymous,,synthetic
"18. Airline O's flight arrived on time. The check-in process was efficient, but the food was mediocre.",Neutral,Unknown,General,Anonymous,,synthetic
19. The boarding process with Airline P was well-organized. The inflight service was satisfactory.,Neutral,Unknown,General,Anonymous,,synthetic
20. Airline Q's flight was comfortable with efficient cabin crew. The in-flight entertainment options could use an update.,Neutral,Unknown,General,Anonymous,,synthetic
1. The in-flight service on Air France was efficient and the food was alright. The legroom was slightly cramped for long-haul flights.,Neutral,Unknown,General,Anonymous,,synthetic
"2. The Delta Airlines flight was punctual, and the cabin was clean. The in-flight entertainment could use more variety.",Neutral,Unknown,General,Anonymous,,synthetic
"3. American Airlines offered prompt service, though the food quality was average. The flight was smooth and on time.",Neutral,Unknown,General,Anonymous,,synthetic
"4. The flight crew on United Airlines was polite and professional. The seats, however, were not as comfortable as expected.",Neutral,Unknown,General,Anonymous,,synthetic
5. Lufthansa provided a smooth check-in experience. The plane was a bit older but maintained well.,Neutral,Unknown,General,Anonymous,,synthetic
"6. The flight with British Airways was satisfactory. The food served was decent, yet the in-flight entertainment was limited.",Neutral,Unknown,General,Anonymous,,synthetic
7. Emirates offered a good range of in-flight entertainment. The meal portions could have been larger considering the long flight duration.,Neutral,Unknown,General,Anonymous,,synthetic
"8. The flight with Qatar Airways was on time. The cabin crew was competent, but the food could be improved.",Neutral,Unknown,General,Anonymous,,synthetic
"9. The flight attendants on Turkish Airlines were friendly. The airport lounge was comfortable, though slightly crowded.",Neutral,Unknown,General,Anonymous,,synthetic
"10. The Aeroflot flight was uneventful. The cabin was clean, but the meal options were quite limited.",Neutral,Unknown,General,Anonymous,,synthetic
"11. The KLM flight was punctual, and the crew was professional. The legroom was just adequate for a medium-haul flight.",Neutral,Unknown,General,Anonymous,,synthetic
"12. The Air Canada flight was on time, and the boarding process was smooth. The in-flight meals were average.",Neutral,Unknown,General,Anonymous,,synthetic
"13. The Virgin Atlantic flight was satisfactory. The seats could use some updating, but the service was prompt.",Neutral,Unknown,General,Anonymous,,synthetic
"14. The Cathay Pacific flight left on time and arrived as scheduled. The food was just okay, and the seats were moderately comfortable.",Neutral,Unknown,General,Anonymous,,synthetic
"15. The Singapore Airlines flight was smooth. The in-flight entertainment was satisfactory, but the meal options need to be diversified.",Neutral,Unknown,General,Anonymous,,synthetic
"16. The Ryanair flight was prompt. The seating space was tight, but the fares were reasonable.",Neutral,Unknown,General,Anonymous,,synthetic
"17. The EasyJet flight was on time. The cabin was clean, but the legroom was slightly limited.",Neutral,Unknown,General,Anonymous,,synthetic
"18. The Etihad Airways flight was satisfactory. The service was efficient, but the in-flight meals could be improved.",Neutral,Unknown,General,Anonymous,,synthetic
19. The Southwest Airlines flight was punctual and the boarding process was smooth. The snacks offered were average.,Neutral,Unknown,General,Anonymous,,synthetic
"20. The Air India flight was on time. The cabin crew was professional, but the food served could have been better.",Neutral,Unknown,General,Anonymous,,synthetic
"1. ""The flight with Delta Airlines was decent. The seats were fairly comfortable and the crew was professional.""",Neutral,Unknown,General,Anonymous,,synthetic
"2. ""My experience with American Airlines was average. The in-flight entertainment had a good variety, but the food could be improved.""",Neutral,Unknown,General,Anonymous,,synthetic
"3. ""The Southwest flight departed and arrived on time. The legroom was acceptable, but the in-flight service was just average.""",Neutral,Unknown,General,Anonymous,,synthetic
"4. ""JetBlue provided a smooth flight experience. Although the cabin was a bit old, the staff was helpful and courteous.""",Neutral,Unknown,General,Anonymous,,synthetic
"5. ""The Lufthansa flight was punctual, the cabin was clean, but the meal options were limited.""",Neutral,Unknown,General,Anonymous,,synthetic
"6. ""United Airlines provided a standard experience. The flight was slightly delayed, however, the crew made up for it with their pleasant service.""",Neutral,Unknown,General,Anonymous,,synthetic
"7. ""Air Canada's flight was comfortable with enough legroom. The food was average.""",Neutral,Unknown,General,Anonymous,,synthetic
"8. ""Emirates' service was up to par. The seats were comfortable, but the flight was slightly delayed.""",Neutral,Unknown,General,Anonymous,,synthetic
"9. ""Qatar Airways' flight was on time and the staff was professional. The food was typical airline food.""",Neutral,Unknown,General,Anonymous,,synthetic
"10. ""The British Airways flight was okay. The plane was clean, but the seat comfort could be enhanced.""",Neutral,Unknown,General,Anonymous,,synthetic
"11. ""The Air France flight was decent with punctual departure and arrival. The in-flight entertainment was satisfactory.""",Neutral,Unknown,General,Anonymous,,synthetic
"12. ""The KLM flight had ample legroom and the crew was polite. However, the food could be better.""",Neutral,Unknown,General,Anonymous,,synthetic
"13. ""The Singapore Airlines flight was average. The cabin was clean and the crew was efficient, but my seat was a bit cramped.""",Neutral,Unknown,General,Anonymous,,synthetic
"14. ""The Virgin Atlantic flight had a comfortable seating arrangement. The in-flight entertainment options were pretty standard.""",Neutral,Unknown,General,Anonymous,,synthetic
"15. ""Etihad Airways provided a smooth flight. However, the food and beverage selections were limited.""",Neutral,Unknown,General,Anonymous,,synthetic
"16. ""The Turkish Airlines flight was okay. The crew was attentive, but the in-flight entertainment could have been better.""",Neutral,Unknown,General,Anonymous,,synthetic
"17. ""The Cathay Pacific flight was satisfactory. The plane landed on time, but the meal selection could be improved.""",Neutral,Unknown,General,Anonymous,,synthetic
"18. ""The Ryanair flight was standard. The flight was on time and the seats were decently comfortable.""",Neutral,Unknown,General,Anonymous,,synthetic
"19. ""The EasyJet flight was acceptable. The flight departed and arrived as scheduled, but the cabin was slightly crowded.""",Neutral,Unknown,General,Anonymous,,synthetic
"20. ""The Alaska Airlines flight was alright. The staff was polite and the flight was smooth, but the food options were quite basic.""",Neutral,Unknown,General,Anonymous,,synthetic
"1. ""The flight with American Airlines was punctual, and the in-flight service was ordinary. The seats were reasonably comfortable for a medium-haul flight.""",Neutral,Unknown,General,Anonymous,,synthetic
"2. ""JetBlue offered a smooth check-in process, the flight was on time and the crew was fairly professional. The legroom was typical for economy class.""",Neutral,Unknown,General,Anonymous,,synthetic
"3. ""On my Delta Airlines flight, the food was average but the in-flight entertainment was a nice touch. The staff was adequate in their service.""",Neutral,Unknown,General,Anonymous,,synthetic
"4. ""Alaska Airlines delivered a regular flying experience. The cabin was clean and the in-flight meal was standard.""",Neutral,Unknown,General,Anonymous,,synthetic
"5. ""Southwest Airlines offered a decent service, with an on-time departure and arrival. The seats were as expected in terms of comfort.""",Neutral,Unknown,General,Anonymous,,synthetic
"6. ""On my flight with United Airlines, the crew was helpful and professional. The plane was a bit old, but it was clean and the flight was smooth.""",Neutral,Unknown,General,Anonymous,,synthetic
"7. ""Air Canada had a smooth boarding process and the flight was punctual. The in-flight meal could've been better, but it was acceptable.""",Neutral,Unknown,General,Anonymous,,synthetic
"8. ""My experience with British Airways was satisfactory. The staff was polite, the plane was clean, and the flight was on time.""",Neutral,Unknown,General,Anonymous,,synthetic
"9. ""The Lufthansa flight was comfortable and punctual. The food was decent and the flight attendants were professional.""",Neutral,Unknown,General,Anonymous,,synthetic
"10. ""Iberia offered a standard service. The in-flight entertainment was a bit dated but worked well, and the crew was attentive.""",Neutral,Unknown,General,Anonymous,,synthetic
"11. ""The Air France flight was average in terms of comfort and service. The food was satisfactory, and the flight was on schedule.""",Neutral,Unknown,General,Anonymous,,synthetic
"12. ""Qatar Airways provided a routine service. The flight was on time, and the cabin crew was helpful.""",Neutral,Unknown,General,Anonymous,,synthetic
"13. ""Emirates offered a decent flying experience. The seats were comfortable for a long-haul flight, and the food was typical airplane fare.""",Neutral,Unknown,General,Anonymous,,synthetic
"14. ""Etihad Airways' service was satisfactory. The in-flight entertainment was a good distraction, and the food was average.""",Neutral,Unknown,General,Anonymous,,synthetic
"15. ""KLM's flight was ordinary. The cabin crew was professional, and the flight was on time.""",Neutral,Unknown,General,Anonymous,,synthetic
"16. ""The Cathay Pacific flight was typical for the airline industry. The seats were okay, and the food was standard airplane fare.""",Neutral,Unknown,General,Anonymous,,synthetic
"17. ""Singapore Airlines provided a usual flying experience. The plane was clean, and the cabin crew was professional.""",Neutral,Unknown,General,Anonymous,,synthetic
"18. ""Virgin Atlantic's service was standard. The seats were comfortable enough, and the flight was punctual.""",Neutral,Unknown,General,Anonymous,,synthetic
"19. ""The service on Turkish Airlines was average. The in-flight entertainment selection was decent, and the flight was on time.""",Neutral,Unknown,General,Anonymous,,synthetic
"20. ""Qantas delivered an ordinary flying experience. The staff was polite and professional, and the plane was clean.""",Neutral,Unknown,General,Anonymous,,synthetic
1. The check-in process with Airline X was smooth; the staff was competent and polite. The in-flight meal was rather average.,Neutral,Unknown,General,Anonymous,,synthetic
"2. Airline Y's flight was punctual, and the onboard service was decent. The legroom was a bit limited, though.",Neutral,Unknown,General,Anonymous,,synthetic
3. A decent experience on Airline Z. The in-flight entertainment had a good variety. The food could use a bit of improvement.,Neutral,Unknown,General,Anonymous,,synthetic
4. Airline A offers a regular service. The cleanliness of the cabin was satisfactory and the staff was attentive.,Neutral,Unknown,General,Anonymous,,synthetic
5. The flight with Airline B was on time. The seating was comfortable enough for a medium-haul flight.,Neutral,Unknown,General,Anonymous,,synthetic
6. Airline C's booking process was straightforward. The flight itself was uneventful with a standard offering of services.,Neutral,Unknown,General,Anonymous,,synthetic
7. Airline D provided a good selection of in-flight films and music. The meals were typical airline fare.,Neutral,Unknown,General,Anonymous,,synthetic
8. The staff on Airline E were professional and helpful. The airplane itself seemed a bit outdated.,Neutral,Unknown,General,Anonymous,,synthetic
"9. The flight with Airline F was punctual. The in-flight food was average, but the cabin crew was efficient.",Neutral,Unknown,General,Anonymous,,synthetic
10. Airline G's flight was fairly comfortable with an acceptable level of cleanliness. The in-flight services were basic.,Neutral,Unknown,General,Anonymous,,synthetic
"11. The overall experience with Airline H was okay. The staff was polite, though the food options were limited.",Neutral,Unknown,General,Anonymous,,synthetic
12. Airline I provided a smooth flight. The legroom was moderate and the service was standard.,Neutral,Unknown,General,Anonymous,,synthetic
13. The flight on Airline J was on time with an average level of comfort. The onboard meal was nothing special.,Neutral,Unknown,General,Anonymous,,synthetic
14. Airline K's customer service was efficient. The flight was comfortable enough for the price paid.,Neutral,Unknown,General,Anonymous,,synthetic
"15. The flight on Airline L was punctual. The in-flight entertainment system functioned well, though the choice was limited.",Neutral,Unknown,General,Anonymous,,synthetic
"16. Airline M's flight was decent. The cabin was clean, but the food could have been better.",Neutral,Unknown,General,Anonymous,,synthetic
"17. The check-in process with Airline N was smooth. The flight was a bit crowded, but the crew managed well.",Neutral,Unknown,General,Anonymous,,synthetic
"18. Airline O's service was average. The flight departed and arrived on time, but the in-flight meal was just okay.",Neutral,Unknown,General,Anonymous,,synthetic
19. Comfort on Airline P's flight was typical for economy class. The staff was professional and the flight was punctual.,Neutral,Unknown,General,Anonymous,,synthetic
"20. The overall experience with Airline Q was satisfactory. The cabin was clean and the flight was on time, but the food was average.",Neutral,Unknown,General,Anonymous,,synthetic
"1. ""American Airlines provided a satisfactory service. The flight departed and landed on time, with in-flight services meeting expectations.""",Neutral,Unknown,General,Anonymous,,synthetic
"2. ""Qatar Airways offered fairly comfortable seating. The in-flight entertainment options were adequate, although the food could use some improvement.""",Neutral,Unknown,General,Anonymous,,synthetic
"3. ""Emirates provided a smooth check-in process. The flight itself was relatively comfortable and the crew was professional.""",Neutral,Unknown,General,Anonymous,,synthetic
"4. ""Delta Airlines' flight was typical. The cabin was clean and the flight attendants were courteous, though the food wasn't particularly memorable.""",Neutral,Unknown,General,Anonymous,,synthetic
"5. ""Cathay Pacific's service was acceptable. The flight was on time, and the overall experience was average.""",Neutral,Unknown,General,Anonymous,,synthetic
"6. ""Southwest Airlines provided a straightforward journey. The flight was on time, but the lack of complimentary in-flight meals was noticeable.""",Neutral,Unknown,General,Anonymous,,synthetic
"7. ""British Airways' flight was uneventful. The in-flight entertainment system worked well and the crew was polite.""",Neutral,Unknown,General,Anonymous,,synthetic
"8. ""Ryanair's budget flight was as expected. The seats were a bit tight and there was a charge for snacks, but the flight was punctual.""",Neutral,Unknown,General,Anonymous,,synthetic
"9. ""EasyJet offered a standard low-cost flight experience. The plane was clean and the flight was timely, but extra services cost additional fees.""",Neutral,Unknown,General,Anonymous,,synthetic
"10. ""Virgin Atlantic's flight was satisfactory. The seats were moderately comfortable and the in-flight entertainment was sufficient for the duration of the trip.""",Neutral,Unknown,General,Anonymous,,synthetic
"11. ""Lufthansa's service was typical for a long-haul flight. The crew was professional, though the in-flight food was just average.""",Neutral,Unknown,General,Anonymous,,synthetic
"12. ""JetBlue Airways provided a standard service. The flight was punctual and the in-flight entertainment was varied, while the food was basic.""",Neutral,Unknown,General,Anonymous,,synthetic
"13. ""Air Canada's flight was acceptable. The flight departed on time, although the in-flight meals could be improved.""",Neutral,Unknown,General,Anonymous,,synthetic
"14. ""United Airlines offered an average flight experience. The cabin was clean, and the flight attendants were professional, but the in-flight food was mediocre.""",Neutral,Unknown,General,Anonymous,,synthetic
"15. ""Air France's service was satisfactory. The flight was on time, the cabin was clean, and the in-flight entertainment options were enough to keep the passengers occupied.""",Neutral,Unknown,General,Anonymous,,synthetic
"16. ""Etihad Airways' flight was typical. The seats were comfortable enough for a long-haul flight, but the food was just okay.""",Neutral,Unknown,General,Anonymous,,synthetic
"17. ""Turkish Airlines provided a decent flight experience. The plane was clean, the flight was on time, but the in-flight meal options were limited.""",Neutral,Unknown,General,Anonymous,,synthetic
"18. ""Singapore Airlines' service was ordinary. The flight crew was professional, but the in-flight entertainment system could use an upgrade.""",Neutral,Unknown,General,Anonymous,,synthetic
"19. ""Norwegian Air offered a satisfactory budget flight. The flight was on time, although the seats were a bit tight and there was a charge for snacks.""",Neutral,Unknown,General,Anonymous,,synthetic
"20. ""KLM's service was standard for a long-haul flight. The flight was punctual, and the in-flight entertainment was adequate, though the food was average.""",Neutral,Unknown,General,Anonymous,,synthetic
"1. ""Airline A provided a manageable service. The flight was on time, and the in-flight food was satisfactory.""",Neutral,Unknown,General,Anonymous,,synthetic
"2. ""Airline B's economy class was comfortable enough for a short flight. The cabin crew were professional, but not particularly friendly.""",Neutral,Unknown,General,Anonymous,,synthetic
"3. ""Airline C's flight was delayed, but they handled it efficiently. The overall experience was decent.""",Neutral,Unknown,General,Anonymous,,synthetic
"4. ""The legroom on Airline D's flight was average. The food was okay, and the inflight entertainment had a reasonable variety.""",Neutral,Unknown,General,Anonymous,,synthetic
"5. ""Airline E's staff were courteous. The plane was clean, and the flight was smooth.""",Neutral,Unknown,General,Anonymous,,synthetic
"6. ""Airline F's service met my expectations. The check-in process was straightforward, and the flight attendants were polite.""",Neutral,Unknown,General,Anonymous,,synthetic
"7. ""The flight with Airline G was punctual, and the boarding process was smooth. The food could have been better.""",Neutral,Unknown,General,Anonymous,,synthetic
"8. ""Airline H's flight provided a standard service. Nothing exceptional, but the flight was comfortable and on time.""",Neutral,Unknown,General,Anonymous,,synthetic
"9. ""Airline I's flight took off and arrived as scheduled. The cabin crew was efficient, though not overly warm.""",Neutral,Unknown,General,Anonymous,,synthetic
"10. ""Airline J had a clean plane and an average selection of movies. The food was edible, but nothing to write home about.""",Neutral,Unknown,General,Anonymous,,synthetic
"11. ""The service on Airline K was decent. The flight was punctual, and the staff were professional.""",Neutral,Unknown,General,Anonymous,,synthetic
"12. ""Airline L's flight was satisfactory. The seats were a bit tight but bearable for a short flight.""",Neutral,Unknown,General,Anonymous,,synthetic
"13. ""The flight with Airline M was okay. The cabin crew were efficient, and the plane was clean.""",Neutral,Unknown,General,Anonymous,,synthetic
"14. ""Airline N's in-flight meals were surprisingly good. The flight was delayed, but the communication was clear.""",Neutral,Unknown,General,Anonymous,,synthetic
"15. ""Airline O's flight was smooth with minimal turbulence. The food and entertainment were average.""",Neutral,Unknown,General,Anonymous,,synthetic
"16. ""The service on Airline P was acceptable. The staff were friendly enough, and the plane was clean.""",Neutral,Unknown,General,Anonymous,,synthetic
"17. ""Airline Q's flight was comfortable, but the food was mediocre. The in-flight entertainment had a decent selection.""",Neutral,Unknown,General,Anonymous,,synthetic
"18. ""The flight with Airline R was on time. The cabin crew were professional, but the seats were a bit cramped.""",Neutral,Unknown,General,Anonymous,,synthetic
"19. ""Airline S provided an average service. The flight was on time, and the check-in process was smooth.""",Neutral,Unknown,General,Anonymous,,synthetic
"20. ""The flight with Airline T was satisfactory. The cabin was clean, and the staff were generally polite.""",Neutral,Unknown,General,Anonymous,,synthetic
"1. The flight with Air Canada was satisfactory. The amenities were standard, and the staff was professional and courteous.",Neutral,Unknown,General,Anonymous,,synthetic
"2. On my Delta Airlines flight, the cabin was clean and the food was decent, but the in-flight entertainment could be updated.",Neutral,Unknown,General,Anonymous,,synthetic
"3. The service on the British Airways flight was efficient, and the flight departed and arrived on time. The seating was a bit cramped, however.",Neutral,Unknown,General,Anonymous,,synthetic
"4. Flying with Southwest was a reasonable experience. The crew was friendly, and the flight was comfortable, although the food options were limited.",Neutral,Unknown,General,Anonymous,,synthetic
"5. United Airlines provided a standard flight experience. The boarding process was smooth, but the legroom was a bit limited.",Neutral,Unknown,General,Anonymous,,synthetic
"6. My flight with Ryanair was basic but got me to my destination on time. The plane was clean, but the seats were not very comfortable.",Neutral,Unknown,General,Anonymous,,synthetic
"7. EasyJet provided a decent short-haul flight. There were no free snacks or drinks, but the pricing was fair and the flight was punctual.",Neutral,Unknown,General,Anonymous,,synthetic
"8. Turkish Airlines offered a good selection of in-flight entertainment. The food was average, and the flight attendants were professional.",Neutral,Unknown,General,Anonymous,,synthetic
"9. The Qantas flight was acceptable. The plane had a modern feel, but the food could be improved.",Neutral,Unknown,General,Anonymous,,synthetic
"10. Emirates had a good onboard service. The cabin was a bit crowded, but the staff was attentive and polite.",Neutral,Unknown,General,Anonymous,,synthetic
"11. The Lufthansa flight had a clean cabin and efficient check-in process. The food was fine, but the in-flight movie selection was limited.",Neutral,Unknown,General,Anonymous,,synthetic
"12. Air Asia provided an average flight experience. The seats were a bit tight, but the flight was punctual.",Neutral,Unknown,General,Anonymous,,synthetic
"13. The JetBlue flight was satisfactory. The Wi-Fi worked well, but the seat comfort could be better.",Neutral,Unknown,General,Anonymous,,synthetic
"14. Quantas offered a decent long-haul flight. The meals were average, but the crew was attentive.",Neutral,Unknown,General,Anonymous,,synthetic
"15. Air France provided a comfortable flight. The service was good, but the food was mediocre.",Neutral,Unknown,General,Anonymous,,synthetic
"16. On my American Airlines flight, the boarding was well-organized, but the legroom was a bit tight.",Neutral,Unknown,General,Anonymous,,synthetic
"17. The Virgin Atlantic flight was fine. The flight attendants were professional, but the food was average.",Neutral,Unknown,General,Anonymous,,synthetic
"18. The Spirit Airlines flight was basic. The seats were a bit uncomfortable, but the flight arrived on time.",Neutral,Unknown,General,Anonymous,,synthetic
"19. The Etihad Airways flight was satisfactory. The food was good, but the seats were a bit cramped.",Neutral,Unknown,General,Anonymous,,synthetic
"20. Flying with Norwegian Air was an average experience. The flight was on time, but the entertainment options were limited.",Neutral,Unknown,General,Anonymous,,synthetic
1. The flight with United Airlines was quite standard. Nothing exceptional but no major issues either.,Neutral,Unknown,General,Anonymous,,synthetic
2. I flew with Delta Airlines and the service was adequate. The in-flight meal was average and the crew was professional.,Neutral,Unknown,General,Anonymous,,synthetic
3. My flight with American Airlines was on time and the staff were polite. The seats were comfortable enough for a short haul flight.,Neutral,Unknown,General,Anonymous,,synthetic
4. Southwest Airlines provided the basic services expected. The flight departed and arrived on schedule.,Neutral,Unknown,General,Anonymous,,synthetic
5. The British Airways flight was typical. The in-flight entertainment was satisfactory and the food was edible.,Neutral,Unknown,General,Anonymous,,synthetic
6. My experience with Lufthansa was average. The check-in process was smooth and the cabin crew was attentive.,Neutral,Unknown,General,Anonymous,,synthetic
"7. Air France provided a standard service. The plane was clean, and the staff were courteous.",Neutral,Unknown,General,Anonymous,,synthetic
8. The Emirates flight was on time and the boarding process was efficient. The in-flight food was not memorable but acceptable.,Neutral,Unknown,General,Anonymous,,synthetic
"9. Turkish Airlines offered a decent service. The flight attendants were professional, and the flight left on time.",Neutral,Unknown,General,Anonymous,,synthetic
10. My flight on Qatar Airways was uneventful. The seat was comfortable and the meal service was timely.,Neutral,Unknown,General,Anonymous,,synthetic
11. I flew with Cathay Pacific and it was a usual experience. The staff was polite and the flight was punctual.,Neutral,Unknown,General,Anonymous,,synthetic
12. The service on Singapore Airlines was on par with expectations. The flight was comfortable and the food quality was average.,Neutral,Unknown,General,Anonymous,,synthetic
13. My JetBlue flight was punctual and the cabin crew efficient. The onboard amenities were standard.,Neutral,Unknown,General,Anonymous,,synthetic
14. The Ryanair flight was as expected for a budget airline. The plane was clean and the flight was on time.,Neutral,Unknown,General,Anonymous,,synthetic
15. My experience with Norwegian was average. The staff were quite professional and the flight was smooth.,Neutral,Unknown,General,Anonymous,,synthetic
16. The Air Canada flight was satisfactory. The flight attendants were courteous and the plane was clean.,Neutral,Unknown,General,Anonymous,,synthetic
17. The Virgin Atlantic flight was average. The meals were standard and the in-flight entertainment was satisfactory.,Neutral,Unknown,General,Anonymous,,synthetic
18. My KLM flight was decent. The boarding process was smooth and the flight was punctual.,Neutral,Unknown,General,Anonymous,,synthetic
19. The Etihad Airways flight was overall acceptable. The seats were comfortable enough for the long-haul flight.,Neutral,Unknown,General,Anonymous,,synthetic
20. I flew with Aeroflot and the flight was standard. The food was average and the staff were professional.,Neutral,Unknown,General,Anonymous,,synthetic
"1. ""The flight was on time with Air France, and the cabin crew was helpful. The food was average.""",Neutral,Unknown,General,Anonymous,,synthetic
"2. ""American Airlines had a smooth check-in process. The in-flight entertainment could use an update.""",Neutral,Unknown,General,Anonymous,,synthetic
"3. ""Delta Airlines offered a comfortable journey. The legroom was satisfactory; however, the food quality could be improved.""",Neutral,Unknown,General,Anonymous,,synthetic
"4. ""The British Airways flight was decent. The seats were comfortable, but the meal selection was limited.""",Neutral,Unknown,General,Anonymous,,synthetic
"5. ""The cabin crew on Emirates was professional and attentive. The flight, however, was slightly delayed.""",Neutral,Unknown,General,Anonymous,,synthetic
"6. ""The United Airlines flight was punctual but the seats were a bit cramped. The staff was polite.""",Neutral,Unknown,General,Anonymous,,synthetic
"7. ""The Lufthansa flight was quite basic. Good legroom but the in-flight entertainment was slightly outdated.""",Neutral,Unknown,General,Anonymous,,synthetic
"8. ""The Qatar Airways flight was satisfactory. The food was okay and the cabin crew was professional.""",Neutral,Unknown,General,Anonymous,,synthetic
"9. ""The journey with Southwest Airlines was ordinary. The check-in process was smooth but the meals were average.""",Neutral,Unknown,General,Anonymous,,synthetic
"10. ""The flight with Air Canada was on time. The seats were comfortable, but the food could have been better.""",Neutral,Unknown,General,Anonymous,,synthetic
"11. ""The JetBlue flight was fine. The cabin was clean and the crew was friendly.""",Neutral,Unknown,General,Anonymous,,synthetic
"12. ""The flight with Cathay Pacific was decent. The check-in process was efficient, and the in-flight entertainment was average.""",Neutral,Unknown,General,Anonymous,,synthetic
"13. ""The easyJet flight was typical. It was punctual, and the cabin crew was professional.""",Neutral,Unknown,General,Anonymous,,synthetic
"14. ""The Ryanair flight was satisfactory. The seats were a bit cramped, but the flight was on time.""",Neutral,Unknown,General,Anonymous,,synthetic
"15. ""The flight with Aer Lingus was fine. The food was satisfactory, and the crew was polite.""",Neutral,Unknown,General,Anonymous,,synthetic
"16. ""The Virgin Atlantic flight was okay. The seats were comfortable, and the in-flight entertainment was decent.""",Neutral,Unknown,General,Anonymous,,synthetic
"17. ""The flight with Turkish Airlines was average. The cabin crew was friendly, but the food could be improved.""",Neutral,Unknown,General,Anonymous,,synthetic
"18. ""The flight with Alaska Airlines was reasonable. The check-in process was smooth, but the seats were slightly uncomfortable.""",Neutral,Unknown,General,Anonymous,,synthetic
"19. ""The flight with Spirit Airlines was satisfactory. The flight was on time, but the luggage policy could be more flexible.""",Neutral,Unknown,General,Anonymous,,synthetic
"20. ""The journey with Hawaiian Airlines was reasonable. The cabin was clean, but the in-flight service could be improved.""",Neutral,Unknown,General,Anonymous,,synthetic
"1. The flight with United Airlines was quite standard. The staff was professional, and the flight was on time.",Neutral,Unknown,General,Anonymous,,synthetic
"2. Air France offered a decent in-flight meal. The legroom was a bit tight, but overall, the flight was comfortable.",Neutral,Unknown,General,Anonymous,,synthetic
"3. I flew with British Airways. The flight was punctual, and the crew was polite.",Neutral,Unknown,General,Anonymous,,synthetic
"4. My flight with Southwest was okay. The seats were clean, and the service was adequate.",Neutral,Unknown,General,Anonymous,,synthetic
"5. I flew with Delta Airlines recently. The flight was quite smooth, and the onboard entertainment options were satisfactory.",Neutral,Unknown,General,Anonymous,,synthetic
"6. American Airlines provided a routine flight experience. The staff was courteous, and the flight landed on time.",Neutral,Unknown,General,Anonymous,,synthetic
"7. My flight with Air Canada was typical. The food was okay, and the flight was generally comfortable.",Neutral,Unknown,General,Anonymous,,synthetic
"8. Lufthansa provided a standard service. The flight was a bit late, but the crew was professional.",Neutral,Unknown,General,Anonymous,,synthetic
"9. My journey with Singapore Airlines was okay. The in-flight entertainment was decent, and the food was satisfactory.",Neutral,Unknown,General,Anonymous,,synthetic
"10. On my flight with Qatar Airways, the staff was polite, and the flight was smooth.",Neutral,Unknown,General,Anonymous,,synthetic
"11. I recently flew with JetBlue. The flight was on time, and the legroom was reasonable.",Neutral,Unknown,General,Anonymous,,synthetic
"12. My flight with Emirates was quite conventional. The staff was friendly, and the in-flight entertainment options were ample.",Neutral,Unknown,General,Anonymous,,synthetic
"13. Virgin Atlantic provided a decent flight experience. The plane was clean, and the staff was professional.",Neutral,Unknown,General,Anonymous,,synthetic
"14. My flight with Ryanair was okay. The legroom was a bit tight, but the flight was punctual.",Neutral,Unknown,General,Anonymous,,synthetic
"15. I flew with EasyJet recently. The flight was on time, and the staff was polite.",Neutral,Unknown,General,Anonymous,,synthetic
"16. Turkish Airlines offered a typical flight experience. The food was okay, and the flight landed on time.",Neutral,Unknown,General,Anonymous,,synthetic
"17. My flight with Cathay Pacific was standard. The legroom was decent, and the staff was professional.",Neutral,Unknown,General,Anonymous,,synthetic
"18. I flew with KLM recently. The flight attendants were polite, and the food was satisfactory.",Neutral,Unknown,General,Anonymous,,synthetic
"19. The flight with Aer Lingus was okay. The flight was on time, and the seats were clean.",Neutral,Unknown,General,Anonymous,,synthetic
"20. I recently flew with Alaska Airlines. The flight was smooth, and the in-flight entertainment was adequate.",Neutral,Unknown,General,Anonymous,,synthetic
"1. ""The flight with American Airlines was as expected. The plane left on time, and the staff were professional.""",Neutral,Unknown,General,Anonymous,,synthetic
"2. ""The in-flight meal on Air France was adequate, nothing exceptional but not bad either. The flight was on time.""",Neutral,Unknown,General,Anonymous,,synthetic
"3. ""Emirates provided the usual in-flight entertainment options. The quality of the service was average.""",Neutral,Unknown,General,Anonymous,,synthetic
"4. ""British Airways flight was quite routine. The seating was comfortable enough for the long journey.""",Neutral,Unknown,General,Anonymous,,synthetic
"5. ""JetBlue's flight was acceptable. The cabin was clean and the check-in process was straightforward.""",Neutral,Unknown,General,Anonymous,,synthetic
"6. ""The Lufthansa flight was on schedule. The food quality was passable, and the attendants were polite.""",Neutral,Unknown,General,Anonymous,,synthetic
"7. ""The Delta Air Lines flight was basic but comfortable. The staff were professional, and the flight was punctual.""",Neutral,Unknown,General,Anonymous,,synthetic
"8. ""The flight with Southwest Airlines was typical. The boarding process was orderly, and the flight landed on time.""",Neutral,Unknown,General,Anonymous,,synthetic
"9. ""Qatar Airways provided an average flight experience. The legroom was satisfactory, and the food was decent.""",Neutral,Unknown,General,Anonymous,,synthetic
"10. ""The Cathay Pacific flight was uneventful. The in-flight services were standard, and the staff were courteous.""",Neutral,Unknown,General,Anonymous,,synthetic
"11. ""The flight with United Airlines went smoothly. Check-in and boarding were efficient, and the in-flight services were okay.""",Neutral,Unknown,General,Anonymous,,synthetic
"12. ""The KLM flight was satisfactory. The cabin crew were friendly, and the flight departed and arrived on time.""",Neutral,Unknown,General,Anonymous,,synthetic
"13. ""Turkish Airlines provided an average flight experience. The legroom and in-flight entertainment were as expected.""",Neutral,Unknown,General,Anonymous,,synthetic
"14. ""The flight with Virgin Atlantic was decent. The food was average, and the cabin was clean.""",Neutral,Unknown,General,Anonymous,,synthetic
"15. ""The ANA flight was up to par. The flight crew were professional, and the landing was smooth.""",Neutral,Unknown,General,Anonymous,,synthetic
"16. ""The Air Canada flight was quite routine. The check-in process was efficient, and the flight arrived on time.""",Neutral,Unknown,General,Anonymous,,synthetic
"17. ""The flight with Qantas was uneventful. The food was satisfactory, and the in-flight entertainment was standard.""",Neutral,Unknown,General,Anonymous,,synthetic
"18. ""The Ryanair flight was acceptable. The cabin was clean, and the staff were professional enough.""",Neutral,Unknown,General,Anonymous,,synthetic
"19. ""The flight with Air India was as expected. The boarding process was smooth, and the flight landed on time.""",Neutral,Unknown,General,Anonymous,,synthetic
"20. ""The Singapore Airlines flight was satisfactory. The legroom was decent, and the in-flight services were adequate.""",Neutral,Unknown,General,Anonymous,,synthetic
"1. The flight with Air Canada was uneventful; the staff were professional, and the in-flight meal was average.",Neutral,Unknown,General,Anonymous,,synthetic
"2. My experience with American Airlines was fairly typical; the plane was clean, and the flight was on time.",Neutral,Unknown,General,Anonymous,,synthetic
"3. JetBlue offered reasonable service. The seats were comfortable enough for a short flight, and the staff was competent.",Neutral,Unknown,General,Anonymous,,synthetic
"4. The flight with Southwest Airlines was standard. The cabin crew was friendly, and the flight was punctual.",Neutral,Unknown,General,Anonymous,,synthetic
"5. Delta Airlines provided a typical in-flight experience. The legroom was adequate, and the onboard meal was average.",Neutral,Unknown,General,Anonymous,,synthetic
"6. My flight with United Airlines was largely unremarkable. The staff was professional, and the plane departed on time.",Neutral,Unknown,General,Anonymous,,synthetic
"7. The flight with British Airways was standard; the seats were comfortable enough, and the in-flight entertainment was satisfactory.",Neutral,Unknown,General,Anonymous,,synthetic
"8. Lufthansa offered a typical flying experience. The plane was clean, and the food was average.",Neutral,Unknown,General,Anonymous,,synthetic
"9. My flight with Air France was as expected. The cabin crew was polite, and the flight was mostly smooth.",Neutral,Unknown,General,Anonymous,,synthetic
"10. The flight with Emirates was acceptable. The seats had reasonable legroom, and the in-flight meals were average.",Neutral,Unknown,General,Anonymous,,synthetic
"11. My experience with Qantas was fairly standard; the plane was clean, and the flight left on schedule.",Neutral,Unknown,General,Anonymous,,synthetic
"12. The flight with Cathay Pacific was uneventful, the staff was professional, and the in-flight meal was satisfactory.",Neutral,Unknown,General,Anonymous,,synthetic
"13. Ryanair provided a standard short-haul flight experience. The seating was a bit cramped, but the flight was punctual.",Neutral,Unknown,General,Anonymous,,synthetic
"14. The flight with Virgin Atlantic was typical; the cabin crew was polite, and the plane left on time.",Neutral,Unknown,General,Anonymous,,synthetic
"15. EasyJet offered a reasonable service. The seats were comfortable enough for a short flight, and the staff was competent.",Neutral,Unknown,General,Anonymous,,synthetic
"16. My flight with Turkish Airlines was as expected. The cabin crew was polite, and the flight was mostly smooth.",Neutral,Unknown,General,Anonymous,,synthetic
"17. The flight with Aer Lingus was fairly standard; the plane was clean, and the flight arrived on schedule.",Neutral,Unknown,General,Anonymous,,synthetic
"18. Air New Zealand provided an average in-flight experience. The legroom was adequate, and the onboard meal was average.",Neutral,Unknown,General,Anonymous,,synthetic
"19. My flight with Etihad Airways was largely unremarkable. The staff was professional, and the plane departed on time.",Neutral,Unknown,General,Anonymous,,synthetic
"20. The flight with Singapore Airlines was typical; the seats were comfortable enough, and the in-flight entertainment was satisfactory.",Neutral,Unknown,General,Anonymous,,synthetic
1. Airline X provided a satisfactory flying experience with on-time departure and arrival. The in-flight meal was average.,Neutral,Unknown,General,Anonymous,,synthetic
2. Airline Y's customer service was decent. The flight was a bit delayed but they kept us informed.,Neutral,Unknown,General,Anonymous,,synthetic
3. The flight with Airline Z was comfortable with enough leg room. The in-flight entertainment options could be improved.,Neutral,Unknown,General,Anonymous,,synthetic
4. I had an average experience with Airline A. The cabin was clean but the food quality was mediocre.,Neutral,Unknown,General,Anonymous,,synthetic
"5. Airline B's flight was smooth and the airport check-in process was efficient. However, the flight attendants seemed a bit distracted.",Neutral,Unknown,General,Anonymous,,synthetic
6. My flight with Airline C was fine. The plane departed and arrived on time but the seat was a bit cramped.,Neutral,Unknown,General,Anonymous,,synthetic
7. Airline D's service was acceptable. The check-in process was slightly slow but the flight experience was smooth.,Neutral,Unknown,General,Anonymous,,synthetic
8. My journey with Airline E was fairly comfortable. The in-flight meal was not upto the mark though.,Neutral,Unknown,General,Anonymous,,synthetic
"9. Airline F provided a decent in-flight experience. However, the baggage delivery was a bit delayed.",Neutral,Unknown,General,Anonymous,,synthetic
"10. Airline G's flight was good, but the legroom was slightly tight. The food served was average.",Neutral,Unknown,General,Anonymous,,synthetic
11. The flight with Airline H was okay. The staff was friendly but the plane could have been cleaner.,Neutral,Unknown,General,Anonymous,,synthetic
12. Airline I's flight was on-time and the check-in process was efficient. The in-flight entertainment options were limited.,Neutral,Unknown,General,Anonymous,,synthetic
13. My travel with Airline J was satisfactory. The flight was a little noisy and crowded but it departed and arrived on time.,Neutral,Unknown,General,Anonymous,,synthetic
14. Airline K provided a smooth flight experience. The food served could have been better.,Neutral,Unknown,General,Anonymous,,synthetic
15. Airline L's flight was average with on-time departure and arrival. The seat comfort was not up to the mark.,Neutral,Unknown,General,Anonymous,,synthetic
16. The flight with Airline M was fine. The staff was polite but the in-flight amenities were basic.,Neutral,Unknown,General,Anonymous,,synthetic
17. My journey with Airline N was decent. The plane was a bit old but the flight was punctual.,Neutral,Unknown,General,Anonymous,,synthetic
18. Airline O's service was acceptable. The flight was delayed but they kept us informed.,Neutral,Unknown,General,Anonymous,,synthetic
19. The flight with Airline P was okay. The seats were comfortable but the food quality was mediocre.,Neutral,Unknown,General,Anonymous,,synthetic
20. My experience with Airline Q was satisfactory. The check-in process was smooth but the in-flight entertainment was limited.,Neutral,Unknown,General,Anonymous,,synthetic
"1. ""Airline X offered a straightforward flight experience. The staff was polite and the seats were fairly comfortable.""",Neutral,Unknown,General,Anonymous,,synthetic
"2. ""Airline Y provided a standard in-flight meal. The plane departed and landed on time.""",Neutral,Unknown,General,Anonymous,,synthetic
"3. ""Airline Z had an average legroom. The entertainment options were plentiful, but the food was just okay.""",Neutral,Unknown,General,Anonymous,,synthetic
"4. ""Airline A's cabin crew was efficient and professional. The in-flight amenities were as expected.""",Neutral,Unknown,General,Anonymous,,synthetic
"5. ""Airline B's flight was punctual. The boarding process was smooth, but the in-flight service was a bit slow.""",Neutral,Unknown,General,Anonymous,,synthetic
"6. ""Airline C's booking process was simple. The cabin was clean, however, the legroom was a bit tight.""",Neutral,Unknown,General,Anonymous,,synthetic
"7. ""Airline D's flight was a normal experience. The staff was friendly and the flight was on time, but the food was mediocre.""",Neutral,Unknown,General,Anonymous,,synthetic
"8. ""Airline E's flight was decent. The seats were comfortable enough for a short haul flight.""",Neutral,Unknown,General,Anonymous,,synthetic
"9. ""Airline F offered a standard service. The crew was professional, but the in-flight entertainment could use an update.""",Neutral,Unknown,General,Anonymous,,synthetic
"10. ""Airline G's flight was okay. The plane was clean and the staff was polite, but the boarding process was a bit chaotic.""",Neutral,Unknown,General,Anonymous,,synthetic
"11. ""Airline H's flight was typical. The crew was nice and the flight was on time, but the food options were limited.""",Neutral,Unknown,General,Anonymous,,synthetic
"12. ""Airline I's service was average. The flight left on time and the cabin was clean, but the seats were a bit cramped.""",Neutral,Unknown,General,Anonymous,,synthetic
"13. ""Airline J's flight was satisfactory. The crew was polite, but the in-flight entertainment was lacking.""",Neutral,Unknown,General,Anonymous,,synthetic
"14. ""Airline K's flight was as expected. The staff was efficient and the plane was clean, but the legroom was a bit tight.""",Neutral,Unknown,General,Anonymous,,synthetic
"15. ""Airline L's service was fine. The flight was punctual and the crew was professional, but the food was average.""",Neutral,Unknown,General,Anonymous,,synthetic
"16. ""Airline M's flight was ordinary. The seats were comfortable, but the in-flight entertainment was outdated.""",Neutral,Unknown,General,Anonymous,,synthetic
"17. ""Airline N's service was acceptable. The flight was on time and the staff was courteous, but the food was bland.""",Neutral,Unknown,General,Anonymous,,synthetic
"18. ""Airline O's service was adequate. The boarding process was smooth and the flight was on time, but the seats were a bit small.""",Neutral,Unknown,General,Anonymous,,synthetic
"19. ""Airline P's flight was okay. The crew was friendly and the plane was clean, but the legroom was limited.""",Neutral,Unknown,General,Anonymous,,synthetic
"20. ""Airline Q's flight was standard. The staff was professional and the food was okay, but the boarding process was a bit slow.""",Neutral,Unknown,General,Anonymous,,synthetic
1. The flight with Air Canada was satisfactory. The cabin was clean and the in-flight meal was standard.,Neutral,Unknown,General,Anonymous,,synthetic
"2. Qantas provided a smooth check-in experience. The seats were average comfort-wise, and the in-flight entertainment choices were adequate.",Neutral,Unknown,General,Anonymous,,synthetic
3. The in-flight service on American Airlines was acceptable. The cabin crew were professional but not overly friendly.,Neutral,Unknown,General,Anonymous,,synthetic
4. The flight with Emirates was okay. The food was average and the seats in economy class were a bit cramped.,Neutral,Unknown,General,Anonymous,,synthetic
5. British Airways offered a standard flying experience. The cabin crew was professional and the plane left on time.,Neutral,Unknown,General,Anonymous,,synthetic
"6. The trip with Southwest was typical. The boarding process was smooth, and the cabin was relatively clean.",Neutral,Unknown,General,Anonymous,,synthetic
"7. The Delta Air Lines flight was average. The food was okay, and the cabin crew was professional.",Neutral,Unknown,General,Anonymous,,synthetic
"8. The flight with Lufthansa was reasonable. The cabin was well-maintained, and the flight departed on schedule.",Neutral,Unknown,General,Anonymous,,synthetic
"9. The Air India flight was fairly typical. The seats were reasonably comfortable, and the in-flight service was satisfactory.",Neutral,Unknown,General,Anonymous,,synthetic
10. The experience with Air France was standard. The flight was on time and the cabin crew was polite.,Neutral,Unknown,General,Anonymous,,synthetic
"11. The flight with Singapore Airlines was acceptable. The plane was clean, and the in-flight entertainment was adequate.",Neutral,Unknown,General,Anonymous,,synthetic
"12. The Alaska Airlines flight was okay. The seats were comfortable enough for a short flight, and the cabin crew was efficient.",Neutral,Unknown,General,Anonymous,,synthetic
"13. The KLM flight was average. The food was okay, and the flight was on time.",Neutral,Unknown,General,Anonymous,,synthetic
14. The JetBlue experience was standard. The boarding process was smooth and the in-flight service was fair.,Neutral,Unknown,General,Anonymous,,synthetic
"15. The United Airlines flight was average. The plane was clean, and the cabin crew was professional.",Neutral,Unknown,General,Anonymous,,synthetic
"16. The experience with Cathay Pacific was acceptable. The food was typical, and the in-flight entertainment was adequate.",Neutral,Unknown,General,Anonymous,,synthetic
"17. The Virgin Atlantic flight was reasonable. The cabin was clean, and the flight left on time.",Neutral,Unknown,General,Anonymous,,synthetic
"18. The Qatar Airways flight was okay. The seats were comfortable enough, and the in-flight service was satisfactory.",Neutral,Unknown,General,Anonymous,,synthetic
19. The experience with Etihad Airways was standard. The flight was on time and the cabin crew was polite.,Neutral,Unknown,General,Anonymous,,synthetic
"20. The Ryanair flight was typical. The boarding process was smooth, but the seats were a bit cramped.",Neutral,Unknown,General,Anonymous,,synthetic
"1. ""The staff on my Air Canada flight was polite and the plane departed on time. The food was satisfactory.""",Neutral,Unknown,General,Anonymous,,synthetic
"2. ""My experience with United Airlines was routine. The plane was clean and the in-flight entertainment was decent.""",Neutral,Unknown,General,Anonymous,,synthetic
"3. ""The Delta flight was on time and the crew was efficient. The legroom in economy class was as expected.""",Neutral,Unknown,General,Anonymous,,synthetic
"4. ""My American Airlines flight was typical. The plane was a bit older but service was decent.""",Neutral,Unknown,General,Anonymous,,synthetic
"5. ""My flight with Southwest Airlines was standard. The flight attendants were friendly and the flight was on schedule.""",Neutral,Unknown,General,Anonymous,,synthetic
"6. ""The British Airways flight was average. The food was edible and the crew was efficient.""",Neutral,Unknown,General,Anonymous,,synthetic
"7. ""My Lufthansa flight was fine. The plane was clean, and the seat was comfortable.""",Neutral,Unknown,General,Anonymous,,synthetic
"8. ""Qatar Airways provided a standard experience. The in-flight meals were satisfactory and the staff was polite.""",Neutral,Unknown,General,Anonymous,,synthetic
"9. ""The Emirates flight was typical for long-haul. The inflight entertainment was good, and the food was okay.""",Neutral,Unknown,General,Anonymous,,synthetic
"10. ""My Air France flight was as expected. The staff was professional and the plane departed on time.""",Neutral,Unknown,General,Anonymous,,synthetic
"11. ""My experience with KLM was average. The plane was clean and the in-flight entertainment was satisfactory.""",Neutral,Unknown,General,Anonymous,,synthetic
"12. ""The Turkish Airlines flight was standard. The food was average and the crew was efficient.""",Neutral,Unknown,General,Anonymous,,synthetic
"13. ""My Singapore Airlines flight was fine. The plane was clean, and the seat was comfortable.""",Neutral,Unknown,General,Anonymous,,synthetic
"14. ""The Cathay Pacific flight was on time and the crew was professional. The legroom in economy class was as expected.""",Neutral,Unknown,General,Anonymous,,synthetic
"15. ""My Etihad Airways flight was typical. The plane was a bit older but the service was decent.""",Neutral,Unknown,General,Anonymous,,synthetic
"16. ""The JetBlue flight was average. The food was edible and the crew was efficient.""",Neutral,Unknown,General,Anonymous,,synthetic
"17. ""My Alaska Airlines flight was as expected. The staff was professional and the plane departed on time.""",Neutral,Unknown,General,Anonymous,,synthetic
"18. ""The Spirit Airlines flight was standard. The flight attendants were friendly and the flight was on schedule.""",Neutral,Unknown,General,Anonymous,,synthetic
"19. ""My Virgin Atlantic flight was typical for long-haul. The inflight entertainment was good, and the food was okay.""",Neutral,Unknown,General,Anonymous,,synthetic
"20. ""The Aer Lingus flight was on time and the crew was polite. The legroom in economy class was as expected.""",Neutral,Unknown,General,Anonymous,,synthetic
"1. The flight with Air Canada was on time and the in-flight entertainment was adequate. However, the legroom was a bit tight.",Neutral,Unknown,General,Anonymous,,synthetic
2. JetBlue provided a smooth check-in process and their in-flight service was reliable. The food quality could use some improvement.,Neutral,Unknown,General,Anonymous,,synthetic
"3. On United Airlines, the flight attendants were professional and the seats were fairly comfortable. The meal options were somewhat limited.",Neutral,Unknown,General,Anonymous,,synthetic
"4. Delta's inflight WiFi was a great feature, but the signal strength varied. The onboard meal was of average quality.",Neutral,Unknown,General,Anonymous,,synthetic
"5. The British Airways flight had a punctual departure and arrival. The seats, however, were a bit worn out.",Neutral,Unknown,General,Anonymous,,synthetic
6. American Airlines' staff was polite and helpful. The flight was slightly delayed but otherwise uneventful.,Neutral,Unknown,General,Anonymous,,synthetic
7. Lufthansa's flight was smooth and the cabin was clean. The in-flight entertainment options were somewhat outdated.,Neutral,Unknown,General,Anonymous,,synthetic
8. Southwest Airlines offered a hassle-free booking process and the cabin crew was friendly. The lack of complimentary food was a minor inconvenience.,Neutral,Unknown,General,Anonymous,,synthetic
"9. The flight with Emirates was punctual, and the cabin was spacious. The food could have been warmer.",Neutral,Unknown,General,Anonymous,,synthetic
"10. Qantas' in-flight service was efficient, but the variety of movie options was limited. The overall cleanliness was satisfactory.",Neutral,Unknown,General,Anonymous,,synthetic
"11. The flight with Air France was on time, and the seats were reasonably comfortable. The food selection was fine, though not extraordinary.",Neutral,Unknown,General,Anonymous,,synthetic
"12. Flying with Virgin Atlantic, the check-in process was smooth, but the flight was slightly delayed. The staff was professional.",Neutral,Unknown,General,Anonymous,,synthetic
13. Cathay Pacific provided a comfortable seat and decent in-flight entertainment. The meal service was somewhat slow.,Neutral,Unknown,General,Anonymous,,synthetic
"14. Turkish Airlines provided a satisfactory service overall. The legroom was a bit tight, but the crew was attentive.",Neutral,Unknown,General,Anonymous,,synthetic
"15. Singapore Airlines' flight was on time, the cabin was clean, but the in-flight entertainment could use an update.",Neutral,Unknown,General,Anonymous,,synthetic
16. KLM's flight was punctual and the crew was polite. The food was average and the in-flight entertainment was limited.,Neutral,Unknown,General,Anonymous,,synthetic
"17. The flight with Qatar Airways was smooth, and the cabin crew was professional. The meal options could have been more varied.",Neutral,Unknown,General,Anonymous,,synthetic
"18. Ryanair's check-in process was efficient, and the flight was on schedule. The seats were a bit cramped.",Neutral,Unknown,General,Anonymous,,synthetic
"19. The Etihad Airways flight was on time, and the cabin crew was friendly. The food quality was typical for airline food.",Neutral,Unknown,General,Anonymous,,synthetic
"20. Aer Lingus' flight was punctual, the seats were fairly comfortable, but the in-flight entertainment options were limited.",Neutral,Unknown,General,Anonymous,,synthetic
1. The flight with Air Canada was on time and the staff was professional. The in-flight meal was average.,Neutral,Unknown,General,Anonymous,,synthetic
2. Flew with British Airways across the Atlantic. The seats were reasonably comfortable and the entertainment selection was fair.,Neutral,Unknown,General,Anonymous,,synthetic
3. Lufthansa's flight was punctual and the cabin was kept clean. The food could have been improved.,Neutral,Unknown,General,Anonymous,,synthetic
"4. Took a domestic flight with Delta Airlines. The flight was smooth and the crew was polite, though the legroom was a bit limited.",Neutral,Unknown,General,Anonymous,,synthetic
5. American Airlines provided a standard service for a transcontinental flight. The food and beverage options were up to par.,Neutral,Unknown,General,Anonymous,,synthetic
"6. Flew with Southwest Airlines from Chicago to Denver. Their check-in process was efficient, and the flight was uneventful.",Neutral,Unknown,General,Anonymous,,synthetic
"7. The flight with United Airlines was fine. The crew was helpful, though the in-flight entertainment system was a bit outdated.",Neutral,Unknown,General,Anonymous,,synthetic
"8. Flew with RyanAir from London to Dublin. The flight was on time, but the seats were a little cramped.",Neutral,Unknown,General,Anonymous,,synthetic
"9. Took a flight with Emirates to Dubai. The airline provided good service, but the food was only average.",Neutral,Unknown,General,Anonymous,,synthetic
"10. The Qatar Airways flight was comfortable, but the in-flight entertainment could have been better.",Neutral,Unknown,General,Anonymous,,synthetic
"11. Flew with Turkish Airlines from Istanbul to Athens. The service was fine, but the plane seemed a bit old.",Neutral,Unknown,General,Anonymous,,synthetic
12. The Air France flight to Paris was average. The seats were okay and the flight arrived on time.,Neutral,Unknown,General,Anonymous,,synthetic
13. The KLM flight was satisfactory. The crew was professional and the food was typical for an airline meal.,Neutral,Unknown,General,Anonymous,,synthetic
"14. Took a flight with Singapore Airlines. The cabin was clean and the flight was smooth, but the in-flight entertainment was limited.",Neutral,Unknown,General,Anonymous,,synthetic
15. The Qantas flight to Sydney was fine. The food was average and the service was okay.,Neutral,Unknown,General,Anonymous,,synthetic
"16. The Etihad Airways flight was on time and the seats were comfortable, but the food could have used more variety.",Neutral,Unknown,General,Anonymous,,synthetic
"17. The flight with Virgin Atlantic was smooth. The entertainment was adequate, but the food was only average.",Neutral,Unknown,General,Anonymous,,synthetic
"18. Took a domestic flight with JetBlue. The flight was punctual and the check-in process was efficient, but the legroom was a bit tight.",Neutral,Unknown,General,Anonymous,,synthetic
"19. Flew with Cathay Pacific to Hong Kong. The flight was comfortable, but the food was fairly standard.",Neutral,Unknown,General,Anonymous,,synthetic
"20. The Aeromexico flight to Mexico City was average. The seats were okay and the crew was polite, but the in-flight entertainment was a bit lacking.",Neutral,Unknown,General,Anonymous,,synthetic
"1. ""Delta Airlines provided a straightforward service. The flight was on time and the crew was professional, but the in-flight meal was just satisfactory.""",Neutral,Unknown,General,Anonymous,,synthetic
"2. ""American Airlines made for a decent travel experience. The seats were comfortable enough for the long flight, however, the entertainment system could use an upgrade.""",Neutral,Unknown,General,Anonymous,,synthetic
"3. ""Southwest was fairly good in terms of punctuality and cabin cleanliness. The lack of assigned seating was a bit disconcerting, but manageable.""",Neutral,Unknown,General,Anonymous,,synthetic
"4. ""United Airlines offered a standard experience. The staff was helpful, although the in-flight entertainment options were somewhat limited.""",Neutral,Unknown,General,Anonymous,,synthetic
"5. ""Ryanair was efficient for short-haul flights. The no-frills approach made for a basic experience, and the legroom was a bit tight.""",Neutral,Unknown,General,Anonymous,,synthetic
"6. ""With Air France, the flight was punctual and the onboard meal was decent. The cabin temperature, however, was set a little too cold for comfort.""",Neutral,Unknown,General,Anonymous,,synthetic
"7. ""British Airways provided a satisfactory flight experience. The crew was polite, but the in-flight Wi-Fi was rather slow.""",Neutral,Unknown,General,Anonymous,,synthetic
"8. ""Emirates delivered an average experience. The food was acceptable and the seat space was fine, though the boarding process was slightly chaotic.""",Neutral,Unknown,General,Anonymous,,synthetic
"9. ""With Qantas, the flight departed and arrived as scheduled. The cabin crew was cordial, but the in-flight meal could have been better.""",Neutral,Unknown,General,Anonymous,,synthetic
"10. ""Lufthansa offered a standard onboard experience. The seats were satisfactory, but the overhead storage was filled quite fast.""",Neutral,Unknown,General,Anonymous,,synthetic
"11. ""JetBlue provided an acceptable service. The snack options were fine, but the legroom was slightly less than preferred.""",Neutral,Unknown,General,Anonymous,,synthetic
"12. ""Virgin Atlantic operated a smooth flight with a friendly crew. The in-flight entertainment was just adequate and the meal options were fair.""",Neutral,Unknown,General,Anonymous,,synthetic
"13. ""ANA provided a decent service. The flight was punctual, but the cabin was a bit crowded.""",Neutral,Unknown,General,Anonymous,,synthetic
"14. ""Etihad Airways had a reasonable flight. The staff was courteous, but the food selection was only average.""",Neutral,Unknown,General,Anonymous,,synthetic
"15. ""Turkish Airlines offered a satisfactory experience. The flight was smooth and the crew was professional, but the seat comfort was only average.""",Neutral,Unknown,General,Anonymous,,synthetic
"16. ""Cathay Pacific was on time and the staff was efficient. The legroom, however, was a bit tight for a long-haul flight.""",Neutral,Unknown,General,Anonymous,,synthetic
"17. ""Qatar Airways provided an adequate in-flight experience. The food was decent, but the in-flight entertainment options were slightly limited.""",Neutral,Unknown,General,Anonymous,,synthetic
"18. ""Air Canada offered an average flight experience. The cabin was clean, but the in-flight service was a bit slow.""",Neutral,Unknown,General,Anonymous,,synthetic
"19. ""EasyJet was efficient for short flights. The boarding process was swift, but the seat comfort was just okay.""",Neutral,Unknown,General,Anonymous,,synthetic
"20. ""Norwegian Air delivered a standard experience. The flight was on time and the crew was polite, but the in-flight meal was not exceptional.""",Neutral,Unknown,General,Anonymous,,synthetic
"1. ""British Airways provided a satisfactory service on my recent transatlantic flight. The food was of an average standard and the inflight entertainment was sufficient.""",Neutral,Unknown,General,Anonymous,,synthetic
"2. ""My flight with Southwest Airlines was typical. The check-in process was smooth and the staff were polite, but the legroom was a bit tight.""",Neutral,Unknown,General,Anonymous,,synthetic
"3. ""Air France's service was acceptable. The flight left on time and arrived at the destination as scheduled, with no significant issues to report.""",Neutral,Unknown,General,Anonymous,,synthetic
"4. ""My experience with JetBlue was pretty standard. The plane was clean, the flight crew was professional, and the flight was on time.""",Neutral,Unknown,General,Anonymous,,synthetic
"5. ""I flew with Delta Airlines last week. The boarding process was well-organized and the flight was comfortable, though the food could have been better.""",Neutral,Unknown,General,Anonymous,,synthetic
"6. ""My flight with American Airlines was quite normal. There was a slight delay but the airline kept us informed and the onboard service was decent.""",Neutral,Unknown,General,Anonymous,,synthetic
"7. ""Emirates provided a standard service on my recent flight. The seat was comfortable and the inflight entertainment was good, but the food was just okay.""",Neutral,Unknown,General,Anonymous,,synthetic
"8. ""My flight with KLM was uneventful. The staff was professional and the plane was clean, but the food options were limited.""",Neutral,Unknown,General,Anonymous,,synthetic
"9. ""I recently flew with Virgin Atlantic. The flight was on time and the cabin crew was courteous, but the inflight meal was average.""",Neutral,Unknown,General,Anonymous,,synthetic
"10. ""My experience with Lufthansa was as expected. The flight was on time, the cabin was clean, and the service was efficient.""",Neutral,Unknown,General,Anonymous,,synthetic
"11. ""Air Canada provided a typical service. The flight was on time and the staff was professional, but the seat comfort could be improved.""",Neutral,Unknown,General,Anonymous,,synthetic
"12. ""I flew with United Airlines recently. The check-in process was smooth, the flight left and arrived on time, but the in-flight meal was not very tasty.""",Neutral,Unknown,General,Anonymous,,synthetic
"13. ""My flight with Qatar Airways was standard. The seat was comfortable, the staff was professional, but the food was just average.""",Neutral,Unknown,General,Anonymous,,synthetic
"14. ""The service on my Air India flight was adequate. The flight was punctual, but the in-flight entertainment options were limited.""",Neutral,Unknown,General,Anonymous,,synthetic
"15. ""My experience with Alaska Airlines was fairly typical. The flight was on time, the staff was courteous, but the legroom was a bit tight.""",Neutral,Unknown,General,Anonymous,,synthetic
"16. ""I flew with Cathay Pacific recently. The check-in process was straightforward, the cabin was clean, but the meal options were average.""",Neutral,Unknown,General,Anonymous,,synthetic
"17. ""My flight with Ryanair was as expected. The flight was on time and the staff was polite, but the seating was a bit cramped.""",Neutral,Unknown,General,Anonymous,,synthetic
"18. ""The service on my Etihad Airways flight was standard. The flight was punctual, the seat was comfortable, but the in-flight entertainment was just okay.""",Neutral,Unknown,General,Anonymous,,synthetic
"19. ""My recent flight with EasyJet was average. The boarding process was smooth, the flight was on time, but the food options were limited.""",Neutral,Unknown,General,Anonymous,,synthetic
"20. ""I flew with Singapore Airlines last week. The flight was on time, the cabin was clean, but the in-flight meal was not very tasty.""",Neutral,Unknown,General,Anonymous,,synthetic
"1. ""The flight with Air Canada was standard. Nothing exceptional, but no major issues either.""",Neutral,Unknown,General,Anonymous,,synthetic
"2. ""JetBlue provided a typical flying experience. The cabin was clean and the staff was courteous.""",Neutral,Unknown,General,Anonymous,,synthetic
"3. ""Emirates' flight was punctual, and the in-flight entertainment was satisfactory.""",Neutral,Unknown,General,Anonymous,,synthetic
"4. ""Flew with Delta Airlines. The food was average, and the legroom was not too cramped.""",Neutral,Unknown,General,Anonymous,,synthetic
"5. ""The American Airlines flight was reasonable. Cabin crew were professional, and the flight arrived on time.""",Neutral,Unknown,General,Anonymous,,synthetic
"6. ""British Airways provided a satisfactory service. The plane was a bit old, but the flight was smooth.""",Neutral,Unknown,General,Anonymous,,synthetic
"7. ""Flying with Southwest was an average experience. The check-in process was straightforward, and the flight was on time.""",Neutral,Unknown,General,Anonymous,,synthetic
"8. ""Qantas Airlines' flight was quite standard. The seating was comfortable, but the in-flight meal could be improved.""",Neutral,Unknown,General,Anonymous,,synthetic
"9. ""Lufthansa's service was acceptable. The ticketing process was smooth, but the cabin felt a bit outdated.""",Neutral,Unknown,General,Anonymous,,synthetic
"10. ""The United Airlines flight was adequate. The pilot provided regular updates and the staff was friendly.""",Neutral,Unknown,General,Anonymous,,synthetic
"11. ""Aeroflot's in-flight entertainment was satisfactory. The food was average, and the staff was polite.""",Neutral,Unknown,General,Anonymous,,synthetic
"12. ""Air France's flight was consistent with my expectations. The boarding process was well-organized, but the in-flight meal was just okay.""",Neutral,Unknown,General,Anonymous,,synthetic
"13. ""Turkish Airlines provided a typical service. The plane was clean, and the flight landed on time.""",Neutral,Unknown,General,Anonymous,,synthetic
"14. ""The Cathay Pacific flight was decent. The cabin crew was professional, but the legroom was a bit tight.""",Neutral,Unknown,General,Anonymous,,synthetic
"15. ""Flying with Ryanair was an average experience. The flight was punctual, but there was a lack of in-flight entertainment.""",Neutral,Unknown,General,Anonymous,,synthetic
"16. ""Etihad Airways' flight was standard. The staff was friendly, but the food was quite basic.""",Neutral,Unknown,General,Anonymous,,synthetic
"17. ""The Singapore Airlines flight was acceptable. The plane was modern, but the in-flight meal was only okay.""",Neutral,Unknown,General,Anonymous,,synthetic
"18. ""Virgin Atlantic provided a satisfactory service. The flight was smooth, but the check-in process took a little longer than expected.""",Neutral,Unknown,General,Anonymous,,synthetic
"19. ""KLM's service was adequate. The flight departed and arrived on time, but the seats could use some upgrading.""",Neutral,Unknown,General,Anonymous,,synthetic
"20. ""Flying with Air New Zealand was typical. The cabin crew was efficient, but the in-flight entertainment options were limited.""",Neutral,Unknown,General,Anonymous,,synthetic
"1. The flight with Air Canada was satisfactory. The seats were reasonably comfortable, and the in-flight entertainment had a solid selection.",Neutral,Unknown,General,Anonymous,,synthetic
"2. My flight with Southwest Airlines was average. The cabin crew was polite, and the flight was punctual, which was appreciated.",Neutral,Unknown,General,Anonymous,,synthetic
"3. Delta Airlines provided a standard flying experience. The food was edible, though not remarkable, and the service was adequate.",Neutral,Unknown,General,Anonymous,,synthetic
"4. My flight on United Airlines was as expected. It departed and arrived on schedule, and the baggage handling was efficient.",Neutral,Unknown,General,Anonymous,,synthetic
"5. I found my trip with British Airways to be unremarkable. The plane was clean, and the staff was professional.",Neutral,Unknown,General,Anonymous,,synthetic
"6. My flight with Lufthansa was satisfactory. The legroom was a bit tight, but the food and beverage service was prompt.",Neutral,Unknown,General,Anonymous,,synthetic
"7. The flight with American Airlines was acceptable. The check-in process was streamlined, and the flight attendants were pleasant.",Neutral,Unknown,General,Anonymous,,synthetic
"8. My experience with Ryanair was typical. The flight was on time, and the boarding process was organized.",Neutral,Unknown,General,Anonymous,,synthetic
"9. My journey with Qatar Airways was okay. The seats were comfortable enough for a long-haul flight, and the in-flight entertainment was decent.",Neutral,Unknown,General,Anonymous,,synthetic
"10. The flight with JetBlue was average. The onboard WiFi was a nice touch, although the food options were limited.",Neutral,Unknown,General,Anonymous,,synthetic
"11. My trip with Emirates was as expected. The cabin was clean, and the staff was courteous.",Neutral,Unknown,General,Anonymous,,synthetic
"12. The flight with Air France was typical. The seats were a bit hard, but the cabin crew was attentive.",Neutral,Unknown,General,Anonymous,,synthetic
"13. My experience with Etihad Airways was satisfactory. The in-flight meal was acceptable, and the landing was smooth.",Neutral,Unknown,General,Anonymous,,synthetic
"14. The flight with Cathay Pacific was decent. The legroom was a bit cramped, but the flight was on time.",Neutral,Unknown,General,Anonymous,,synthetic
"15. My journey with Turkish Airlines was average. The boarding process was a bit chaotic, but the in-flight entertainment was good.",Neutral,Unknown,General,Anonymous,,synthetic
"16. The flight with Virgin Atlantic was as expected. The cabin was clean, and the food was okay.",Neutral,Unknown,General,Anonymous,,synthetic
"17. My trip with Singapore Airlines was satisfactory. The staff was professional, and the flight was on time.",Neutral,Unknown,General,Anonymous,,synthetic
"18. The flight with Alaska Airlines was uneventful. The baggage handling was efficient, and the cabin crew was polite.",Neutral,Unknown,General,Anonymous,,synthetic
"19. My experience with Qantas was typical. The seats were comfortable, and the check-in process was smooth.",Neutral,Unknown,General,Anonymous,,synthetic
"20. The flight with Air New Zealand was decent. The in-flight meal was average, and the flight attendants were pleasant.",Neutral,Unknown,General,Anonymous,,synthetic
"1. ""The flight with Airline A was prompt and smooth. The in-flight meal was reasonably good. However, the legroom was a bit cramped.""",Neutral,Unknown,General,Anonymous,,synthetic
"2. ""During my recent trip with Airline B, the crew members were professional and friendly. The food quality was average, and the flight was on time.""",Neutral,Unknown,General,Anonymous,,synthetic
"3. ""Airline C provided an adequate service. The seats were comfortable enough for a short flight but could be improved for long haul flights.""",Neutral,Unknown,General,Anonymous,,synthetic
"4. ""Airline D's flight had minor delays, which were communicated effectively. The cabin cleanliness was up to standard, and the staff was cordial.""",Neutral,Unknown,General,Anonymous,,synthetic
"5. ""On my flight with Airline E, the check-in process was quite efficient. While the in-flight entertainment options were limited, the flight itself was comfortable.""",Neutral,Unknown,General,Anonymous,,synthetic
"6. ""Airline F’s service was typical of most other airlines. The staff was polite, and the plane was clean, though the food was just okay.""",Neutral,Unknown,General,Anonymous,,synthetic
"7. ""The flight with Airline G was largely uneventful. The seats were a bit narrow, and the meal options were limited, but overall, it was an average flight.""",Neutral,Unknown,General,Anonymous,,synthetic
"8. ""Airline H provided a standard experience with no major issues. The flight departed on time, the cabin was clean, and the crew was attentive.""",Neutral,Unknown,General,Anonymous,,synthetic
"9. ""Flying with Airline I was a pretty routine experience. The staff was professional, and the flight was on time, but the legroom was somewhat limited.""",Neutral,Unknown,General,Anonymous,,synthetic
"10. ""Airline J's flight was generally okay. The food was satisfactory, and the cabin crew was friendly, though the in-flight entertainment could use an update.""",Neutral,Unknown,General,Anonymous,,synthetic
"11. ""Airline K provided an average flying experience. The seating was comfortable, but the flight was slightly delayed, and the onboard meal was of moderate quality.""",Neutral,Unknown,General,Anonymous,,synthetic
"12. ""Airline L's flight was mostly smooth with minor turbulence. The service was efficient, and the meals were decent, although the in-flight entertainment was somewhat outdated.""",Neutral,Unknown,General,Anonymous,,synthetic
"13. ""Had a regular trip with Airline M. The staff was cordial, and the flight was punctual, but the food could have been better.""",Neutral,Unknown,General,Anonymous,,synthetic
"14. ""Airline N offered a decent service. Although the flight was delayed, they managed the situation well. The comfort and cleanliness were up to par.""",Neutral,Unknown,General,Anonymous,,synthetic
"15. ""My flight with Airline O was typical. The check-in was smooth, the flight was on time, and the staff was attentive, but the in-flight meal was fairly average.""",Neutral,Unknown,General,Anonymous,,synthetic
"16. ""Airline P delivered a standard flight experience. The plane was clean, and the staff was courteous, but the legroom was a bit tight.""",Neutral,Unknown,General,Anonymous,,synthetic
"17. ""My flight with Airline Q was satisfactory. The flight arrived on time, and the cabin crew was friendly, but the seat comfort could be improved.""",Neutral,Unknown,General,Anonymous,,synthetic
"18. ""Airline R provided an ordinary flying experience. The flight was delayed slightly, but the staff handled it well, and the in-flight amenities were standard.""",Neutral,Unknown,General,Anonymous,,synthetic
"19. ""The flight with Airline S was quite routine. The staff was professional, and the flight was punctual, but the meal could have been better.""",Neutral,Unknown,General,Anonymous,,synthetic
"20. ""Airline T's service was decent. The flight departed and arrived as scheduled, the seat was comfortable, but the in-flight entertainment options were somewhat limited.""",Neutral,Unknown,General,Anonymous,,synthetic
"1. ""The flight with American Airlines was standard, with on-time departure and arrival. The in-flight meal was decent enough.""",Neutral,Unknown,General,Anonymous,,synthetic
"2. ""Qatar Airways provided a comfortable cabin environment, with adequate legroom. The flight crew was professional.""",Neutral,Unknown,General,Anonymous,,synthetic
"3. ""Delta Airlines' in-flight entertainment had a good variety of options. The flight was punctual.""",Neutral,Unknown,General,Anonymous,,synthetic
"4. ""The Air Canada flight was mostly smooth, with minor turbulence. The cabin crew was efficient in their duties.""",Neutral,Unknown,General,Anonymous,,synthetic
"5. ""Emirates offered a standard flight experience. The food was okay, and the seats could use a little more padding.""",Neutral,Unknown,General,Anonymous,,synthetic
"6. ""The seats on the Southwest Airlines flight were average in terms of comfort. The flight was on schedule.""",Neutral,Unknown,General,Anonymous,,synthetic
"7. ""The British Airways flight was generally comfortable. The staff was respectful, and the food was standard fare.""",Neutral,Unknown,General,Anonymous,,synthetic
"8. ""United Airlines' flight was as expected; no major complaints. The in-flight entertainment kept me occupied for most of the journey.""",Neutral,Unknown,General,Anonymous,,synthetic
"9. ""The flight with Lufthansa was punctual and the cabin was clean. The meals were average, and the staff was professional.""",Neutral,Unknown,General,Anonymous,,synthetic
"10. ""I found the seats on the JetBlue flight to be adequately comfortable. The flight landed on time.""",Neutral,Unknown,General,Anonymous,,synthetic
"11. ""The flight with Air France was okay. The cabin crew was attentive, and the food was standard airline quality.""",Neutral,Unknown,General,Anonymous,,synthetic
"12. ""The Virgin Atlantic flight was decent, with a clean cabin and satisfactory service from the crew.""",Neutral,Unknown,General,Anonymous,,synthetic
"13. ""Turkish Airlines offered an average flight experience. The in-flight entertainment was satisfactory, and the staff was polite.""",Neutral,Unknown,General,Anonymous,,synthetic
"14. ""The Qantas flight was mostly smooth and punctual. The crew members were efficient in their service.""",Neutral,Unknown,General,Anonymous,,synthetic
"15. ""The seats on the Cathay Pacific flight were okay in terms of comfort. The on-board meal was standard.""",Neutral,Unknown,General,Anonymous,,synthetic
"16. ""The Air India flight was as expected. The cabin crew was efficient and the flight was on schedule.""",Neutral,Unknown,General,Anonymous,,synthetic
"17. ""The Singapore Airlines flight was decent with satisfactory service from the crew. The in-flight meal was average.""",Neutral,Unknown,General,Anonymous,,synthetic
"18. ""The KLM flight was punctual and the cabin was clean. The crew members were polite.""",Neutral,Unknown,General,Anonymous,,synthetic
"19. ""The Air New Zealand flight was on schedule, the cabin crew was professional, and the in-flight entertainment had a good variety.""",Neutral,Unknown,General,Anonymous,,synthetic
"20. ""Etihad Airways offered a decent flight experience. The seats were comfortable enough for a long journey, and the food was okay.""",Neutral,Unknown,General,Anonymous,,synthetic
"1. ""The flight with United Airlines was on schedule, the staff was courteous, and the in-flight meal was average.""",Neutral,Unknown,General,Anonymous,,synthetic
"2. ""American Airlines provided a standard experience, with a timely departure and arrival, and acceptable onboard services.""",Neutral,Unknown,General,Anonymous,,synthetic
"3. ""The check-in process with Lufthansa was easy and efficient, the seats were comfortable enough for a long-haul flight.""",Neutral,Unknown,General,Anonymous,,synthetic
"4. ""Delta Air Line's in-flight entertainment system offered a decent variety of options, but the wifi was a bit slow.""",Neutral,Unknown,General,Anonymous,,synthetic
"5. ""JetBlue's cabin crew was professional and the flight landed on time, but the food could have been better.""",Neutral,Unknown,General,Anonymous,,synthetic
"6. ""The legroom on Southwest Airlines was as expected for economy class, the flight was smooth and punctual.""",Neutral,Unknown,General,Anonymous,,synthetic
"7. ""Air France provided a typical long-haul service with a satisfactory selection of food and drinks.""",Neutral,Unknown,General,Anonymous,,synthetic
"8. ""The Emirates flight was clean and well-maintained, with a decent in-flight entertainment system.""",Neutral,Unknown,General,Anonymous,,synthetic
"9. ""Qatar Airways had an efficient boarding process, the flight attendants were polite and the meals were standard.""",Neutral,Unknown,General,Anonymous,,synthetic
"10. ""The British Airways flight was quite average, with comfortable seating and punctual arrival, but the baggage claim took a while.""",Neutral,Unknown,General,Anonymous,,synthetic
"11. ""Turkish Airlines provided a fair service, with a smooth check-in process and an on-time departure.""",Neutral,Unknown,General,Anonymous,,synthetic
"12. ""KLM's flight offered a standard in-flight meal and a reasonable selection of movies for entertainment.""",Neutral,Unknown,General,Anonymous,,synthetic
"13. ""The flight with Air Canada was on time, the cabin was clean and the crew was professional.""",Neutral,Unknown,General,Anonymous,,synthetic
"14. ""Etihad Airways' flight was as expected for a long-haul flight, with average food and drink options.""",Neutral,Unknown,General,Anonymous,,synthetic
"15. ""The Virgin Atlantic flight was comfortable and the crew was attentive, but the in-flight entertainment system could use an update.""",Neutral,Unknown,General,Anonymous,,synthetic
"16. ""The service on the Singapore Airlines flight was standard, with a smooth take-off and landing.""",Neutral,Unknown,General,Anonymous,,synthetic
"17. ""The Cathay Pacific flight was punctual, the cabin crew was efficient, and the in-flight meal was satisfactory.""",Neutral,Unknown,General,Anonymous,,synthetic
"18. ""The flight with Ryanair was on time, the check-in process was quick and efficient, but the legroom was a bit cramped.""",Neutral,Unknown,General,Anonymous,,synthetic
"19. ""The Aer Lingus flight was comfortable for a short-haul flight, the staff was professional, and the departure was on time.""",Neutral,Unknown,General,Anonymous,,synthetic
"20. ""The Air New Zealand flight was decent, with a smooth check-in process, but the in-flight meal options could be improved.""",Neutral,Unknown,General,Anonymous,,synthetic
"1. ""The flight with Airline A was on time. The in-flight meal was satisfactory, nothing extraordinary.""",Neutral,Unknown,General,Anonymous,,synthetic
"2. ""The overall experience with Airline B was pretty standard. The crew was courteous, and the plane was clean.""",Neutral,Unknown,General,Anonymous,,synthetic
"3. ""The flight with Airline C was fine. The seats were comfortable enough for a long journey.""",Neutral,Unknown,General,Anonymous,,synthetic
"4. ""The flight with Airline D was reliable. The onboard facilities were basic but functional.""",Neutral,Unknown,General,Anonymous,,synthetic
"5. ""The check-in process with Airline E was smooth. The staff was professional and efficient.""",Neutral,Unknown,General,Anonymous,,synthetic
"6. ""The flight with Airline F was punctual. The food was decent, and the in-flight entertainment had a good variety.""",Neutral,Unknown,General,Anonymous,,synthetic
"7. ""The service on Airline G was typical. The staff was friendly, and the flight arrived on time.""",Neutral,Unknown,General,Anonymous,,synthetic
"8. ""The flight with Airline H was okay. The seats were a bit cramped but bearable for a short flight.""",Neutral,Unknown,General,Anonymous,,synthetic
"9. ""The aircraft of Airline I was well-maintained. The in-flight meal could have been better.""",Neutral,Unknown,General,Anonymous,,synthetic
"10. ""The flight with Airline J was average. The staff was professional, and the flight departed and arrived as scheduled.""",Neutral,Unknown,General,Anonymous,,synthetic
"11. ""The flight with Airline K had a good selection of in-flight entertainment. The meal service was prompt, but the food was mediocre.""",Neutral,Unknown,General,Anonymous,,synthetic
"12. ""The check-in process with Airline L was straightforward. The cabin was clean, and the legroom was satisfactory.""",Neutral,Unknown,General,Anonymous,,synthetic
"13. ""The flight with Airline M was smooth. The cabin crew was attentive, but the food was just okay.""",Neutral,Unknown,General,Anonymous,,synthetic
"14. ""The flight with Airline N was satisfactory. The plane was clean, and the flight departed on time.""",Neutral,Unknown,General,Anonymous,,synthetic
"15. ""The overall experience with Airline O was fine. The seats were relatively comfortable, and the cabin crew was friendly.""",Neutral,Unknown,General,Anonymous,,synthetic
"16. ""The flight with Airline P was average. The boarding process was efficient, and the flight was punctual.""",Neutral,Unknown,General,Anonymous,,synthetic
"17. ""The flight with Airline Q was decent. The food was okay, and the in-flight entertainment was satisfactory.""",Neutral,Unknown,General,Anonymous,,synthetic
"18. ""The service on Airline R was standard. The flight was on time, and the cabin was clean.""",Neutral,Unknown,General,Anonymous,,synthetic
"19. ""The flight with Airline S was okay. The seat was comfortable, but the food could have been better.""",Neutral,Unknown,General,Anonymous,,synthetic
"20. ""The flight with Airline T was acceptable. The boarding process was smooth, and the flight arrived on schedule.""",Neutral,Unknown,General,Anonymous,,synthetic
"1. The flight with Delta Airlines was generally comfortable, although the legroom was slightly limited.",Neutral,Unknown,General,Anonymous,,synthetic
"2. KLM's in-flight meal was satisfactory, the staff was helpful, but the boarding process could be better organized.",Neutral,Unknown,General,Anonymous,,synthetic
"3. Lufthansa's service was fairly reliable, but the in-flight entertainment options were somewhat limited.",Neutral,Unknown,General,Anonymous,,synthetic
"4. JetBlue offered a smooth flight and the check-in process was relatively efficient, yet the cabin temperature was a bit too cold.",Neutral,Unknown,General,Anonymous,,synthetic
"5. The Emirates flight was reasonably comfortable with a good range of movies, but the food could have been better.",Neutral,Unknown,General,Anonymous,,synthetic
"6. American Airlines provided a standard flying experience, but the Wi-Fi connection was not as strong as expected.",Neutral,Unknown,General,Anonymous,,synthetic
"7. Air France's flight attendants were polite and the plane left on time, however, the seat comfort could be improved.",Neutral,Unknown,General,Anonymous,,synthetic
"8. Singapore Airlines offered a decent in-flight meal and the cabin crew was professional, but the flight was slightly delayed.",Neutral,Unknown,General,Anonymous,,synthetic
"9. Air Canada's flight was uneventful with acceptable service, but the baggage claim process took longer than preferred.",Neutral,Unknown,General,Anonymous,,synthetic
"10. The British Airways flight was on time and the check-in process was efficient, but the in-flight meal could have been more flavorful.",Neutral,Unknown,General,Anonymous,,synthetic
"11. Qatar Airways provided a comfortable flight with well-maintained restrooms, but the legroom was a bit tight.",Neutral,Unknown,General,Anonymous,,synthetic
"12. The United Airlines flight was on time and the staff were friendly, although the in-flight entertainment system was a bit outdated.",Neutral,Unknown,General,Anonymous,,synthetic
"13. The Virgin Atlantic flight was smooth with a good choice of movies, but the food could have been hotter.",Neutral,Unknown,General,Anonymous,,synthetic
"14. Air New Zealand's flight attendants were efficient, but the flight was slightly delayed and the Wi-Fi was slow.",Neutral,Unknown,General,Anonymous,,synthetic
"15. Qantas provided an acceptable level of comfort for a long-haul flight, however, the boarding process was somewhat disorganized.",Neutral,Unknown,General,Anonymous,,synthetic
"16. Turkish Airlines offered a decent meal and the cabin was clean, but the seat cushioning was not as comfortable as it could be.",Neutral,Unknown,General,Anonymous,,synthetic
"17. Swiss Air's service was generally reliable with friendly staff, but could improve on their meal options.",Neutral,Unknown,General,Anonymous,,synthetic
18. Cathay Pacific's in-flight service was efficient but the selection of entertainment could be updated.,Neutral,Unknown,General,Anonymous,,synthetic
"19. Etihad Airways provided a decent flying experience, though the layover time at the airport was longer than preferred.",Neutral,Unknown,General,Anonymous,,synthetic
"20. Ryanair's flight was on time and the check-in process was simple, however, the lack of complimentary in-flight snacks was notable.",Neutral,Unknown,General,Anonymous,,synthetic
"1. ""The flight with British Airways was fine. The service was professional, and the plane took off and landed on time.""",Neutral,Unknown,General,Anonymous,,synthetic
"2. ""My flight with Delta Airlines was uneventful. The seating was adequate, and in-flight meals were satisfactory.""",Neutral,Unknown,General,Anonymous,,synthetic
"3. ""Air France delivered a decent experience. The staff were polite, and the flight was punctual.""",Neutral,Unknown,General,Anonymous,,synthetic
"4. ""My experience with American Airlines was typical. The plane was clean, and the flight crew was professional.""",Neutral,Unknown,General,Anonymous,,synthetic
"5. ""The economy class seating on United Airlines was standard. The in-flight entertainment selection was sufficient for the flight duration.""",Neutral,Unknown,General,Anonymous,,synthetic
"6. ""My flight with Emirates was as expected. The food was average, but the service was efficient.""",Neutral,Unknown,General,Anonymous,,synthetic
"7. ""The Lufthansa flight was fine. The seats were comfortable enough for a short haul flight.""",Neutral,Unknown,General,Anonymous,,synthetic
"8. ""Qatar Airways provided a moderate service. The cabin was clean, and the flight was on time.""",Neutral,Unknown,General,Anonymous,,synthetic
"9. ""My flight with Japan Airlines went smoothly. The in-flight entertainment was average, and the staff was courteous.""",Neutral,Unknown,General,Anonymous,,synthetic
"10. ""The Etihad Airways flight was okay. The food and drinks served were adequate, and the flight was on schedule.""",Neutral,Unknown,General,Anonymous,,synthetic
"11. ""The Ryanair flight was basic. The flight landed on time, and the cabin crew was helpful.""",Neutral,Unknown,General,Anonymous,,synthetic
"12. ""My flight with Southwest Airlines was standard. The boarding process was orderly, and the flight landed on time.""",Neutral,Unknown,General,Anonymous,,synthetic
"13. ""The JetBlue flight was typical. The cabin was clean, and the service was professional.""",Neutral,Unknown,General,Anonymous,,synthetic
"14. ""Turkish Airlines provided an average flight experience. The food was okay, and the flight attendants were polite.""",Neutral,Unknown,General,Anonymous,,synthetic
"15. ""The Air Canada flight was satisfactory. The plane was clean, and the service was efficient.""",Neutral,Unknown,General,Anonymous,,synthetic
"16. ""My flight with Aeroflot was routine. The crew was professional, and the flight was uneventful.""",Neutral,Unknown,General,Anonymous,,synthetic
"17. ""The flight with Air China was average. The food was decent, and the flight left and arrived on time.""",Neutral,Unknown,General,Anonymous,,synthetic
"18. ""My experience with KLM was okay. The seats were comfortable enough, and the in-flight entertainment was standard.""",Neutral,Unknown,General,Anonymous,,synthetic
"19. ""Flying with Virgin Atlantic was a routine experience. The cabin crew was courteous, and the flight was timely.""",Neutral,Unknown,General,Anonymous,,synthetic
"20. ""The EasyJet flight was basic. The boarding process was orderly, and the flight arrived on time.""",Neutral,Unknown,General,Anonymous,,synthetic
"1. American Airlines provided a standard flight experience, with punctual departure and arrival times. The cabin was clean and the staff was professional.",Neutral,Unknown,General,Anonymous,,synthetic
"2. The JetBlue flight was average, with spacious seating and a decent in-flight entertainment system. The food could have been better.",Neutral,Unknown,General,Anonymous,,synthetic
"3. Delta Airlines provided a typical flying experience. The staff was efficient, the plane was comfortable enough for a long-haul flight.",Neutral,Unknown,General,Anonymous,,synthetic
"4. United Airlines' service was as expected, nothing extraordinary. The flight was on time, and the cabin was tidy.",Neutral,Unknown,General,Anonymous,,synthetic
5. The Southwest flight was fairly comfortable and the crew was polite. The in-flight snacks were a nice touch.,Neutral,Unknown,General,Anonymous,,synthetic
6. Lufthansa offered a decent flight experience. The legroom was adequate and the meals were satisfactory.,Neutral,Unknown,General,Anonymous,,synthetic
"7. The Air France flight was average, with punctual departures and arrivals. The food was mediocre, but the staff was friendly enough.",Neutral,Unknown,General,Anonymous,,synthetic
8. Qantas provided a standard long-haul flight experience. The seats were comfortable and the in-flight entertainment was sufficient.,Neutral,Unknown,General,Anonymous,,synthetic
"9. The British Airways flight was decent, with a punctual departure and a smooth landing. The cabin crew was professional.",Neutral,Unknown,General,Anonymous,,synthetic
"10. Emirates provided a typical experience for a long-haul flight. The food was average, but the seating was comfortable.",Neutral,Unknown,General,Anonymous,,synthetic
"11. Air Canada's flight was on time and the crew was polite. The seats were a bit cramped, but overall the experience was as expected.",Neutral,Unknown,General,Anonymous,,synthetic
"12. The Virgin Atlantic flight was satisfactory. The cabin was clean, the meals were standard, and the flight was on time.",Neutral,Unknown,General,Anonymous,,synthetic
"13. Alaska Airlines' flight was typical, with punctual departures and arrivals. The in-flight entertainment was average, but the staff was friendly.",Neutral,Unknown,General,Anonymous,,synthetic
"14. The KLM flight was decent. The seats were comfortable enough for a long-haul flight, and the meals were satisfactory.",Neutral,Unknown,General,Anonymous,,synthetic
"15. The flight with Aer Lingus was as expected. The flight was on time, and the cabin was clean.",Neutral,Unknown,General,Anonymous,,synthetic
"16. The Qatar Airways flight was satisfactory. The staff was professional, and the flight was punctual.",Neutral,Unknown,General,Anonymous,,synthetic
"17. The EasyJet flight was average, with a punctual departure and landing. The seats were a bit cramped but manageable for a short-haul flight.",Neutral,Unknown,General,Anonymous,,synthetic
"18. The Ryanair flight was typical of a budget airline. It was on time, the cabin was clean, and the staff was efficient.",Neutral,Unknown,General,Anonymous,,synthetic
"19. The flight with Turkish Airlines was decent. The food could have been better, but the staff was friendly and the flight was on time.",Neutral,Unknown,General,Anonymous,,synthetic
"20. The Etihad Airways flight was satisfactory. The cabin was clean, the meals were standard, and the flight was punctual.",Neutral,Unknown,General,Anonymous,,synthetic
"1. Flew with Airline X, the flight departed on time and arrived as scheduled. The legroom was average for economy class.",Neutral,Unknown,General,Anonymous,,synthetic
"2. Airline Y's in-flight meal was acceptable, nothing to rave about but not disappointing either. The crew was professional.",Neutral,Unknown,General,Anonymous,,synthetic
"3. The check-in process with Airline Z was quite smooth, no major issues. The plane was a bit old, but it seemed well-maintained.",Neutral,Unknown,General,Anonymous,,synthetic
4. Had a decent experience with Airline A. The seats were comfortable enough for a short flight and the cabin was clean.,Neutral,Unknown,General,Anonymous,,synthetic
"5. Airline B had an on-time departure, which was appreciated. However, the in-flight entertainment options could use some updating.",Neutral,Unknown,General,Anonymous,,synthetic
"6. The staff at Airline C were polite and efficient. The food selection was average, mostly typical airline fare.",Neutral,Unknown,General,Anonymous,,synthetic
"7. Airline D provided a fair service. The flight was slightly delayed, but the communication from the crew was clear and timely.",Neutral,Unknown,General,Anonymous,,synthetic
"8. The in-flight service on Airline E was standard, nothing exceptional but not poor either. The plane was clean and the flight was smooth.",Neutral,Unknown,General,Anonymous,,synthetic
"9. Airline F offered an average service. The boarding process was a bit slow but overall, the flight was comfortable.",Neutral,Unknown,General,Anonymous,,synthetic
"10. The flight with Airline G was decent. The plane was not the latest model, but the seat comfort was satisfactory for the journey.",Neutral,Unknown,General,Anonymous,,synthetic
"11. Airline H had a reasonable baggage policy. The seats were average in terms of comfort, but the flight arrived on time.",Neutral,Unknown,General,Anonymous,,synthetic
"12. The ticket booking process with Airline I was pretty straightforward. The in-flight service was standard, nothing that stood out, but not disappointing.",Neutral,Unknown,General,Anonymous,,synthetic
"13. Airline J's service was okay overall. The cabin crew was professional, but the food was just typical airline food.",Neutral,Unknown,General,Anonymous,,synthetic
"14. Airline K provided an average experience. The flight was a bit delayed, however, the information was communicated well in advance.",Neutral,Unknown,General,Anonymous,,synthetic
"15. The in-flight entertainment on Airline L was somewhat limited. However, the flight was punctual, and the cabin was clean.",Neutral,Unknown,General,Anonymous,,synthetic
"16. Airline M's service was fair. The seats were comfortable enough for the journey duration, but the meal options could be improved.",Neutral,Unknown,General,Anonymous,,synthetic
"17. The check-in process with Airline N was smooth and the staff was efficient. However, the legroom in economy class was quite average.",Neutral,Unknown,General,Anonymous,,synthetic
"18. Airline O offered a decent service. The flight departed and arrived as scheduled, but the in-flight entertainment was quite standard.",Neutral,Unknown,General,Anonymous,,synthetic
"19. The flight with Airline P was fairly comfortable. The cabin crew was professional, but the food options were limited.",Neutral,Unknown,General,Anonymous,,synthetic
"20. Airline Q provided a satisfactory service. The boarding process was organized, but the in-flight meal was just okay.",Neutral,Unknown,General,Anonymous,,synthetic
"1. The flight with American Airlines was generally comfortable with a few minor delays. The service was expectedly average, and the meals were satisfactory.",Neutral,Unknown,General,Anonymous,,synthetic
"2. Delta Airlines offered an average flying experience. The seats were standard and the in-flight entertainment was fine, nothing extraordinary.",Neutral,Unknown,General,Anonymous,,synthetic
"3. My experience with Southwest Airlines was typical. The crew was professional, the flight was punctual, but the food could use some improvement.",Neutral,Unknown,General,Anonymous,,synthetic
4. JetBlue Airways provided a standard flight experience. The seats were reasonably comfortable and the cabin was clean.,Neutral,Unknown,General,Anonymous,,synthetic
"5. Travelling via United Airlines was fairly alright. The staff was polite and the flight left on time, but the legroom was slightly cramped.",Neutral,Unknown,General,Anonymous,,synthetic
"6. The flight with Spirit Airlines was average — the ticket was affordable, but the extra fees for luggage were a bit inconvenient.",Neutral,Unknown,General,Anonymous,,synthetic
"7. The Alaska Airlines flight was generally uneventful. The plane was modern and clean, but the food was just average.",Neutral,Unknown,General,Anonymous,,synthetic
8. Frontier Airlines offered an average in-flight experience. The seats were a bit narrow but the flight arrived on time.,Neutral,Unknown,General,Anonymous,,synthetic
"9. My flight with Hawaiian Airlines was as expected. The staff was friendly and the flight was smooth, but the meals were just acceptable.",Neutral,Unknown,General,Anonymous,,synthetic
"10. Allegiant Air provided an average flying experience. The flight was on time and the crew was professional, but the seats were a bit uncomfortable.",Neutral,Unknown,General,Anonymous,,synthetic
"11. The Air Canada flight was overall average. The aircraft was clean and the flight was on time, but the entertainment options were limited.",Neutral,Unknown,General,Anonymous,,synthetic
"12. The flight with British Airways was standard. The crew was polite, the flight was on time, but the food was not exceptional.",Neutral,Unknown,General,Anonymous,,synthetic
"13. Lufthansa offered a decent flight experience. The seats were okay, the crew was helpful, but the in-flight entertainment could be better.",Neutral,Unknown,General,Anonymous,,synthetic
"14. My experience with Aer Lingus was typical. The flight was on time, the seating was adequate, but the in-flight meals were mediocre.",Neutral,Unknown,General,Anonymous,,synthetic
"15. The Emirates flight was as expected. The aircraft was clean, the staff was professional, but the legroom was slightly tight.",Neutral,Unknown,General,Anonymous,,synthetic
"16. My flight with Qantas was fairly average. The cabin crew was efficient, the flight was smooth, but the food was just okay.",Neutral,Unknown,General,Anonymous,,synthetic
"17. The trip with Singapore Airlines was standard. The plane was modern, the crew was courteous, but the entertainment options were limited.",Neutral,Unknown,General,Anonymous,,synthetic
"18. The Air France flight was generally typical. The seats were comfortable enough and the flight was on time, but the meals were average.",Neutral,Unknown,General,Anonymous,,synthetic
"19. My experience with KLM was as expected. The flight was punctual, the crew was polite, but the seat comfort was average.",Neutral,Unknown,General,Anonymous,,synthetic
"20. The Etihad Airways flight was overall okay. The aircraft was clean, the staff was professional, but the food could be better.",Neutral,Unknown,General,Anonymous,,synthetic
"1. The flight with Air Canada was quite punctual, and the flight attendants were professional. However, the seats could use a bit more legroom.",Neutral,Unknown,General,Anonymous,,synthetic
"2. The Delta Airlines flight was pretty standard, with no exceptional experiences. The in-flight food was average, and the flight landed on time.",Neutral,Unknown,General,Anonymous,,synthetic
"3. My recent trip with British Airways was satisfactory. The plane was clean, but the in-flight entertainment system was a bit outdated.",Neutral,Unknown,General,Anonymous,,synthetic
"4. The Lufthansa flight was efficient, with prompt boarding and disembarkation. The in-flight meal was acceptable, but nothing to write home about.",Neutral,Unknown,General,Anonymous,,synthetic
"5. I took a short flight with Southwest Airlines. The staff was friendly, but the lack of complimentary snacks was a bit disappointing.",Neutral,Unknown,General,Anonymous,,synthetic
"6. My trip with American Airlines was reasonably comfortable. The seat didn't recline as much as I'd have liked, but the cabin crew was attentive.",Neutral,Unknown,General,Anonymous,,synthetic
"7. I flew with Emirates recently. The plane was modern and clean, but the Wi-Fi service was quite slow.",Neutral,Unknown,General,Anonymous,,synthetic
"8. The Air France flight was satisfactory with punctual departure and arrival times. The meal service was a bit rushed, though.",Neutral,Unknown,General,Anonymous,,synthetic
"9. I had a typical experience with United Airlines. The seats were adequately comfortable, but the in-flight entertainment options were limited.",Neutral,Unknown,General,Anonymous,,synthetic
"10. The Japan Airlines flight was decent. The flight crew was professional, but the food was just average.",Neutral,Unknown,General,Anonymous,,synthetic
"11. My flight with Qantas was quite standard. The legroom was adequate, but the in-flight entertainment could be updated.",Neutral,Unknown,General,Anonymous,,synthetic
"12. The Air New Zealand flight was decent. The boarding process was smooth, but the meal options were quite limited.",Neutral,Unknown,General,Anonymous,,synthetic
"13. My recent flight with Turkish Airlines was okay. The cabin was clean, but the flight was slightly delayed.",Neutral,Unknown,General,Anonymous,,synthetic
"14. The Cathay Pacific flight was pretty standard. The crew was polite, but the food was bland.",Neutral,Unknown,General,Anonymous,,synthetic
"15. I flew with Singapore Airlines recently. The flight was smooth, but the cabin temperature was a bit too cold.",Neutral,Unknown,General,Anonymous,,synthetic
"16. The Aeromexico flight was satisfactory. The flight attendants were attentive, but the seats were a bit narrow.",Neutral,Unknown,General,Anonymous,,synthetic
"17. My flight with Ryanair was average. The plane was clean, but there were no complimentary drinks or snacks.",Neutral,Unknown,General,Anonymous,,synthetic
"18. The flight with EasyJet was typical. The boarding process was efficient, but the legroom was not sufficient.",Neutral,Unknown,General,Anonymous,,synthetic
"19. My recent trip with Etihad was okay. The flight was on time, but the in-flight meal was quite ordinary.",Neutral,Unknown,General,Anonymous,,synthetic
"20. I flew with KLM recently. The flight was punctual, but the cabin was a bit crowded.",Neutral,Unknown,General,Anonymous,,synthetic
"1. ""The flight with Airline A was timely and the cabin cleanliness was satisfactory. The in-flight entertainment could use an update.""",Neutral,Unknown,General,Anonymous,,synthetic
"2. ""The crew on my flight with Airline B were professional and polite. The legroom in economy class, however, was fairly average.""",Neutral,Unknown,General,Anonymous,,synthetic
"3. ""The food served on Airline C's long-haul flight was decent. The seat comfort could be improved.""",Neutral,Unknown,General,Anonymous,,synthetic
"4. ""Airline D's check-in process was efficient, and the flight departed on time. The quality of snacks could be better.""",Neutral,Unknown,General,Anonymous,,synthetic
"5. ""Airline E offers a smooth booking process. The plane was a bit older, but overall a fair experience.""",Neutral,Unknown,General,Anonymous,,synthetic
"6. ""The in-flight service on Airline F was satisfactory. Unfortunately, the Wi-Fi was a bit slow.""",Neutral,Unknown,General,Anonymous,,synthetic
"7. ""Airline G's pilot did a good job, providing a smooth flight. The cabin temperature was a bit inconsistent.""",Neutral,Unknown,General,Anonymous,,synthetic
"8. ""The luggage handling by Airline H was efficient. The availability of power outlets was limited.""",Neutral,Unknown,General,Anonymous,,synthetic
"9. ""Airline I had friendly cabin crew members. The selection of in-flight entertainment was average.""",Neutral,Unknown,General,Anonymous,,synthetic
"10. ""Airline J's boarding process was orderly. The legroom was typical for an economy class.""",Neutral,Unknown,General,Anonymous,,synthetic
"11. ""The seats on Airline K were moderately comfortable. The food served had room for improvement.""",Neutral,Unknown,General,Anonymous,,synthetic
"12. ""The flight with Airline L departed and arrived as per schedule. The in-flight movie selection was limited.""",Neutral,Unknown,General,Anonymous,,synthetic
"13. ""The crew on Airline M were professional. The airplane was a bit noisy.""",Neutral,Unknown,General,Anonymous,,synthetic
"14. ""Airline N's check-in staff were helpful. The seats were a bit cramped.""",Neutral,Unknown,General,Anonymous,,synthetic
"15. ""The food on Airline O's flight was average. The flight was smooth and on time.""",Neutral,Unknown,General,Anonymous,,synthetic
"16. ""Airline P's website was user-friendly for booking. The airplane was somewhat dated.""",Neutral,Unknown,General,Anonymous,,synthetic
"17. ""Airline Q's crew were attentive. The in-flight meal portions were smaller than expected.""",Neutral,Unknown,General,Anonymous,,synthetic
"18. ""Airline R's boarding process was swift. The Wi-Fi connectivity could be improved.""",Neutral,Unknown,General,Anonymous,,synthetic
"19. ""The seats on Airline S were fairly comfortable. The in-flight meal was typical airline food.""",Neutral,Unknown,General,Anonymous,,synthetic
"20. ""Airline T's flight attendants were efficient. The airplane didn't have personal screens for entertainment.""",Neutral,Unknown,General,Anonymous,,synthetic
"1. The flight with Airline A was reasonable. The cabin was clean, the staff were courteous, but the in-flight meal could use some improvement.",Neutral,Unknown,General,Anonymous,,synthetic
"2. Made a trip with Airline B. The flight was punctual, and the staff was professional. The legroom was a bit limited.",Neutral,Unknown,General,Anonymous,,synthetic
"3. My experience with Airline C was decent. The seats were comfortable enough for the journey, although the in-flight entertainment options could be better.",Neutral,Unknown,General,Anonymous,,synthetic
"4. I flew with Airline D recently. The flight was relatively smooth and the cabin crew was helpful, but the food options were quite limited.",Neutral,Unknown,General,Anonymous,,synthetic
"5. Airline E provided a satisfactory experience. The check-in process was efficient, but the in-flight services were just average.",Neutral,Unknown,General,Anonymous,,synthetic
"6. Traveled with Airline F. The flight was on time, the cabin was clean, but the seat comfort could use a bit of improvement.",Neutral,Unknown,General,Anonymous,,synthetic
"7. My journey with Airline G was fair. The boarding process was smooth, the flight arrived on time, but the baggage claim took a little longer than expected.",Neutral,Unknown,General,Anonymous,,synthetic
"8. My flight with Airline H was average. The cabin crew was friendly, but the food served was just okay.",Neutral,Unknown,General,Anonymous,,synthetic
"9. Airline I offered a decent experience. The airplane was clean, the staff was courteous, but the legroom was a bit tight.",Neutral,Unknown,General,Anonymous,,synthetic
"10. My experience with Airline J was fine. The flight left on time and arrived as scheduled, but the in-flight entertainment was a bit outdated.",Neutral,Unknown,General,Anonymous,,synthetic
"11. Had an adequate journey with Airline K. The staff was attentive, the flight was punctual, but the meals served were average.",Neutral,Unknown,General,Anonymous,,synthetic
"12. Traveled with Airline L recently. The check-in process was seamless, but the seat comfort and in-flight services were merely satisfactory.",Neutral,Unknown,General,Anonymous,,synthetic
"13. My flight with Airline M was okay. The boarding process was smooth, but the in-flight meal could be improved.",Neutral,Unknown,General,Anonymous,,synthetic
"14. Took a flight with Airline N. The staff was helpful and the plane was clean, but the legroom was a bit restricted.",Neutral,Unknown,General,Anonymous,,synthetic
"15. Had a reasonable journey with Airline O. The flight was on time, but the in-flight entertainment selection was limited.",Neutral,Unknown,General,Anonymous,,synthetic
"16. My experience with Airline P was just fine. The cabin crew was friendly, but the food served was average.",Neutral,Unknown,General,Anonymous,,synthetic
"17. Traveled with Airline Q recently. The flight was smooth, but the in-flight services were merely adequate.",Neutral,Unknown,General,Anonymous,,synthetic
"18. My flight with Airline R was acceptable. The check-in process was efficient, but the seat comfort could be better.",Neutral,Unknown,General,Anonymous,,synthetic
"19. Flew with Airline S. The staff was polite, the plane was clean, but the food options could be improved.",Neutral,Unknown,General,Anonymous,,synthetic
"20. Had an average experience with Airline T. The flight was punctual, but the legroom and in-flight entertainment could use some upgrade.",Neutral,Unknown,General,Anonymous,,synthetic
"1. ""Airline X provided a satisfactory service. The flight was on time, and the staff were professional.""",Neutral,Unknown,General,Anonymous,,synthetic
"2. ""My experience with Airline Y was quite standard. The in-flight meal was decent, nothing extraordinary.""",Neutral,Unknown,General,Anonymous,,synthetic
"3. ""Airline Z's seats were reasonably comfortable for a short haul journey. The cabin was clean and well-maintained.""",Neutral,Unknown,General,Anonymous,,synthetic
"4. ""The flight with Airline A was uneventful. The crew was attentive, and the check-in process was smooth.""",Neutral,Unknown,General,Anonymous,,synthetic
"5. ""Airline B's in-flight entertainment options were average, with a selection of recent and older films.""",Neutral,Unknown,General,Anonymous,,synthetic
"6. ""Airline C's service was as expected. The boarding was organized, and the flight was punctual.""",Neutral,Unknown,General,Anonymous,,synthetic
"7. ""Airline D provided a standard service. The food was edible, and the legroom was average.""",Neutral,Unknown,General,Anonymous,,synthetic
"8. ""My experience with Airline E was run of the mill. The staff were polite, and the plane was clean.""",Neutral,Unknown,General,Anonymous,,synthetic
"9. ""Airline F's flight had a minimal delay, which was well communicated. The in-flight snacks were average.""",Neutral,Unknown,General,Anonymous,,synthetic
"10. ""Airline G's service was as anticipated. The crew was efficient, and the baggage check-in was hassle-free.""",Neutral,Unknown,General,Anonymous,,synthetic
"11. ""The flight with Airline H was good. The seats were comfortable for a medium-haul flight, and the cabin was clean.""",Neutral,Unknown,General,Anonymous,,synthetic
"12. ""Airline J's in-flight meal was satisfactory, though the choice was limited. The staff was professional.""",Neutral,Unknown,General,Anonymous,,synthetic
"13. ""Airline K provided decent service. The flight left on time, and the crew was attentive.""",Neutral,Unknown,General,Anonymous,,synthetic
"14. ""Airline L's boarding process was well-organized, and the flight was on schedule. The in-flight entertainment was fair.""",Neutral,Unknown,General,Anonymous,,synthetic
"15. ""My flight with Airline M was unremarkable. The legroom was typical, and the food was acceptable.""",Neutral,Unknown,General,Anonymous,,synthetic
"16. ""Airline N's service was pretty ordinary. The crew was polite, and the check-in process was smooth.""",Neutral,Unknown,General,Anonymous,,synthetic
"17. ""The flight with Airline O was as expected. The seats were reasonably comfortable, and the cabin was kept clean.""",Neutral,Unknown,General,Anonymous,,synthetic
"18. ""Airline P's flight was on time, and the baggage claim was efficient. The in-flight meal was fair.""",Neutral,Unknown,General,Anonymous,,synthetic
"19. ""The service provided by Airline Q was acceptable. The flight was punctual, and the staff was professional.""",Neutral,Unknown,General,Anonymous,,synthetic
"20. ""Airline R's in-flight entertainment options were quite standard, with a mix of genres. The meal service was average.""",Neutral,Unknown,General,Anonymous,,synthetic
1. The flight with Airline X was on time and the staff were reasonably friendly. The in-flight meal was typical for airline food.,Neutral,Unknown,General,Anonymous,,synthetic
"2. Airline Y provided a generally smooth boarding process. The flight itself was uneventful, with adequate legroom in economy class.",Neutral,Unknown,General,Anonymous,,synthetic
"3. The service on Airline Z was acceptable. The flight attendants were professional, but the in-flight entertainment options were somewhat limited.",Neutral,Unknown,General,Anonymous,,synthetic
"4. Airline A's flight was punctual and the cabin cleanliness was satisfactory. The food, however, was quite average.",Neutral,Unknown,General,Anonymous,,synthetic
"5. The staff on Airline B were polite and the flight was comfortable. The lounge at the airport, however, was quite crowded.",Neutral,Unknown,General,Anonymous,,synthetic
6. Airline C's flight was slightly delayed but otherwise unremarkable. The seats were decently comfortable and the staff were professional.,Neutral,Unknown,General,Anonymous,,synthetic
"7. The flight with Airline D was mostly smooth with minimal turbulence. The check-in process could have been faster, but overall it was an average experience.",Neutral,Unknown,General,Anonymous,,synthetic
"8. Airline E's service was decent, with a punctual departure and arrival. The in-flight entertainment could use an update though.",Neutral,Unknown,General,Anonymous,,synthetic
"9. The flight with Airline F was satisfactory. The staff were polite and the food was average, but the legroom was somewhat limited.",Neutral,Unknown,General,Anonymous,,synthetic
"10. Airline G's flight was on schedule, the cabin crew was friendly, but the choice of in-flight meals was quite basic.",Neutral,Unknown,General,Anonymous,,synthetic
"11. The service on Airline H was acceptable with a smooth take-off and landing. The in-flight entertainment, however, was quite limited.",Neutral,Unknown,General,Anonymous,,synthetic
12. Airline I's flight was comfortable with adequate legroom. The food quality was just okay and the staff service could have been better.,Neutral,Unknown,General,Anonymous,,synthetic
"13. Airline J's flight was uneventful. The boarding process was smooth, but the in-flight meal was quite bland.",Neutral,Unknown,General,Anonymous,,synthetic
"14. The flight with Airline K was okay. The seats were reasonably comfortable, but the in-flight entertainment options were quite outdated.",Neutral,Unknown,General,Anonymous,,synthetic
"15. Airline L's flight was on time and the staff were professional. The check-in process, though, was a bit slow.",Neutral,Unknown,General,Anonymous,,synthetic
"16. The service on Airline M was decent. The flight was punctual, but the legroom in economy class could have been better.",Neutral,Unknown,General,Anonymous,,synthetic
"17. Airline N's flight was satisfactory. The flight attendants were polite, but the food quality was quite average.",Neutral,Unknown,General,Anonymous,,synthetic
"18. The flight with Airline O was comfortable, but there was a slight delay. The cabin crew were professional and the in-flight entertainment was decent.",Neutral,Unknown,General,Anonymous,,synthetic
"19. Airline P's service was generally good. The flight was on schedule and the cabin cleanliness was satisfactory, but the food was quite plain.",Neutral,Unknown,General,Anonymous,,synthetic
"20. The flight with Airline Q was okay. The boarding process was smooth, seats were comfortable, but the in-flight movie selection was quite limited.",Neutral,Unknown,General,Anonymous,,synthetic
"1. The flight with Airline A was on time, the cabin was clean and the crew was professional. The in-flight meal was average.",Neutral,Unknown,General,Anonymous,,synthetic
2. I found the check-in process with Airline B fairly quick and efficient. The legroom was a bit limited but manageable for a short flight.,Neutral,Unknown,General,Anonymous,,synthetic
"3. Airline C delivered a standard experience. The staff was courteous, the food was okay, and the flight was comfortable enough.",Neutral,Unknown,General,Anonymous,,synthetic
"4. My flight with Airline D was fairly smooth. The entertainment options were standard, and the flight attendants were attentive.",Neutral,Unknown,General,Anonymous,,synthetic
"5. On my trip with Airline E, the boarding process was organized. The in-flight entertainment was somewhat limited, but the flight landed on time.",Neutral,Unknown,General,Anonymous,,synthetic
6. Airline F provided a decent service. The seats were a bit tight but the cabin was well-maintained and the staff were professional.,Neutral,Unknown,General,Anonymous,,synthetic
"7. My flight with Airline G was satisfactory. The food was edible, the cabin was clean, and the flight departed and arrived on schedule.",Neutral,Unknown,General,Anonymous,,synthetic
"8. Airline H was decent. The check-in process was smooth, the flight was on time and the cabin crew was polite.",Neutral,Unknown,General,Anonymous,,synthetic
"9. Airline I provided a standard flying experience. The flight was punctual, the seat comfort was average, and the crew was friendly.",Neutral,Unknown,General,Anonymous,,synthetic
"10. The service on Airline J was pretty standard. The flight left and arrived on time, the meals were acceptable, and the crew was professional.",Neutral,Unknown,General,Anonymous,,synthetic
"11. Airline K was okay. The flight was comfortable, the food was average, and the boarding process was efficient.",Neutral,Unknown,General,Anonymous,,synthetic
"12. My flight with Airline L was fairly average. The seats were normal, the staff was polite, and the in-flight entertainment was sufficient.",Neutral,Unknown,General,Anonymous,,synthetic
"13. Airline M provided a standard flying experience. The flight was on time, the meals were okay, and the crew was fairly attentive.",Neutral,Unknown,General,Anonymous,,synthetic
"14. The service on Airline N was average. The boarding process was organized, the meals were satisfactory, and the flight was punctual.",Neutral,Unknown,General,Anonymous,,synthetic
"15. Airline O was fine. The flight was comfortable, the check-in process was smooth, and the crew was professional.",Neutral,Unknown,General,Anonymous,,synthetic
"16. My flight with Airline P was fairly standard. The seats were okay, the staff was polite, and the in-flight entertainment was adequate.",Neutral,Unknown,General,Anonymous,,synthetic
"17. Airline Q was acceptable. The flight was on time, the food was standard, and the boarding process was efficient.",Neutral,Unknown,General,Anonymous,,synthetic
"18. The service on Airline R was fairly average. The flight left and arrived on time, the meals were okay, and the crew was friendly.",Neutral,Unknown,General,Anonymous,,synthetic
"19. Airline S was decent. The flight was comfortable, the check-in process was smooth, and the crew was professional.",Neutral,Unknown,General,Anonymous,,synthetic
"20. My flight with Airline T was standard. The seats were fine, the staff was polite, and the in-flight entertainment was adequate.",Neutral,Unknown,General,Anonymous,,synthetic
"1. Delta Airlines was reliable and efficient, though there were minor delays.",Neutral,Unknown,General,Anonymous,,synthetic
"2. Flew with Southwest Airlines; the staff were courteous and the flight was on time, though the in-flight food could use improvement.",Neutral,Unknown,General,Anonymous,,synthetic
"3. United Airlines provided a fairly comfortable journey, but the entertainment options were limited.",Neutral,Unknown,General,Anonymous,,synthetic
"4. American Airlines had a smooth check-in process, but the legroom in economy was a bit cramped.",Neutral,Unknown,General,Anonymous,,synthetic
"5. JetBlue had a clean aircraft with a friendly crew, but the Wi-Fi was slow.",Neutral,Unknown,General,Anonymous,,synthetic
"6. Air Canada offered a streamlined boarding process, while the in-flight service was rather average.",Neutral,Unknown,General,Anonymous,,synthetic
"7. Alaska Airlines had a timely departure and arrival, though the seats could have been more comfortable.",Neutral,Unknown,General,Anonymous,,synthetic
"8. Spirit Airlines offered budget-friendly fares, but the lack of complimentary in-flight amenities was noticeable.",Neutral,Unknown,General,Anonymous,,synthetic
"9. Hawaiian Airlines had a pleasant crew and the flight was on time, but the food options were limited.",Neutral,Unknown,General,Anonymous,,synthetic
"10. Lufthansa had a smooth flight and good food, although the in-flight entertainment was average.",Neutral,Unknown,General,Anonymous,,synthetic
"11. Emirates provided a comfortable flight with decent food, but the check-in process was a bit slow.",Neutral,Unknown,General,Anonymous,,synthetic
"12. Qatar Airways had a comfortable seating arrangement, though the in-flight service was just satisfactory.",Neutral,Unknown,General,Anonymous,,synthetic
"13. British Airways had a timely departure, but the in-flight entertainment choices were limited.",Neutral,Unknown,General,Anonymous,,synthetic
"14. KLM offered a smooth flight experience, but the quality of the in-flight meals was average.",Neutral,Unknown,General,Anonymous,,synthetic
"15. Air France had a decent check-in process, though the legroom in economy class was a bit tight.",Neutral,Unknown,General,Anonymous,,synthetic
"16. Virgin Atlantic had friendly staff and a clean aircraft, but the Wi-Fi connectivity was not up to the mark.",Neutral,Unknown,General,Anonymous,,synthetic
"17. Etihad Airways offered a comfortable journey with good food, but the boarding process could have been faster.",Neutral,Unknown,General,Anonymous,,synthetic
"18. Ryanair had affordable fares and the flight was on time, but the baggage policy was quite strict.",Neutral,Unknown,General,Anonymous,,synthetic
"19. EasyJet provided a fairly comfortable flight, but the food options could have been better.",Neutral,Unknown,General,Anonymous,,synthetic
"20. Cathay Pacific had a pleasant crew and a clean aircraft, but the layover time was quite long.",Neutral,Unknown,General,Anonymous,,synthetic
1. The flight with Air France was on time and the cabin crew was professional. The food was average.,Neutral,Unknown,General,Anonymous,,synthetic
"2. The in-flight entertainment on Delta Airlines could use more variety, but the flight itself was smooth and punctual.",Neutral,Unknown,General,Anonymous,,synthetic
"3. United Airlines provided a standard service. The legroom was adequate, and the cabin was clean.",Neutral,Unknown,General,Anonymous,,synthetic
"4. The British Airways flight had a comfortable seating arrangement. However, the meal options were quite limited.",Neutral,Unknown,General,Anonymous,,synthetic
"5. Lufthansa's onboard service was efficient. The airplane was slightly older, but maintained well.",Neutral,Unknown,General,Anonymous,,synthetic
6. The check-in process for American Airlines was straightforward and their staff was polite. The in-flight meal was just okay.,Neutral,Unknown,General,Anonymous,,synthetic
"7. Qatar Airways offered a decent selection of in-flight movies. The flight departure was delayed, but the staff kept us informed.",Neutral,Unknown,General,Anonymous,,synthetic
"8. The cabin crew on Emirates was friendly. The food was typical airline fare, nothing exceptional.",Neutral,Unknown,General,Anonymous,,synthetic
9. I found the Aer Lingus flight to be on time with a clean cabin. The in-flight meal was mediocre.,Neutral,Unknown,General,Anonymous,,synthetic
10. Air Canada's flight was punctual and the staff was professional. The legroom was a bit tight.,Neutral,Unknown,General,Anonymous,,synthetic
11. The Southwest Airlines flight was average. The boarding process was a bit chaotic but the flight itself was okay.,Neutral,Unknown,General,Anonymous,,synthetic
12. The seats on the Virgin Atlantic flight were comfortable enough for the long haul. The food could use some improvement.,Neutral,Unknown,General,Anonymous,,synthetic
13. The check-in process for Etihad was smooth and the staff was helpful. The entertainment system was a bit outdated.,Neutral,Unknown,General,Anonymous,,synthetic
14. The Alaska Airlines flight was on time and the cabin was clean. The food was average.,Neutral,Unknown,General,Anonymous,,synthetic
15. The Cathay Pacific flight was comfortable and the staff was courteous. The meal could have been better.,Neutral,Unknown,General,Anonymous,,synthetic
16. The in-flight entertainment on Turkish Airlines was diverse. The food was standard for an airline.,Neutral,Unknown,General,Anonymous,,synthetic
"17. The KLM flight was on time and the cabin was clean. However, the legroom was a bit cramped.",Neutral,Unknown,General,Anonymous,,synthetic
18. The Scandinavian Airlines flight was punctual and the crew was professional. The in-flight meal was just okay.,Neutral,Unknown,General,Anonymous,,synthetic
19. The JetBlue flight was comfortable. The in-flight entertainment could use more variety.,Neutral,Unknown,General,Anonymous,,synthetic
"20. The check-in process for Ryanair was straightforward. The flight was a bit crowded, but it arrived on time.",Neutral,Unknown,General,Anonymous,,synthetic
"1. ""American Airlines provided an average service. The flight departed and arrived on time, and the cabin crew was helpful.""",Neutral,Unknown,General,Anonymous,,synthetic
"2. ""JetBlue's legroom was sufficient for a short flight. The in-flight entertainment was limited but satisfactory for the duration of the flight.""",Neutral,Unknown,General,Anonymous,,synthetic
"3. ""The Lufthansa flight was punctual and the check-in process was smooth. The food was typical airline fare.""",Neutral,Unknown,General,Anonymous,,synthetic
"4. ""The Delta flight was decent. The seats were moderately comfortable, and the cabin crew was professional.""",Neutral,Unknown,General,Anonymous,,synthetic
"5. ""The overall experience with United Airlines was okay. The flight was on time and the crew was attentive.""",Neutral,Unknown,General,Anonymous,,synthetic
"6. ""The British Airways flight was satisfactory. In-flight meals were standard and the flight arrived on schedule.""",Neutral,Unknown,General,Anonymous,,synthetic
"7. ""Air France provided a standard service. The flight was a bit crowded, but the crew managed well.""",Neutral,Unknown,General,Anonymous,,synthetic
"8. ""Ryanair's service was average. The boarding process was organized, and the flight was timely.""",Neutral,Unknown,General,Anonymous,,synthetic
"9. ""Cathay Pacific's flight was comfortable enough for a long-haul flight. The in-flight entertainment was varied, though not extensive.""",Neutral,Unknown,General,Anonymous,,synthetic
"10. ""The service on Southwest Airlines was typical. The seats were a bit cramped, but the flight was punctual.""",Neutral,Unknown,General,Anonymous,,synthetic
"11. ""The Emirates flight was fairly comfortable. The food was average, and the staff was courteous.""",Neutral,Unknown,General,Anonymous,,synthetic
"12. ""The Qantas flight was decent. The seats were not very spacious, but the in-flight service was efficient.""",Neutral,Unknown,General,Anonymous,,synthetic
"13. ""The Air Canada flight was on time and the check-in process was smooth. The food was standard airline fare.""",Neutral,Unknown,General,Anonymous,,synthetic
"14. ""Etihad Airways provided an average service. The flight departed and arrived on time, and the cabin crew was professional.""",Neutral,Unknown,General,Anonymous,,synthetic
"15. ""The Turkish Airlines flight was satisfactory. The plane was clean and the flight was fairly smooth.""",Neutral,Unknown,General,Anonymous,,synthetic
"16. ""The Virgin Atlantic flight was adequate. The legroom was enough for a short flight and the staff was friendly.""",Neutral,Unknown,General,Anonymous,,synthetic
"17. ""The service on Singapore Airlines was standard. The seats were a little narrow, but the in-flight entertainment was up to par.""",Neutral,Unknown,General,Anonymous,,synthetic
"18. ""The KLM flight was fairly comfortable. The food was typical of most airlines, and the staff was polite.""",Neutral,Unknown,General,Anonymous,,synthetic
"19. ""The Qatar Airways flight was decent. The in-flight meals were average and the flight arrived on schedule.""",Neutral,Unknown,General,Anonymous,,synthetic
"20. ""The service on Spirit Airlines was typical. The boarding process was organized and the flight was on time.""",Neutral,Unknown,General,Anonymous,,synthetic
"1. The flight with JetBlue was satisfactory. The seats were comfortable enough for the medium-length flight, and the food was average.",Neutral,Unknown,General,Anonymous,,synthetic
"2. My experience with Southwest Airlines was rather typical. The flight was on time, and the cabin crew was professional and courteous.",Neutral,Unknown,General,Anonymous,,synthetic
"3. On my recent flight with United Airlines, the legroom was sufficient and the in-flight entertainment options were adequate. The food was standard airline fare.",Neutral,Unknown,General,Anonymous,,synthetic
"4. American Airlines provided a regular air travel experience. The flight was punctual and the onboard service was professional, although not particularly noteworthy.",Neutral,Unknown,General,Anonymous,,synthetic
5. My Delta flight was ordinary with no significant issues. The seats were reasonably comfortable and the in-flight meal was edible.,Neutral,Unknown,General,Anonymous,,synthetic
"6. The flight with Air Canada was somewhat crowded, but the crew was efficient and provided satisfactory service. The flight was on time.",Neutral,Unknown,General,Anonymous,,synthetic
7. The Air France flight was typical with a smooth check-in process and an on-time departure. The in-flight entertainment options were sufficient for the duration of the flight.,Neutral,Unknown,General,Anonymous,,synthetic
"8. My Lufthansa flight was uneventful. The crew was professional, and the flight arrived on time.",Neutral,Unknown,General,Anonymous,,synthetic
"9. Emirates provided a standard flying experience. The cabin was clean, the flight crew was courteous, and the food was average for an airline meal.",Neutral,Unknown,General,Anonymous,,synthetic
"10. My Qatar Airways flight was adequate. The seats were reasonably comfortable for a long-haul flight, and the cabin crew was professional.",Neutral,Unknown,General,Anonymous,,synthetic
"11. The British Airways flight was regular with no significant issues. The check-in process was smooth, and the flight was on time.",Neutral,Unknown,General,Anonymous,,synthetic
"12. The Cathay Pacific flight was satisfactory. The in-flight entertainment options were ample, and the food was decent.",Neutral,Unknown,General,Anonymous,,synthetic
"13. My experience with Singapore Airlines was average. The flight was on time, and the cabin crew provided professional service.",Neutral,Unknown,General,Anonymous,,synthetic
14. The KLM flight was ordinary with a smooth check-in process and a punctual departure. The in-flight meal was typical airline fare.,Neutral,Unknown,General,Anonymous,,synthetic
"15. My Qantas flight was uneventful. The seats were fairly comfortable, and the flight departed and arrived on time.",Neutral,Unknown,General,Anonymous,,synthetic
"16. The Turkish Airlines flight was satisfactory. The cabin was clean, and the in-flight entertainment options were decent.",Neutral,Unknown,General,Anonymous,,synthetic
"17. My Air India flight was adequate. The seats were comfortable, and the cabin crew was professional, although the food was average.",Neutral,Unknown,General,Anonymous,,synthetic
"18. The Ryanair flight was regular with no significant issues. The flight was on time, and the onboard service was efficient.",Neutral,Unknown,General,Anonymous,,synthetic
"19. My EasyJet flight was ordinary. The check-in process was smooth, and the flight was punctual.",Neutral,Unknown,General,Anonymous,,synthetic
"20. The Virgin Atlantic flight was uneventful. The seats were reasonably comfortable, and the cabin crew provided professional service. The food was standard.",Neutral,Unknown,General,Anonymous,,synthetic
"1. Airline A provided a satisfactory service. The flight was on time, and the cabin was clean.",Neutral,Unknown,General,Anonymous,,synthetic
2. Had a decent ride with Airline B. The in-flight meal could be improved but the staff was attentive.,Neutral,Unknown,General,Anonymous,,synthetic
"3. The customer service on Airline C was standard. However, the lack of legroom on the flight was noticeable.",Neutral,Unknown,General,Anonymous,,synthetic
4. Airline D's flight was rather uneventful. The seats were comfortable enough for the duration of the journey.,Neutral,Unknown,General,Anonymous,,synthetic
"5. Airline E's flight was punctual and the check-in process was efficient. However, the in-flight entertainment could be better.",Neutral,Unknown,General,Anonymous,,synthetic
"6. The flight with Airline F was satisfactory. The staff was professional, although the meal options were limited.",Neutral,Unknown,General,Anonymous,,synthetic
7. Airline G's service was acceptable. The flight was delayed but the communication was clear and timely.,Neutral,Unknown,General,Anonymous,,synthetic
8. The flight with Airline H was ordinary. The seats were a bit cramped but the cabin crew was friendly.,Neutral,Unknown,General,Anonymous,,synthetic
"9. Airline I's flight was moderate. The food quality was average, but the flight was smooth and on time.",Neutral,Unknown,General,Anonymous,,synthetic
10. Had a standard experience with Airline J. The facilities were clean and the baggage handling was efficient.,Neutral,Unknown,General,Anonymous,,synthetic
11. Airline K provided a smooth flight. The in-flight entertainment options were somewhat limited but the staff was courteous.,Neutral,Unknown,General,Anonymous,,synthetic
12. The flight with Airline L was fairly comfortable. The boarding process could be quicker but the in-flight service was okay.,Neutral,Unknown,General,Anonymous,,synthetic
13. Airline M provided a routine flight experience. The seats were reasonably comfortable but the food was just satisfactory.,Neutral,Unknown,General,Anonymous,,synthetic
"14. The flight with Airline N was average. The legroom was limited, but the flight arrived on time.",Neutral,Unknown,General,Anonymous,,synthetic
"15. Airline O's flight experience was unremarkable. The ticket price was reasonable, although the in-flight meal options could be improved.",Neutral,Unknown,General,Anonymous,,synthetic
16. The service on Airline P was ordinary. The plane was clean and the staff was professional.,Neutral,Unknown,General,Anonymous,,synthetic
17. Airline Q's flight was adequate. The cabin was a bit crowded but the flight was punctual.,Neutral,Unknown,General,Anonymous,,synthetic
"18. The flight on Airline R was up to standard. The check-in process was smooth, though the in-flight entertainment could use an upgrade.",Neutral,Unknown,General,Anonymous,,synthetic
19. Airline S provided a decent flight experience. The cabin crew was professional but the legroom was a bit tight.,Neutral,Unknown,General,Anonymous,,synthetic
20. The flight with Airline T was typical. The food was okay and the flight departed and arrived on schedule.,Neutral,Unknown,General,Anonymous,,synthetic
"1. ""Airline X provided a standard flight experience. The food was acceptable and the staff was professional.""",Neutral,Unknown,General,Anonymous,,synthetic
"2. ""Airline Y's flight was on time and the check-in process was smooth. The in-flight entertainment could use an update.""",Neutral,Unknown,General,Anonymous,,synthetic
"3. ""The flight with Airline Z was comfortable. Although the legroom was slightly limited, the food was decent.""",Neutral,Unknown,General,Anonymous,,synthetic
"4. ""Airline A's service was as expected. The flight attendants were polite and the plane was clean.""",Neutral,Unknown,General,Anonymous,,synthetic
"5. ""The flight with Airline B was on schedule. The seats were average in terms of comfort.""",Neutral,Unknown,General,Anonymous,,synthetic
"6. ""Airline C provided a reliable service. The food was ordinary but the beverages were good.""",Neutral,Unknown,General,Anonymous,,synthetic
"7. ""Airline D's flight was satisfactory. The check-in process was efficient and the flight left on time.""",Neutral,Unknown,General,Anonymous,,synthetic
"8. ""The flight with Airline E was uneventful. The cabin was clean and the staff was courteous.""",Neutral,Unknown,General,Anonymous,,synthetic
"9. ""Airline F offered a typical flying experience. The in-flight entertainment could be improved.""",Neutral,Unknown,General,Anonymous,,synthetic
"10. ""The flight with Airline G was acceptable. The seats were average but the cabin was clean.""",Neutral,Unknown,General,Anonymous,,synthetic
"11. ""Airline H's service was as expected. The boarding process was efficient and the flight was punctual.""",Neutral,Unknown,General,Anonymous,,synthetic
"12. ""The flight with Airline I was comfortable. The food was standard and the staff was professional.""",Neutral,Unknown,General,Anonymous,,synthetic
"13. ""Airline J's flight was on schedule. The seats were decent and the cabin was clean.""",Neutral,Unknown,General,Anonymous,,synthetic
"14. ""The service provided by Airline K was ordinary. The boarding process was smooth, but the food could have been better.""",Neutral,Unknown,General,Anonymous,,synthetic
"15. ""Airline L's flight was satisfactory. The cabin was neat and the staff was friendly.""",Neutral,Unknown,General,Anonymous,,synthetic
"16. ""The flight with Airline M was uneventful. The seating was slightly cramped but the flight left on time.""",Neutral,Unknown,General,Anonymous,,synthetic
"17. ""Airline N offered a typical flying experience. The check-in process was efficient but the in-flight entertainment could be better.""",Neutral,Unknown,General,Anonymous,,synthetic
"18. ""The flight with Airline O was acceptable. The food was average and the staff was courteous.""",Neutral,Unknown,General,Anonymous,,synthetic
"19. ""Airline P's service was adequate. The flight was on time, and the cabin was clean.""",Neutral,Unknown,General,Anonymous,,synthetic
"20. ""The flight with Airline Q was comfortable. The legroom was decent, but the food could use an update.""",Neutral,Unknown,General,Anonymous,,synthetic
"1. ""Flight with Airline A was as expected. The cabin crew was attentive and the in-flight entertainment was adequate.""",Neutral,Unknown,General,Anonymous,,synthetic
"2. ""Airline B's flight was on time and the check-in process was smooth. The food was decent, nothing extraordinary.""",Neutral,Unknown,General,Anonymous,,synthetic
"3. ""The flight with Airline C had comfortable enough seats, and the flight attendants were professional. The airline could improve on their meal offerings.""",Neutral,Unknown,General,Anonymous,,synthetic
"4. ""Airline D provided a satisfactory service. The plane was clean and the flight left on schedule.""",Neutral,Unknown,General,Anonymous,,synthetic
"5. ""The flight experience with Airline E was generally pleasant. The legroom was a bit restricted, but the on-board service was good.""",Neutral,Unknown,General,Anonymous,,synthetic
"6. ""Airline F's flight was punctual and the boarding process was organized. The snacks served were average.""",Neutral,Unknown,General,Anonymous,,synthetic
"7. ""Airline G offered a smooth flight experience. The in-flight meal was okay, and the cabin crew was polite.""",Neutral,Unknown,General,Anonymous,,synthetic
"8. ""No major issues with the flight on Airline H. The seats were comfortable, but the in-flight entertainment could use an upgrade.""",Neutral,Unknown,General,Anonymous,,synthetic
"9. ""The flight with Airline I was normal. The crew was friendly, and the food was acceptable.""",Neutral,Unknown,General,Anonymous,,synthetic
"10. ""Airline J's flight was standard. The plane was a bit old but well-maintained, and the staff was professional.""",Neutral,Unknown,General,Anonymous,,synthetic
"11. ""Airline K provided a satisfactory flight. The cabin was a bit cramped, but the flight was timely and efficient.""",Neutral,Unknown,General,Anonymous,,synthetic
"12. ""The flight with Airline L was quite average. The seats were decently comfortable, and the in-flight service was acceptable.""",Neutral,Unknown,General,Anonymous,,synthetic
"13. ""Airline M's flight was on time, and the check-in process was efficient. The in-flight entertainment was a bit outdated but functioning.""",Neutral,Unknown,General,Anonymous,,synthetic
"14. ""The flight with Airline N was standard. The cabin crew was professional, and the meals served were okay.""",Neutral,Unknown,General,Anonymous,,synthetic
"15. ""Airline O's flight was decent. The plane was clean, and the flight left on schedule.""",Neutral,Unknown,General,Anonymous,,synthetic
"16. ""The flight with Airline P was average. The legroom was limited, but the on-board service was adequate.""",Neutral,Unknown,General,Anonymous,,synthetic
"17. ""Airline Q's flight was punctual, and the boarding process was smooth. The snacks served were mediocre.""",Neutral,Unknown,General,Anonymous,,synthetic
"18. ""Airline R had a satisfactory flight experience. The in-flight meal was average, and the cabin crew was polite.""",Neutral,Unknown,General,Anonymous,,synthetic
"19. ""Flight with Airline S had no major issues. The seats were comfortable, but the in-flight entertainment could use an upgrade.""",Neutral,Unknown,General,Anonymous,,synthetic
"20. ""Airline T's flight was okay. The crew was friendly, and the food was acceptable, nothing out of the ordinary.""",Neutral,Unknown,General,Anonymous,,synthetic
1. The flight with Air Canada was fairly punctual and the cabin crew was moderately attentive.,Neutral,Unknown,General,Anonymous,,synthetic
2. Flying with Delta Airlines was a standard experience; the seating was comfortable enough for a long-haul flight.,Neutral,Unknown,General,Anonymous,,synthetic
"3. American Airlines provided an average in-flight entertainment system, and the meals were quite ordinary.",Neutral,Unknown,General,Anonymous,,synthetic
"4. The flight with Southwest Airlines was mostly on time, and the check-in process was relatively smooth.",Neutral,Unknown,General,Anonymous,,synthetic
"5. British Airways offered a typical long-haul flight experience, the cabin was slightly cramped but the flight crew was polite.",Neutral,Unknown,General,Anonymous,,synthetic
"6. The Lufthansa flight was mostly comfortable, though the food could use some improvement.",Neutral,Unknown,General,Anonymous,,synthetic
"7. The United Airlines flight was as expected, nothing extraordinary. The staff was professional and the plane was clean.",Neutral,Unknown,General,Anonymous,,synthetic
8. The flight with Emirates was quite usual. The food was of regular airline quality and the amenities were standard.,Neutral,Unknown,General,Anonymous,,synthetic
9. Flying with Qantas felt typical. The seats were somewhat comfortable and the cabin crew was efficient.,Neutral,Unknown,General,Anonymous,,synthetic
10. The Aer Lingus flight was pretty routine. The in-flight entertainment was decent and the meals were standard.,Neutral,Unknown,General,Anonymous,,synthetic
11. JetBlue provided an average flying experience. The flight was punctual and the customer service was satisfactory.,Neutral,Unknown,General,Anonymous,,synthetic
12. The Air France flight was fairly uneventful. The food was just okay and the legroom was average.,Neutral,Unknown,General,Anonymous,,synthetic
"13. The KLM flight was as expected. The cabin crew was professional, though the in-flight entertainment was a bit dated.",Neutral,Unknown,General,Anonymous,,synthetic
14. The flight with Turkish Airlines was pretty standard. The legroom was adequate and the meals were typical airline fare.,Neutral,Unknown,General,Anonymous,,synthetic
15. The Singapore Airlines flight was normal. The seats were somewhat comfortable and the service was professional.,Neutral,Unknown,General,Anonymous,,synthetic
16. The Etihad Airways flight was generally comfortable. The food was ordinary and the service was relatively efficient.,Neutral,Unknown,General,Anonymous,,synthetic
17. The flight with Cathay Pacific was quite usual. The seats were fairly comfortable and the entertainment options were satisfactory.,Neutral,Unknown,General,Anonymous,,synthetic
18. The experience on the Air New Zealand flight was standard. The flight was on time and the cabin crew was polite.,Neutral,Unknown,General,Anonymous,,synthetic
19. The flight with Virgin Atlantic was as expected. The seats were moderately comfortable and the in-flight service was efficient.,Neutral,Unknown,General,Anonymous,,synthetic
20. The Ryanair flight was pretty much what you'd expect from a budget airline. The facilities were basic and the service was satisfactory.,Neutral,Unknown,General,Anonymous,,synthetic
"1. ""The flight with Air International was on time and the cabin was kept clean. The food was average.""",Neutral,Unknown,General,Anonymous,,synthetic
"2. ""Had a decent experience with Blue Sky Airlines, the staff were professional but the legroom was a bit limited.""",Neutral,Unknown,General,Anonymous,,synthetic
"3. ""Flew with Global Airways, the in-flight entertainment was satisfactory with a good variety of options. The food could use a bit of improvement.""",Neutral,Unknown,General,Anonymous,,synthetic
"4. ""Took a journey with JetStream Airlines, the flight was smooth and the cabin crew was polite. The baggage claim process was a bit long, though.""",Neutral,Unknown,General,Anonymous,,synthetic
"5. ""The overall experience with Tranquil Air was okay. The seats were comfortable but the food options were limited.""",Neutral,Unknown,General,Anonymous,,synthetic
"6. ""Orbit Airlines provided a typical flying experience. The airplane was clean and the staff was courteous.""",Neutral,Unknown,General,Anonymous,,synthetic
"7. ""The flight with Pacific Air was on schedule. The in-flight meal was okay, nothing out of the ordinary.""",Neutral,Unknown,General,Anonymous,,synthetic
"8. ""Flew with SkyBound Airlines, the boarding process was smooth, but the in-flight entertainment was lacking.""",Neutral,Unknown,General,Anonymous,,synthetic
"9. ""Took a flight with Aero Dynamics, the service was standard, and the seats were fairly comfortable.""",Neutral,Unknown,General,Anonymous,,synthetic
"10. ""Airborne Express offered a timely departure and arrival. The meals could use some variety.""",Neutral,Unknown,General,Anonymous,,synthetic
"11. ""My flight with Windy Skies was average. The staff was polite and the flight was smooth, but the legroom was a bit limited.""",Neutral,Unknown,General,Anonymous,,synthetic
"12. ""Took a trip with Horizon Air, the boarding process was efficient and the flight was on time. The in-flight meal was ordinary.""",Neutral,Unknown,General,Anonymous,,synthetic
"13. ""Had a regular experience with Stratosphere Airlines. The staff was competent and the plane was clean.""",Neutral,Unknown,General,Anonymous,,synthetic
"14. ""Flew with Zenith Air, the flight was on schedule and the cabin crew was professional. The food was fairly average.""",Neutral,Unknown,General,Anonymous,,synthetic
"15. ""SwiftJet provided an average flying experience. The flight was smooth but the in-flight entertainment options were limited.""",Neutral,Unknown,General,Anonymous,,synthetic
"16. ""Took a trip with Altitude Airlines. The service was standard, the seats were comfortable but the food could use some improvements.""",Neutral,Unknown,General,Anonymous,,synthetic
"17. ""My flight with Atmosphere Air was on time. The staff was polite but the in-flight entertainment was lacking a bit.""",Neutral,Unknown,General,Anonymous,,synthetic
"18. ""Flew with Skyward Express, the boarding process was efficient but the baggage claim took a bit longer than expected.""",Neutral,Unknown,General,Anonymous,,synthetic
"19. ""Had an average experience with Cirrus Airlines. The flight was smooth and the staff was professional.""",Neutral,Unknown,General,Anonymous,,synthetic
"20. ""My journey with Nimbus Air was okay. The plane was clean and the flight was on time, but the food was fairly average.""",Neutral,Unknown,General,Anonymous,,synthetic
"1. ""The flight with Air Canada was punctual and the onboard service was adequate. The legroom was average and the seat comfort was okay.""",Neutral,Unknown,General,Anonymous,,synthetic
"2. ""The in-flight meal on my United Airlines flight was decent, but nothing exceptional. The flight was on time and the crew was competent.""",Neutral,Unknown,General,Anonymous,,synthetic
"3. ""American Airlines' check-in process was smooth and the flight left on schedule. However, the inflight entertainment could use an upgrade.""",Neutral,Unknown,General,Anonymous,,synthetic
"4. ""My Delta Airlines flight was fairly comfortable and the cabin crew was professional. The food was typical of an airline meal.""",Neutral,Unknown,General,Anonymous,,synthetic
"5. ""The Southwest Airlines flight was on time and the cabin was clean. The crew was polite but not overly friendly.""",Neutral,Unknown,General,Anonymous,,synthetic
"6. ""JetBlue's flight was quite average in terms of comfort and service. The food quality was acceptable, and the flight was generally smooth.""",Neutral,Unknown,General,Anonymous,,synthetic
"7. ""Flying with Emirates, the seat was comfortable but the legroom was a bit limited. The onboard food was okay, and the service was decent.""",Neutral,Unknown,General,Anonymous,,synthetic
"8. ""The Lufthansa flight was on time and the cabin was clean. The crew was professional but the in-flight entertainment options were limited.""",Neutral,Unknown,General,Anonymous,,synthetic
"9. ""My flight with British Airways was uneventful. The crew was professional, but the in-flight meal was just average.""",Neutral,Unknown,General,Anonymous,,synthetic
"10. ""Qatar Airways provided a smooth flight and okay service. The food was average and the seat comfort was fair.""",Neutral,Unknown,General,Anonymous,,synthetic
"11. ""The Air France flight was punctual and the crew was efficient. The seat comfort and legroom were average.""",Neutral,Unknown,General,Anonymous,,synthetic
"12. ""The Virgin Atlantic flight was on time and the check-in process was smooth. The in-flight meal and entertainment were nothing out of the ordinary.""",Neutral,Unknown,General,Anonymous,,synthetic
"13. ""Flying with Etihad, the flight was on schedule and the cabin was clean. The in-flight entertainment could use more variety.""",Neutral,Unknown,General,Anonymous,,synthetic
"14. ""The KLM flight was comfortable and the crew was courteous. The food was standard airline fare.""",Neutral,Unknown,General,Anonymous,,synthetic
"15. ""The Cathay Pacific flight was on time and the check-in process was efficient. The in-flight entertainment was average.""",Neutral,Unknown,General,Anonymous,,synthetic
"16. ""Flying with Singapore Airlines, the cabin was clean and the flight left on time. The crew was professional but the food was just okay.""",Neutral,Unknown,General,Anonymous,,synthetic
"17. ""The Turkish Airlines flight was punctual, and the seat comfort was fair. The in-flight meal was average.""",Neutral,Unknown,General,Anonymous,,synthetic
"18. ""Iberia's flight was on time and the check-in process was smooth. The seat was comfortable but the in-flight entertainment options were limited.""",Neutral,Unknown,General,Anonymous,,synthetic
"19. ""The Ryanair flight was on schedule, and the cabin was clean. The crew was polite but the legroom was a bit limited.""",Neutral,Unknown,General,Anonymous,,synthetic
"20. ""The EasyJet flight was punctual, the crew was efficient, but the food was typical of an airline meal. The inflight entertainment was just okay.""",Neutral,Unknown,General,Anonymous,,synthetic
"1. ""The flight with Air Canada was as expected. The staff was polite and the service was efficient.""",Neutral,Unknown,General,Anonymous,,synthetic
"2. ""American Airlines offered a comfortable flight. The in-flight entertainment was a nice touch but the food was average.""",Neutral,Unknown,General,Anonymous,,synthetic
"3. ""The Delta Airlines flight was punctual. The legroom was a bit tight but manageable for a short-haul flight.""",Neutral,Unknown,General,Anonymous,,synthetic
"4. ""United Airlines provided a flight that was comfortable and on time. The cabin was clean and the crew was professional.""",Neutral,Unknown,General,Anonymous,,synthetic
"5. ""The British Airways flight was uneventful. In-flight meals were satisfactory and the staff was attentive.""",Neutral,Unknown,General,Anonymous,,synthetic
"6. ""Lufthansa offered a typical flight experience. The plane was clean and the crew was courteous.""",Neutral,Unknown,General,Anonymous,,synthetic
"7. ""The Air France flight was decent. The food was alright and the seats were comfortable.""",Neutral,Unknown,General,Anonymous,,synthetic
"8. ""Emirates offered a fairly comfortable journey. The in-flight entertainment was good but the meals were just okay.""",Neutral,Unknown,General,Anonymous,,synthetic
"9. ""The Virgin Atlantic flight was standard. The staff was friendly and the entertainment options were ample.""",Neutral,Unknown,General,Anonymous,,synthetic
"10. ""The Southwest Airlines flight was typical. The boarding process was smooth and the flight was punctual.""",Neutral,Unknown,General,Anonymous,,synthetic
"11. ""The easyJet flight was decent. The seats were a bit cramped but the flight was on time.""",Neutral,Unknown,General,Anonymous,,synthetic
"12. ""The Ryanair flight was average. The check-in process was swift and the flight landed on time.""",Neutral,Unknown,General,Anonymous,,synthetic
"13. ""The Qatar Airways flight was satisfactory. The seats were comfortable but the in-flight entertainment could use an upgrade.""",Neutral,Unknown,General,Anonymous,,synthetic
"14. ""The KLM flight was fine. The staff was professional and the plane was clean.""",Neutral,Unknown,General,Anonymous,,synthetic
"15. ""The JetBlue flight was okay. The seats were comfortable but the food options were limited.""",Neutral,Unknown,General,Anonymous,,synthetic
"16. ""The Alaska Airlines flight was as expected. The plane was clean and the flight was on time.""",Neutral,Unknown,General,Anonymous,,synthetic
"17. ""The Etihad Airways flight was average. The in-flight entertainment was good, but the food could have been better.""",Neutral,Unknown,General,Anonymous,,synthetic
"18. ""The Turkish Airlines flight was standard. The staff was polite and the service was good.""",Neutral,Unknown,General,Anonymous,,synthetic
"19. ""The Spirit Airlines flight was okay. The seats were a bit tight but the flight was on time.""",Neutral,Unknown,General,Anonymous,,synthetic
"20. ""The Frontier Airlines flight was satisfactory. The check-in process was smooth and the flight landed on time.""",Neutral,Unknown,General,Anonymous,,synthetic
1. The flight with Air Canada was punctual and the in-flight service was as expected. Nothing out of the ordinary.,Neutral,Unknown,General,Anonymous,,synthetic
2. The British Airways flight was quite standard. The seats were moderately comfortable and the food was edible.,Neutral,Unknown,General,Anonymous,,synthetic
3. Flying with Delta Airlines was a usual experience. The staff was polite and the flight arrived on time.,Neutral,Unknown,General,Anonymous,,synthetic
4. JetBlue offered decent service on my recent trip. The flight was smooth and the cabin was clean.,Neutral,Unknown,General,Anonymous,,synthetic
5. The American Airlines flight was routine. The check-in process was efficient and the flight left at the scheduled time.,Neutral,Unknown,General,Anonymous,,synthetic
6. The United Airlines service was standard. The flight was on schedule and the cabin crew was professional.,Neutral,Unknown,General,Anonymous,,synthetic
7. Air France provided a typical airline experience. The food was satisfactory and the flight landed on time.,Neutral,Unknown,General,Anonymous,,synthetic
8. Lufthansa's service was as expected. The seats were comfortable enough for a long haul flight.,Neutral,Unknown,General,Anonymous,,synthetic
9. The Ryanair flight was average. The seats were a bit cramped but the flight was timely.,Neutral,Unknown,General,Anonymous,,synthetic
10. EasyJet offered a standard flight experience. The cabin was clean and the flight was punctual.,Neutral,Unknown,General,Anonymous,,synthetic
11. Air India's service was as expected. The cabin crew was polite and the in-flight meals were acceptable.,Neutral,Unknown,General,Anonymous,,synthetic
"12. The Emirates flight was typical. The in-flight entertainment was good, and the flight arrived on time.",Neutral,Unknown,General,Anonymous,,synthetic
13. The service on the Qantas flight was decent. The seats were adequately comfortable for the duration of the flight.,Neutral,Unknown,General,Anonymous,,synthetic
14. Virgin Atlantic provided an average flight experience. The check-in process was smooth and the flight was on time.,Neutral,Unknown,General,Anonymous,,synthetic
15. The Cathay Pacific flight was standard. The cabin was clean and the food was satisfactory.,Neutral,Unknown,General,Anonymous,,synthetic
16. The Turkish Airlines flight was as expected. The crew was professional and the flight landed on time.,Neutral,Unknown,General,Anonymous,,synthetic
"17. The Singapore Airlines flight was typical. The in-flight entertainment was good, and the cabin was kept clean.",Neutral,Unknown,General,Anonymous,,synthetic
18. The Etihad Airways flight was decent. The food was edible and the flight arrived on time.,Neutral,Unknown,General,Anonymous,,synthetic
19. The Swiss Air flight was ordinary. The seats were comfortable enough and the flight was punctual.,Neutral,Unknown,General,Anonymous,,synthetic
20. The Qatar Airways flight was average. The in-flight service was standard and the flight landed on time.,Neutral,Unknown,General,Anonymous,,synthetic
1. The flight with Air France was satisfactory. The seats were comfortable and service was adequate.,Neutral,Unknown,General,Anonymous,,synthetic
"2. I flew with American Airlines recently. The food was not exceptional, but the in-flight entertainment options were plenty.",Neutral,Unknown,General,Anonymous,,synthetic
3. The British Airways flight was quite decent - the cabin staff was polite and the plane was clean.,Neutral,Unknown,General,Anonymous,,synthetic
4. Virgin Atlantic offered a smooth check-in process and punctual departure. The in-flight meals could be improved.,Neutral,Unknown,General,Anonymous,,synthetic
5. My flight with Delta Airlines was typical. The staff was friendly enough and the flight departed and arrived on schedule.,Neutral,Unknown,General,Anonymous,,synthetic
"6. The Lufthansa flight was decent. The legroom in economy class was not very spacious, but the food was palatable.",Neutral,Unknown,General,Anonymous,,synthetic
"7. I flew with JetBlue and found the service to be average. The flight attendants were professional, but the seats were a bit narrow.",Neutral,Unknown,General,Anonymous,,synthetic
8. My recent flight with Southwest was standard. The boarding process was organized and the crew was attentive.,Neutral,Unknown,General,Anonymous,,synthetic
"9. The Emirates flight was alright. The flight was on time and the entertainment system had a wide selection, but the food was just average.",Neutral,Unknown,General,Anonymous,,synthetic
"10. I had an average experience with United Airlines. The plane was a bit older, but the flight crew kept the cabin clean.",Neutral,Unknown,General,Anonymous,,synthetic
11. Qantas Airways offered a typical flight experience. The seats were comfortable enough for a long-haul flight and the meals were standard.,Neutral,Unknown,General,Anonymous,,synthetic
"12. The service on the Air Canada flight was satisfactory. The staff was responsive, but the in-flight entertainment could use an update.",Neutral,Unknown,General,Anonymous,,synthetic
13. My flight with KLM was quite usual. The plane was clean and the food was acceptable.,Neutral,Unknown,General,Anonymous,,synthetic
"14. The Cathay Pacific flight was average. The crew was efficient, but the meal options were limited.",Neutral,Unknown,General,Anonymous,,synthetic
"15. I flew with Singapore Airlines recently. The staff was polite, but the legroom was a bit tight in economy class.",Neutral,Unknown,General,Anonymous,,synthetic
"16. My flight with Turkish Airlines was standard. The in-flight entertainment was good, but the food was just okay.",Neutral,Unknown,General,Anonymous,,synthetic
"17. The Etihad Airways flight was adequate. The cabin was comfortable, but the boarding process was a bit slow.",Neutral,Unknown,General,Anonymous,,synthetic
18. I had a typical experience with Alaska Airlines. The flight departure and arrival were on time and the staff was friendly.,Neutral,Unknown,General,Anonymous,,synthetic
"19. My flight with Ryanair was average. The seats were a bit cramped, but the flight was punctual.",Neutral,Unknown,General,Anonymous,,synthetic
"20. The Aer Lingus flight was satisfactory. The check-in process was efficient and the flight crew was professional, though the meals were average.",Neutral,Unknown,General,Anonymous,,synthetic
"1. Airline X's service was as expected, with a timely departure and clean facilities.",Neutral,Unknown,General,Anonymous,,synthetic
2. Flew with Airline Y; the in-flight meal was decent and the staff were professional.,Neutral,Unknown,General,Anonymous,,synthetic
"3. Airline Z's seating was quite comfortable for a long-haul flight, and the entertainment selection was adequate.",Neutral,Unknown,General,Anonymous,,synthetic
"4. Boarding process with Airline A was smooth, however, the legroom was slightly limited.",Neutral,Unknown,General,Anonymous,,synthetic
"5. Airline B offered a standard flying experience, with no major issues but nothing particularly outstanding either.",Neutral,Unknown,General,Anonymous,,synthetic
"6. On Airline C, the flight was on time and the cabin crew were courteous, overall a regular flying experience.",Neutral,Unknown,General,Anonymous,,synthetic
"7. Airline D provided a timely service. The food offered was average, but satisfactory for a short flight.",Neutral,Unknown,General,Anonymous,,synthetic
8. Airline E's check-in process was efficient and the flight departed as scheduled. The in-flight amenities were standard.,Neutral,Unknown,General,Anonymous,,synthetic
"9. Airline F delivered a typical flight experience, the aircraft was clean and the flight crew were professional.",Neutral,Unknown,General,Anonymous,,synthetic
"10. Flight with Airline G was fine, no major delays and the in-flight entertainment was updated.",Neutral,Unknown,General,Anonymous,,synthetic
"11. Airline H's service was typical, with a smooth boarding process and decent in-flight meal options.",Neutral,Unknown,General,Anonymous,,synthetic
"12. Airline I's flight was on time, the cabin was clean, though the food was just average.",Neutral,Unknown,General,Anonymous,,synthetic
13. The service on Airline J's flight was standard. The flight attendants were polite and the flight left on schedule.,Neutral,Unknown,General,Anonymous,,synthetic
14. Airline K provided a satisfactory flying experience with standard legroom and a reasonable selection of in-flight entertainment.,Neutral,Unknown,General,Anonymous,,synthetic
15. Airline L's flight was on schedule; the cabin crew were friendly and the facilities were clean.,Neutral,Unknown,General,Anonymous,,synthetic
"16. With Airline M, the boarding process went smoothly, the in-flight snacks were decent, but the seats were a bit cramped.",Neutral,Unknown,General,Anonymous,,synthetic
17. Airline N had an efficient check-in process. The flight was slightly delayed but the communication from the crew was good.,Neutral,Unknown,General,Anonymous,,synthetic
"18. Airline O delivered a regular service, with an on-time departure and standard in-flight amenities.",Neutral,Unknown,General,Anonymous,,synthetic
19. Airline P's flight was punctual and the check-in process was efficient. The in-flight meal was decent.,Neutral,Unknown,General,Anonymous,,synthetic
"20. Flight with Airline Q was fine. The cabin was clean, the staff were professional and the flight departed on time.",Neutral,Unknown,General,Anonymous,,synthetic
"1. The overall experience with Airline X was standard. The in-flight service was competent, and the seats were fairly comfortable.",Neutral,Unknown,General,Anonymous,,synthetic
"2. Airline Y's flight was punctual and the cabin crew were professional, although the on-board meal options could have been better.",Neutral,Unknown,General,Anonymous,,synthetic
3. Airline Z offered a smooth check-in process and the flight departed on time. The legroom was a bit tight for a long-haul flight.,Neutral,Unknown,General,Anonymous,,synthetic
"4. The flight with Airline A was okay. No major issues, but the on-board entertainment system was somewhat outdated.",Neutral,Unknown,General,Anonymous,,synthetic
"5. Airline B provided adequate service. The staff was polite, the plane was clean, but the food was just average.",Neutral,Unknown,General,Anonymous,,synthetic
"6. Airline C's flight was quite standard. The seats were comfortable enough for a short journey, and the cabin crew was professional.",Neutral,Unknown,General,Anonymous,,synthetic
7. I had a satisfactory experience with Airline D. The flight was on time and the luggage handling was efficient.,Neutral,Unknown,General,Anonymous,,synthetic
"8. Airline E's service was decent. The plane was a bit older but maintained well, and the in-flight meal was okay.",Neutral,Unknown,General,Anonymous,,synthetic
"9. The flight with Airline F was quite average. The check-in process was smooth, but the in-flight entertainment could use an upgrade.",Neutral,Unknown,General,Anonymous,,synthetic
10. Airline G's flight was satisfactory. The staff was friendly but the plane seemed a bit crowded.,Neutral,Unknown,General,Anonymous,,synthetic
"11. The overall experience with Airline H was standard. The flight was punctual, but the food options were limited.",Neutral,Unknown,General,Anonymous,,synthetic
"12. Airline I provided a comfortable journey. The seats had decent legroom, but the in-flight entertainment was just adequate.",Neutral,Unknown,General,Anonymous,,synthetic
"13. My flight with Airline J was okay. The staff was courteous, but the plane was a bit old.",Neutral,Unknown,General,Anonymous,,synthetic
"14. Airline K's service was alright. The check-in was seamless, but the food quality was just average.",Neutral,Unknown,General,Anonymous,,synthetic
"15. The flight with Airline L was fine. The cabin crew was professional, but the legroom was slightly limited.",Neutral,Unknown,General,Anonymous,,synthetic
"16. Airline M provided an average experience. The flight was on time and the seats were comfortable, but the food could have been better.",Neutral,Unknown,General,Anonymous,,synthetic
"17. The flight with Airline N was typical. The check-in process was efficient, but the plane was a bit cramped.",Neutral,Unknown,General,Anonymous,,synthetic
"18. Airline O provided an adequate service. The staff was polite and the plane was clean, but the in-flight entertainment was limited.",Neutral,Unknown,General,Anonymous,,synthetic
"19. The overall flight experience with Airline P was alright. The flight was punctual, but the on-board meal options were just satisfactory.",Neutral,Unknown,General,Anonymous,,synthetic
"20. Airline Q's service was standard. The cabin crew was professional, but the legroom was slightly restricted for a long-haul flight.",Neutral,Unknown,General,Anonymous,,synthetic
1. The flight on American Airlines was decent; the staff was professional and the seating was comfortable enough for a long journey.,Neutral,Unknown,General,Anonymous,,synthetic
"2. JetBlue Airways offered a satisfactory in-flight entertainment system, although the meal options could use some variety.",Neutral,Unknown,General,Anonymous,,synthetic
"3. The check-in process with Delta Airlines was straightforward and quick, but the in-flight service was just average.",Neutral,Unknown,General,Anonymous,,synthetic
4. Southwest Airlines delivered a standard flying experience; the cabin was clean and the flight landed on time.,Neutral,Unknown,General,Anonymous,,synthetic
"5. Although the flight with Alaska Airlines was slightly delayed, the crew managed the situation well and maintained good communication with passengers.",Neutral,Unknown,General,Anonymous,,synthetic
"6. The British Airways flight was routine, with competent service and a reasonable selection of food.",Neutral,Unknown,General,Anonymous,,synthetic
"7. United Airlines provided a comfortable seating arrangement and the cabin crew was polite, but the food was quite basic.",Neutral,Unknown,General,Anonymous,,synthetic
"8. Lufthansa offered a smooth flight and the cabin crew was efficient, but the legroom was somewhat tight.",Neutral,Unknown,General,Anonymous,,synthetic
"9. The in-flight entertainment on the Air France flight was good, but the food quality was just average.",Neutral,Unknown,General,Anonymous,,synthetic
"10. The flight with Qantas was standard, with no major issues. The crew was professional and the flight was smooth.",Neutral,Unknown,General,Anonymous,,synthetic
11. Emirates provided a decent in-flight service; the staff was courteous and the food was satisfactory.,Neutral,Unknown,General,Anonymous,,synthetic
"12. Air Canada's flight was punctual and the check-in process was efficient, but the seats could have been more comfortable.",Neutral,Unknown,General,Anonymous,,synthetic
13. The flight with Turkish Airlines was typical; the crew was professional but the in-flight meal could use improvement.,Neutral,Unknown,General,Anonymous,,synthetic
"14. The Cathay Pacific flight had a smooth takeoff and landing, although the in-flight entertainment was quite limited.",Neutral,Unknown,General,Anonymous,,synthetic
15. Singapore Airlines offered a standard flight experience; the staff was professional and the plane was clean.,Neutral,Unknown,General,Anonymous,,synthetic
"16. The Ryanair flight was routine with a punctual departure and arrival, but the legroom was somewhat limited.",Neutral,Unknown,General,Anonymous,,synthetic
"17. The Virgin Atlantic flight was average, with a straightforward check-in process and a professional crew.",Neutral,Unknown,General,Anonymous,,synthetic
"18. The Aer Lingus flight was fine; the seating was comfortable and the flight was punctual, but the food was just okay.",Neutral,Unknown,General,Anonymous,,synthetic
19. The Air New Zealand flight was standard; the staff was courteous but the in-flight entertainment options could be better.,Neutral,Unknown,General,Anonymous,,synthetic
"20. The KLM flight was typical; the crew was professional and the flight was smooth, although the food could have been better.",Neutral,Unknown,General,Anonymous,,synthetic
"1. ""Flight was on time and the seating was acceptable on Airline X. Crew was professional and service was average.""",Neutral,Unknown,General,Anonymous,,synthetic
"2. ""No major issues encountered while flying with Airline Y. The in-flight meal could do with some improvement, but overall a decent experience.""",Neutral,Unknown,General,Anonymous,,synthetic
"3. ""Airline Z's online check-in process was straightforward and time-saving. Leg space was a bit tight, but the flight was smooth.""",Neutral,Unknown,General,Anonymous,,synthetic
"4. ""Took a long-haul flight with Airline A. The in-flight entertainment was adequate and the staff were courteous.""",Neutral,Unknown,General,Anonymous,,synthetic
"5. ""Airline B's plane was clean and comfortable. However, the boarding process was somewhat chaotic.""",Neutral,Unknown,General,Anonymous,,synthetic
"6. ""The ticket prices of Airline C are reasonable. The food was average, but the punctuality of the flights is commendable.""",Neutral,Unknown,General,Anonymous,,synthetic
"7. ""Airline D provided a smooth flight experience, though the cabin was a bit chilly. The crew responded promptly to requests.""",Neutral,Unknown,General,Anonymous,,synthetic
"8. ""Baggage handling by Airline E was satisfactory. The flight itself was typical with no significant complaints.""",Neutral,Unknown,General,Anonymous,,synthetic
"9. ""The flight with Airline F was timely and the staff was efficient. The quality of the in-flight meal was standard.""",Neutral,Unknown,General,Anonymous,,synthetic
"10. ""Airline G's service was standard. The seats were reasonably comfortable for a short-haul flight.""",Neutral,Unknown,General,Anonymous,,synthetic
"11. ""Flew with Airline H. The check-in process was pretty efficient but the in-flight entertainment could use some updating.""",Neutral,Unknown,General,Anonymous,,synthetic
"12. ""Airline I provided a reliable service. The flight was on time and the cabin crew was professional.""",Neutral,Unknown,General,Anonymous,,synthetic
"13. ""Airline J's flight was comfortable. The food was decent but the selection of beverages was limited.""",Neutral,Unknown,General,Anonymous,,synthetic
"14. ""The boarding process with Airline K was smooth. The cabin was clean although the legroom was somewhat cramped.""",Neutral,Unknown,General,Anonymous,,synthetic
"15. ""Airline L's flight was punctual. The in-flight meal was average and the crew was generally attentive.""",Neutral,Unknown,General,Anonymous,,synthetic
"16. ""The condition of Airline M's aircraft was good. The food was standard, but the in-flight entertainment options were slightly limited.""",Neutral,Unknown,General,Anonymous,,synthetic
"17. ""On Airline N, the flight was on time and the check-in process was efficient. The seats were a bit narrow, but not overly uncomfortable.""",Neutral,Unknown,General,Anonymous,,synthetic
"18. ""Airline O's service was satisfactory. The food quality was average, and the flight attendants were professional.""",Neutral,Unknown,General,Anonymous,,synthetic
"19. ""The flight with Airline P was smooth with no significant delays. The in-flight entertainment was average and the cabin crew was courteous.""",Neutral,Unknown,General,Anonymous,,synthetic
"20. ""Airline Q had a smooth boarding process, and the flight was on time. The seating was a bit tight but manageable for a short trip.""",Neutral,Unknown,General,Anonymous,,synthetic
"1. ""The flight was on time and the cabin crew was attentive. Standard airline food but with enough options to choose from.""",Neutral,Unknown,General,Anonymous,,synthetic
"2. ""The airline offered adequate legroom and the seats were fairly comfortable. Nothing extraordinary, but a smooth journey overall.""",Neutral,Unknown,General,Anonymous,,synthetic
"3. ""Check-in process was efficient, no major delays. The in-flight amenities were satisfactory.""",Neutral,Unknown,General,Anonymous,,synthetic
"4. ""The airplane was clean and tidy. The flight attendants were polite and professional.""",Neutral,Unknown,General,Anonymous,,synthetic
"5. ""We had a slight delay in departure but the pilot made up for the lost time. The food was average.""",Neutral,Unknown,General,Anonymous,,synthetic
"6. ""The staff was friendly and the in-flight service was competent. The seat was a bit cramped but manageable.""",Neutral,Unknown,General,Anonymous,,synthetic
"7. ""The flight was on schedule and the boarding process was well-organized. The in-flight entertainment system had a decent variety of movies.""",Neutral,Unknown,General,Anonymous,,synthetic
"8. ""The service was decent and the flight was on time. The food served was standard airline fare.""",Neutral,Unknown,General,Anonymous,,synthetic
"9. ""The airline staff was efficient and the flight departed on time. The legroom was somewhat limited.""",Neutral,Unknown,General,Anonymous,,synthetic
"10. ""The cabin was clean and the crew was professional. The in-flight meal was average.""",Neutral,Unknown,General,Anonymous,,synthetic
"11. ""The flight left and arrived as scheduled. The seats were average in comfort, and the cabin crew was attentive.""",Neutral,Unknown,General,Anonymous,,synthetic
"12. ""The flight attendants were polite and helpful. The food was average, and the flight was on time.""",Neutral,Unknown,General,Anonymous,,synthetic
"13. ""Seats were comfortable enough for the journey. The in-flight entertainment was satisfactory with a good selection of movies and shows.""",Neutral,Unknown,General,Anonymous,,synthetic
"14. ""The boarding process was smooth, and the flight left on time. The food served was typical airline food.""",Neutral,Unknown,General,Anonymous,,synthetic
"15. ""The flight was punctual and the crew was professional. However, the legroom was a bit limited.""",Neutral,Unknown,General,Anonymous,,synthetic
"16. ""The check-in process was efficient and the cabin crew was polite. The in-flight entertainment was satisfactory.""",Neutral,Unknown,General,Anonymous,,synthetic
"17. ""The flight was on time and the cabin was clean. The food was standard airline fare, nothing special.""",Neutral,Unknown,General,Anonymous,,synthetic
"18. ""The crew was helpful and the flight was generally comfortable. The in-flight meal was average.""",Neutral,Unknown,General,Anonymous,,synthetic
"19. ""The flight was on time, and the check-in process was smooth. The seats were a bit cramped but manageable for a short flight.""",Neutral,Unknown,General,Anonymous,,synthetic
"20. ""The boarding process was organized, and the flight departed as scheduled. The in-flight entertainment had a decent selection, and the food was average.""",Neutral,Unknown,General,Anonymous,,synthetic
"1. The flight with Air Canada was generally punctual, the crew was professional, but the in-flight meals could be improved.",Neutral,Unknown,General,Anonymous,,synthetic
"2. Qantas Airways offered a reliable service, the legroom was adequate, but the selection of in-flight entertainment was limited.",Neutral,Unknown,General,Anonymous,,synthetic
"3. While the Delta Airlines' check-in process was smooth and swift, the cabin was a little cramped.",Neutral,Unknown,General,Anonymous,,synthetic
"4. Had an average experience with United Airlines. The flight was on time, however, the in-flight meals were underwhelming.",Neutral,Unknown,General,Anonymous,,synthetic
"5. British Airways provided a decent service, the staff was friendly and professional, but the aircraft felt a bit dated.",Neutral,Unknown,General,Anonymous,,synthetic
"6. The flight with Emirates was punctual, the food was just okay, and the staff could improve their response time.",Neutral,Unknown,General,Anonymous,,synthetic
"7. Southwest Airlines offered a comfortable flight. The cabin was clean, but the in-flight entertainment options were limited.",Neutral,Unknown,General,Anonymous,,synthetic
"8. Qatar Airways had a decent service overall, the seats were comfortable, but the Wi-Fi connection was inconsistent.",Neutral,Unknown,General,Anonymous,,synthetic
"9. Lufthansa's crew was professional and helpful, the flight was on time, but the food quality could be better.",Neutral,Unknown,General,Anonymous,,synthetic
10. Air France provided an average experience. The seats were comfortable but the boarding process was a bit chaotic.,Neutral,Unknown,General,Anonymous,,synthetic
"11. The flight with Ryanair was on time, the crew was helpful, but the legroom was a bit tight.",Neutral,Unknown,General,Anonymous,,synthetic
"12. American Airlines offered a smooth flight. The check-in process was efficient, but the in-flight entertainment was mediocre.",Neutral,Unknown,General,Anonymous,,synthetic
"13. Cathay Pacific provided an okay service, the flight departed on time, but the luggage handling process was slow.",Neutral,Unknown,General,Anonymous,,synthetic
"14. Etihad Airways had a decent service, the staff was professional, but the in-flight meals were mediocre.",Neutral,Unknown,General,Anonymous,,synthetic
"15. The flight with Turkish Airlines was punctual, the cabin cleanliness was satisfactory, but the Wi-Fi service was poor.",Neutral,Unknown,General,Anonymous,,synthetic
"16. JetBlue offered a smooth flight, the seats were comfortable, but the selection of beverages was limited.",Neutral,Unknown,General,Anonymous,,synthetic
"17. Virgin Atlantic provided a decent service, the flight was on time, but the cabin temperature was uncomfortably cold.",Neutral,Unknown,General,Anonymous,,synthetic
"18. The flight with KLM Royal Dutch Airlines was generally punctual, the crew was courteous, but the food quality was average.",Neutral,Unknown,General,Anonymous,,synthetic
"19. Singapore Airlines offered a decent service, the staff was professional, but the boarding process was a bit chaotic.",Neutral,Unknown,General,Anonymous,,synthetic
"20. Air New Zealand flight was on time and the cabin was clean, but the in-flight entertainment system was not working properly.",Neutral,Unknown,General,Anonymous,,synthetic
"1. The flight with Air Canada was quite average, with standard legroom and seating. The in-flight meal was acceptable.",Neutral,Unknown,General,Anonymous,,synthetic
"2. My experience with British Airways was mostly average. Service was decent, yet there were slight delays during take-off.",Neutral,Unknown,General,Anonymous,,synthetic
"3. American Airlines offered a fair service. The staff was helpful, but the flight was a bit crowded.",Neutral,Unknown,General,Anonymous,,synthetic
"4. The Lufthansa flight was overall satisfactory. I experienced a smooth check-in process, but the in-flight entertainment could have been better.",Neutral,Unknown,General,Anonymous,,synthetic
"5. My trip with Delta Airlines was of an average standard. The flight arrived on time, but the food served was pretty generic.",Neutral,Unknown,General,Anonymous,,synthetic
6. The service offered by United Airlines was moderate. The flight was on time but the seats were not very comfortable.,Neutral,Unknown,General,Anonymous,,synthetic
7. Quantas provided a fair flight experience. The crew was polite but the legroom was somewhat limited.,Neutral,Unknown,General,Anonymous,,synthetic
"8. The Air France flight was satisfactory. The cabin was clean, but the food could have been better.",Neutral,Unknown,General,Anonymous,,synthetic
"9. The flight with Singapore Airlines was standard. The staff was professional, but the in-flight meal was not very memorable.",Neutral,Unknown,General,Anonymous,,synthetic
"10. My experience with Emirates was quite average. The flight was punctual, but the seat comfort was just okay.",Neutral,Unknown,General,Anonymous,,synthetic
"11. The flight with Cathay Pacific was satisfactory. The cabin crew was efficient, but the in-flight entertainment was limited.",Neutral,Unknown,General,Anonymous,,synthetic
"12. The Turkish Airlines flight was standard. The check-in process was smooth, but the food could have been better.",Neutral,Unknown,General,Anonymous,,synthetic
"13. The Qatar Airways flight was moderately enjoyable. The flight was on time, but the cabin was a bit crowded.",Neutral,Unknown,General,Anonymous,,synthetic
"14. The KLM flight experience was quite average. The staff was helpful, but the legroom was limited.",Neutral,Unknown,General,Anonymous,,synthetic
"15. The Southwest Airlines flight was acceptable. The flight took off and landed on time, but the food options were basic.",Neutral,Unknown,General,Anonymous,,synthetic
"16. The Ryanair flight was quite ordinary. The flight was punctual, but the baggage check-in process was lengthy.",Neutral,Unknown,General,Anonymous,,synthetic
"17. The EasyJet flight was fairly average. The cabin was clean, but the seats were not very comfortable.",Neutral,Unknown,General,Anonymous,,synthetic
"18. My experience with Alaska Airlines was quite standard. The flight was on time, however, the in-flight meal was not particularly impressive.",Neutral,Unknown,General,Anonymous,,synthetic
"19. The JetBlue flight was satisfactory. The cabin crew was polite, but the legroom was a bit limited.",Neutral,Unknown,General,Anonymous,,synthetic
20. The Air New Zealand flight was average. The flight was on time but the in-flight entertainment could have been more diverse.,Neutral,Unknown,General,Anonymous,,synthetic
"1. ""The flight with Airline X was on time and the seating was comfortable enough for the short journey.""",Neutral,Unknown,General,Anonymous,,synthetic
"2. ""Airline Y's in-flight meal was satisfactory, although not particularly memorable.""",Neutral,Unknown,General,Anonymous,,synthetic
"3. ""The staff on Airline Z's flight were efficient, ensuring a smooth boarding process.""",Neutral,Unknown,General,Anonymous,,synthetic
"4. ""The in-flight entertainment options on Airline A's long-haul flight were adequate.""",Neutral,Unknown,General,Anonymous,,synthetic
"5. ""Airline B's flight was slightly delayed but the crew kept us informed throughout.""",Neutral,Unknown,General,Anonymous,,synthetic
"6. ""The legroom on Airline C's economy class was average, not too spacious but not too tight either.""",Neutral,Unknown,General,Anonymous,,synthetic
"7. ""Airline D's check-in process was straightforward, with no significant issues.""",Neutral,Unknown,General,Anonymous,,synthetic
"8. ""The cleanliness of Airline E's aircraft was acceptable, the plane seemed well-maintained.""",Neutral,Unknown,General,Anonymous,,synthetic
"9. ""The flight with Airline F was mostly smooth, with the pilot handling turbulence well.""",Neutral,Unknown,General,Anonymous,,synthetic
"10. ""Airline G's cabin crew were polite and did their best to respond to passenger requests.""",Neutral,Unknown,General,Anonymous,,synthetic
"11. ""The in-flight meal on Airline H could have been better, but it was not the worst I've had.""",Neutral,Unknown,General,Anonymous,,synthetic
"12. ""Airline I's online booking process was easy to navigate, making booking a flight convenient.""",Neutral,Unknown,General,Anonymous,,synthetic
"13. ""The baggage handling at Airline J was fairly efficient, my luggage arrived without delay.""",Neutral,Unknown,General,Anonymous,,synthetic
"14. ""The boarding process with Airline K was smooth, although the gate was a bit far from the check-in area.""",Neutral,Unknown,General,Anonymous,,synthetic
"15. ""Airline L's in-flight service was reasonable, with the crew doing regular rounds.""",Neutral,Unknown,General,Anonymous,,synthetic
"16. ""The cabin noise on Airline M's flight was average, not too silent but not overly noisy either.""",Neutral,Unknown,General,Anonymous,,synthetic
"17. ""Airline N's seat recline was decent enough to get some rest on the long-haul flight.""",Neutral,Unknown,General,Anonymous,,synthetic
"18. ""Airline O's pricing was competitive, offering average value for the service provided.""",Neutral,Unknown,General,Anonymous,,synthetic
"19. ""The in-flight magazine provided by Airline P had a standard selection of articles and games.""",Neutral,Unknown,General,Anonymous,,synthetic
"20. ""Airline Q's luggage allowance was on par with other airlines in its category.""",Neutral,Unknown,General,Anonymous,,synthetic
"1. Overall, my flight with Airline A was satisfactory. The flight departed on time and the cabin was clean. The in-flight meal was average.",Neutral,Unknown,General,Anonymous,,synthetic
"2. Airline B offered a decent experience. The flight attendants were professional, but the legroom was slightly cramped.",Neutral,Unknown,General,Anonymous,,synthetic
3. My journey with Airline C was fine. The check-in process was smooth but the in-flight entertainment could use an update.,Neutral,Unknown,General,Anonymous,,synthetic
"4. Airline D offered a reasonable service. The flight was punctual, though the food options were a bit limited.",Neutral,Unknown,General,Anonymous,,synthetic
"5. The flight with Airline E was okay. The seating was comfortable, but the plane's temperature was a bit warm for my liking.",Neutral,Unknown,General,Anonymous,,synthetic
"6. My experience with Airline F was passable. The staff was kind, but the in-flight Wi-Fi was slow.",Neutral,Unknown,General,Anonymous,,synthetic
"7. Airline G's service was acceptable. The flight was on time, but the boarding process was a bit chaotic.",Neutral,Unknown,General,Anonymous,,synthetic
"8. The journey with Airline H was average. The legroom was decent, but the food quality could be improved.",Neutral,Unknown,General,Anonymous,,synthetic
"9. My flight with Airline I was okay. The cabin crew was attentive, however, the plane was a bit older and showed signs of wear.",Neutral,Unknown,General,Anonymous,,synthetic
"10. Airline J provided a typical experience. The flight left on time, but the luggage collection was a bit delayed.",Neutral,Unknown,General,Anonymous,,synthetic
"11. My journey with Airline K was standard. The in-flight services were good, but the cabin noise was slightly higher.",Neutral,Unknown,General,Anonymous,,synthetic
"12. Airline L's service was acceptable. The staff was courteous, but the boarding process took longer than expected.",Neutral,Unknown,General,Anonymous,,synthetic
"13. The flight with Airline M was uneventful. The check-in process was efficient, but the in-flight entertainment options were limited.",Neutral,Unknown,General,Anonymous,,synthetic
"14. My trip with Airline N was satisfactory. The seats were comfortable, but the food variety could be better.",Neutral,Unknown,General,Anonymous,,synthetic
"15. Airline O offered a standard service. The flight arrived on time, but the terminal at the destination was quite crowded.",Neutral,Unknown,General,Anonymous,,synthetic
"16. The journey with Airline P was average. The onboard amenities were decent, but the Wi-Fi connectivity was inconsistent.",Neutral,Unknown,General,Anonymous,,synthetic
"17. My experience with Airline Q was okay. The boarding was smooth, but the luggage delivery was somewhat slow.",Neutral,Unknown,General,Anonymous,,synthetic
"18. Airline R's service was moderate. The cabin was clean, but the food could be improved.",Neutral,Unknown,General,Anonymous,,synthetic
"19. The flight with Airline S was satisfactory. The flight attendants were professional, but the legroom was a bit tight.",Neutral,Unknown,General,Anonymous,,synthetic
"20. My journey with Airline T was average. The plane departed and arrived on time, but the in-flight meal was not to my taste.",Neutral,Unknown,General,Anonymous,,synthetic
"1. ""American Airlines provided a standard service; the flight was on time and the staff was professional.""",Neutral,Unknown,General,Anonymous,,synthetic
"2. ""The flight with United Airlines was decent, with a smooth check-in process and punctual departure.""",Neutral,Unknown,General,Anonymous,,synthetic
"3. ""Delta Air Lines offered a satisfactory service. The in-flight meals could have been better but overall, it was a good flight.""",Neutral,Unknown,General,Anonymous,,synthetic
"4. ""During my flight with Southwest Airlines, the legroom was sufficient and the cabin was clean.""",Neutral,Unknown,General,Anonymous,,synthetic
"5. ""JetBlue Airways offered an average level of comfort and service. The staff was courteous and the flight was on schedule.""",Neutral,Unknown,General,Anonymous,,synthetic
"6. ""The Alaska Airlines flight was okay. Nothing spectacular, but they got me to my destination safely and on time.""",Neutral,Unknown,General,Anonymous,,synthetic
"7. ""Flying with Frontier Airlines was a typical experience. The seats were somewhat cramped but the price was reasonable.""",Neutral,Unknown,General,Anonymous,,synthetic
"8. ""Air Canada provided a standard service. The flight attendants were professional and the flight was smooth.""",Neutral,Unknown,General,Anonymous,,synthetic
"9. ""Virgin Atlantic's service was average. The in-flight entertainment was good, but the food was mediocre.""",Neutral,Unknown,General,Anonymous,,synthetic
"10. ""The British Airways flight was decent. The check-in process was smooth, but the in-flight meals were average.""",Neutral,Unknown,General,Anonymous,,synthetic
"11. ""Lufthansa provided a satisfactory service. The flight was on time and the staff was professional.""",Neutral,Unknown,General,Anonymous,,synthetic
"12. ""Ryanair's service was average. The seats were not the most comfortable, but the flight was on time.""",Neutral,Unknown,General,Anonymous,,synthetic
"13. ""The service on Emirates was standard. The flight attendants were polite and the flight was smooth.""",Neutral,Unknown,General,Anonymous,,synthetic
"14. ""EasyJet provided a satisfactory service. The check-in process was efficient and the flight was punctual.""",Neutral,Unknown,General,Anonymous,,synthetic
"15. ""Qatar Airways provided a decent service. The staff was professional and the flight arrived on time.""",Neutral,Unknown,General,Anonymous,,synthetic
"16. ""Air France's service was standard. The in-flight entertainment was good, but the food was average.""",Neutral,Unknown,General,Anonymous,,synthetic
"17. ""The Spirit Airlines flight was average. The seats were cramped but the price was reasonable.""",Neutral,Unknown,General,Anonymous,,synthetic
"18. ""The service on Etihad Airways was decent. The flight attendants were polite and the flight was smooth.""",Neutral,Unknown,General,Anonymous,,synthetic
"19. ""The Aer Lingus flight was okay. The check-in process was smooth, but the in-flight meals were average.""",Neutral,Unknown,General,Anonymous,,synthetic
"20. ""The KLM flight was satisfactory. The staff was professional and the flight was on time.""",Neutral,Unknown,General,Anonymous,,synthetic
"1. ""Flight was on time, staff were polite and the food was standard airline fare. Nothing out of the ordinary.""",Neutral,Unknown,General,Anonymous,,synthetic
"2. ""The flight was pretty standard. The crew was amicable and the seats were as comfortable as can be expected.""",Neutral,Unknown,General,Anonymous,,synthetic
"3. ""The in-flight entertainment was decent, with a fair selection of movies and TV shows. The food could have been better, but it was acceptable.""",Neutral,Unknown,General,Anonymous,,synthetic
"4. ""The boarding process was smooth and the flight departed on time. The cabin was fairly clean and the staff was professional.""",Neutral,Unknown,General,Anonymous,,synthetic
"5. ""The flight was a bit delayed, but the airline informed us in advance. The staff was courteous and the in-flight services were okay.""",Neutral,Unknown,General,Anonymous,,synthetic
"6. ""The legroom was average, not too cramped but not overly spacious either. The in-flight meal was satisfactory.""",Neutral,Unknown,General,Anonymous,,synthetic
"7. ""The flight was generally comfortable, the cabin crew was attentive and the food was okay. However, the in-flight entertainment could use an upgrade.""",Neutral,Unknown,General,Anonymous,,synthetic
"8. ""The airline staff was quite professional and the flight was on time. The food was just about average.""",Neutral,Unknown,General,Anonymous,,synthetic
"9. ""The seats were reasonably comfortable for a long-haul flight and the cabin was clean. The food was standard airline fare.""",Neutral,Unknown,General,Anonymous,,synthetic
"10. ""The check-in process was efficient and the staff was helpful. The flight was on time and the in-flight service was average.""",Neutral,Unknown,General,Anonymous,,synthetic
"11. ""The flight landed on time, the cabin was clean and the staff was polite. The food was the usual airline food.""",Neutral,Unknown,General,Anonymous,,synthetic
"12. ""The seats were standard in terms of comfort. The in-flight entertainment had a decent selection of movies and shows.""",Neutral,Unknown,General,Anonymous,,synthetic
"13. ""The boarding process was well-organized and the flight left on schedule. The in-flight meal could have been a bit better.""",Neutral,Unknown,General,Anonymous,,synthetic
"14. ""The flight was slightly delayed but the airline kept us informed. The seats were comfortable enough for the short journey.""",Neutral,Unknown,General,Anonymous,,synthetic
"15. ""The flight was on time and the staff was professional. However, the legroom was a bit limited.""",Neutral,Unknown,General,Anonymous,,synthetic
"16. ""The in-flight entertainment had a good variety, the food was typical airline food and the staff was friendly.""",Neutral,Unknown,General,Anonymous,,synthetic
"17. ""The flight was slightly delayed, but the airline communicated this in advance. The in-flight service was just about average.""",Neutral,Unknown,General,Anonymous,,synthetic
"18. ""The check-in process was smooth, the flight was on time and the staff was courteous. The food was just okay.""",Neutral,Unknown,General,Anonymous,,synthetic
"19. ""The flight left and landed on time. The staff was professional and the in-flight service was acceptable.""",Neutral,Unknown,General,Anonymous,,synthetic
"20. ""The seats were standard, the food was average. The cabin crew was attentive and the flight was timely.""",Neutral,Unknown,General,Anonymous,,synthetic
1. The flight was on time and the cabin crew was well-organized. The food was fairly average for an airline meal.,Neutral,Unknown,General,Anonymous,,synthetic
"2. The service on the flight was efficient, though not particularly personal. The seats were comfortable enough for the duration of the flight.",Neutral,Unknown,General,Anonymous,,synthetic
"3. The legroom on the flight was average, and the in-flight entertainment options were standard. The crew was polite and professional.",Neutral,Unknown,General,Anonymous,,synthetic
4. Check-in process was smooth and the flight took off on time. The food served on the flight was typical airplane food.,Neutral,Unknown,General,Anonymous,,synthetic
"5. The flight was fairly comfortable, though not outstanding. The service was efficient and the staff was courteous.",Neutral,Unknown,General,Anonymous,,synthetic
6. The airline provided a standard level of service. The cleanliness of the plane was acceptable and the food was average.,Neutral,Unknown,General,Anonymous,,synthetic
"7. The flight was on time, the service was standard and the legroom was adequate. The in-flight entertainment system could use more variety.",Neutral,Unknown,General,Anonymous,,synthetic
8. The flight attendants were polite and the flight was punctual. The seat comfort was average for a long haul flight.,Neutral,Unknown,General,Anonymous,,synthetic
"9. The airline offered a typical range of services and amenities. The staff was professional, though not overly friendly.",Neutral,Unknown,General,Anonymous,,synthetic
10. The flight was comfortable with average legroom. The food was mediocre but the service was efficient.,Neutral,Unknown,General,Anonymous,,synthetic
11. The flight departed and arrived on schedule. The seats were comfortable enough and the in-flight entertainment was acceptable.,Neutral,Unknown,General,Anonymous,,synthetic
"12. The airline provided a decent service. The plane was clean and the crew was professional, but the food could have been better.",Neutral,Unknown,General,Anonymous,,synthetic
13. The flight was timely and the crew was courteous. The food and in-flight entertainment were standard.,Neutral,Unknown,General,Anonymous,,synthetic
14. The flight was on schedule with a smooth check-in process. The plane was clean and the staff was professional.,Neutral,Unknown,General,Anonymous,,synthetic
15. The flight was average in terms of comfort and service. The food was standard airline fare and the staff was courteous.,Neutral,Unknown,General,Anonymous,,synthetic
16. The flight was punctual and the cabin was clean. The food and drink options were typical of an airline service.,Neutral,Unknown,General,Anonymous,,synthetic
"17. The seats were comfortable and the flight left on time. The cabin crew was professional, but the food was just okay.",Neutral,Unknown,General,Anonymous,,synthetic
18. The airline provided a standard service with a smooth check-in process. The food was average and the staff was polite.,Neutral,Unknown,General,Anonymous,,synthetic
19. The flight was on time and the cabin crew was professional. The in-flight entertainment and food were standard.,Neutral,Unknown,General,Anonymous,,synthetic
20. The flight was average in terms of punctuality and service. The staff was courteous and the plane was clean.,Neutral,Unknown,General,Anonymous,,synthetic
"1. The flight with Air Canada was adequate. The service was standard, the food was edible, and the seats were moderately comfortable.",Neutral,Unknown,General,Anonymous,,synthetic
"2. I found the check-in process with American Airlines to be efficient and straightforward. The in-flight entertainment was decent, although the selection could be wider.",Neutral,Unknown,General,Anonymous,,synthetic
"3. My Delta Airlines flight was okay. The staff was professional, the plane was clean, and the flight was on time.",Neutral,Unknown,General,Anonymous,,synthetic
"4. I flew with Southwest Airlines and it was an ordinary experience. No notable issues, the service was as expected and the flight departed on time.",Neutral,Unknown,General,Anonymous,,synthetic
"5. My flight with United Airlines was regular. The legroom was average, the staff was polite, and the flight landed on time.",Neutral,Unknown,General,Anonymous,,synthetic
"6. My experience with Lufthansa was alright. The plane was clean, the food was okay, and the staff was professional, although not particularly warm.",Neutral,Unknown,General,Anonymous,,synthetic
"7. I flew with Emirates and it was a standard experience. The flight was on time, the service was average, and the entertainment was sufficient.",Neutral,Unknown,General,Anonymous,,synthetic
"8. My flight with British Airways was acceptable. The food was average, the staff was polite, and the check-in process was smooth.",Neutral,Unknown,General,Anonymous,,synthetic
"9. My experience with Air France was fine. The flight arrived on time, the food was edible, and the staff was professional.",Neutral,Unknown,General,Anonymous,,synthetic
"10. I flew with Qantas and it was a typical experience. The flight was on time, the service was decent, and the staff was polite.",Neutral,Unknown,General,Anonymous,,synthetic
"11. My flight with Cathay Pacific was alright. The food was average, the seats were moderately comfortable, and the service was satisfactory.",Neutral,Unknown,General,Anonymous,,synthetic
"12. The flight with Etihad Airways was adequate. The staff was polite, the plane was clean, and the service was as expected.",Neutral,Unknown,General,Anonymous,,synthetic
"13. I flew with Turkish Airlines and it was an ordinary experience. The food was okay, the flight was on time, and the staff was professional.",Neutral,Unknown,General,Anonymous,,synthetic
"14. My experience with Singapore Airlines was regular. The entertainment was decent, the seats were moderately comfortable, and the service was satisfactory.",Neutral,Unknown,General,Anonymous,,synthetic
"15. I flew with KLM and it was a standard experience. The check-in process was smooth, the food was edible, and the staff was polite.",Neutral,Unknown,General,Anonymous,,synthetic
"16. My flight with Qatar Airways was acceptable. The plane was clean, the flight was on time, and the service was as expected.",Neutral,Unknown,General,Anonymous,,synthetic
"17. My experience with Virgin Atlantic was fine. The food was average, the seats were moderately comfortable, and the staff was professional.",Neutral,Unknown,General,Anonymous,,synthetic
"18. I flew with Alaska Airlines and it was a typical experience. The flight was on time, the service was decent, and the staff was polite.",Neutral,Unknown,General,Anonymous,,synthetic
"19. My flight with Aer Lingus was alright. The check-in process was efficient, the plane was clean, and the service was satisfactory.",Neutral,Unknown,General,Anonymous,,synthetic
"20. The flight with Japan Airlines was adequate. The staff was professional, the food was okay, and the flight departed on time.",Neutral,Unknown,General,Anonymous,,synthetic
1. The flight was punctual and the staff were professional. The meals could do with a bit more variety.,Neutral,Unknown,General,Anonymous,,synthetic
2. The plane was clean and well-maintained. The legroom was a bit limited.,Neutral,Unknown,General,Anonymous,,synthetic
3. The airline offered a decent selection of in-flight entertainment. The service was standard.,Neutral,Unknown,General,Anonymous,,synthetic
4. The check-in process was smooth and efficient. The in-flight meal was average.,Neutral,Unknown,General,Anonymous,,synthetic
5. The flight was on time and the cabin crew was courteous. The food was unremarkable but satisfactory.,Neutral,Unknown,General,Anonymous,,synthetic
6. The airline's booking system was easy to navigate. The seats were a bit uncomfortable for a long flight.,Neutral,Unknown,General,Anonymous,,synthetic
7. The in-flight service was acceptable. The toilet facilities could have been cleaner.,Neutral,Unknown,General,Anonymous,,synthetic
8. The flight attendants were professional and attentive. The food was typical airline fare.,Neutral,Unknown,General,Anonymous,,synthetic
9. The boarding process was orderly and quick. The inflight entertainment was average.,Neutral,Unknown,General,Anonymous,,synthetic
10. The flight arrived on time and the luggage was promptly available. The food service was a bit slow.,Neutral,Unknown,General,Anonymous,,synthetic
11. The cabin was clean and the flight was smooth. The meal options were limited.,Neutral,Unknown,General,Anonymous,,synthetic
12. The flight crew was attentive and professional. The legroom was a bit cramped.,Neutral,Unknown,General,Anonymous,,synthetic
13. The airline's online check-in process was straightforward. The seat comfort was average.,Neutral,Unknown,General,Anonymous,,synthetic
14. The plane departed and arrived on time. The food offered was standard.,Neutral,Unknown,General,Anonymous,,synthetic
15. The flight attendants were polite and helpful. The variety in the in-flight entertainment could be improved.,Neutral,Unknown,General,Anonymous,,synthetic
16. The check-in process was efficient. The plane was a bit old but it was clean.,Neutral,Unknown,General,Anonymous,,synthetic
17. The booking process was smooth and easy. The seats were somewhat uncomfortable for a long journey.,Neutral,Unknown,General,Anonymous,,synthetic
18. The flight was on time and the baggage process was quick. The meal was average.,Neutral,Unknown,General,Anonymous,,synthetic
19. The cabin crew was professional and the flight was smooth. The in-flight entertainment was just okay.,Neutral,Unknown,General,Anonymous,,synthetic
20. The flight was punctual and the cabin was clean. The food and service were fairly standard.,Neutral,Unknown,General,Anonymous,,synthetic
"1. ""On my recent flight with Delta Airlines, the service was standard. The crew was polite and the flight departed on time.""",Neutral,Unknown,General,Anonymous,,synthetic
"2. ""I flew with British Airways from London to New York. The in-flight meal was satisfactory and the staff was attentive.""",Neutral,Unknown,General,Anonymous,,synthetic
"3. ""During my flight with United Airlines, the cabin was clean and the seats were reasonably comfortable. However, the in-flight entertainment could use an update.""",Neutral,Unknown,General,Anonymous,,synthetic
"4. ""My flight with American Airlines was generally acceptable. The boarding process was smooth, but the legroom was a bit tight.""",Neutral,Unknown,General,Anonymous,,synthetic
"5. ""I recently flew with Air Canada. The flight was on time and the cabin crew was professional, but the food was just average.""",Neutral,Unknown,General,Anonymous,,synthetic
"6. ""On my Lufthansa flight, the cabin was a bit chilly but the blankets provided were warm and cozy. The service was prompt and the flight was smooth.""",Neutral,Unknown,General,Anonymous,,synthetic
"7. ""My flight with Air France was mostly pleasant. The seats were a bit cramped, but the flight left and arrived on schedule.""",Neutral,Unknown,General,Anonymous,,synthetic
"8. ""I flew with Southwest Airlines recently. The crew was friendly, the flight was on time, but the luggage handling could be improved.""",Neutral,Unknown,General,Anonymous,,synthetic
"9. ""On my flight with JetBlue, the cabin was clean and the flight was punctual. The snacks served were decent.""",Neutral,Unknown,General,Anonymous,,synthetic
"10. ""I flew with Emirates from Dubai to London. The in-flight entertainment was good, but the food quality was average.""",Neutral,Unknown,General,Anonymous,,synthetic
"11. ""During my flight with Qatar Airways, the cabin was comfortable and the crew was courteous. However, the meal served was just okay.""",Neutral,Unknown,General,Anonymous,,synthetic
"12. ""My recent flight with Etihad Airways was satisfactory. The boarding was efficient, the flight was on time, but the in-flight meals could have been better.""",Neutral,Unknown,General,Anonymous,,synthetic
"13. ""On my KLM flight, the cabin crew was professional and the plane landed on time. The legroom was a bit tight though.""",Neutral,Unknown,General,Anonymous,,synthetic
"14. ""I recently flew with Singapore Airlines. The flight was smooth, the cabin was clean, but the in-flight entertainment system had some issues.""",Neutral,Unknown,General,Anonymous,,synthetic
"15. ""During my flight with Cathay Pacific, the service was standard and the flight was punctual. The food served was just average.""",Neutral,Unknown,General,Anonymous,,synthetic
"16. ""My flight with Turkish Airlines was mostly pleasant. The seats were comfortable, but the in-flight entertainment selection could be improved.""",Neutral,Unknown,General,Anonymous,,synthetic
"17. ""I flew with Virgin Atlantic recently. The flight was on time and the crew was friendly, but the meals served were just satisfactory.""",Neutral,Unknown,General,Anonymous,,synthetic
"18. ""On my flight with Qantas, the cabin was clean and the crew was courteous. However, the boarding process took a bit longer than expected.""",Neutral,Unknown,General,Anonymous,,synthetic
"19. ""During my flight with Air New Zealand, the cabin crew was professional and the seats were comfortable. However, the in-flight meal could have been better.""",Neutral,Unknown,General,Anonymous,,synthetic
"20. ""My recent flight with Ryanair was decent. The boarding process was smooth, the flight was on time, but the legroom was a bit tight.""",Neutral,Unknown,General,Anonymous,,synthetic
"1. ""Airline X maintains punctuality with flights and the staff are quite courteous. However, the in-flight food could use some improvement.""",Neutral,Unknown,General,Anonymous,,synthetic
"2. ""Flew with Airline Y recently. The journey was smooth, but the legroom was a bit cramped.""",Neutral,Unknown,General,Anonymous,,synthetic
"3. ""Airline Z offered a fair price for an intercontinental flight. The in-flight entertainment was okay, not too many new movies.""",Neutral,Unknown,General,Anonymous,,synthetic
"4. ""Airline A's check-in process was smooth and efficient. The seats were average in terms of comfort.""",Neutral,Unknown,General,Anonymous,,synthetic
"5. ""Airline B's staff were professional and friendly. The flight left and arrived on time, but the food was just average.""",Neutral,Unknown,General,Anonymous,,synthetic
"6. ""Airline C's ticketing process was straightforward and easy. The flight was uneventful and the cabin was clean.""",Neutral,Unknown,General,Anonymous,,synthetic
"7. ""Our flight with Airline D was fine. The plane was a bit old but the service was good.""",Neutral,Unknown,General,Anonymous,,synthetic
"8. ""The food on Airline E was good, but the in-flight entertainment could do with a few more options. Flight was on time.""",Neutral,Unknown,General,Anonymous,,synthetic
"9. ""Airline F's staff were polite and helpful. The legroom was a bit tight but the flight was on time.""",Neutral,Unknown,General,Anonymous,,synthetic
"10. ""Flew with Airline G. The plane was clean and the flight was smooth, but the food was not up to the mark.""",Neutral,Unknown,General,Anonymous,,synthetic
"11. ""Airline H's flight was punctual and the staff were attentive. However, the Wi-Fi service was not very reliable.""",Neutral,Unknown,General,Anonymous,,synthetic
"12. ""The seats on Airline I were comfortable enough for a long flight. The food was average, but the flight arrived on time.""",Neutral,Unknown,General,Anonymous,,synthetic
"13. ""Airline J's flight was smooth and the staff were professional. However, the in-flight entertainment could be improved.""",Neutral,Unknown,General,Anonymous,,synthetic
"14. ""Airline K's cabin crew were helpful, the flight was on time. The food could use some improvement.""",Neutral,Unknown,General,Anonymous,,synthetic
"15. ""The boarding process with Airline L was smooth and efficient. However, the legroom was a bit tight for a long flight.""",Neutral,Unknown,General,Anonymous,,synthetic
"16. ""Airline M provided a decent flight experience. The food was average, but the cabin crew was friendly.""",Neutral,Unknown,General,Anonymous,,synthetic
"17. ""Airline N's flight was average. The check-in process was smooth, but the in-flight entertainment was lacking.""",Neutral,Unknown,General,Anonymous,,synthetic
"18. ""The flight with Airline O was on time and the cabin was clean. However, the food was just okay.""",Neutral,Unknown,General,Anonymous,,synthetic
"19. ""Airline P offered a comfortable flight. The staff were professional, but the in-flight food was mediocre.""",Neutral,Unknown,General,Anonymous,,synthetic
"20. ""Airline Q's flight was punctual and the staff were friendly. However, the legroom was a bit limited.""",Neutral,Unknown,General,Anonymous,,synthetic
1. The seats on FlyBlue Airlines were reasonably comfortable. The in-flight meal was average and the staff was professional.,Neutral,Unknown,General,Anonymous,,synthetic
"2. Skyline Airlines offers a smooth check-in process and on-time departures. However, the in-flight entertainment could use an upgrade.",Neutral,Unknown,General,Anonymous,,synthetic
3. The flight with AeroJet was generally pleasant with ample legroom in economy class. The food was typical airline fare.,Neutral,Unknown,General,Anonymous,,synthetic
"4. JetWings offered a decent flight experience. The airplane was clean and the staff was courteous, but the Wi-Fi connectivity was intermittent.",Neutral,Unknown,General,Anonymous,,synthetic
"5. On my trip with AirGlobal, the cabin crew was efficient and the flight landed on time. The in-flight meal was satisfactory.",Neutral,Unknown,General,Anonymous,,synthetic
"6. The flight with AirSense was average. The seats were a bit cramped, but the services were timely and professional.",Neutral,Unknown,General,Anonymous,,synthetic
7. I found the check-in process with SunCloud Airlines to be straightforward. The flight itself was comfortable and arrived on time.,Neutral,Unknown,General,Anonymous,,synthetic
"8. The flight with AeroSky was decent. The cabin was clean, the staff was polite, but the in-flight entertainment options were limited.",Neutral,Unknown,General,Anonymous,,synthetic
"9. AirPioneer provided a satisfactory flight experience. The plane was a bit old, yet maintained well and the staff was helpful.",Neutral,Unknown,General,Anonymous,,synthetic
"10. The flight with AeroSwift was generally good. The legroom in economy was adequate, although the food could have been better.",Neutral,Unknown,General,Anonymous,,synthetic
11. The service on my CityJet flight was professional and efficient. The seats were moderately comfortable and the flight was punctual.,Neutral,Unknown,General,Anonymous,,synthetic
"12. The in-flight service on my SkyFlyer flight was average. The cabin was clean and the flight landed on time, but the food was unremarkable.",Neutral,Unknown,General,Anonymous,,synthetic
"13. My experience with PacificAir was satisfactory. The seats were a bit tight, but the flight was smooth and the crew was professional.",Neutral,Unknown,General,Anonymous,,synthetic
"14. My flight with SkyLeap was okay. The check-in process was smooth, yet the in-flight entertainment could use some improvement.",Neutral,Unknown,General,Anonymous,,synthetic
"15. AirPath provided an average flight experience. The cabin was clean, the staff was polite, and the flight departed and arrived on time.",Neutral,Unknown,General,Anonymous,,synthetic
"16. The flight with AeroBreeze was fine. The food was standard airline fare, the cabin was clean, and the crew was professional.",Neutral,Unknown,General,Anonymous,,synthetic
"17. My flight with SkyTrail was generally good. The legroom was adequate, but the Wi-Fi connectivity was inconsistent.",Neutral,Unknown,General,Anonymous,,synthetic
"18. My journey with AeroFleet was satisfactory. Although the seats were a bit cramped, the crew was friendly and the flight arrived on time.",Neutral,Unknown,General,Anonymous,,synthetic
"19. The service on my flight with GlobalSky was average. The check-in process was smooth and the flight departed on time, but the food was just okay.",Neutral,Unknown,General,Anonymous,,synthetic
"20. My flight with SkyQuest was average. The plane was clean, the staff was polite, but the in-flight entertainment options were limited.",Neutral,Unknown,General,Anonymous,,synthetic
"1. The in-flight service on Airline X was satisfactory, with the staff meeting basic customer service expectations. The food was typical of airline cuisine.",Neutral,Unknown,General,Anonymous,,synthetic
"2. Airline Y provided on-time departure and arrival, which is appreciated. The legroom was average, perhaps a bit tight for taller individuals.",Neutral,Unknown,General,Anonymous,,synthetic
"3. The flight with Airline Z was overall okay. The in-flight entertainment options were a bit limited, but functional.",Neutral,Unknown,General,Anonymous,,synthetic
"4. Airline A's check-in process was straightforward, but there was a noticeable wait time. The cabin crew was polite and professional.",Neutral,Unknown,General,Anonymous,,synthetic
"5. The flight with Airline B was comfortable. The food and drink options were standard, nothing extraordinary, but not bad either.",Neutral,Unknown,General,Anonymous,,synthetic
6. Airline C's online booking process was easy to navigate. The in-flight experience was typical with modest cabin comfort.,Neutral,Unknown,General,Anonymous,,synthetic
"7. On my flight with Airline D, the onboard restrooms remained clean and well-maintained. The seating arrangement was a bit cramped, though.",Neutral,Unknown,General,Anonymous,,synthetic
"8. Airline E's service was fairly standard, with a measured response to passenger needs. The in-flight meals could benefit from more variety.",Neutral,Unknown,General,Anonymous,,synthetic
9. My journey with Airline F was uneventful. The cabin crew was attentive and the flight departed and arrived on schedule.,Neutral,Unknown,General,Anonymous,,synthetic
"10. Airline G's flight was relatively smooth. The in-flight entertainment had a good mix of movies and games, but lacked newer releases.",Neutral,Unknown,General,Anonymous,,synthetic
11. Airline H offered a simple and efficient check-in process. The seats were fairly comfortable for a short-haul flight.,Neutral,Unknown,General,Anonymous,,synthetic
"12. The flight attendants on Airline I were courteous, but seemed a bit rushed. The food served was not exceptional, but it was edible.",Neutral,Unknown,General,Anonymous,,synthetic
"13. Airline J's flight was on time and the boarding process was straightforward. The seats were standard, offering an average amount of legroom.",Neutral,Unknown,General,Anonymous,,synthetic
"14. Airline K offered a good range of flight times. The inflight meals were standard, with a limited choice for dietary requirements.",Neutral,Unknown,General,Anonymous,,synthetic
"15. Airline L had a smooth flight, with the pilot keeping us informed about the weather conditions. The in-flight entertainment options were a bit outdated.",Neutral,Unknown,General,Anonymous,,synthetic
"16. My flight with Airline M was uneventful. The in-flight service was okay, with the cabin crew fulfilling their duties efficiently.",Neutral,Unknown,General,Anonymous,,synthetic
"17. Airline N's baggage handling was efficient, but the waiting time at the baggage claim was a bit long. The flight itself was smooth.",Neutral,Unknown,General,Anonymous,,synthetic
"18. The cabin crew on Airline O's flight were professional and polite. The in-flight snacks were the standard fare, nothing special.",Neutral,Unknown,General,Anonymous,,synthetic
"19. Airline P's flight departed and arrived on time. The legroom was a bit tight, but the seats were clean and comfortable.",Neutral,Unknown,General,Anonymous,,synthetic
"20. Airline Q's ticketing and check-in process was straightforward. The in-flight meal was average, with a few options to choose from.",Neutral,Unknown,General,Anonymous,,synthetic
"1. The flight with Air Freedom was punctual, maintaining their good track of on-time departures. However, the in-flight meal options could use some improvements.",Neutral,Unknown,General,Anonymous,,synthetic
"2. JetBlue provided an average flight experience, with decent legroom but rather limited entertainment options. The staff was professional and polite.",Neutral,Unknown,General,Anonymous,,synthetic
"3. Delta Air Lines offered comfortable seating and a smooth flight. The in-flight food was just satisfactory, not out of the ordinary.",Neutral,Unknown,General,Anonymous,,synthetic
"4. The flight with United Airlines was timely and efficient. The cabin was clean, but the customer service could be more responsive.",Neutral,Unknown,General,Anonymous,,synthetic
"5. American Airlines ensured a safe flight and the cabin crew was quite courteous. However, the legroom was a bit constrained.",Neutral,Unknown,General,Anonymous,,synthetic
"6. Air Canada had a good selection of in-flight movies. The snack options were limited, but the staff was helpful overall.",Neutral,Unknown,General,Anonymous,,synthetic
7. My flight with British Airways was characterized by punctuality and cleanliness. The food and beverage options were quite standard.,Neutral,Unknown,General,Anonymous,,synthetic
8. Emirates provided a smooth and comfortable journey. The in-flight entertainment was adequate but the food could use more variety.,Neutral,Unknown,General,Anonymous,,synthetic
"9. Virgin Atlantic had a user-friendly check-in process, but the in-flight service was just average. More food options would have been appreciated.",Neutral,Unknown,General,Anonymous,,synthetic
"10. Air France ensured a smooth boarding process and timely departure. The in-flight meals were adequate, but the seat comfort was average.",Neutral,Unknown,General,Anonymous,,synthetic
"11. Lufthansa provided a decent flight experience with on-time departure and arrival. The legroom was a bit tight, but the crew was friendly.",Neutral,Unknown,General,Anonymous,,synthetic
"12. The flight with Southwest Airlines was smooth and punctual. However, the in-flight entertainment options were quite limited.",Neutral,Unknown,General,Anonymous,,synthetic
"13. Etihad Airways offered a comfortable seating and a good range of in-flight entertainment. The food was not exceptional, but satisfactory.",Neutral,Unknown,General,Anonymous,,synthetic
"14. Ryanair provided an efficient service with timely departure and arrival. The seating was a bit cramped, but the value for money was good.",Neutral,Unknown,General,Anonymous,,synthetic
"15. Qantas ensured a comfortable journey with decent legroom. The food was a bit bland, but the flight was punctual.",Neutral,Unknown,General,Anonymous,,synthetic
"16. Turkish Airlines offered a pleasant flight experience with a clean cabin. The in-flight meals were just average, but the staff was courteous.",Neutral,Unknown,General,Anonymous,,synthetic
"17. Singapore Airlines provided an average flight experience with good punctuality. The in-flight entertainment was satisfactory, but the food could be better.",Neutral,Unknown,General,Anonymous,,synthetic
"18. Cathay Pacific had a smooth and efficient check-in process. The in-flight service was decent, but the food was just average.",Neutral,Unknown,General,Anonymous,,synthetic
"19. The flight with Aer Lingus was comfortable and the cabin crew was polite. However, the food and entertainment options could use some improvement.",Neutral,Unknown,General,Anonymous,,synthetic
20. KLM Royal Dutch Airlines provided a smooth flight experience. The legroom was adequate but the in-flight food could use more variety.,Neutral,Unknown,General,Anonymous,,synthetic
1. The flight with Airline X was punctual and the staff was professional. The food could use some improvements.,Neutral,Unknown,General,Anonymous,,synthetic
2. I traveled with Airline Y recently. The seats were reasonably comfortable and the in-flight entertainment was satisfactory.,Neutral,Unknown,General,Anonymous,,synthetic
3. My journey with Airline Z was smooth. The cabin was clean and the crew was generally attentive.,Neutral,Unknown,General,Anonymous,,synthetic
4. Airline X's flight was on time. The meal service was quite basic but the flight attendants were courteous.,Neutral,Unknown,General,Anonymous,,synthetic
5. I found Airline Y's booking process straightforward. The legroom on the plane was just adequate.,Neutral,Unknown,General,Anonymous,,synthetic
"6. My flight with Airline Z was decent. The check-in process was efficient, and the flight itself was uneventful.",Neutral,Unknown,General,Anonymous,,synthetic
"7. Airline X provided a standard service. The flight was on schedule, but the in-flight food could be better.",Neutral,Unknown,General,Anonymous,,synthetic
"8. The flight from Airline Y was satisfactory. The seats were average in comfort, but the crew was quite responsive.",Neutral,Unknown,General,Anonymous,,synthetic
9. I had a usual experience with Airline Z. The flight was punctual and the boarding process was quick.,Neutral,Unknown,General,Anonymous,,synthetic
10. Airline X provided an expected service. The plane was clean and the crew's service was professional.,Neutral,Unknown,General,Anonymous,,synthetic
"11. My flight with Airline Y was average. The take-off and landing were smooth, but the food was just okay.",Neutral,Unknown,General,Anonymous,,synthetic
"12. Airline Z's flight was standard. The cabin crew was attentive, but the in-flight entertainment could be improved.",Neutral,Unknown,General,Anonymous,,synthetic
"13. I found the service on Airline X to be as expected. The check-in process was efficient, but the seat comfort could be better.",Neutral,Unknown,General,Anonymous,,synthetic
"14. The flight with Airline Y was satisfactory. The cabin crew was friendly, but the food served was quite average.",Neutral,Unknown,General,Anonymous,,synthetic
"15. Airline Z provided a typical flight experience. The plane departed and arrived on time, but the legroom was a bit cramped.",Neutral,Unknown,General,Anonymous,,synthetic
16. My experience with Airline X was ordinary. The flight was on schedule and the in-flight meal was of standard quality.,Neutral,Unknown,General,Anonymous,,synthetic
"17. The service on Airline Y's flight was as expected. The boarding process was quick, but the seat comfort was just okay.",Neutral,Unknown,General,Anonymous,,synthetic
"18. Airline Z's flight was average. The crew was professional and the flight was punctual, but the in-flight entertainment was limited.",Neutral,Unknown,General,Anonymous,,synthetic
"19. The flight with Airline X was standard. The check-in process was efficient, but the in-flight meal was basic.",Neutral,Unknown,General,Anonymous,,synthetic
"20. My flight with Airline Y was satisfactory. The plane was clean and the flight was on schedule, but the food could be better.",Neutral,Unknown,General,Anonymous,,synthetic
"1. ""Had a decent experience with Air Canada. Flights were on time and the in-flight entertainment was satisfactory.""",Neutral,Unknown,General,Anonymous,,synthetic
"2. ""Flew with American Airlines recently. The cabin was clean, staff was mostly courteous, and the food was average.""",Neutral,Unknown,General,Anonymous,,synthetic
"3. ""Delta Airlines offered a smooth check-in process. The flight was comfortable, but the food lacked variety.""",Neutral,Unknown,General,Anonymous,,synthetic
"4. ""Travelled with Emirates. The service was professional, yet the in-flight Wi-Fi connection was intermittent.""",Neutral,Unknown,General,Anonymous,,synthetic
"5. ""Lufthansa's flight was on time and the legroom was adequate. The meal could use some improvement.""",Neutral,Unknown,General,Anonymous,,synthetic
"6. ""Qatar Airways provided a comfortable flight. The cabin crew was professional, but the airport staff seemed a bit rushed.""",Neutral,Unknown,General,Anonymous,,synthetic
"7. ""Flew with British Airways. The seats were comfortable enough for a long flight and the food was acceptable.""",Neutral,Unknown,General,Anonymous,,synthetic
"8. ""Had an average experience with United Airlines. The in-flight entertainment could use an update but the service was efficient.""",Neutral,Unknown,General,Anonymous,,synthetic
"9. ""Virgin Atlantic's check-in process was smooth but the baggage claim took longer than expected. The flight itself was fine.""",Neutral,Unknown,General,Anonymous,,synthetic
"10. ""Flew with Southwest Airlines. The boarding process was orderly and the cabin was clean, yet the snack options were limited.""",Neutral,Unknown,General,Anonymous,,synthetic
"11. ""Air France provided an on-time departure and arrival. The food was standard airline fare, nothing extraordinary.""",Neutral,Unknown,General,Anonymous,,synthetic
"12. ""Had an average experience with Etihad Airways. The legroom was decent but the in-flight entertainment was lacking in options.""",Neutral,Unknown,General,Anonymous,,synthetic
"13. ""The flight with Turkish Airlines was comfortable. The food was acceptable, but the check-in process took a bit longer.""",Neutral,Unknown,General,Anonymous,,synthetic
"14. ""Travelled with Ryanair. The flight was punctual and the cabin crew was professional, yet the seating was quite cramped.""",Neutral,Unknown,General,Anonymous,,synthetic
"15. ""EasyJet provided a smooth boarding process. The flight was on time but the food options were limited.""",Neutral,Unknown,General,Anonymous,,synthetic
"16. ""Flew with KLM. The service was professional, yet the in-flight entertainment could use an upgrade.""",Neutral,Unknown,General,Anonymous,,synthetic
"17. ""Singapore Airlines offered a clean cabin and courteous staff. However, the Wi-Fi connection was not stable.""",Neutral,Unknown,General,Anonymous,,synthetic
"18. ""Had a typical flight with Norwegian. The aircraft was clean, but the food was just standard airline meal.""",Neutral,Unknown,General,Anonymous,,synthetic
"19. ""Alaska Airlines offered a decent service. The flight was on time but the legroom could be better.""",Neutral,Unknown,General,Anonymous,,synthetic
"20. ""Cathay Pacific's flight was comfortable. The check-in process was efficient, yet the in-flight meals were average.""",Neutral,Unknown,General,Anonymous,,synthetic
1. The staff on Airline A were generally polite and accommodating. The in-flight meals were quite satisfactory.,Neutral,Unknown,General,Anonymous,,synthetic
"2. Airline B offered a comfortable seating arrangement. However, the temperature onboard was a little colder than I would have preferred.",Neutral,Unknown,General,Anonymous,,synthetic
3. My flight with Airline C arrived on time and the check-in process was relatively smooth. The legroom in economy class was a bit tight though.,Neutral,Unknown,General,Anonymous,,synthetic
4. The in-flight entertainment on Airline D was average. It had enough options to pass the time during the flight.,Neutral,Unknown,General,Anonymous,,synthetic
"5. On my flight with Airline E, the food was edible and arrived on time. The crew were professional, although not overly friendly.",Neutral,Unknown,General,Anonymous,,synthetic
6. My experience with Airline F was typical — the seats were a bit cramped but the flight was punctual.,Neutral,Unknown,General,Anonymous,,synthetic
7. The flight attendants on Airline G were efficient and performed their duties well. The food was not exceptional but acceptable.,Neutral,Unknown,General,Anonymous,,synthetic
8. Airline H's plane was clean and well-maintained. The in-flight entertainment was sufficient but could use an update.,Neutral,Unknown,General,Anonymous,,synthetic
9. My flight with Airline I had decent legroom and the flight departed on schedule. The inflight meal was a bit bland.,Neutral,Unknown,General,Anonymous,,synthetic
10. Airline J had an efficient boarding process and the flight arrived on time. The food and beverage service was just average.,Neutral,Unknown,General,Anonymous,,synthetic
11. The check-in process at Airline K was smooth and hassle-free. The seat was comfortable enough for a short flight.,Neutral,Unknown,General,Anonymous,,synthetic
"12. The in-flight service on Airline L was efficient. The food, however, could have had more taste.",Neutral,Unknown,General,Anonymous,,synthetic
"13. Airline M provided an uneventful flight experience. The seats were a bit hard, but the overall cleanliness was commendable.",Neutral,Unknown,General,Anonymous,,synthetic
"14. The crew on Airline N was professional and punctual. The food service was acceptable, but the options were limited.",Neutral,Unknown,General,Anonymous,,synthetic
15. My flight with Airline O was on time and the check-in process was seamless. The in-flight entertainment was average with limited options.,Neutral,Unknown,General,Anonymous,,synthetic
"16. The boarding process with Airline P was smooth. The in-flight entertainment needed a few more movie options, but the music selection was good.",Neutral,Unknown,General,Anonymous,,synthetic
"17. Airline Q's staff were professional and polite. The food was average, but the flight was comfortable.",Neutral,Unknown,General,Anonymous,,synthetic
18. My flight with Airline R was comfortable enough. The food was typical airplane fare but the flight staff was attentive.,Neutral,Unknown,General,Anonymous,,synthetic
"19. Airline S had a timely departure and arrival. The seat recline was a bit less than I expected, but the legroom was acceptable.",Neutral,Unknown,General,Anonymous,,synthetic
"20. The crew on Airline T was efficient and courteous. The food was standard airline food, nothing remarkable but not bad either.",Neutral,Unknown,General,Anonymous,,synthetic
1. The flight with Airline X was decent. The seats were comfortable enough for a short journey and the in-flight meal was satisfactory.,Neutral,Unknown,General,Anonymous,,synthetic
"2. Airline Y's service was as expected. The check-in process was smooth, and the flight left on time.",Neutral,Unknown,General,Anonymous,,synthetic
3. Had an adequate experience with Airline Z. The staff was professional but could have been a bit more friendly.,Neutral,Unknown,General,Anonymous,,synthetic
"4. Airline A's flight was okay. The legroom was average, and the onboard entertainment was limited.",Neutral,Unknown,General,Anonymous,,synthetic
"5. The food on Airline B was passable. The flight was on time, which was appreciated.",Neutral,Unknown,General,Anonymous,,synthetic
6. Airline C had a typical flight experience. The staff was polite and the plane was clean.,Neutral,Unknown,General,Anonymous,,synthetic
"7. The flight on Airline D was standard. The seats were not very spacious, but the plane seemed well-maintained.",Neutral,Unknown,General,Anonymous,,synthetic
"8. Airline E's service was alright. The check-in process was efficient, but the in-flight meal could have been better.",Neutral,Unknown,General,Anonymous,,synthetic
9. Overall satisfactory experience with Airline F. The staff was professional and the flight was on time.,Neutral,Unknown,General,Anonymous,,synthetic
10. The flight with Airline G was uneventful. The legroom was average and the food was typical airline fare.,Neutral,Unknown,General,Anonymous,,synthetic
"11. Airline H had a regular flight. The check-in was smooth and the plane was clean, but the in-flight entertainment was limited.",Neutral,Unknown,General,Anonymous,,synthetic
12. Airline I provided an acceptable service. The in-flight meal was average and the flight departed on time.,Neutral,Unknown,General,Anonymous,,synthetic
13. The experience with Airline J was okay. The staff was courteous but the seats were a bit cramped.,Neutral,Unknown,General,Anonymous,,synthetic
"14. The flight with Airline K was nothing out of the ordinary. The plane was clean, however, the in-flight entertainment was somewhat lacking.",Neutral,Unknown,General,Anonymous,,synthetic
"15. Airline L delivered an adequate service. The staff was professional, but the food could be improved.",Neutral,Unknown,General,Anonymous,,synthetic
"16. The service on Airline M was alright. The check-in process was efficient, and the staff was polite.",Neutral,Unknown,General,Anonymous,,synthetic
"17. Had a reasonable experience with Airline N. The plane was well-maintained, but the legroom was quite limited.",Neutral,Unknown,General,Anonymous,,synthetic
18. Airline O's flight was average. The in-flight meal was passable and the flight was on time.,Neutral,Unknown,General,Anonymous,,synthetic
19. The flight with Airline P was standard. The seats were comfortable enough and the staff was professional.,Neutral,Unknown,General,Anonymous,,synthetic
"20. Airline Q provided a satisfactory service. The check-in process was quick, and the plane was clean, however, the food was average.",Neutral,Unknown,General,Anonymous,,synthetic
1. The flight with Air Express was punctual and the cabin was clean. The food service left room for improvement.,Neutral,Unknown,General,Anonymous,,synthetic
"2. I flew with Skyline Airlines and the staff were polite. The legroom was a bit tight, but overall a typical flight.",Neutral,Unknown,General,Anonymous,,synthetic
"3. On my recent trip with Globe Air, the in-flight entertainment was average. The flight was smooth and on-time.",Neutral,Unknown,General,Anonymous,,synthetic
"4. While the seats on my Coastal Airways flight were not the most comfortable, the service was efficient and the flight arrived as scheduled.",Neutral,Unknown,General,Anonymous,,synthetic
5. I found the check-in process with JetStream Airlines to be efficient. The in-flight meal was mediocre.,Neutral,Unknown,General,Anonymous,,synthetic
"6. My recent flight with Horizon Air was generally comfortable. However, the lack of free in-flight WiFi was a bit disappointing.",Neutral,Unknown,General,Anonymous,,synthetic
7. The staff on my AeroFly flight were professional and courteous. The food was standard airline fare.,Neutral,Unknown,General,Anonymous,,synthetic
"8. I flew with SkyHigh airlines recently. The flight was on time, but the seats were a bit cramped.",Neutral,Unknown,General,Anonymous,,synthetic
"9. My flight with AeroLink was average. The cabin was clean, but the in-flight entertainment options were limited.",Neutral,Unknown,General,Anonymous,,synthetic
"10. On my recent flight with JetPath, the boarding process was smooth. The in-flight meal was just average.",Neutral,Unknown,General,Anonymous,,synthetic
"11. My experience with Pacific Air was typical. The flight was on time, but the legroom was slightly insufficient.",Neutral,Unknown,General,Anonymous,,synthetic
"12. The flight attendants on my SkyGate flight were professional. The food was edible, but nothing special.",Neutral,Unknown,General,Anonymous,,synthetic
"13. I found the check-in process at AirPath to be average. The flight was on time, but the seats could use more padding.",Neutral,Unknown,General,Anonymous,,synthetic
"14. The service on my flight with Global Wings was satisfactory. The meal was okay, but the cabin temperature was a bit too cold.",Neutral,Unknown,General,Anonymous,,synthetic
15. My flight with CloudNine was average. The flight was smooth but the food was just usual airline food.,Neutral,Unknown,General,Anonymous,,synthetic
"16. The boarding process for my AeroScape flight was a bit slow, but the cabin was clean and the flight itself was on time.",Neutral,Unknown,General,Anonymous,,synthetic
"17. During my flight with SkyPulse, the staff were polite. The in-flight entertainment could use an update though.",Neutral,Unknown,General,Anonymous,,synthetic
"18. My flight with JetZoom was average. The cabin was clean, but the in-flight meal was pretty standard.",Neutral,Unknown,General,Anonymous,,synthetic
"19. On my recent flight with AirJet, the boarding was efficient. The legroom was limited but the service was fine.",Neutral,Unknown,General,Anonymous,,synthetic
"20. My experience with SkyBridge Air was typical. The flight was on time and the cabin was clean, but the in-flight meal could have been better.",Neutral,Unknown,General,Anonymous,,synthetic
"1. Airline X provided an efficient service. Check-in and boarding were timely, and the flight was pretty smooth.",Neutral,Unknown,General,Anonymous,,synthetic
"2. The flight with Airline Y was decent, cabin was clean, and the food was satisfactory.",Neutral,Unknown,General,Anonymous,,synthetic
3. Staff on Airline Z flight was polite and professional. The in-flight entertainment could be improved.,Neutral,Unknown,General,Anonymous,,synthetic
"4. Airline A's flight was on time and the luggage arrived quickly after landing, which was appreciated.",Neutral,Unknown,General,Anonymous,,synthetic
5. Airline B's seats were comfortable enough for a short-haul flight. The snack selection was limited but acceptable.,Neutral,Unknown,General,Anonymous,,synthetic
"6. Airline C's service was consistent with previous experiences. The staff was attentive, though the legroom was a bit restricted.",Neutral,Unknown,General,Anonymous,,synthetic
"7. Airline D's in-flight meal was average, while the cabin crew was helpful and prompt.",Neutral,Unknown,General,Anonymous,,synthetic
"8. Airline E ensured a smooth boarding process. The flight was punctual, but the in-flight entertainment was lacking.",Neutral,Unknown,General,Anonymous,,synthetic
9. Airline F's flight was comfortable and the cabin crew was courteous. The food variety could have been better.,Neutral,Unknown,General,Anonymous,,synthetic
"10. The flight with Airline G was uneventful. The service was efficient, and the cabin was tidy.",Neutral,Unknown,General,Anonymous,,synthetic
"11. Airline H provided a reasonably comfortable flight. The check-in process was straightforward, though the in-flight meal was just okay.",Neutral,Unknown,General,Anonymous,,synthetic
12. The flight with Airline I was average. The seats were comfortable but the meal options were limited.,Neutral,Unknown,General,Anonymous,,synthetic
"13. Airline J's flight was quite reliable. The crew was friendly, the flight on time, but the space between seats was a bit tight.",Neutral,Unknown,General,Anonymous,,synthetic
14. Airline K's service was satisfactory. The boarding process was smooth and the flight landed on time.,Neutral,Unknown,General,Anonymous,,synthetic
15. The flight with Airline L was satisfactory. The cabin was clean and the flight attendants were professional.,Neutral,Unknown,General,Anonymous,,synthetic
16. Airline M offered a smooth flight with a standard level of comfort. The in-flight meal could be improved.,Neutral,Unknown,General,Anonymous,,synthetic
"17. The flight with Airline N was hassle-free. The cabin crew was friendly, but the legroom was quite limited.",Neutral,Unknown,General,Anonymous,,synthetic
"18. Airline O's flight was just okay. The boarding process was efficient, but the in-flight entertainment options were limited.",Neutral,Unknown,General,Anonymous,,synthetic
"19. The flight with Airline P was average. The cabin crew was polite, and the check-in process was quick.",Neutral,Unknown,General,Anonymous,,synthetic
"20. Airline Q's flight was satisfactory. The seats were comfortable enough, but the meal options were unimpressive.",Neutral,Unknown,General,Anonymous,,synthetic
"1. ""Airline X provided a satisfactory flight experience. The seats were adequately comfortable and the meals were acceptable.""",Neutral,Unknown,General,Anonymous,,synthetic
"2. ""I found the in-flight entertainment options on Airline Y to be average. There was a decent selection of movies, but nothing out of the ordinary.""",Neutral,Unknown,General,Anonymous,,synthetic
"3. ""Airline Z's check-in process was efficient and straightforward. No issues to report.""",Neutral,Unknown,General,Anonymous,,synthetic
"4. ""The cabin crew on my Airline A flight were polite and professional, providing standard service.""",Neutral,Unknown,General,Anonymous,,synthetic
"5. ""Flight with Airline B was punctual. The boarding process and departure were well-organized.""",Neutral,Unknown,General,Anonymous,,synthetic
"6. ""Airline C's economy class offers reasonable legroom and seat comfort. Nothing exceptional, but comfortable enough for short trips.""",Neutral,Unknown,General,Anonymous,,synthetic
"7. ""The food on Airline D was quite average. It wasn't outstanding, but it was edible and filled the gap.""",Neutral,Unknown,General,Anonymous,,synthetic
"8. ""Airline E's baggage handling was efficient. My luggage arrived at the destination safely and on time.""",Neutral,Unknown,General,Anonymous,,synthetic
"9. ""The cleanliness of Airline F's planes was satisfactory. The cabin was neat and the restrooms were cleaned periodically.""",Neutral,Unknown,General,Anonymous,,synthetic
"10. ""Airline G's inflight Wi-Fi worked adequately. It wasn't lightning-speed but sufficient for basic internet browsing.""",Neutral,Unknown,General,Anonymous,,synthetic
"11. ""The ground staff of Airline H was competent. They handled the boarding process in a routine manner.""",Neutral,Unknown,General,Anonymous,,synthetic
"12. ""Airline I's flight was fairly smooth. The pilot managed turbulence well, resulting in a moderate level of comfort.""",Neutral,Unknown,General,Anonymous,,synthetic
"13. ""Airline J's booking process was straightforward. The website was user-friendly and easy to navigate.""",Neutral,Unknown,General,Anonymous,,synthetic
"14. ""The selection of beverages on Airline K was standard. The coffee could have been better, but the rest of the offerings were fine.""",Neutral,Unknown,General,Anonymous,,synthetic
"15. ""Airline L's customer service was average. Queries were answered, but response times could have been quicker.""",Neutral,Unknown,General,Anonymous,,synthetic
"16. ""Airline M's in-flight magazine had a decent range of articles. It was a satisfactory way to pass time during the flight.""",Neutral,Unknown,General,Anonymous,,synthetic
"17. ""Airline N's frequent flyer program offers fair rewards. The points accumulate at a reasonable rate.""",Neutral,Unknown,General,Anonymous,,synthetic
"18. ""The legroom in Airline O's business class was adequate. It wasn't spacious, but there was enough room to stretch out.""",Neutral,Unknown,General,Anonymous,,synthetic
"19. ""The noise level in Airline P's cabin was average. It wasn't overly quiet, but not too loud either.""",Neutral,Unknown,General,Anonymous,,synthetic
"20. ""Airline Q's mobile app was functional. It provided necessary information, but could use some updates for a smoother user experience.""",Neutral,Unknown,General,Anonymous,,synthetic
"1. The flight with Air Canada was comfortable. The food was decent, and the crew was attentive.",Neutral,Unknown,General,Anonymous,,synthetic
"2. Lufthansa's service was relatively good. The flight was on time, and the seats were moderately comfortable.",Neutral,Unknown,General,Anonymous,,synthetic
"3. I found the in-flight entertainment on Delta Airlines to be a bit limited. However, the flight was punctual.",Neutral,Unknown,General,Anonymous,,synthetic
4. Flying with Qatar Airways was okay. The seats were not very spacious but the food served was satisfactory.,Neutral,Unknown,General,Anonymous,,synthetic
5. My experience with American Airlines was average. The staff was professional but the plane could use some updating.,Neutral,Unknown,General,Anonymous,,synthetic
"6. With the British Airways flight, the legroom was acceptable. The meals were standard quality.",Neutral,Unknown,General,Anonymous,,synthetic
7. Southwest Airlines had prompt service. The seats were fine but the food options were somewhat limited.,Neutral,Unknown,General,Anonymous,,synthetic
"8. The Emirates flight was satisfactory. A bit crowded, but the in-flight entertainment options were plentiful.",Neutral,Unknown,General,Anonymous,,synthetic
"9. United Airlines provides solid service. The flight departed and arrived on time, but the legroom was a bit cramped.",Neutral,Unknown,General,Anonymous,,synthetic
"10. My flight with Air France was okay. The food was standard airline fare, and the staff was generally friendly.",Neutral,Unknown,General,Anonymous,,synthetic
"11. The Virgin Atlantic flight was satisfactory. It was a bit noisy, but the service was efficient.",Neutral,Unknown,General,Anonymous,,synthetic
12. My experience with JetBlue was average. The flight was on time and the snacks provided were okay.,Neutral,Unknown,General,Anonymous,,synthetic
"13. The Singapore Airlines flight was acceptable. The food was okay, and the cabin was clean.",Neutral,Unknown,General,Anonymous,,synthetic
14. The Cathay Pacific flight was fine. The seats were comfortable enough for a long-haul flight.,Neutral,Unknown,General,Anonymous,,synthetic
"15. My flight with Alaska Airlines was decent. The staff was helpful, but in-flight entertainment was a bit lacking.",Neutral,Unknown,General,Anonymous,,synthetic
"16. The Etihad Airways flight was satisfactory. The cabin was maintained well, although the food quality could be improved.",Neutral,Unknown,General,Anonymous,,synthetic
"17. My Aer Lingus flight was okay. It departed and arrived on schedule, but the legroom was a bit tight.",Neutral,Unknown,General,Anonymous,,synthetic
"18. The experience with Turkish Airlines was standard. The flight was punctual, and the service was efficient.",Neutral,Unknown,General,Anonymous,,synthetic
"19. My flight with KLM Royal Dutch Airlines was average. The food quality was okay, and the staff was professional.",Neutral,Unknown,General,Anonymous,,synthetic
"20. The Qantas Airways flight was acceptable. The in-flight entertainment had a good variety of options, but the seats were a bit uncomfortable.",Neutral,Unknown,General,Anonymous,,synthetic
1. The flight with American Airlines was okay. The seats were a bit cramped but the service was decent.,Neutral,Unknown,General,Anonymous,,synthetic
"2. Had a smooth flight with United Airlines. Service was fine, food was average.",Neutral,Unknown,General,Anonymous,,synthetic
"3. British Airways provided a typical flying experience. The aircraft was clean, staff was professional but the flight was slightly delayed.",Neutral,Unknown,General,Anonymous,,synthetic
"4. I flew with Delta Airlines. The in-flight entertainment was good, but the food options could be improved.",Neutral,Unknown,General,Anonymous,,synthetic
"5. The Southwest Airlines flight was punctual. The staff was friendly, but legroom was not the best.",Neutral,Unknown,General,Anonymous,,synthetic
"6. The flight with Lufthansa was fine. The plane was a bit dated, but it was clean and the staff was efficient.",Neutral,Unknown,General,Anonymous,,synthetic
"7. Emirates flight was satisfactory. The food was okay, and the in-flight entertainment was expansive.",Neutral,Unknown,General,Anonymous,,synthetic
8. The flight with Air Canada was unremarkable. The staff was courteous but the food choices were limited.,Neutral,Unknown,General,Anonymous,,synthetic
9. Had an average experience with Air France. The flight left on time and arrived as scheduled. The food was typical airline fare.,Neutral,Unknown,General,Anonymous,,synthetic
"10. Qatar Airways provided a standard service. Comfortable seats, decent food, and good in-flight entertainment.",Neutral,Unknown,General,Anonymous,,synthetic
11. The JetBlue Airways flight was okay. The seats were a bit uncomfortable but the staff was friendly.,Neutral,Unknown,General,Anonymous,,synthetic
"12. My flight with Turkish Airlines was fine. The aircraft was clean, staff was polite, but the flight was slightly delayed.",Neutral,Unknown,General,Anonymous,,synthetic
"13. The flight with Etihad Airways was satisfactory. The food was average, and the in-flight entertainment was decent.",Neutral,Unknown,General,Anonymous,,synthetic
14. Had an okay experience with Singapore Airlines. The flight was on time and the staff was professional.,Neutral,Unknown,General,Anonymous,,synthetic
15. Cathay Pacific flight was average. Comfortable seats but the food was not that great.,Neutral,Unknown,General,Anonymous,,synthetic
"16. Ryanair provided a basic service. The flight was on time, but the seats were a bit tight.",Neutral,Unknown,General,Anonymous,,synthetic
"17. The Aeroflot flight was okay. The plane was clean, but the food options could be improved.",Neutral,Unknown,General,Anonymous,,synthetic
"18. The flight with EasyJet was fine. The flight left on time and arrived as scheduled, but the legroom was a bit cramped.",Neutral,Unknown,General,Anonymous,,synthetic
"19. The Qantas flight was average. The staff was friendly, but the in-flight entertainment could be improved.",Neutral,Unknown,General,Anonymous,,synthetic
"20. My flight with Virgin Atlantic was satisfactory. The service was decent, but the food choices were limited.",Neutral,Unknown,General,Anonymous,,synthetic
"1. ""The flight with American Airlines was typical; nothing special but no major issues. The staff were courteous and the flight was on time.""",Neutral,Unknown,General,Anonymous,,synthetic
"2. ""Delta Airlines provided a standard flying experience. Seats were adequate in comfort and the in-flight meal was decent.""",Neutral,Unknown,General,Anonymous,,synthetic
"3. ""Southwest Airlines was punctual and the flight attendants were professional. However, the food options were limited.""",Neutral,Unknown,General,Anonymous,,synthetic
"4. ""My United Airlines flight was reasonably comfortable. The inflight entertainment was somewhat lacking, but the flight arrived on schedule.""",Neutral,Unknown,General,Anonymous,,synthetic
"5. ""On my flight with JetBlue, the cabin was clean and the staff were friendly. The legroom was average.""",Neutral,Unknown,General,Anonymous,,synthetic
"6. ""Alaska Airlines offered a standard service. The flight was on time and the cabin crew was efficient.""",Neutral,Unknown,General,Anonymous,,synthetic
"7. ""The overall service on the British Airways flight was okay. The food was fairly standard for airline fare.""",Neutral,Unknown,General,Anonymous,,synthetic
"8. ""On my flight with Air France, the seats were comfortable enough for a long-haul flight. The food was average.""",Neutral,Unknown,General,Anonymous,,synthetic
"9. ""Cathay Pacific provided a typical flight experience. The staff were polite and the flight departed and arrived on time.""",Neutral,Unknown,General,Anonymous,,synthetic
"10. ""The Lufthansa flight was uneventful. The food was edible and the flight attendants were professional.""",Neutral,Unknown,General,Anonymous,,synthetic
"11. ""Qatar Airways provided adequate service. The flight was on schedule and the cabin was tidy.""",Neutral,Unknown,General,Anonymous,,synthetic
"12. ""Emirates offered a standard flying experience. The in-flight entertainment was good but the food was just okay.""",Neutral,Unknown,General,Anonymous,,synthetic
"13. ""My flight with Singapore Airlines was standard. The cabin crew was attentive and the flight was punctual.""",Neutral,Unknown,General,Anonymous,,synthetic
"14. ""The service on Turkish Airlines was satisfactory. The plane was clean and the flight arrived on time.""",Neutral,Unknown,General,Anonymous,,synthetic
"15. ""The Etihad Airways flight was okay. The staff were courteous and the flight was on schedule.""",Neutral,Unknown,General,Anonymous,,synthetic
"16. ""Air Canada provided a decent flying experience. The seats were comfortable enough and the flight arrived on time.""",Neutral,Unknown,General,Anonymous,,synthetic
"17. ""The flight with Virgin Atlantic was average. The food and entertainment options were typical for airline standards.""",Neutral,Unknown,General,Anonymous,,synthetic
"18. ""Air India provided an acceptable service. The flight was on time and the cabin crew was efficient.""",Neutral,Unknown,General,Anonymous,,synthetic
"19. ""The service on China Eastern was fair. The legroom was average and the flight arrived on schedule.""",Neutral,Unknown,General,Anonymous,,synthetic
"20. ""The Ryanair flight was uneventful. The seats were a bit cramped but the flight was punctual.""",Neutral,Unknown,General,Anonymous,,synthetic
1. The flight with Air Canada was adequate; the staff was polite and the food average.,Neutral,Unknown,General,Anonymous,,synthetic
2. Lufthansa offered a pleasant flight experience with their comfortable seats and standard in-flight entertainment.,Neutral,Unknown,General,Anonymous,,synthetic
"3. The flight with American Airlines was just fine, they maintained the schedule and the in-flight meal was passable.",Neutral,Unknown,General,Anonymous,,synthetic
"4. The Delta Airlines flight was on time and the cabin was clean, but the legroom was a bit limited.",Neutral,Unknown,General,Anonymous,,synthetic
5. The British Airways flight was quite average; the staff was courteous and the food was decent.,Neutral,Unknown,General,Anonymous,,synthetic
6. My Emirates flight was standard; the in-flight entertainment was good but the food could use some improvement.,Neutral,Unknown,General,Anonymous,,synthetic
7. Air France provided a satisfactory service with their punctual flight and acceptable meal options.,Neutral,Unknown,General,Anonymous,,synthetic
"8. My experience with Qantas was typical, with efficient check-in procedures and a smooth flight.",Neutral,Unknown,General,Anonymous,,synthetic
"9. The Turkish Airlines flight was average, the cabin was neat, and the staff was professional.",Neutral,Unknown,General,Anonymous,,synthetic
10. My flight with KLM was okay; the seat was comfortable enough for a long journey.,Neutral,Unknown,General,Anonymous,,synthetic
11. Southwest Airlines offered a decent flight experience with their punctual departure and arrival times.,Neutral,Unknown,General,Anonymous,,synthetic
12. The Etihad Airways flight was quite normal with comfortable seating and standard meal options.,Neutral,Unknown,General,Anonymous,,synthetic
13. The Virgin Atlantic flight was satisfactory; the cabin crew was pleasant and the flight was smooth.,Neutral,Unknown,General,Anonymous,,synthetic
14. My flight with JetBlue was average; the plane left on time and the food was acceptable.,Neutral,Unknown,General,Anonymous,,synthetic
15. Ryanair offered a typical low-cost flight experience; the seating was a bit cramped but the flight was on time.,Neutral,Unknown,General,Anonymous,,synthetic
16. The flight with Aer Lingus was fine; the staff was polite and the in-flight entertainment was standard.,Neutral,Unknown,General,Anonymous,,synthetic
"17. My easyJet flight was average, the check-in process was quick and the flight departed on time.",Neutral,Unknown,General,Anonymous,,synthetic
18. The Norwegian flight was okay; the cabin was clean and the staff was professional.,Neutral,Unknown,General,Anonymous,,synthetic
19. The Spirit Airlines flight was satisfactory; the plane was clean and the flight departed and arrived on time.,Neutral,Unknown,General,Anonymous,,synthetic
"20. My experience with United Airlines was typical, with an efficient boarding process and a smooth flight.",Neutral,Unknown,General,Anonymous,,synthetic
"1. ""Had a satisfactory flight with Airline X. The cabin was clean, and the flight departed on schedule.""",Neutral,Unknown,General,Anonymous,,synthetic
"2. ""Flew with Airline Y. The crew was professional and the in-flight meal was decent.""",Neutral,Unknown,General,Anonymous,,synthetic
"3. ""Airline Z provided a smooth check-in process. The legroom was average, and the flight was on time.""",Neutral,Unknown,General,Anonymous,,synthetic
"4. ""In-flight entertainment on Airline A was outdated but functional. The flight landed with a slight delay.""",Neutral,Unknown,General,Anonymous,,synthetic
"5. ""Airline B's customer service was acceptable. The food was standard airline fare.""",Neutral,Unknown,General,Anonymous,,synthetic
"6. ""The boarding process with Airline C was organized. The plane was a bit older but maintained well.""",Neutral,Unknown,General,Anonymous,,synthetic
"7. ""Airline D's flight was on time, and the staff was efficient. The seats could use more padding.""",Neutral,Unknown,General,Anonymous,,synthetic
"8. ""Airline E delivered a standard flying experience. The Wi-Fi was slow but serviceable.""",Neutral,Unknown,General,Anonymous,,synthetic
"9. ""The baggage handling with Airline F was efficient. The in-flight snacks were average.""",Neutral,Unknown,General,Anonymous,,synthetic
"10. ""Airline G's cabin crew was polite and did their job well. The plane was a bit noisy.""",Neutral,Unknown,General,Anonymous,,synthetic
"11. ""Airline H's flight was punctual, and the seats were comfortable enough. The meal service was routine.""",Neutral,Unknown,General,Anonymous,,synthetic
"12. ""Airline I's check-in process was smooth. The in-flight movie selection was limited but decent.""",Neutral,Unknown,General,Anonymous,,synthetic
"13. ""Airline J provided an overall average experience. The plane was clean, but the temperature was a bit chilly.""",Neutral,Unknown,General,Anonymous,,synthetic
"14. ""Boarding with Airline K was orderly. The food was typical, and the flight arrived on schedule.""",Neutral,Unknown,General,Anonymous,,synthetic
"15. ""Airline L's seats were reasonably comfortable. The on-board service was acceptable.""",Neutral,Unknown,General,Anonymous,,synthetic
"16. ""Airline M's flight was slightly delayed but uneventful. The cabin crew was professional.""",Neutral,Unknown,General,Anonymous,,synthetic
"17. ""Airline N's flight was smooth. The legroom was average, and the meal was standard.""",Neutral,Unknown,General,Anonymous,,synthetic
"18. ""Airline O's check-in staff was courteous. The flight was on time, and the luggage arrived safely.""",Neutral,Unknown,General,Anonymous,,synthetic
"19. ""Airline P's flight attendants were attentive. The inflight entertainment was okay, and the snacks were average.""",Neutral,Unknown,General,Anonymous,,synthetic
"20. ""Airline Q's boarding process was efficient. The flight was a bit turbulent but otherwise fine.""",Neutral,Unknown,General,Anonymous,,synthetic
1. The flight with Air Canada was as expected. The cabin crew was professional and the flight departed and arrived on time.,Neutral,Unknown,General,Anonymous,,synthetic
2. I flew with United Airlines from Los Angeles to New York. The seats were comfortable enough for a cross-country flight and the in-flight meal was satisfactory.,Neutral,Unknown,General,Anonymous,,synthetic
3. Had a standard experience with Delta Airlines. The flight attendants were polite and the onboard amenities were average.,Neutral,Unknown,General,Anonymous,,synthetic
4. American Airlines provided an okay service on my recent trip. The staff was friendly and the flight was mostly smooth.,Neutral,Unknown,General,Anonymous,,synthetic
5. Flew with Southwest from Dallas to Denver. The flight was punctual and the cabin crew was efficient.,Neutral,Unknown,General,Anonymous,,synthetic
6. The journey with British Airways was decent. The food was acceptable and the legroom in economy class was average.,Neutral,Unknown,General,Anonymous,,synthetic
7. Virgin Atlantic provided an ordinary experience. The cabin was clean and the entertainment options were sufficient to pass the time.,Neutral,Unknown,General,Anonymous,,synthetic
"8. Had an expected experience with KLM. The staff was professional, the flight was on time and the seats were reasonably comfortable.",Neutral,Unknown,General,Anonymous,,synthetic
"9. The journey with Emirates was typical of a long-haul flight. The food was edible, the seats were comfortable enough for a long flight and the cabin crew was professional.",Neutral,Unknown,General,Anonymous,,synthetic
10. Flew with JetBlue from Boston to San Francisco. The flight attendants were courteous and the in-flight entertainment was average.,Neutral,Unknown,General,Anonymous,,synthetic
"11. Lufthansa provided a usual flight experience. The plane was clean, the staff was polite and the food was standard airline quality.",Neutral,Unknown,General,Anonymous,,synthetic
"12. Had a normal experience with Qatar Airways. The flight was punctual, the seats were okay and the food was decent.",Neutral,Unknown,General,Anonymous,,synthetic
"13. The flight with Etihad Airways was as usual. The staff was friendly, the plane was clean and the flight was on time.",Neutral,Unknown,General,Anonymous,,synthetic
"14. Flew with Air France from Paris to Rome. The flight was smooth, the staff was professional and the in-flight meal was average.",Neutral,Unknown,General,Anonymous,,synthetic
"15. Turkish Airlines provided a typical flight experience. The cabin crew was courteous, the flight departed and arrived on schedule, and the food was average.",Neutral,Unknown,General,Anonymous,,synthetic
"16. The journey with Cathay Pacific was as expected. The seats were comfortable, the flight was on time and the cabin crew was efficient.",Neutral,Unknown,General,Anonymous,,synthetic
"17. Flew with Qantas from Sydney to Melbourne. The flight was punctual, the seats were okay and the staff was friendly.",Neutral,Unknown,General,Anonymous,,synthetic
"18. Air New Zealand provided a standard service. The plane was clean, the staff was professional and the in-flight entertainment was satisfactory.",Neutral,Unknown,General,Anonymous,,synthetic
"19. The flight with Singapore Airlines was normal. The food was fine, the seats were comfortable enough for a long flight and the staff was courteous.",Neutral,Unknown,General,Anonymous,,synthetic
"20. Flew with Alitalia from Rome to Milan. The flight was on time, the cabin crew was professional and the in-flight meal was standard airline quality.",Neutral,Unknown,General,Anonymous,,synthetic
"1. ""Airline X had comfortable seating and in-flight service was timely, but the food was unremarkable.""",Neutral,Unknown,General,Anonymous,,synthetic
"2. ""The flight was on time and the staff was polite. However, the legroom was slightly tight for a long-haul flight.""",Neutral,Unknown,General,Anonymous,,synthetic
"3. ""A mostly smooth experience with Airline Y, the check-in process was efficient, though the in-flight entertainment options could be improved.""",Neutral,Unknown,General,Anonymous,,synthetic
"4. ""The cabin was clean and the flight landed on time. The in-flight meal was satisfactory, nothing extraordinary.""",Neutral,Unknown,General,Anonymous,,synthetic
"5. ""The staff on Airline Z was professional and friendly, but the Wi-Fi was quite slow.""",Neutral,Unknown,General,Anonymous,,synthetic
"6. ""Airline A's service was consistent with previous trips. The flight departed and landed on time, but the cabin temperature was a bit too cold.""",Neutral,Unknown,General,Anonymous,,synthetic
"7. ""The online check-in process was easy to navigate for Airline B, but the selection of in-flight movies was limited.""",Neutral,Unknown,General,Anonymous,,synthetic
"8. ""Airline C's flight crew was courteous and the food was decent. Unfortunately, the seats were a bit cramped.""",Neutral,Unknown,General,Anonymous,,synthetic
"9. ""The flight with Airline D was punctual and the cabin crew was efficient. The quality of the snacks, however, was average.""",Neutral,Unknown,General,Anonymous,,synthetic
"10. ""Airline E provided a smooth journey, yet the flight attendants' response time to the service call could be faster.""",Neutral,Unknown,General,Anonymous,,synthetic
"11. ""The boarding process was organized with Airline F and the flight was mostly comfortable, although the noise from the engines was quite loud.""",Neutral,Unknown,General,Anonymous,,synthetic
"12. ""Airline G offered an adequate legroom and the flight departed on time. The vegetarian meal options, however, were limited.""",Neutral,Unknown,General,Anonymous,,synthetic
"13. ""The flight attendants on Airline H were professional and attentive. On the downside, the in-flight entertainment system was outdated.""",Neutral,Unknown,General,Anonymous,,synthetic
"14. ""Airline I's service was straightforward and the flight was punctual. The quality of the headphones provided was just okay.""",Neutral,Unknown,General,Anonymous,,synthetic
"15. ""The cabin crew on Airline J was polite and the flight landed smoothly. The in-flight meal, however, was quite bland.""",Neutral,Unknown,General,Anonymous,,synthetic
"16. ""Airline K offered a smooth check-in process and the flight was on schedule. However, the seats could use more cushioning for comfort.""",Neutral,Unknown,General,Anonymous,,synthetic
"17. ""The flight with Airline L was overall tolerable. The staff was friendly, but the cabin was a bit too warm.""",Neutral,Unknown,General,Anonymous,,synthetic
"18. ""Airline M's service was adequate and the flight was on time. The selection of beverages, however, could be expanded.""",Neutral,Unknown,General,Anonymous,,synthetic
"19. ""The flight attendants on Airline N were attentive and the in-flight entertainment was satisfactory, yet the Wi-Fi was intermittent.""",Neutral,Unknown,General,Anonymous,,synthetic
"20. ""The check-in process was efficient with Airline O and the flight landed on time. However, the luggage took a while to arrive at the carousel.""",Neutral,Unknown,General,Anonymous,,synthetic
1. Airline X provided a standard flight experience. The plane was clean and the staff was professional.,Neutral,Unknown,General,Anonymous,,synthetic
"2. The flight with Airline Y was satisfactory. The food could have been better, but the in-flight entertainment was quite good.",Neutral,Unknown,General,Anonymous,,synthetic
"3. Airline Z offers a typical flying experience. No major issues were noted, although the legroom was slightly cramped.",Neutral,Unknown,General,Anonymous,,synthetic
4. Flew with Airline A recently. The flight was on time and the cabin crew was courteous.,Neutral,Unknown,General,Anonymous,,synthetic
"5. Airline B's services were as expected. The boarding process was a bit slow but otherwise, the journey was smooth.",Neutral,Unknown,General,Anonymous,,synthetic
"6. A decent flight with Airline C. The seats were comfortable, but the in-flight meal didn't meet expectations.",Neutral,Unknown,General,Anonymous,,synthetic
7. Airline D provided an average flight experience. The check-in process was efficient and the flight was punctual.,Neutral,Unknown,General,Anonymous,,synthetic
"8. The flight with Airline E was fairly ordinary. The crew was friendly, but the aircraft seemed outdated.",Neutral,Unknown,General,Anonymous,,synthetic
"9. Airline F's flight was acceptable. The seats were a bit tight, but the service was good.",Neutral,Unknown,General,Anonymous,,synthetic
"10. The overall experience with Airline G was satisfactory. The food was average, but the cabin was clean and tidy.",Neutral,Unknown,General,Anonymous,,synthetic
"11. A recent flight with Airline H was okay. The flight was delayed slightly, but the cabin crew managed the situation well.",Neutral,Unknown,General,Anonymous,,synthetic
12. The journey with Airline I was unremarkable. The airline provided all the basic amenities adequately.,Neutral,Unknown,General,Anonymous,,synthetic
13. Airline J's flight was standard. The legroom was a bit limited but the in-flight entertainment made up for it.,Neutral,Unknown,General,Anonymous,,synthetic
"14. The flight with Airline K was alright. The flight was punctual and the staff was professional, though the food was quite average.",Neutral,Unknown,General,Anonymous,,synthetic
"15. Airline L provided a routine flying experience. The plane was clean, but the in-flight service was slow.",Neutral,Unknown,General,Anonymous,,synthetic
16. The overall journey with Airline M was fine. The boarding process was smooth and the flight took off on time.,Neutral,Unknown,General,Anonymous,,synthetic
"17. Airline N's service was satisfactory. The staff was polite, but the in-flight meals weren't up to the mark.",Neutral,Unknown,General,Anonymous,,synthetic
"18. The flight with Airline O was average. The cabin was clean, the seats were comfortable, but the in-flight entertainment could have been better.",Neutral,Unknown,General,Anonymous,,synthetic
"19. Airline P provided an okay flying experience. The check-in process was efficient, but the flight was slightly delayed.",Neutral,Unknown,General,Anonymous,,synthetic
"20. The journey with Airline Q was uneventful. The cabin crew was friendly, but the in-flight meal was average.",Neutral,Unknown,General,Anonymous,,synthetic
"1. Airline X offered standard service, with an on-time departure and comfortable seating.",Neutral,Unknown,General,Anonymous,,synthetic
2. My flight on Airline Y was uneventful. The cabin crew was polite and the flight landed on time.,Neutral,Unknown,General,Anonymous,,synthetic
3. Airline Z provided a smooth check-in process and served a decent in-flight meal.,Neutral,Unknown,General,Anonymous,,synthetic
4. The flight on Airline A was average with standard legroom and a clean cabin.,Neutral,Unknown,General,Anonymous,,synthetic
5. Airline B flight was on time. The entertainment system had a good variety of options but the food could be improved.,Neutral,Unknown,General,Anonymous,,synthetic
6. Airline C provided basic amenities with a comfortable seat and a small snack.,Neutral,Unknown,General,Anonymous,,synthetic
7. The crew on Airline D flight was professional. The in-flight meal was average.,Neutral,Unknown,General,Anonymous,,synthetic
8. Airline E's flight was on schedule. The cabin was a bit outdated but clean.,Neutral,Unknown,General,Anonymous,,synthetic
9. The service on Airline F was typical with an easy check-in process and prompt departure.,Neutral,Unknown,General,Anonymous,,synthetic
"10. Airline G's flight was decent. The staff was polite, the seat was comfortable but the food was nothing out of ordinary.",Neutral,Unknown,General,Anonymous,,synthetic
"11. Airline H's service was standard, with prompt boarding and average in-flight services.",Neutral,Unknown,General,Anonymous,,synthetic
12. Airline I's flight was on time and the cabin crew was professional. The legroom was a bit cramped though.,Neutral,Unknown,General,Anonymous,,synthetic
"13. The flight on Airline J was decent. The check-in process was smooth, but the in-flight entertainment options were limited.",Neutral,Unknown,General,Anonymous,,synthetic
"14. Airline K's flight was average, with standard onboard amenities. The food offered was just okay.",Neutral,Unknown,General,Anonymous,,synthetic
"15. The service on Airline L was typical, with an on-time departure and a clean plane.",Neutral,Unknown,General,Anonymous,,synthetic
"16. Airline M's flight was on schedule, the cabin was a bit cramped but the staff was polite.",Neutral,Unknown,General,Anonymous,,synthetic
17. The flight on Airline N was acceptable. The seats were comfortable enough for a short journey.,Neutral,Unknown,General,Anonymous,,synthetic
"18. Airline O provided an average experience with a smooth check-in, on-time departure but limited food options.",Neutral,Unknown,General,Anonymous,,synthetic
"19. The flight on Airline P was standard. The cabin crew was professional, but the food quality could be improved.",Neutral,Unknown,General,Anonymous,,synthetic
"20. Airline Q's flight was decent. The check-in process was easy and the flight was on time, but the in-flight entertainment was lacking.",Neutral,Unknown,General,Anonymous,,synthetic
1. The service on Airline A was fairly standard - nothing exceptional but nothing to complain about either. The cabin was clean and the staff were polite.,Neutral,Unknown,General,Anonymous,,synthetic
"2. I had a comfortable enough flight with Airline B. However, the in-flight entertainment could use some updating.",Neutral,Unknown,General,Anonymous,,synthetic
"3. Airline C's flight was punctual, which I appreciated. The legroom was okay, although not outstanding.",Neutral,Unknown,General,Anonymous,,synthetic
"4. The food on Airline D was edible, but not especially memorable. The seats were reasonably comfortable, though.",Neutral,Unknown,General,Anonymous,,synthetic
5. My flight with Airline E was smooth and uneventful. The staff were cordial and the in-flight services were satisfactory.,Neutral,Unknown,General,Anonymous,,synthetic
"6. Airline F provided a standard experience - on-time departure, decent food, and average in-flight entertainment.",Neutral,Unknown,General,Anonymous,,synthetic
"7. The cabin crew on Airline G was professional, although not overly friendly. The flight left and arrived on time.",Neutral,Unknown,General,Anonymous,,synthetic
8. Airline H had a clean cabin and the flight was smooth. The in-flight meal was quite average and could be improved upon.,Neutral,Unknown,General,Anonymous,,synthetic
"9. On Airline I, the flight was on time and the staff was courteous. The legroom was not as much as I would have liked, though.",Neutral,Unknown,General,Anonymous,,synthetic
"10. Airline J provided an adequate travel experience. The flight was just slightly delayed, but the cabin crew was efficient and friendly.",Neutral,Unknown,General,Anonymous,,synthetic
"11. My flight with Airline K was quite usual, with a standard meal and in-flight entertainment. The flight was a bit bumpy, but the pilot handled it well.",Neutral,Unknown,General,Anonymous,,synthetic
"12. Airline L had a timely departure and arrival, and the in-flight service was satisfactory. The food quality could use some improvement.",Neutral,Unknown,General,Anonymous,,synthetic
"13. The flight on Airline M was comfortable and the staff was professional. The meal options were limited, but edible.",Neutral,Unknown,General,Anonymous,,synthetic
"14. Airline N provided a standard flight service. The plane was clean and the flight was on time, but the in-flight movie selection was quite limited.",Neutral,Unknown,General,Anonymous,,synthetic
"15. My flight with Airline O was acceptable. The seats were comfy enough for a short-haul flight, and the staff was polite.",Neutral,Unknown,General,Anonymous,,synthetic
"16. Airline P's flight was punctual, and the crew was cordial. The food service was average, and the in-flight entertainment was decent.",Neutral,Unknown,General,Anonymous,,synthetic
"17. The service on Airline Q was fairly standard. The cabin was clean and the staff was professional, but the food could have been better.",Neutral,Unknown,General,Anonymous,,synthetic
"18. My experience with Airline R was typical. The flight was on time, the staff was okay, and the in-flight entertainment was satisfactory.",Neutral,Unknown,General,Anonymous,,synthetic
"19. Airline S offered a standard flight experience. The cabin crew was polite, the food was average, and the flight was on time.",Neutral,Unknown,General,Anonymous,,synthetic
"20. The flight with Airline T was quite uneventful. The cabin was clean, the staff was cordial, and the flight arrived on time.",Neutral,Unknown,General,Anonymous,,synthetic
"1. The flight with Air Canada was punctual and the entertainment options were adequate, although the food was just average.",Neutral,Unknown,General,Anonymous,,synthetic
2. Emirates offered ample legroom and in-flight entertainment but could improve on their customer service.,Neutral,Unknown,General,Anonymous,,synthetic
"3. United Airlines' flight was on time and the staff was professional, but the inflight meals could be more diverse.",Neutral,Unknown,General,Anonymous,,synthetic
"4. Delta Airlines provided a smooth check-in process and the flight was on schedule, albeit the cabin was a bit crowded.",Neutral,Unknown,General,Anonymous,,synthetic
"5. The flight with British Airways was comfortable with enough legroom, but the boarding process was somewhat disorganized.",Neutral,Unknown,General,Anonymous,,synthetic
"6. Lufthansa's service was efficient and the flight departed on time, however, the inflight food was mediocre.",Neutral,Unknown,General,Anonymous,,synthetic
"7. The flight with American Airlines was mostly smooth, with a slight delay on arrival and decent in-flight services.",Neutral,Unknown,General,Anonymous,,synthetic
"8. Virgin Atlantic provided good in-flight entertainment options, but the cabin cleanliness could be better.",Neutral,Unknown,General,Anonymous,,synthetic
"9. Ryanair offered a budget-friendly option with on-time flight, although the legroom was quite limited.",Neutral,Unknown,General,Anonymous,,synthetic
"10. Air France’s flight was punctual, the staff was courteous, but the baggage handling process could be improved.",Neutral,Unknown,General,Anonymous,,synthetic
"11. Qatar Airways' flight was comfortable, although the layover time was longer than expected.",Neutral,Unknown,General,Anonymous,,synthetic
"12. The flight with Southwest Airlines was on time and the cabin crew was friendly, however, the seating was a bit cramped.",Neutral,Unknown,General,Anonymous,,synthetic
"13. Turkish Airlines offered a comfortable journey with a wide range of in-flight entertainment, but the food quality was average.",Neutral,Unknown,General,Anonymous,,synthetic
"14. The flight with KLM Royal Dutch Airlines was on schedule, the crew was polite, but the luggage took a while to arrive.",Neutral,Unknown,General,Anonymous,,synthetic
"15. JetBlue provided a comfortable flight experience, although the in-flight Wi-Fi was not very reliable.",Neutral,Unknown,General,Anonymous,,synthetic
"16. Cathay Pacific's flight was punctual, the seats were comfortable, but the in-flight food could be improved.",Neutral,Unknown,General,Anonymous,,synthetic
"17. The flight with Norwegian Air was budget-friendly and on time, but the legroom was fairly limited.",Neutral,Unknown,General,Anonymous,,synthetic
"18. Singapore Airlines provided efficient service and the flight was comfortable, although the check-in process was a bit slow.",Neutral,Unknown,General,Anonymous,,synthetic
"19. The flight with Etihad Airways was on time and the staff was professional, however, the seat comfort could be improved.",Neutral,Unknown,General,Anonymous,,synthetic
"20. Aeroflot offered a smooth flight with on-time departure, but the food choice was quite limited.",Neutral,Unknown,General,Anonymous,,synthetic
"1. The flight with American Airlines was as expected, nothing out of the ordinary. All the standard amenities were provided.",Neutral,Unknown,General,Anonymous,,synthetic
2. The Delta flight departed and arrived on time. The in-flight food was average.,Neutral,Unknown,General,Anonymous,,synthetic
3. The British Airways staff was helpful and polite. The legroom was just enough for a comfortable journey.,Neutral,Unknown,General,Anonymous,,synthetic
"4. The Lufthansa flight was decent, with clean aircraft and standard in-flight entertainment.",Neutral,Unknown,General,Anonymous,,synthetic
"5. Air France provided an average service. The cabin was a bit crowded but overall, it was a reasonable experience.",Neutral,Unknown,General,Anonymous,,synthetic
"6. The flight with JetBlue was normal, with on-time departure. The food quality was satisfactory.",Neutral,Unknown,General,Anonymous,,synthetic
7. Emirates' service was as expected. The food was decent and the seat was comfortable enough for a long journey.,Neutral,Unknown,General,Anonymous,,synthetic
8. The journey with Ryanair was typical. The seating was a bit tight but manageable for a short haul flight.,Neutral,Unknown,General,Anonymous,,synthetic
9. The Cathay Pacific flight was pretty standard. The cabin crew was professional and the flight was on time.,Neutral,Unknown,General,Anonymous,,synthetic
10. The Qatar Airways flight was as expected. The plane was clean and the food was of average quality.,Neutral,Unknown,General,Anonymous,,synthetic
11. The Southwest Airlines flight was decent. The services were standard and the staff was friendly.,Neutral,Unknown,General,Anonymous,,synthetic
12. Air Canada provided an average service. The plane departed on time and the seating was comfortable.,Neutral,Unknown,General,Anonymous,,synthetic
13. United Airlines' service was as expected. The in-flight entertainment was pretty decent.,Neutral,Unknown,General,Anonymous,,synthetic
14. The journey with Alaska Airlines was usual. The cabin crew was professional and prompt in their service.,Neutral,Unknown,General,Anonymous,,synthetic
15. The flight with Turkish Airlines was standard. There was enough legroom and the food was satisfactory.,Neutral,Unknown,General,Anonymous,,synthetic
16. The Aer Lingus flight was average. The plane was clean and the staff was polite.,Neutral,Unknown,General,Anonymous,,synthetic
"17. The Singapore Airlines flight was decent. The food wasn't great, but it was good enough for a short haul flight.",Neutral,Unknown,General,Anonymous,,synthetic
18. The flight with Virgin Atlantic was as expected. The service was efficient and the cabin was clean.,Neutral,Unknown,General,Anonymous,,synthetic
19. The Etihad Airways flight provided the usual services. The flight was on time and the staff was friendly.,Neutral,Unknown,General,Anonymous,,synthetic
20. The journey with KLM was standard. The in-flight entertainment was decent and the food was satisfactory.,Neutral,Unknown,General,Anonymous,,synthetic
"1. ""The in-flight service on Delta Airlines was satisfactory, with a standard selection of food and drinks.""",Neutral,Unknown,General,Anonymous,,synthetic
"2. ""United Airlines' economy seats provide adequate legroom for an average-sized person.""",Neutral,Unknown,General,Anonymous,,synthetic
"3. ""American Airlines' flight was on time and the staff were professional, if somewhat reserved.""",Neutral,Unknown,General,Anonymous,,synthetic
"4. ""Qatar Airways provided a standard array of in-flight entertainment options.""",Neutral,Unknown,General,Anonymous,,synthetic
"5. ""The check-in process with Emirates was smooth, but the queues at the counter were a bit long.""",Neutral,Unknown,General,Anonymous,,synthetic
"6. ""The food on Lufthansa was edible, though not particularly memorable.""",Neutral,Unknown,General,Anonymous,,synthetic
"7. ""Air France's flight attendants were efficient in their service, but could have interacted more with passengers.""",Neutral,Unknown,General,Anonymous,,synthetic
"8. ""The in-flight meal on Cathay Pacific met my expectations for an airline meal.""",Neutral,Unknown,General,Anonymous,,synthetic
"9. ""British Airways' long-haul flight was comfortable enough for a good sleep.""",Neutral,Unknown,General,Anonymous,,synthetic
"10. ""The boarding process on Ryanair was orderly, although the wait on the tarmac was longer than expected.""",Neutral,Unknown,General,Anonymous,,synthetic
"11. ""EasyJet's cabin was clean and well-maintained, but the seats were a bit firm.""",Neutral,Unknown,General,Anonymous,,synthetic
"12. ""Air Canada's economy class provided a standard level of comfort for a transatlantic flight.""",Neutral,Unknown,General,Anonymous,,synthetic
"13. ""Southwest Airlines offered a decent amount of overhead storage, but could improve on seat comfort.""",Neutral,Unknown,General,Anonymous,,synthetic
"14. ""The in-flight Wi-Fi on Japan Airlines was functional, but the speed could be improved.""",Neutral,Unknown,General,Anonymous,,synthetic
"15. ""Virgin Atlantic's service was acceptable, with crew members being attentive to passenger needs.""",Neutral,Unknown,General,Anonymous,,synthetic
"16. ""Turkish Airlines provided a variety of options for in-flight entertainment, meeting the industry standard.""",Neutral,Unknown,General,Anonymous,,synthetic
"17. ""Air New Zealand's flight departed and arrived within the scheduled timeframe.""",Neutral,Unknown,General,Anonymous,,synthetic
"18. ""Etihad Airways' cabin crew was professional and did their job efficiently.""",Neutral,Unknown,General,Anonymous,,synthetic
"19. ""The check-in process at Singapore Airlines was average, with no notable issues.""",Neutral,Unknown,General,Anonymous,,synthetic
"20. ""The food on Aer Lingus was typical of airline fare, nothing outstanding but not unpleasant.""",Neutral,Unknown,General,Anonymous,,synthetic
1. The flight with Air France was standard. The in-flight meal was adequate and the staff was polite.,Neutral,Unknown,General,Anonymous,,synthetic
2. Lufthansa's flight was fairly smooth. The flight was on time and the seating was comfortable enough for the long haul.,Neutral,Unknown,General,Anonymous,,synthetic
3. Qantas offered a regular travel experience. The legroom was sufficient and the meals were fine.,Neutral,Unknown,General,Anonymous,,synthetic
4. United Airlines' flight was average. The cabin was clean and the staff was generally attentive.,Neutral,Unknown,General,Anonymous,,synthetic
5. The British Airways flight was routine. There was enough entertainment options and the service was satisfactory.,Neutral,Unknown,General,Anonymous,,synthetic
6. Delta Airlines provided a typical experience. The boarding process was smooth and the flight arrived on time.,Neutral,Unknown,General,Anonymous,,synthetic
7. The Emirates flight was as expected. The food was good and the flight attendants were professional.,Neutral,Unknown,General,Anonymous,,synthetic
8. Singapore Airlines offered a decent service. The seats were comfortable and the in-flight entertainment was up-to-date.,Neutral,Unknown,General,Anonymous,,synthetic
9. The Turkish Airlines flight was standard. The cabin crew was helpful and the food was fine.,Neutral,Unknown,General,Anonymous,,synthetic
10. The JetBlue flight was satisfactory. The Wi-Fi worked well and the flight was on schedule.,Neutral,Unknown,General,Anonymous,,synthetic
11. American Airlines flight was regular. The check-in process was efficient and the seating was comfortable.,Neutral,Unknown,General,Anonymous,,synthetic
12. The Ryanair flight was standard. The flight was on time and the cabin was clean.,Neutral,Unknown,General,Anonymous,,synthetic
13. The Air India flight was okay. The food was average and the flight attendants were friendly.,Neutral,Unknown,General,Anonymous,,synthetic
14. The Southwest Airlines flight was typical. The boarding process was organized and the flight landed on time.,Neutral,Unknown,General,Anonymous,,synthetic
15. The Alaska Airlines flight was decent. The seats were comfortable and the staff was professional.,Neutral,Unknown,General,Anonymous,,synthetic
16. The Air Canada flight was as expected. The in-flight entertainment had a variety of options and the food was adequate.,Neutral,Unknown,General,Anonymous,,synthetic
17. The Spirit Airlines flight was average. The flight was on time and the cabin was clean.,Neutral,Unknown,General,Anonymous,,synthetic
18. The Qatar Airways flight was normal. The service was good and the food was decent.,Neutral,Unknown,General,Anonymous,,synthetic
19. The EasyJet flight was satisfactory. The check-in process was smooth and the flight was on schedule.,Neutral,Unknown,General,Anonymous,,synthetic
20. The Cathay Pacific flight was standard. The seats were comfortable and the cabin crew was professional.,Neutral,Unknown,General,Anonymous,,synthetic
"1. Flew with Airline A recently. The flight departed and arrived on time, and the service was average.",Neutral,Unknown,General,Anonymous,,synthetic
"2. My recent experience with Airline B was satisfactory. The in-flight food was decent, and the staff was polite.",Neutral,Unknown,General,Anonymous,,synthetic
3. Airline C provided a decent experience. The seats were okay in terms of comfort and legroom.,Neutral,Unknown,General,Anonymous,,synthetic
4. Took a trip with Airline D. The check-in process was smooth but the in-flight entertainment system was a bit outdated.,Neutral,Unknown,General,Anonymous,,synthetic
"5. Airline E was fairly average. The flight was a bit delayed, but the crew managed it well.",Neutral,Unknown,General,Anonymous,,synthetic
"6. Fleared with Airline F. The plane was clean, and the pilot made regular updates during the flight.",Neutral,Unknown,General,Anonymous,,synthetic
7. Had a typical flight with Airline G. The food was standard airline fare and the plane was comfortable.,Neutral,Unknown,General,Anonymous,,synthetic
8. Took a short haul flight with Airline H. The online check-in process was efficient and the staff was professional.,Neutral,Unknown,General,Anonymous,,synthetic
9. My flight with Airline I was uneventful. The legroom was a bit tight but manageable for a short flight.,Neutral,Unknown,General,Anonymous,,synthetic
10. Airline J was average overall. The food was edible and the flight attendants were attentive.,Neutral,Unknown,General,Anonymous,,synthetic
11. The flight with Airline K was okay. The plane was clean and the service was standard.,Neutral,Unknown,General,Anonymous,,synthetic
12. My recent trip with Airline L was average. The boarding process was organized and the flight was on time.,Neutral,Unknown,General,Anonymous,,synthetic
13. Flew with Airline M. The in-flight entertainment had a good variety but the food options were limited.,Neutral,Unknown,General,Anonymous,,synthetic
"14. Airline N provided a usual experience. The cabin crew was polite, and the flight arrived on time.",Neutral,Unknown,General,Anonymous,,synthetic
15. My experience with Airline O was average. The seats were a bit small but the flight itself was smooth.,Neutral,Unknown,General,Anonymous,,synthetic
"16. Flew with Airline P recently. The flight was on time, and the staff was friendly.",Neutral,Unknown,General,Anonymous,,synthetic
"17. My flight with Airline Q was standard. The check-in process was smooth, and the luggage arrived on time.",Neutral,Unknown,General,Anonymous,,synthetic
"18. Airline R was average; the flight was comfortable, and the cabin crew was adequate.",Neutral,Unknown,General,Anonymous,,synthetic
19. The service on Airline S was okay. The food was typical and the flight left on time.,Neutral,Unknown,General,Anonymous,,synthetic
"20. My recent experience with Airline T was satisfactory. The boarding process was well-managed, and the in-flight service was standard.",Neutral,Unknown,General,Anonymous,,synthetic
"1. ""Airline X provided an adequate service with on-time flights and clean cabins. The crew was polite and professional.""",Neutral,Unknown,General,Anonymous,,synthetic
"2. ""Overall, Airline Y offered a standard flying experience. The food was ordinary and the legroom was acceptable.""",Neutral,Unknown,General,Anonymous,,synthetic
"3. ""Airline Z was satisfactory for a short-haul flight. The seats were comfortable enough and the flight was punctual.""",Neutral,Unknown,General,Anonymous,,synthetic
"4. ""Airline A's in-flight entertainment was decent with a variety of options. The service was acceptable, but not exceptional.""",Neutral,Unknown,General,Anonymous,,synthetic
"5. ""Airline B's check-in process was smooth and their staff was courteous. The plane was a bit older but maintained well.""",Neutral,Unknown,General,Anonymous,,synthetic
"6. ""Airline C's flight was on time and the cabin was clean. The food was typical airline fare.""",Neutral,Unknown,General,Anonymous,,synthetic
"7. ""Flying with Airline D was a pretty standard experience. Nothing particularly stood out, but there were no major issues either.""",Neutral,Unknown,General,Anonymous,,synthetic
"8. ""Airline E provided consistent service. The staff was professional, and the flight left and arrived on schedule.""",Neutral,Unknown,General,Anonymous,,synthetic
"9. ""Airline F's seats were moderately comfortable. The flight was a bit delayed, but information was communicated efficiently.""",Neutral,Unknown,General,Anonymous,,synthetic
"10. ""Airline G's service was as expected. The cabin crew was polite and the inflight entertainment was satisfactory.""",Neutral,Unknown,General,Anonymous,,synthetic
"11. ""Airline H's flight was uneventful. The seats, food, and service were all in line with industry standards.""",Neutral,Unknown,General,Anonymous,,synthetic
"12. ""Airline I offered a routine flying experience. The plane was clean and the check-in process was efficient.""",Neutral,Unknown,General,Anonymous,,synthetic
"13. ""Airline J's flight was reasonably comfortable. The food options were limited, but the service was prompt.""",Neutral,Unknown,General,Anonymous,,synthetic
"14. ""Airline K provided an ordinary service. The flight was on time and the crew was professional, but the seats were a bit cramped.""",Neutral,Unknown,General,Anonymous,,synthetic
"15. ""Airline L's flight was typical. The staff was courteous and the plane was clean, but the inflight entertainment could be improved.""",Neutral,Unknown,General,Anonymous,,synthetic
"16. ""Airline M's service was adequate. The flight was on time, the cabin was clean, and the staff was professional.""",Neutral,Unknown,General,Anonymous,,synthetic
"17. ""Airline N offered a standard flying experience. The seats were comfortable and the flight was punctual, but the food was average.""",Neutral,Unknown,General,Anonymous,,synthetic
"18. ""Airline O's flight was satisfactory. The flight took off and landed as scheduled and the cabin crew was efficient.""",Neutral,Unknown,General,Anonymous,,synthetic
"19. ""Airline P provided a decent service. The cabin was a bit crowded but clean, and the staff was polite.""",Neutral,Unknown,General,Anonymous,,synthetic
"20. ""Airline Q's flight was as expected. The check-in process was smooth, the flight was on time, and the luggage arrived without issues.""",Neutral,Unknown,General,Anonymous,,synthetic
"1. ""Delta Airlines' service was as expected. The flight was on time, and the onboard meals were decent.""",Neutral,Unknown,General,Anonymous,,synthetic
"2. ""The flight with British Airways was uneventful. The staff was professional, and the plane seemed well maintained.""",Neutral,Unknown,General,Anonymous,,synthetic
"3. ""The JetBlue flight was overall satisfactory. The in-flight entertainment options were good, and the seating was comfortable.""",Neutral,Unknown,General,Anonymous,,synthetic
"4. ""The Air France flight was generally good. The crew was efficient and the provided meals were acceptable.""",Neutral,Unknown,General,Anonymous,,synthetic
"5. ""Qatar Airways provided a typical long-haul flight experience. The service was good, and the in-flight amenities were standard.""",Neutral,Unknown,General,Anonymous,,synthetic
"6. ""Lufthansa’s flight was exactly as expected. The seats were a bit tight but manageable for the short flight.""",Neutral,Unknown,General,Anonymous,,synthetic
"7. ""Air Canada's service was acceptable. The flight was slightly delayed, but the communication was clear.""",Neutral,Unknown,General,Anonymous,,synthetic
"8. ""The experience on American Airlines was average. The plane was clean, and the staff was attentive.""",Neutral,Unknown,General,Anonymous,,synthetic
"9. ""Emirates was as good as any other international carrier. The food was okay, and the legroom was satisfactory.""",Neutral,Unknown,General,Anonymous,,synthetic
"10. ""United Airlines offered a usual domestic flight. The check-in process was smooth, and the gate staff was helpful.""",Neutral,Unknown,General,Anonymous,,synthetic
"11. ""The KLM flight was standard. The in-flight entertainment was a bit outdated but functional.""",Neutral,Unknown,General,Anonymous,,synthetic
"12. ""The flight with Cathay Pacific was standard. The food could have been better, but the service was efficient.""",Neutral,Unknown,General,Anonymous,,synthetic
"13. ""Etihad Airways offered a usual flight experience. The crew was professional, and the plane was clean.""",Neutral,Unknown,General,Anonymous,,synthetic
"14. ""The flight on Southwest Airlines was as expected. The free checked bag policy was appreciated.""",Neutral,Unknown,General,Anonymous,,synthetic
"15. ""The Ryanair flight was generally okay. The flight was punctual, but the seats were a little cramped.""",Neutral,Unknown,General,Anonymous,,synthetic
"16. ""The Singapore Airlines flight was typical. The service was good, and the in-flight entertainment was satisfactory.""",Neutral,Unknown,General,Anonymous,,synthetic
"17. ""The experience on Turkish Airlines was average. The food was decent, and the seating was comfortable.""",Neutral,Unknown,General,Anonymous,,synthetic
"18. ""The Virgin Atlantic flight was generally good. The boarding process was smooth, and the in-flight service was efficient.""",Neutral,Unknown,General,Anonymous,,synthetic
"19. ""The Aer Lingus flight was acceptable. The staff was courteous, and the plane landed on time.""",Neutral,Unknown,General,Anonymous,,synthetic
"20. ""The Alitalia flight was as expected. The meals were standard airline fare, and the seating was average.""",Neutral,Unknown,General,Anonymous,,synthetic
"1. ""Flight was on time and the cabin was clean. Standard service for a short-haul flight.""",Neutral,Unknown,General,Anonymous,,synthetic
"2. ""The crew was professional and courteous. The food was average for airline fare.""",Neutral,Unknown,General,Anonymous,,synthetic
"3. ""The in-flight entertainment had a decent selection, but the screen was a bit small. Overall, a satisfactory flight.""",Neutral,Unknown,General,Anonymous,,synthetic
"4. ""Check-in process was efficient. The in-flight service was acceptable, though nothing extraordinary.""",Neutral,Unknown,General,Anonymous,,synthetic
"5. ""Legroom was a bit tight but manageable for a short flight. The crew was polite and professional.""",Neutral,Unknown,General,Anonymous,,synthetic
"6. ""The flight was delayed, but the airline kept us updated. The onboard meal was standard.""",Neutral,Unknown,General,Anonymous,,synthetic
"7. ""The flight was comfortable enough. The staff was polite, but the food was just okay.""",Neutral,Unknown,General,Anonymous,,synthetic
"8. ""The boarding process was smooth. The seat comfort and in-flight entertainment were average.""",Neutral,Unknown,General,Anonymous,,synthetic
"9. ""The flight landed on time, and the baggage reclaim was quick. The in-flight meal was typical airline food.""",Neutral,Unknown,General,Anonymous,,synthetic
"10. ""The cabin was a bit cramped, but the flight itself was smooth. Decent service for the price.""",Neutral,Unknown,General,Anonymous,,synthetic
"11. ""The flight attendants were professional. The seat could have been more comfortable, but it was just a short flight.""",Neutral,Unknown,General,Anonymous,,synthetic
"12. ""The check-in process was quick and efficient. The in-flight services were satisfactory.""",Neutral,Unknown,General,Anonymous,,synthetic
"13. ""The flight was on time and the cabin crew was helpful. The food was typical for airline standards.""",Neutral,Unknown,General,Anonymous,,synthetic
"14. ""The airline provided good communication regarding a slight delay. The in-flight entertainment selection was average.""",Neutral,Unknown,General,Anonymous,,synthetic
"15. ""The flight was punctual and the staff was polite. The legroom was a bit limited.""",Neutral,Unknown,General,Anonymous,,synthetic
"16. ""The boarding process was orderly. The seat was comfortable but the meal was quite average.""",Neutral,Unknown,General,Anonymous,,synthetic
"17. ""The flight was uneventful with standard in-flight services. The crew was polite but not overly friendly.""",Neutral,Unknown,General,Anonymous,,synthetic
"18. ""The plane was clean and the flight was punctual. The legroom was somewhat limited.""",Neutral,Unknown,General,Anonymous,,synthetic
"19. ""The check-in process was efficient and the flight left on time. The food was typical airline food.""",Neutral,Unknown,General,Anonymous,,synthetic
"20. ""The flight was on time and the cabin was clean. The in-flight entertainment was okay, but not remarkable.""",Neutral,Unknown,General,Anonymous,,synthetic
"1. ""The flight with Airline X was okay. The staff was polite and the plane departed on time. The in-flight meal could be better, though.""",Neutral,Unknown,General,Anonymous,,synthetic
"2. ""My flight with Airline Y was decent. I appreciated the easy online check-in process and the comfortable seating.""",Neutral,Unknown,General,Anonymous,,synthetic
"3. ""Airline Z provided an average flying experience. The legroom was adequate, but the entertainment system was a tad outdated.""",Neutral,Unknown,General,Anonymous,,synthetic
"4. ""My journey with Airline A was fine. The flight was on time, but the cabin was a bit colder than preferred.""",Neutral,Unknown,General,Anonymous,,synthetic
"5. ""The overall experience with Airline B was acceptable. The food quality was good, but the service was slightly slow.""",Neutral,Unknown,General,Anonymous,,synthetic
"6. ""Airline C offered a satisfactory flight. The boarding process was smooth but the inflight entertainment was lacking.""",Neutral,Unknown,General,Anonymous,,synthetic
"7. ""Airline D's flight was alright. The seats were comfortable enough for a long journey but the food variety was limited.""",Neutral,Unknown,General,Anonymous,,synthetic
"8. ""I had a reasonable experience with Airline E. The staff was professional, though the aircraft seemed a bit old.""",Neutral,Unknown,General,Anonymous,,synthetic
"9. ""Airline F was okay for a short haul flight. The flight was punctual, but the legroom was slightly cramped.""",Neutral,Unknown,General,Anonymous,,synthetic
"10. ""My flight experience with Airline G was acceptable. The cabin was clean, but the inflight Wi-Fi was not the best.""",Neutral,Unknown,General,Anonymous,,synthetic
"11. ""Airline H provided an adequate service. The baggage handling was efficient, but the cabin crew could be more attentive.""",Neutral,Unknown,General,Anonymous,,synthetic
"12. ""The overall experience with Airline I was decent. The food was tasty, but the seats could use more cushioning.""",Neutral,Unknown,General,Anonymous,,synthetic
"13. ""Airline J was satisfactory for an economy class flight. The check-in process was straightforward, but the inflight meal options were limited.""",Neutral,Unknown,General,Anonymous,,synthetic
"14. ""I had a fair journey with Airline K. The flight was on time, but the in-flight entertainment was a bit disappointing.""",Neutral,Unknown,General,Anonymous,,synthetic
"15. ""Airline L provided a standard service. The boarding process was smooth, but the food quality was just average.""",Neutral,Unknown,General,Anonymous,,synthetic
"16. ""The flight with Airline M was fine. The staff was friendly, but the plane could use an upgrade.""",Neutral,Unknown,General,Anonymous,,synthetic
"17. ""Airline N offered a fair flying experience. The legroom was okay, but the temperature control in the cabin could be better.""",Neutral,Unknown,General,Anonymous,,synthetic
"18. ""My trip with Airline O was standard. The flight was punctual, but the in-flight entertainment options were limited.""",Neutral,Unknown,General,Anonymous,,synthetic
"19. ""I had a typical experience with Airline P. The check-in process was efficient, but the food could be improved.""",Neutral,Unknown,General,Anonymous,,synthetic
"20. ""Airline Q provided a normal service. The flight attendants were professional, but the plane seemed quite old.""",Neutral,Unknown,General,Anonymous,,synthetic
"1. The in-flight service on Airline X was efficient, with staff attending to passenger needs promptly.",Neutral,Unknown,General,Anonymous,,synthetic
"2. The seat comfort on Airline Y could use some improvements, but the in-flight entertainment selection was diverse.",Neutral,Unknown,General,Anonymous,,synthetic
"3. Airline Z offers a standard selection of food choices and beverages, with nothing particularly extraordinary.",Neutral,Unknown,General,Anonymous,,synthetic
"4. Airline A's flight was on time, and the boarding process was fairly organized.",Neutral,Unknown,General,Anonymous,,synthetic
"5. The seats on Airline B were somewhat cramped, but the cleanliness of the cabin was commendable.",Neutral,Unknown,General,Anonymous,,synthetic
"6. Airline C offered a smooth check-in process, but the layover time was longer than preferred.",Neutral,Unknown,General,Anonymous,,synthetic
"7. On my recent flight with Airline D, the cabin crew was professional and the in-flight meal was average.",Neutral,Unknown,General,Anonymous,,synthetic
"8. The customer service at the Airline E check-in counter was adequate, with no significant issues.",Neutral,Unknown,General,Anonymous,,synthetic
"9. Airline F's flight was slightly delayed, but the communication from the crew about the situation was clear.",Neutral,Unknown,General,Anonymous,,synthetic
"10. The legroom on Airline G was average, and the in-flight meal was satisfactory.",Neutral,Unknown,General,Anonymous,,synthetic
"11. Airline H's baggage handling was efficient, with no issues upon arrival.",Neutral,Unknown,General,Anonymous,,synthetic
"12. The cabin temperature on Airline I's flight was a bit warm, but the overall flight experience was standard.",Neutral,Unknown,General,Anonymous,,synthetic
"13. The ticket booking process on Airline J's website was straightforward, and the flight departed on schedule.",Neutral,Unknown,General,Anonymous,,synthetic
"14. Airline K's inflight snacks were okay, and the beverage options were standard.",Neutral,Unknown,General,Anonymous,,synthetic
"15. Flight attendants on Airline L's flight were polite, and the seat reclining feature worked properly.",Neutral,Unknown,General,Anonymous,,synthetic
"16. While the in-flight movie selection on Airline M was somewhat limited, the headphones provided were comfortable.",Neutral,Unknown,General,Anonymous,,synthetic
"17. Airline N's flight had a smooth take-off and landing, but the in-flight Wi-Fi was a bit slow.",Neutral,Unknown,General,Anonymous,,synthetic
"18. The ground staff at Airline O was efficient, but the waiting area could use more seating options.",Neutral,Unknown,General,Anonymous,,synthetic
"19. The baggage claim process at Airline P was a bit slow, but the luggage arrived in good condition.",Neutral,Unknown,General,Anonymous,,synthetic
"20. The seats on Airline Q were adequately comfortable for a short-haul flight, and the in-flight magazine was quite informative.",Neutral,Unknown,General,Anonymous,,synthetic
"1. ""On my flight with Airline A, the service was standard with no exceptional events. The cabin crew was professional and the in-flight meal was satisfactory.""",Neutral,Unknown,General,Anonymous,,synthetic
"2. ""Flight B was on time and the onboard amenities were as expected. The seats could use a bit more padding for comfort.""",Neutral,Unknown,General,Anonymous,,synthetic
"3. ""Airline C provided decent legroom on their long-haul flight. The in-flight entertainment could use an update, but it was satisfactory.""",Neutral,Unknown,General,Anonymous,,synthetic
"4. ""The ticketing process with Airline D was smooth and efficient. The cabin was clean, but the temperature was slightly cold.""",Neutral,Unknown,General,Anonymous,,synthetic
"5. ""Airline E's staff was courteous and prompt, and the seats were comfortable enough for a short flight. The food was average.""",Neutral,Unknown,General,Anonymous,,synthetic
"6. ""Airline F's flight was on time and the boarding process was well-organized. The in-flight meal was satisfactory.""",Neutral,Unknown,General,Anonymous,,synthetic
"7. ""The economy class on Airline G's flight was as expected. The service was professional and the plane landed on time.""",Neutral,Unknown,General,Anonymous,,synthetic
"8. ""Airline H's short haul flight was comfortable. The snacks served were okay, nothing outstanding.""",Neutral,Unknown,General,Anonymous,,synthetic
"9. ""The booking process with Airline I was straightforward. The cabin cleanliness was adequate, and the staff was professional.""",Neutral,Unknown,General,Anonymous,,synthetic
"10. ""Airline J's flight provided a fair amount of entertainment options. The flight was mostly smooth, with minor turbulence.""",Neutral,Unknown,General,Anonymous,,synthetic
"11. ""Airline K's check-in process was smooth and the staff was professional. The food was average, but the flight was on time.""",Neutral,Unknown,General,Anonymous,,synthetic
"12. ""Airline L's flight was generally comfortable. The in-flight meal was standard, and the service was satisfactory.""",Neutral,Unknown,General,Anonymous,,synthetic
"13. ""Airline M's flight attendants were courteous. The seat comfort was fair for a long-haul flight.""",Neutral,Unknown,General,Anonymous,,synthetic
"14. ""Airline N's flight was on time and the baggage handling was efficient. The in-flight entertainment was satisfactory.""",Neutral,Unknown,General,Anonymous,,synthetic
"15. ""Airline O's boarding process was well-organized, and the cabin was clean. The food options could use a bit more variety.""",Neutral,Unknown,General,Anonymous,,synthetic
"16. ""Airline P's flight was on schedule. The legroom was adequate for a short flight, and the service was professional.""",Neutral,Unknown,General,Anonymous,,synthetic
"17. ""Airline Q's service was standard, with the check-in process being efficient. The in-flight meal was satisfactory.""",Neutral,Unknown,General,Anonymous,,synthetic
"18. ""Airline R's flight was comfortable. The cabin crew was professional, and the in-flight entertainment was okay.""",Neutral,Unknown,General,Anonymous,,synthetic
"19. ""Airline S's flight offered a smooth journey. The seat comfort was fair, and the meal service was on time.""",Neutral,Unknown,General,Anonymous,,synthetic
"20. ""Airline T's flight was on time. The check-in process was efficient, and the cabin crew provided satisfactory service.""",Neutral,Unknown,General,Anonymous,,synthetic
1. The flight was on time and the cabin was clean. The meal served was average and the staff was professional.,Neutral,Unknown,General,Anonymous,,synthetic
"2. The airline offered comfortable seating, but the in-flight entertainment could use an upgrade. The flight departed and arrived as scheduled.",Neutral,Unknown,General,Anonymous,,synthetic
"3. The ticketing process was smooth, however, the check-in lines were quite long. Overall, the services were quite standard.",Neutral,Unknown,General,Anonymous,,synthetic
"4. The cabin crew was polite and helpful, but the food selection was limited. The flight was punctual.",Neutral,Unknown,General,Anonymous,,synthetic
"5. The flight was fairly comfortable, though the legroom was a bit tight. The in-flight meal was satisfactory.",Neutral,Unknown,General,Anonymous,,synthetic
"6. The boarding process was organized and the flight left on time. The food was average, but the crew was friendly.",Neutral,Unknown,General,Anonymous,,synthetic
"7. The flight was a bit delayed, but the communication from the crew was efficient. The meals served were standard airline fare.",Neutral,Unknown,General,Anonymous,,synthetic
"8. The seats in economy class were reasonably comfortable. The in-flight entertainment was decent, but the headphones provided were of average quality.",Neutral,Unknown,General,Anonymous,,synthetic
9. The check-in process was swift and the staff was courteous. The meal served on-flight was mediocre.,Neutral,Unknown,General,Anonymous,,synthetic
"10. The flight departed and arrived on time. The cabin was clean, but the seats were slightly uncomfortable for a long flight.",Neutral,Unknown,General,Anonymous,,synthetic
"11. The airline offered a standard in-flight service. The crew was professional, but the food could have been better.",Neutral,Unknown,General,Anonymous,,synthetic
"12. The flight was slightly delayed, but the airline kept us informed. The cabin crew was polite and the food was okay.",Neutral,Unknown,General,Anonymous,,synthetic
"13. The flight was punctual and the crew was professional. The seating was a bit cramped, but the cleanliness was maintained.",Neutral,Unknown,General,Anonymous,,synthetic
"14. The airline offered an average in-flight service. The crew was polite, but the in-flight entertainment needed an upgrade.",Neutral,Unknown,General,Anonymous,,synthetic
"15. The boarding process was smooth and the flight was on time. The legroom was adequate, but the food was average.",Neutral,Unknown,General,Anonymous,,synthetic
"16. The check-in process was efficient, but the boarding was somewhat disorganized. The flight departed and landed on time.",Neutral,Unknown,General,Anonymous,,synthetic
"17. The in-flight service was standard and the crew was professional. The food was reasonable, but the seating was slightly cramped.",Neutral,Unknown,General,Anonymous,,synthetic
"18. The flight was on time and the cabin was clean. The in-flight meal was average, but the crew was attentive.",Neutral,Unknown,General,Anonymous,,synthetic
"19. The airline's service was satisfactory. The crew was polite, but the food and in-flight entertainment were average.",Neutral,Unknown,General,Anonymous,,synthetic
"20. The flight departed and arrived as scheduled. The seating was comfortable, but the food could use some improvement.",Neutral,Unknown,General,Anonymous,,synthetic
"1. ""Airline X provided a serviceable journey. The flight departed on time, the staff was courteous, and the onboard amenities were as expected.""",Neutral,Unknown,General,Anonymous,,synthetic
"2. ""My flight with Airline Y was adequate. The in-flight meal was of average quality, and the legroom was somewhat limited but tolerable.""",Neutral,Unknown,General,Anonymous,,synthetic
"3. ""Airline Z offered a standard flight experience. The ticket process was straightforward, the cabin was clean, and the in-flight entertainment was satisfactory.""",Neutral,Unknown,General,Anonymous,,synthetic
"4. ""Airline A's service was acceptable. The flight attendants were professional and the plane departed and arrived on schedule.""",Neutral,Unknown,General,Anonymous,,synthetic
"5. ""Airline B provided a decent travel experience. The onboard meal was mediocre but the flight was smooth and we arrived on time.""",Neutral,Unknown,General,Anonymous,,synthetic
"6. ""Airline C was satisfactory. The seats were a little cramped but the crew was friendly and the plane was well-maintained.""",Neutral,Unknown,General,Anonymous,,synthetic
"7. ""Flying with Airline D was an average experience. The check-in process was hassle-free and the flight was comfortable enough.""",Neutral,Unknown,General,Anonymous,,synthetic
"8. ""Airline E provided a middling flight experience. The cabin was a bit dated but the flight crew was attentive and the journey was smooth.""",Neutral,Unknown,General,Anonymous,,synthetic
"9. ""Airline F was average. The food was typical airline fare, the service was prompt, and the seats were reasonably comfortable.""",Neutral,Unknown,General,Anonymous,,synthetic
"10. ""My experience with Airline G was unremarkably satisfactory. The pilots made good time and the flight attendants were polite.""",Neutral,Unknown,General,Anonymous,,synthetic
"11. ""Airline H was standard. The plane was clean, the staff was competent, and the in-flight entertainment was current.""",Neutral,Unknown,General,Anonymous,,synthetic
"12. ""Airline I provided an acceptable service. The seats were a little tight but the flight was punctual and the staff was professional.""",Neutral,Unknown,General,Anonymous,,synthetic
"13. ""Airline J offered a standard flight experience. The ticketing process was smooth, the cabin crew was courteous, and the onboard food was tolerable.""",Neutral,Unknown,General,Anonymous,,synthetic
"14. ""Airline K was satisfactory. The onboard conditions were clean, the staff was polite, and the flight was on time.""",Neutral,Unknown,General,Anonymous,,synthetic
"15. ""My flight with Airline L was average. The in-flight entertainment was decent, and the staff was helpful, but the food could be improved.""",Neutral,Unknown,General,Anonymous,,synthetic
"16. ""Airline M was competent. The flight took off and landed on time, and the cabin crew was efficient.""",Neutral,Unknown,General,Anonymous,,synthetic
"17. ""Airline N provided a reasonable service. The seats were comfortable enough, and the flight crew was friendly.""",Neutral,Unknown,General,Anonymous,,synthetic
"18. ""Airline O's flight was typical. The check-in process went smoothly, the cabin was tidy, and the staff was professional.""",Neutral,Unknown,General,Anonymous,,synthetic
"19. ""Airline P was adequate. The food was standard, the flight was timely, and the staff was courteous.""",Neutral,Unknown,General,Anonymous,,synthetic
"20. ""My experience with Airline Q was average. The inflight service was satisfactory, the food was average, and the flight departed and arrived as scheduled.""",Neutral,Unknown,General,Anonymous,,synthetic
1. The flight with Air Canada was on time and the in-flight service was adequate. The food could use some improvement.,Neutral,Unknown,General,Anonymous,,synthetic
"2. I had an average experience with Delta Airlines, the seats were reasonably comfortable and staff were professional.",Neutral,Unknown,General,Anonymous,,synthetic
"3. American Airlines' flight was satisfactory, with on-time departure and arrival. The legroom was a bit tight, though.",Neutral,Unknown,General,Anonymous,,synthetic
4. Lufthansa offered a consistent flight experience with decent in-flight entertainment. The meals were standard airline fare.,Neutral,Unknown,General,Anonymous,,synthetic
"5. British Airways provided a smooth check-in process and on-time flight, although the in-flight food was just okay.",Neutral,Unknown,General,Anonymous,,synthetic
6. I flew with Emirates and the flight was punctual. The staff was courteous but the seats could use a little more padding.,Neutral,Unknown,General,Anonymous,,synthetic
7. Qantas' flight was on schedule and the cabin was clean. The meal options were limited though.,Neutral,Unknown,General,Anonymous,,synthetic
"8. United Airlines provided a serviceable experience. The flight attendants were polite, but the food was not memorable.",Neutral,Unknown,General,Anonymous,,synthetic
"9. The flight with Turkish Airlines was smooth, the seats were okay comfort wise. The in-flight entertainment had a good variety.",Neutral,Unknown,General,Anonymous,,synthetic
10. Air France's flight was on time and the crew was professional. The legroom was a bit limited though.,Neutral,Unknown,General,Anonymous,,synthetic
11. Singapore Airlines provided an average flight experience. The crew was helpful but the food was nothing special.,Neutral,Unknown,General,Anonymous,,synthetic
"12. Etihad had a punctual departure and arrival. The in-flight entertainment was satisfactory, but the food was just okay.",Neutral,Unknown,General,Anonymous,,synthetic
13. Virgin Atlantic's flight was on schedule but the seats were a bit cramped. The cabin crew was friendly.,Neutral,Unknown,General,Anonymous,,synthetic
14. Cathay Pacific provided a reasonable flight experience. The cabin was clean but the food was average.,Neutral,Unknown,General,Anonymous,,synthetic
"15. I traveled with Qatar Airways, the journey was smooth but the seats were a bit uncomfortable. The staff was professional.",Neutral,Unknown,General,Anonymous,,synthetic
"16. KLM's flight was punctual, the legroom was satisfactory. The meal options were limited.",Neutral,Unknown,General,Anonymous,,synthetic
"17. Swiss International Air Lines flight was on time, the in-flight service was okay. The food could use some improvement.",Neutral,Unknown,General,Anonymous,,synthetic
"18. Ryanair's flight was on schedule, the seats were a bit tight. The staff was professional.",Neutral,Unknown,General,Anonymous,,synthetic
19. EasyJet provided an average flight experience. The check-in process was smooth but the in-flight entertainment options were limited.,Neutral,Unknown,General,Anonymous,,synthetic
"20. With JetBlue, the flight was on time and the cabin was clean. The in-flight service was just average though.",Neutral,Unknown,General,Anonymous,,synthetic
"1. ""The flight with Airline A departed on time and arrived as scheduled. The inflight meal was decent and the crew was courteous.""",Neutral,Unknown,General,Anonymous,,synthetic
"2. ""Airline B offered a smooth check-in process. The legroom was standard, not too spacious but not too cramped either.""",Neutral,Unknown,General,Anonymous,,synthetic
"3. ""I flew with Airline C recently. The inflight entertainment could use some updating, but the flight itself was punctual.""",Neutral,Unknown,General,Anonymous,,synthetic
"4. ""The staff on Airline D were professional and the aircraft was clean. The food was average.""",Neutral,Unknown,General,Anonymous,,synthetic
"5. ""Airline E provided a satisfactory service. There were slight delays, but the communication was clear.""",Neutral,Unknown,General,Anonymous,,synthetic
"6. ""The flight with Airline F was average. The seats were comfortable enough for a short-haul flight.""",Neutral,Unknown,General,Anonymous,,synthetic
"7. ""Airline G's service met the standard expectations. The ticket prices were reasonable and the flight was comfortable.""",Neutral,Unknown,General,Anonymous,,synthetic
"8. ""Airline H's flight was as expected: basic amenities provided, on-time departure, and the cabin was kept clean.""",Neutral,Unknown,General,Anonymous,,synthetic
"9. ""The flight with Airline I was pretty standard. The crew was efficient, although the variety of food offered could have been better.""",Neutral,Unknown,General,Anonymous,,synthetic
"10. ""Airline J offered a satisfactory flight experience. The seats were average in terms of comfort and the boarding process was smooth.""",Neutral,Unknown,General,Anonymous,,synthetic
"11. ""The flight with Airline K was on schedule. The onboard services were standard, nothing extraordinary.""",Neutral,Unknown,General,Anonymous,,synthetic
"12. ""Airline L's service was good. The staff was polite and the flight reached the destination on time.""",Neutral,Unknown,General,Anonymous,,synthetic
"13. ""The flight experience with Airline M was average. The food quality was on par with other airlines.""",Neutral,Unknown,General,Anonymous,,synthetic
"14. ""Airline N provided an acceptable travel experience. The seats were comfortable and the cabin was clean, though the inflight entertainment was limited.""",Neutral,Unknown,General,Anonymous,,synthetic
"15. ""Airline O's flight was punctual. The crew members were professional but the food was just okay.""",Neutral,Unknown,General,Anonymous,,synthetic
"16. ""The overall experience with Airline P was decent. The check-in process was smooth and the flight was on time.""",Neutral,Unknown,General,Anonymous,,synthetic
"17. ""Airline Q’s flight was satisfactory. The legroom was just adequate and the services were standard.""",Neutral,Unknown,General,Anonymous,,synthetic
"18. ""Airline R provided a standard flight service. The crew was polite and the flight was on time.""",Neutral,Unknown,General,Anonymous,,synthetic
"19. ""The flight with Airline S was average. The food served was okay and the legroom was decent.""",Neutral,Unknown,General,Anonymous,,synthetic
"20. ""Airline T's flight was as expected. The flight took off and landed on time, the cabin was clean, but the inflight entertainment options were limited.""",Neutral,Unknown,General,Anonymous,,synthetic
"1. My flight with Airline A was satisfactory. The seat was comfortable and the crew was polite, but the in-flight meal could use some improvement.",Neutral,Unknown,General,Anonymous,,synthetic
"2. Airline B delivered a standard service. The flight departed and arrived on time, but the legroom was limited.",Neutral,Unknown,General,Anonymous,,synthetic
"3. The overall experience with Airline C was average. The ticket booking process was straightforward, but the in-flight entertainment could be better.",Neutral,Unknown,General,Anonymous,,synthetic
"4. I had a typical experience with Airline D. The check-in process was smooth, but the plane seemed a bit old.",Neutral,Unknown,General,Anonymous,,synthetic
"5. My journey with Airline E was basic but satisfactory. The cabin was clean, though the food could be better.",Neutral,Unknown,General,Anonymous,,synthetic
"6. Airline F provided a reasonable service. The staff was professional and the flight was punctual, but the seat was a little cramped.",Neutral,Unknown,General,Anonymous,,synthetic
"7. The flight with Airline G was decent. The plane was modern and the crew was friendly, but the baggage handling took longer than expected.",Neutral,Unknown,General,Anonymous,,synthetic
"8. Airline H delivered an adequate service. The flight was quiet and smooth, but the meal options were quite limited.",Neutral,Unknown,General,Anonymous,,synthetic
"9. My experience with Airline I was fairly standard. The cabin crew was attentive, but the in-flight entertainment was outdated.",Neutral,Unknown,General,Anonymous,,synthetic
"10. Airline J provided a common flying experience. The flight was on time and the check-in process was efficient, but the cabin temperature was a little too cold.",Neutral,Unknown,General,Anonymous,,synthetic
"11. My trip with Airline K was alright. The seat was comfortable enough for a short flight, but the food was average at best.",Neutral,Unknown,General,Anonymous,,synthetic
"12. Airline L offered a standard service. The flight departed on time and the cabin was clean, but the legroom was fairly limited.",Neutral,Unknown,General,Anonymous,,synthetic
"13. The flight with Airline M was acceptable. The crew was responsive, but the baggage claim process was slow.",Neutral,Unknown,General,Anonymous,,synthetic
"14. Airline N provided a satisfactory service. The boarding process was smooth, but the food was a bit bland.",Neutral,Unknown,General,Anonymous,,synthetic
"15. My experience with Airline O was decent. The flight was punctual and the staff was professional, but the seat was a bit uncomfortable.",Neutral,Unknown,General,Anonymous,,synthetic
"16. Airline P provided a decent service. The flight attendants were friendly, but the in-flight entertainment system was a bit old.",Neutral,Unknown,General,Anonymous,,synthetic
"17. The journey with Airline Q was passable. The flight was smooth and the check-in process was seamless, but the food options were limited.",Neutral,Unknown,General,Anonymous,,synthetic
"18. Airline R offered a standard flying experience. The cabin was clean and the flight was on time, but the seat was a bit narrow.",Neutral,Unknown,General,Anonymous,,synthetic
"19. My flight with Airline S was acceptable. The crew was polite and the plane was modern, but the legroom was not very generous.",Neutral,Unknown,General,Anonymous,,synthetic
"20. Airline T delivered a standard service. The flight departed and arrived on schedule, but the in-flight meal could be more varied.",Neutral,Unknown,General,Anonymous,,synthetic
"1. ""The flight with Delta Airlines was on time. The seats were fairly comfortable and the in-flight meal was satisfactory.""",Neutral,Unknown,General,Anonymous,,synthetic
"2. ""Air Canada provided a standard flying experience. The cabin crew was professional and the plane departed and landed on schedule.""",Neutral,Unknown,General,Anonymous,,synthetic
"3. ""Flying with Lufthansa was as expected. No major issues to report - check-in was smooth and the in-flight entertainment had a decent selection.""",Neutral,Unknown,General,Anonymous,,synthetic
"4. ""Southwest Airlines had a punctual departure and arrival. The legroom was adequate and the cabin was clean.""",Neutral,Unknown,General,Anonymous,,synthetic
"5. ""The in-flight service on Qatar Airways was good. The flight attendants were attentive and the food was average.""",Neutral,Unknown,General,Anonymous,,synthetic
"6. ""Emirates offered a typical long-haul flight experience. The seat was comfortable for sleeping and the meals were satisfactory.""",Neutral,Unknown,General,Anonymous,,synthetic
"7. ""The flight with American Airlines went without any significant issues. The plane was a bit older, but it was clean and the crew was friendly.""",Neutral,Unknown,General,Anonymous,,synthetic
"8. ""Air France provided a standard service. The cabin crew was professional and the food served was average.""",Neutral,Unknown,General,Anonymous,,synthetic
"9. ""British Airways' flight was uneventful. The check-in process was efficient and the in-flight service was reasonable.""",Neutral,Unknown,General,Anonymous,,synthetic
"10. ""Etihad Airways provided a decent travel experience. The plane was clean, the food was okay, and the staff was polite.""",Neutral,Unknown,General,Anonymous,,synthetic
"11. ""The flight with United Airlines was average. The cabin was a bit cramped but the service was professional.""",Neutral,Unknown,General,Anonymous,,synthetic
"12. ""Virgin Atlantic's service was on par with other airlines. The in-flight entertainment was good and the food was acceptable.""",Neutral,Unknown,General,Anonymous,,synthetic
"13. ""Turkish Airlines offered an ordinary flight experience. The seating was comfortable enough and the flight was punctual.""",Neutral,Unknown,General,Anonymous,,synthetic
"14. ""Ryanair's flight was as expected. The flight was on time and the cabin crew was professional.""",Neutral,Unknown,General,Anonymous,,synthetic
"15. ""The flight with EasyJet was average. There was minimal delay and the cabin was clean.""",Neutral,Unknown,General,Anonymous,,synthetic
"16. ""Alitalia's service was decent. The check-in process was smooth and the flight attendants were friendly.""",Neutral,Unknown,General,Anonymous,,synthetic
"17. ""JetBlue's flight was standard. The legroom was satisfactory and the flight was on time.""",Neutral,Unknown,General,Anonymous,,synthetic
"18. ""The service on Cathay Pacific was acceptable. The in-flight meal was average and the cabin crew was professional.""",Neutral,Unknown,General,Anonymous,,synthetic
"19. ""Singapore Airlines offered a standard flight experience. The cabin was clean, the staff was polite, and the entertainment options were sufficient.""",Neutral,Unknown,General,Anonymous,,synthetic
"20. ""The flight with Aeroflot was uneventful. The check-in process was efficient, the seat was comfortable, and the food was acceptable.""",Neutral,Unknown,General,Anonymous,,synthetic
"1. On my recent flight with Delta Airlines, the service was generally adequate. The seats could have been more comfortable but overall, it was an okay experience.",Neutral,Unknown,General,Anonymous,,synthetic
"2. The flight with Lufthansa was punctual and the crew was polite. The food, however, was rather average.",Neutral,Unknown,General,Anonymous,,synthetic
3. Qatar Airways provided a satisfactory in-flight service. The legroom was decent but the entertainment options could be improved.,Neutral,Unknown,General,Anonymous,,synthetic
"4. Flying with Air Canada was quite standard. The flight was on time, but the boarding process could have been smoother.",Neutral,Unknown,General,Anonymous,,synthetic
"5. The journey with KLM was pretty much normal. The airline offered a good amount of baggage allowance, but the cabin was a bit crowded.",Neutral,Unknown,General,Anonymous,,synthetic
6. Southwest Airlines offered a decent flying experience. The check-in process was easy but the in-flight food was nothing to write home about.,Neutral,Unknown,General,Anonymous,,synthetic
"7. The flight with Emirates was average. The cabin was clean, but the in-flight entertainment was limited.",Neutral,Unknown,General,Anonymous,,synthetic
"8. British Airways delivered a typical flying experience. The seats were comfortable, but the service could have been faster.",Neutral,Unknown,General,Anonymous,,synthetic
"9. My flight with EasyJet was quite ordinary. The flight was on time, but the legroom was a bit tight.",Neutral,Unknown,General,Anonymous,,synthetic
"10. The service on JetBlue was acceptable. The crew was friendly, but the food options were limited.",Neutral,Unknown,General,Anonymous,,synthetic
"11. My recent flight with American Airlines was fairly standard. The flight departed on time, but the airplane was a bit older.",Neutral,Unknown,General,Anonymous,,synthetic
"12. Turkish Airlines provided an average service. The flight was smooth, but the selection of movies was quite limited.",Neutral,Unknown,General,Anonymous,,synthetic
"13. Ryanair provided a standard low-cost experience. The flight was on time, but the seats were not as comfortable.",Neutral,Unknown,General,Anonymous,,synthetic
"14. The journey with Virgin Atlantic was average. The inflight meals were fine, but the cabin temperature was a bit too cold.",Neutral,Unknown,General,Anonymous,,synthetic
"15. Etihad Airways provided a satisfactory service. The check-in process was smooth, but the food could have been better.",Neutral,Unknown,General,Anonymous,,synthetic
"16. The flight with United Airlines was quite ordinary. The staff was polite, but the legroom was a bit restricted.",Neutral,Unknown,General,Anonymous,,synthetic
"17. On my flight with Air France, the service was average. The flight was on time, but the baggage claim took a bit longer.",Neutral,Unknown,General,Anonymous,,synthetic
"18. The service on Alaska Airlines was fairly standard. The crew was attentive, but the seats were a bit cramped.",Neutral,Unknown,General,Anonymous,,synthetic
"19. My recent flight with Cathay Pacific was acceptable. The inflight entertainment was good, but the food was average.",Neutral,Unknown,General,Anonymous,,synthetic
"20. The journey with Aer Lingus was quite standard. The staff was helpful, but the flight was slightly delayed.",Neutral,Unknown,General,Anonymous,,synthetic
"1. ""American Airlines offered a satisfactory service. The flight departed and landed on time, with no major issues during the journey.""",Neutral,Unknown,General,Anonymous,,synthetic
"2. ""Delta Air Lines flight was acceptable. The inflight meal could be improved, but the staff was courteous.""",Neutral,Unknown,General,Anonymous,,synthetic
"3. ""British Airways provided a comfortable flying experience. The seats had plenty of legroom, although the inflight entertainment was limited.""",Neutral,Unknown,General,Anonymous,,synthetic
"4. ""The Ryanair flight was fairly punctual. The cabin service was rather basic but sufficient for a short haul flight.""",Neutral,Unknown,General,Anonymous,,synthetic
"5. ""The flight with Southwest Airlines was average. There was a slight delay, but the crew kept passengers well informed.""",Neutral,Unknown,General,Anonymous,,synthetic
"6. ""Emirates provided an acceptable service. The food was decent and the airline staff was professional.""",Neutral,Unknown,General,Anonymous,,synthetic
"7. ""The Lufthansa flight was fine. The plane was clean, but the check-in process took a little longer than expected.""",Neutral,Unknown,General,Anonymous,,synthetic
"8. ""The Air France flight was standard. The legroom was adequate and the flight attendants were attentive.""",Neutral,Unknown,General,Anonymous,,synthetic
"9. ""The United Airlines flight was satisfactory. The in-flight meal was not exceptional, but the flight itself was smooth.""",Neutral,Unknown,General,Anonymous,,synthetic
"10. ""The flight with Qantas was unremarkable. The staff was polite, but the selection of movies was not very diverse.""",Neutral,Unknown,General,Anonymous,,synthetic
"11. ""The flight with Air Canada was satisfactory. The boarding process was smooth, but the food was average.""",Neutral,Unknown,General,Anonymous,,synthetic
"12. ""The flight with Finnair was fine. The plane was comfortable, but the inflight entertainment could use an update.""",Neutral,Unknown,General,Anonymous,,synthetic
"13. ""The JetBlue Airways flight was acceptable. The Wi-Fi connection was slow, but the cabin crew was helpful.""",Neutral,Unknown,General,Anonymous,,synthetic
"14. ""The flight with Iberia was standard. The seating was alright, but the meal service was slow.""",Neutral,Unknown,General,Anonymous,,synthetic
"15. ""The flight with Spirit Airlines was average. There was a minor delay, but the staff was communicative.""",Neutral,Unknown,General,Anonymous,,synthetic
"16. ""The flight with Virgin Atlantic was unexceptional. The cabin was clean, but the food was rather bland.""",Neutral,Unknown,General,Anonymous,,synthetic
"17. ""The flight with Etihad Airways was fair. The crew was attentive, but the plane's interior felt a bit outdated.""",Neutral,Unknown,General,Anonymous,,synthetic
"18. ""The flight with Thai Airways was average. The seats were comfortable, but the inflight entertainment selection was limited.""",Neutral,Unknown,General,Anonymous,,synthetic
"19. ""Cathay Pacific's flight was satisfactory. The check-in process was efficient, but the meal options were not particularly impressive.""",Neutral,Unknown,General,Anonymous,,synthetic
"20. ""The flight with Singapore Airlines was fine. The staff was friendly and professional, but the legroom was somewhat restricted.""",Neutral,Unknown,General,Anonymous,,synthetic
1. The flight with Delta Airlines was on time and the plane was clean. The in-flight meal was standard and the crew was efficient.,Neutral,Unknown,General,Anonymous,,synthetic
2. Flew with United Airlines for a business trip. The seating was comfortable enough for a short flight. Service was good.,Neutral,Unknown,General,Anonymous,,synthetic
"3. The American Airlines flight was fairly uneventful. Staff were fairly friendly, and the food was as expected for airline cuisine.",Neutral,Unknown,General,Anonymous,,synthetic
4. The British Airways flight was on schedule. The cabin was kept clean and the flight crew was professional.,Neutral,Unknown,General,Anonymous,,synthetic
5. Had a decent experience flying with Southwest Airlines. The check-in process was smooth and the flight was punctual.,Neutral,Unknown,General,Anonymous,,synthetic
6. Virgin Atlantic provided a satisfactory flying experience. The staff was cordial and the in-flight entertainment options were ample.,Neutral,Unknown,General,Anonymous,,synthetic
7. The Lufthansa flight was quite comfortable. The food was average but the legroom was a pleasant surprise.,Neutral,Unknown,General,Anonymous,,synthetic
8. Turkish Airlines provided a reliable service. The seats were compact but the flight was on time.,Neutral,Unknown,General,Anonymous,,synthetic
"9. The Air Canada flight had a smooth check-in process. The flight took off and landed on time, and the staff was fairly professional.",Neutral,Unknown,General,Anonymous,,synthetic
10. Flew with Emirates and the flight was decent. The food options were varied and the seats were comfortable.,Neutral,Unknown,General,Anonymous,,synthetic
11. The Qatar Airways flight was fine. The cabin crew was attentive and the in-flight entertainment kept me occupied.,Neutral,Unknown,General,Anonymous,,synthetic
"12. Flew with Air France; the flight was punctual and the seats were comfortable. The crew was efficient, but the food was average.",Neutral,Unknown,General,Anonymous,,synthetic
13. The JetBlue Airways flight was uneventful. The plane was clean and the flight landed on time.,Neutral,Unknown,General,Anonymous,,synthetic
"14. The KLM flight was satisfactory. The staff was professional, and the in-flight entertainment options were decent.",Neutral,Unknown,General,Anonymous,,synthetic
15. The Etihad Airways flight was pretty much as expected. The flight was punctual and the staff was fairly cordial.,Neutral,Unknown,General,Anonymous,,synthetic
16. The Ryanair flight was decent for a budget airline. The seating was quite compact but the flight landed on time.,Neutral,Unknown,General,Anonymous,,synthetic
17. The Singapore Airlines flight was on time. The seats were comfortable and the cabin crew was professional.,Neutral,Unknown,General,Anonymous,,synthetic
18. The Air India flight was satisfactory. The food was typical airline fare and the flight was mostly smooth.,Neutral,Unknown,General,Anonymous,,synthetic
19. The Spirit Airlines flight was as expected for a budget airline. The flight was on time but the seating was a bit cramped.,Neutral,Unknown,General,Anonymous,,synthetic
20. The Aer Lingus flight was on schedule. The staff was professional and the airplane was kept clean.,Neutral,Unknown,General,Anonymous,,synthetic
"1. ""Airline A offered a solid service. The flight departed and arrived on schedule, and the crew was polite and helpful.""",Neutral,Unknown,General,Anonymous,,synthetic
"2. ""Airline B's economy class was pretty standard, with enough legroom and average food. The in-flight entertainment was satisfactory.""",Neutral,Unknown,General,Anonymous,,synthetic
"3. ""I flew with Airline C recently. The flight took off on time, and the attendants were professional.""",Neutral,Unknown,General,Anonymous,,synthetic
"4. ""Airline D provided a good service, nothing extraordinary. The food was okay, and the cabin was clean.""",Neutral,Unknown,General,Anonymous,,synthetic
"5. ""Airline E's flight was a common experience, with on-time departure and arrival. The staff was efficient and the cabin was comfortable.""",Neutral,Unknown,General,Anonymous,,synthetic
"6. ""The flight with Airline F was smooth. The onboard service was decent, and the flight crew was friendly.""",Neutral,Unknown,General,Anonymous,,synthetic
"7. ""Airline G's flight was average. The seat was comfortable enough for a short flight, and the meal was typical airline food.""",Neutral,Unknown,General,Anonymous,,synthetic
"8. ""I found Airline H to be a good choice for domestic travel. The flight was punctual, and the cabin crew was attentive.""",Neutral,Unknown,General,Anonymous,,synthetic
"9. ""The experience with Airline I was standard. The seats were a little cramped, but the flight was on time.""",Neutral,Unknown,General,Anonymous,,synthetic
"10. ""Airline J provided a typical flight experience. The plane was clean, and the food was of a reasonable standard.""",Neutral,Unknown,General,Anonymous,,synthetic
"11. ""Airline K's flight was fairly comfortable with a punctual departure. The in-flight meal was satisfactory.""",Neutral,Unknown,General,Anonymous,,synthetic
"12. ""I flew with Airline L recently. The flight was on schedule, the crew was professional, and the plane was clean.""",Neutral,Unknown,General,Anonymous,,synthetic
"13. ""Airline M provided a smooth flight experience with on-time departure and arrival. The seats were comfortable enough for the long journey.""",Neutral,Unknown,General,Anonymous,,synthetic
"14. ""Airline N's flight was as expected. The plane was clean, the food was average, and the staff was polite.""",Neutral,Unknown,General,Anonymous,,synthetic
"15. ""Airline O offered a decent flight. The cabin was comfortable, and the flight attendants were attentive.""",Neutral,Unknown,General,Anonymous,,synthetic
"16. ""I flew with Airline P and had an average experience. The flight was on time, and the in-flight services were okay.""",Neutral,Unknown,General,Anonymous,,synthetic
"17. ""Airline Q provided a standard service. The flight was punctual, and the cabin crew was professional.""",Neutral,Unknown,General,Anonymous,,synthetic
"18. ""The flight with Airline R was smooth and on time. The seats were a little tight, but the service was good.""",Neutral,Unknown,General,Anonymous,,synthetic
"19. ""Airline S's service was decent. The flight left on time, and the cabin crew was courteous.""",Neutral,Unknown,General,Anonymous,,synthetic
"20. ""I had a satisfactory experience with Airline T. The flight was on schedule, and the in-flight meal was average, but edible.""",Neutral,Unknown,General,Anonymous,,synthetic
"1. American Airlines: Smooth check-in, standard inflight meal, and on-time arrival. Nothing extraordinary, but nothing to complain about either.",Neutral,Unknown,General,Anonymous,,synthetic
"2. Delta Air Lines: Comfortable seating, decent in-flight entertainment options. Could use more variety in the meal options.",Neutral,Unknown,General,Anonymous,,synthetic
"3. United Airlines: Flight was on time, cabin crew was professional. The inflight meal was average.",Neutral,Unknown,General,Anonymous,,synthetic
"4. Southwest Airlines: Efficient boarding process, pleasant staff. Seats could use a bit more legroom.",Neutral,Unknown,General,Anonymous,,synthetic
"5. JetBlue: Flight departed and arrived as scheduled. The inflight snacks were okay, but the Wi-Fi was a bit slow.",Neutral,Unknown,General,Anonymous,,synthetic
"6. Alaska Airlines: The flight was on time, the plane was clean. The food was nothing special, but it was edible.",Neutral,Unknown,General,Anonymous,,synthetic
"7. Spirit Airlines: Affordable fares, bare-bones service. No free food or drinks, which was expected.",Neutral,Unknown,General,Anonymous,,synthetic
"8. Frontier Airlines: Flight was on schedule. The seating was a bit cramped, but manageable for a short flight.",Neutral,Unknown,General,Anonymous,,synthetic
"9. Hawaiian Airlines: Flight left on time and arrived slightly early. The in-flight meal was decent, but could have been warmer.",Neutral,Unknown,General,Anonymous,,synthetic
"10. Allegiant Air: On-time departure and arrival. The seats lacked padding, but for the price, it was a reasonable trade-off.",Neutral,Unknown,General,Anonymous,,synthetic
"11. Virgin Atlantic: Good on-board service, friendly staff. The entertainment system was average, with a decent selection of movies.",Neutral,Unknown,General,Anonymous,,synthetic
"12. Lufthansa: Efficient boarding process, on-time departure. In-flight meals were satisfactory, nothing more.",Neutral,Unknown,General,Anonymous,,synthetic
"13. Air Canada: Flight was punctual, cabin crew was polite. The legroom was a bit tight.",Neutral,Unknown,General,Anonymous,,synthetic
"14. Air France: Flight arrived on time, clean aircraft. The in-flight entertainment could use an upgrade.",Neutral,Unknown,General,Anonymous,,synthetic
"15. British Airways: Flight was on time, meals were okay. The cabin was a bit cold.",Neutral,Unknown,General,Anonymous,,synthetic
"16. Qantas: On-time departure, friendly staff. The food was average, could use more vegetarian options.",Neutral,Unknown,General,Anonymous,,synthetic
"17. Emirates: Punctual flight, efficient service. The in-flight entertainment selection was good, but the headphones provided were of poor quality.",Neutral,Unknown,General,Anonymous,,synthetic
"18. Cathay Pacific: Flight left on time, the cabin was clean. The meals were standard airline food.",Neutral,Unknown,General,Anonymous,,synthetic
"19. Turkish Airlines: On-time flight, polite cabin crew. The seat was a bit uncomfortable for a long flight.",Neutral,Unknown,General,Anonymous,,synthetic
"20. Singapore Airlines: Flight was on time, professional service. The in-flight meal was decent, but the dessert could have been better.",Neutral,Unknown,General,Anonymous,,synthetic
1. The flight with Airline A was punctual and the seat was comfortable enough for a short-haul flight.,Neutral,Unknown,General,Anonymous,,synthetic
"2. The in-flight entertainment system on Airline B had a good variety of movies, but the screen was somewhat small.",Neutral,Unknown,General,Anonymous,,synthetic
3. The staff on Airline C were professional but not particularly warm or friendly.,Neutral,Unknown,General,Anonymous,,synthetic
"4. Airline D's food was standard airline fare, not great, not terrible. The portion size was satisfactory.",Neutral,Unknown,General,Anonymous,,synthetic
"5. The cabin of Airline E was clean and well-maintained, but the legroom was slightly limited.",Neutral,Unknown,General,Anonymous,,synthetic
"6. Airline F provided a smooth check-in experience, but the boarding process was somewhat chaotic.",Neutral,Unknown,General,Anonymous,,synthetic
"7. The flight with Airline G was mostly quiet, but the air conditioning was a bit too cold.",Neutral,Unknown,General,Anonymous,,synthetic
"8. The flight attendants on Airline H were attentive, but the in-flight meal could have been better.",Neutral,Unknown,General,Anonymous,,synthetic
"9. On Airline I, the seat recline was minimal and the overhead storage was a bit cramped.",Neutral,Unknown,General,Anonymous,,synthetic
"10. Airline J's website was easy to navigate for booking, but the mobile app was a bit glitchy.",Neutral,Unknown,General,Anonymous,,synthetic
"11. The in-flight entertainment on Airline K was decent, although the headphone quality could be improved.",Neutral,Unknown,General,Anonymous,,synthetic
"12. Airline L had friendly staff, but the food options were rather limited for vegetarian passengers.",Neutral,Unknown,General,Anonymous,,synthetic
"13. Airline M's flight was on time and the boarding process was smooth, but the seat cushioning was thin.",Neutral,Unknown,General,Anonymous,,synthetic
"14. Airline N had clean bathrooms, but the airplane temperature was a bit warm.",Neutral,Unknown,General,Anonymous,,synthetic
"15. The WiFi on Airline O worked well, but the drink options were limited.",Neutral,Unknown,General,Anonymous,,synthetic
"16. Airline P's flight was not delayed, but the in-flight service was a bit slow.",Neutral,Unknown,General,Anonymous,,synthetic
"17. The cabin crew on Airline Q were polite and the flight landed on time, but the seats were quite narrow.",Neutral,Unknown,General,Anonymous,,synthetic
"18. Airline R's baggage handling was efficient, but the check-in queue was lengthy.",Neutral,Unknown,General,Anonymous,,synthetic
"19. The meal service on Airline S was prompt, but the food was just average.",Neutral,Unknown,General,Anonymous,,synthetic
"20. Airline T had a good selection of in-flight magazines, but the cabin lighting was too bright.",Neutral,Unknown,General,Anonymous,,synthetic
