,precision,recall,f1-score,support
POSITIVE,0.4440677966101695,0.3275,0.376978417266187,400.0
NEGATIVE,0.22350230414746544,0.485,0.305993690851735,200.0
NEUTRAL,0.27485380116959063,0.15666666666666668,0.19957537154989385,300.0
accuracy,0.3055555555555556,0.3055555555555556,0.3055555555555556,0.3055555555555556
macro avg,0.3141413006424085,0.3230555555555556,0.2941824932226053,900.0
weighted avg,0.338648577582709,0.3055555555555556,0.3020696850464333,900.0
