,precision,recall,f1-score,support
Negative,0.4116279069767442,0.44360902255639095,0.4270205066344994,399.0
Neutral,0.279317697228145,0.43521594684385384,0.34025974025974026,301.0
Positive,0.3465346534653465,0.11666666666666667,0.1745635910224439,300.0
accuracy,0.343,0.343,0.343,0.343
macro avg,0.3458267525567453,0.33183054535563716,0.31394794597222786,1000.0
weighted avg,0.3522745577889965,0.343,0.3251684412720803,1000.0
