,precision,recall,f1-score,support
Negative,0.4319526627218935,0.3659147869674185,0.39620081411126185,399.0
Neutral,0.30655391120507397,0.48172757475083056,0.37467700258397935,301.0
Positive,0.36507936507936506,0.23,0.2822085889570552,300.0
accuracy,0.36,0.36,0.36,0.36
macro avg,0.3678619796687775,0.3592141205727497,0.3510288018840988,1000.0
weighted avg,0.37414564922257226,0.36,0.3555244792952878,1000.0
