,precision,recall,f1-score,support
POSITIVE,0.985207100591716,0.5211267605633803,0.6816786079836233,639.0
NEGATIVE,0.17124735729386892,0.7714285714285715,0.28027681660899656,105.0
NEUTRAL,0.8518518518518519,0.62890625,0.7235955056179775,256.0
accuracy,0.575,0.575,0.575,0.575
macro avg,0.6694354365791456,0.6404871939973172,0.5618503100701991,1000.0
weighted avg,0.8656023838680369,0.575,0.6502621456836822,1000.0
