Accuracy,Precision,Recall,F1 Score
0.575,0.6694354365791456,0.6404871939973172,0.5618503100701991
