Accuracy,Precision,Recall,F1 Score
0.343,0.3458267525567453,0.33183054535563716,0.31394794597222786
