Accuracy,Precision,Recall,F1 Score
0.3055555555555556,0.3141413006424085,0.3230555555555556,0.2941824932226053
