Accuracy,Precision,Recall,F1 Score
0.36,0.3678619796687775,0.3592141205727497,0.3510288018840988
