review_name,review_type,passenger_name,review_date,review_text,rating_value,textblob_label,vader_label,keyword_label,hybrid_sentiment,review_classification,source,label_agreement_level,predicted_sentiment
Singapore Changi,airport,A Dobbins,2024-12-16,My husband and I are transferring today to the USA We got off our plane from Bangkok and wanted to see the waterfall in the airport A wonderful kind and very helpful Changi Service Ambassador Tan Mey showed us the way to see the waterfall The train TT takes you past the waterfall You can see it after am,10.0,Positive,Positive,Positive,Positive,Positive,,4/4,Neutral
Singapore Changi,airport,A Dobbins,2024-12-16,My husband and I are transferring today to the USA We got off our plane from Bangkok and wanted to see the waterfall in the airport A wonderful kind and very helpful Changi Service Ambassador Tan Mey showed us the way to see the waterfall The train TT takes you past the waterfall You can see it after am,10.0,Positive,Positive,Positive,Positive,Positive,,4/4,Neutral
Abu Dhabi,airport,4 reviewsNash Degaonkar,2024-12-13,The Airport is pretty decent in a lot of aspects The duty free is vast the airport staff and security are ultra professional helped me guide through the terminal on where to find my gate However the WiFi experience could have been better because doing facetime calls was a problem considering whatsapp is not allowed Anyhow it is massive,8.0,Positive,Positive,Neutral,POSITIVE,Positive,,2/4,Neutral
Aguascalientes,airport,2 reviewsHoward Atkins,2016-10-20,This is a small airport but over the past couple of years it has improved a lot The customs and immigration are polite and fast with the baggage also coming fast There is a coffee shop outside the secure area and also one inside but the coffee outside is better There is also now free WiFi in the airport There is a lounge but this is not connected to the airlines but for payment No need to arrive to early,5.0,Positive,Positive,Neutral,POSITIVE,Positive,,2/4,Neutral
Albany,airport,Andrew Champagne,2012-05-16,I fly into and out of Albany a few times a year on business For my money its one of the most efficient airports in terms of securityTSA in the country They get you in out and on your way with very little hassle the way it should be The airport itself isnt huge and doesnt have some of the amenities of a larger hub but as a traveller Im looking for efficiency and thats what Albany Airport provides,9.0,Positive,Positive,Neutral,POSITIVE,Positive,,2/4,Neutral
Alicante,airport,Janet Westgarth,2024-09-09,I was travelling with sight impaired friends Assistance was prebooked with Easyjet I cannot praise the staff highly enough We arrived late at night and we were wheeled very efficiently and cheerfully The staff cared for us very well and made sure we got safely to our taxi,10.0,Positive,Positive,Neutral,POSITIVE,Positive,,2/4,Neutral
Alicante,airport,Vera McMullan,2022-08-05,I want to commend staff at Alicante airport on what was my first airport visit post covid Arriving and departing was prompt and hassle free When I accidentally broke a mug at the Starbucks counter the staff were just concerned about how I was feeling Also the girl at the EasyJet gate took my postcards which I had forgotten to post and promised to post them for me They all arrived eventually so thank you,9.0,Positive,Positive,Neutral,POSITIVE,Positive,,2/4,Neutral
Alice Springs,airport,Paul Harvey,2009-09-23,A typical small Australian airport which operated well Some distance out of the city it is served by a bus and taxis fare Check in was easy there being more than enough desks for the traffic Security was efficient with a bookshop and cafe airside All gates are walk to the plane which are never far away Compared to many this is a nice airport,5.0,Positive,Positive,Neutral,POSITIVE,Positive,,2/4,Neutral
Almeria,airport,Susan Davis,2007-07-18,I found the airport to be more than adequate We were there in July and it was busy but check in was OK as was security The waiting area is small and there are not enough catering facilities but the roof top terrace was brilliant it was a pleasure to wait for the plane for once and you can have a cigarette in peace The toilets were clean and tidy wastebins emptied frequently so all in all not a bad airport have certainly spent time in much worse,3.0,Positive,Positive,Neutral,POSITIVE,Positive,,2/4,Neutral
Antwerp Deurne,airport,C Wajsberg,2012-10-27,Very small airport with not many destinations to fly to from Free parking in front of airport very fast check in One restaurant coffee shop with nice local food Arriving at Antwerp airport it will take you around to after disembarking until you receive your suitcase and are in a taxi home,10.0,Positive,Positive,Neutral,POSITIVE,Positive,,2/4,Neutral
Arkhangelsk,airport,Y Kiselev,2010-10-03,Used this airport on numerous occasions over the last years Over the last year both domestic and international terminals underwent some renovation and rearrangement of facilities in my opinion for the better Of all facilitiesservices expectable from a midsize regional airport ARH lacks free WIFI coverage and cafes serving hot meals Overall it is a decently wellkept airport which may though benefit from further renovations and improvements,4.0,Positive,Positive,Neutral,POSITIVE,Positive,,2/4,Neutral
Bahrain,airport,A Zubairi,2023-02-02,Really beautiful airport after the renovations All major fast food places available apart from local cuisine Wifi is free and fast regardless of duration of the connection which is a huge plus Coffee shop was slightly expensive but the food and coffee were fine nonetheless The announcements are a big plus since most airports in the region are switching to quite airports,8.0,Positive,Positive,Neutral,POSITIVE,Positive,,2/4,Neutral
Beirut,airport,18 reviewsGyan Fernando,2020-01-25,A nice airport and frankly I am surprised at the bad reviews I arrived there at approx hrs Entry and checkin were very easy Security was straight forward and immigration was very easy Once on the airside a restaurant was open as were the dutyfree shops The only downside were the grumpy staff of the shops who obviously had not woken up yet Announcements were clear and boarding was orderly and we took off on time,9.0,Positive,Positive,Negative,POSITIVE,Positive,,2/4,Neutral
Belo Horizonte Confins,airport,A Hetier,2009-12-07,I concur with the comment below Confins is underused But there is a big plus Conexao Aeroporto buses that take you to the city centre are punctual and efficient Things have changed since and there should be more improvements in the future,3.0,Positive,Positive,Neutral,POSITIVE,Positive,,2/4,Neutral
Berlin Tegel,airport,J Meeson,2020-11-01,Im autistic and was nonverbal unable to speak when I went through security but the staff were incredibly kind and helpful It was very much appreciated as its obviously very difficult to navigate the world when one cannot speak and the staff were completely understanding Be proud,10.0,Neutral,Positive,Positive,POSITIVE,Positive,,2/4,Neutral
Berlin Tempelhof,airport,Lisa Sanders,2008-06-06,Templehof is a dream The architecture is beautiful and the departure hall is stunning Some of the original features can be found a true jewel It oozes nostalgia and would be a tragedy to lose such a wonderful piece of history The most civilised journey Ive embarked on to date was Templehof to Brussels,5.0,Positive,Positive,Neutral,POSITIVE,Positive,,2/4,Neutral
Bohol-Panglao,airport,13 reviewsAndreas Becker,2022-05-28,Quiet new airport opened in Check in was efficient Distance to Alona Beach only a few minutes Therefore very comfortable for people staying at the beach There are only few food stalls available Overall a fast and efficient airport,8.0,Neutral,Positive,Positive,POSITIVE,Positive,,2/4,Neutral
Bremen,airport,Eric Decamps,2015-09-06,Nothing special to write it looks more like a train station than an airport but its a small city anyway so thats fair Access from the city center by tram makes it the easiest cheapest and fastest airport to reach Ive seen in my life Fans of space will love the huge International Space Station model in the main hall and aviation fans will love the souvenir shop where you can buy many Airbus collectors items One thing they should put more power sockets,8.0,Positive,Positive,Neutral,POSITIVE,Positive,,2/4,Neutral
Brussels Zaventem,airport,8 reviewsNorman Mackenzie,2024-12-09,I have to say I was quite impressed with this place The two terminals are easy to navigate and there is plenty of space Plenty of retail if such is your thing an I enjoyed my Stella as I waited for my next leg One thing I really liked is the ability to get WhatsApp updates for your flight schedule checkin gate departure gate etc I hadnt seen this before Surprised that all the announcements are in English,8.0,Positive,Positive,Neutral,POSITIVE,Positive,,2/4,Neutral
Canberra,airport,L Maben,2019-06-02,Professional courteous security Definitely a credit to the management and the leadership team Well done Definitely recommend the team for their professional approach and execution of their duties,10.0,Positive,Positive,Neutral,POSITIVE,Positive,,2/4,Neutral
Chattanooga Metropolitan,airport,Bill Peterson,2006-05-12,CHA has the misfortune of being too close to Atlanta Over half of Chattanooga flyers drive to Atlanta or Nashville or Birmingham to fly However CHA offers competitive fares and I would guess most flights now are regional jet The airport itself is beautiful with a large copper dome as the facilitys trademark in honor of the citys railroad heritage CHA is a modern stateoftheart airport and is where I choose to fly out of even though I live in the northern Atlanta burbs,0.0,Positive,Positive,Neutral,POSITIVE,Positive,,2/4,Neutral
Cochin,airport,Vidya Iyer,2021-11-06,Very disappointed to see that you are busy aping the western culture and forget our own roots As an Indian I am very proud of my heritage and all my traditional food However Cochin airport is a far cry from that You will happily serve cappuccino coffee to please a foreigner while completely omitting to serve a traditional Indian masala tea or a nice bru coffee It is very sad what Cochin airport has come to,2.0,Positive,Positive,Neutral,POSITIVE,Positive,,2/4,Negative
Corpus Christi,airport,Simon Channon,2011-03-21,It looks like a white elephant but what an elegant one Corpus Christi appears to handle only connecting flights to Dallas and Houston thats the international bit with just three airlines operating there It is light bright airy and wonderfully free of the normal hustle and bustle of a modern airport Checking in took three minutes passport control and security about the same they have new full body scanner Each airline has its own gate complete with airbridge to connect even to small planes,5.0,Positive,Positive,Neutral,POSITIVE,Positive,,2/4,Neutral
Curacao,airport,R Noguera,2024-10-27,My Mom required wheel chair service and we received superb service especially on our departure by Devon He ran to get my Mom as there was a gate change and looked for me as I was getting a snack for her None of the crew advised us but there was Devon with his wonderful smile,10.0,Positive,Positive,Neutral,POSITIVE,Positive,,2/4,Neutral
Da Nang,airport,Helge Johansson,2024-11-16,Nice clean but crazy expensive food USD for a Cappuccino for a Bnh M Besides that its a nice airport with all facilities you can expect,3.0,Neutral,Positive,Positive,POSITIVE,Positive,,2/4,Neutral
Dallas Fort-Worth,airport,52 reviewsMahmud Noormohamed,2024-07-09,Whats not to like about DFW You can park at any terminal and take the SkyLink to whichever terminal youre departing from Departure from Terminal E and arrival at Terminal A Parked across from Terminal E United Airlines gates TSAPre took a little bit longer than usual to clear minutes Both Terminals A E are spacious with plenty of shops and dining options Terminals were clean,8.0,Neutral,Positive,Positive,POSITIVE,Positive,,2/4,Neutral
Damascus,airport,J Delmonte,2011-05-01,I first arrived in Damascus in Feb Since then I have been back and forth almost times a year since then I am an Englishman who met and married a Syrian girl in The airport in my view was more relaxed in the old days whereby you could check in and walk back into the loungecafe for tea etc with your friends and family,4.0,Positive,Positive,Neutral,POSITIVE,Positive,,2/4,Neutral
Durgapur,airport,Jayastu Senapati,2020-03-10,Kazi Nazrul Islam airport RDP Durgapur is a new greenfield airport in the the industrial city of Durgapur West Bengal Eastern India It is a growing airport which holds much promise for improving air connectivity to this part of the state and can become a major player in boosting tourism and business in the area The connectivity from the city to the airport has improved but still needs more intervention including development of the surrounding areas,7.0,Positive,Positive,Neutral,POSITIVE,Positive,,2/4,Neutral
Ercan,airport,Allan Foster,2018-10-04,After standing at passport control for over hour It was our turn Seconds earlier a couple appeared in another queue next to ours My partner who speaks the language perfectly pointed out that there was a queue Also someone else in the queue pointed it out as well The passport officer told us to go back over the red line And told this couple to come forward Not military not late for the same flight as us Cant believe that someone should get preferential treatment at passport control,3.0,Positive,Positive,Neutral,POSITIVE,Positive,,2/4,Neutral
Friedrichshafen,airport,H Oberbeckmann,2013-07-07,The airport is very small with just about million passengers a year The few checkin desks are enough service is fast no queues travel agencys most big car rental companys have a desk and restaurants and visitors terrace with a nice view are available,10.0,Positive,Positive,Neutral,POSITIVE,Positive,,2/4,Neutral
Funchal,airport,Anthony Pilkington,2024-01-25,I was a disabled passenger on the Tui flight departure date which eventually took off All Madeirian staff at the airport were polite very helpful in particular the disabled Assistance staff The poor weather affecting the departure will not deter my family from coming back to Funchal All the very best for the new year,9.0,Neutral,Positive,Positive,POSITIVE,Positive,,2/4,Neutral
Guayaquil,airport,Joseph Travis,2011-08-07,Guayaquils airport has most of the services that we have here in Australia they even offer jetways into planes There are restaurants ATMs machines banks coffee shops and entertainment it passed our expectations without doubt,5.0,Positive,Positive,Neutral,POSITIVE,Positive,,2/4,Neutral
Haikou,airport,1 reviewsQiteng Lu,2018-12-25,The international terminal of Haikou Airport is a very spacious terminal I have ever seen The terminal is small and dedicated The staff of VIP room help me to carry the language when I arrived and welcome me before I check in and keep me company all the way to the lounge There is a beautiful tropical garden in the terminal The staff in the airport is professional and dedicated I want to thank them for treating me so well,10.0,Positive,Positive,Neutral,POSITIVE,Positive,,2/4,Neutral
Hat Yai,airport,J Gauthier,2012-01-09,Regional airport not that busy Efficient checkin Services pretty basic but everything works Newer TG Business Lounge very nice,8.0,Positive,Positive,Neutral,POSITIVE,Positive,,2/4,Neutral
Hatay,airport,M Veitch,2011-04-16,Hatay HTY I flew into Hatay last year for my daughters wedding celebration airport was small but adequate and staff were helpful,5.0,Neutral,Positive,Positive,POSITIVE,Positive,,2/4,Neutral
Iloilo,airport,Nancy Macendo,2022-07-23,Waiting area is too far from the entrance a lot of mosquitos in waiting area as its open crowded too My flight at am and I arrived long hours before my flight in which they decided to let me stay in waiting area overnight and mosquitos enjoying to eat you alive Please do something,1.0,Positive,Positive,Neutral,POSITIVE,Positive,,2/4,Negative
Iloilo,airport,Nick Talavera,2020-12-18,Though it is small it is one of the best efficient and beautifully designed international airports in the Philippines Been using it when I am visiting for business and leisure and Im not disappointed everytime I used this airport I do hope the government will expand this soon,9.0,Positive,Positive,Neutral,POSITIVE,Positive,,2/4,Neutral
Islamabad,airport,A Talat,2019-07-17,Massive improvement in airport and staff Very clean public facilities are well maintained Staff are a bit friendlier now and fewer queues on departure and arrival securityimmigration clearance due to having extra staff on counters Just need a few more shops in the terminal,9.0,Neutral,Positive,Positive,POSITIVE,Positive,,2/4,Neutral
Jakarta,airport,Angela Avida,2020-02-29,Most of the airport was hot Only felt moderately cool at the quiet area which wasnt quiet at all It was right next to noisy escalators and on top of an area where staff I assume they were staff would congregate and loudly converse The rest of the time I thought staff were loudly and the airport was nice enough Lots of restaurants and little shops although most closed at night I arrived and was in transit for hours Outlets everywhere and potable water available,6.0,Positive,Positive,Neutral,POSITIVE,Positive,,2/4,Neutral
John Wayne,airport,1 reviewsMatthew Salovitz,2018-10-03,Beautiful airport in Orange County with incredible ease to all major interstates Airport sits off the and is perfectly situated for Los Angeles visitors Large airport with a small town feel,9.0,Positive,Positive,Neutral,POSITIVE,Positive,,2/4,Neutral
John Wayne,airport,Dylan Peterson,2016-03-28,Love John Wayne Airport it is close and convenient to the I and everything in southern California It is a lot easier to get in and out of than LAX and so much more modern Flew from here to Portland recently and going through security and checking in the bags was a breeze,9.0,Positive,Positive,Neutral,POSITIVE,Positive,,2/4,Neutral
Kaohsiung,airport,Kevin Wu,2008-08-13,Kaohsiung International airport are one of the best airport to entry Taiwan Now with all the transportation by subway which can easy get from Kaohsiung down town to Kaohsiung airport in mins,4.0,Positive,Positive,Neutral,POSITIVE,Positive,,2/4,Neutral
Karlsruhe,airport,S Townsley,2011-06-19,Since my last review Karlsruhe airport has improved beyond expectations Regular flights to more destinations and vastly improved bus services to Baden and Rastatt Eating and shopping facilities need to be improved especially on Sundays when the duty free shop and gate one bar are generally closed,4.0,Positive,Positive,Negative,POSITIVE,Positive,,2/4,Neutral
Khartoum,airport,Malachy Roscoe,2004-05-04,The obligatory show of your boarding pass on boarding the plane Dont expect duty free air conditioned waiting areas business lounges or facilities smiles hello thank you goodbye catering information desk assistance even from airline representatives or toilet facilities and you wont be left disappointed But once outside the Worlds Worst Airport you will meet the most pleasant courteous and honest people that I have ever personally encountered Welcome to the real Sudan,0.0,Positive,Positive,Neutral,POSITIVE,Positive,,2/4,Negative
Kiev Zhulyany,airport,katya ivanova,2019-08-04,This airport was very efficient no lines or delayed services There are a lot of shops where you can shop and places where you can have a bite Delicious coffee and bakery items to buy,10.0,Positive,Positive,Negative,POSITIVE,Positive,,2/4,Neutral
Kilimanjaro,airport,Adam Simmons,2010-06-23,Compared to so many airports a delightful experience I was first off my arriving flight and so did not have to queue for a visa Only one person was doling them out so I guess that stragglers had quite a wait On departure plenty of shops for such a small airport with plenty of seating both indoors and out no problems in either direction with passport or customs,5.0,Positive,Positive,Neutral,POSITIVE,Positive,,2/4,Neutral
King Mswati III Intl,airport,3 reviewsTeayaung Kim,2016-02-09,Recently opened airport because the former airport in Matshapa is now being used as something else The new location is quite inconvenient because it takes more than an hour from Mbabane city centre and I would strongly recommend that you use the road from Johannesburg to Mbabane because it takes only four hours from SA Cost wise it is also efficient to use the road,5.0,Positive,Positive,Neutral,POSITIVE,Positive,,2/4,Neutral
Kinshasa,airport,S Ross,2016-10-13,I read horror stories and read terrible reviews about Kinshasa FIH Ndjilli Airport I was very nervous about going through there What a lovely surprise awaited me A brand new terminal clean bright air conditioned well a big plus in Africa all employees well dressed and polite Procedures took time and were very detailed but nothing out of the ordinary You dont really need to pay a VIP service to go through you will be OK on your own Make sure all your travel documents and stay details ready for inspection,9.0,Positive,Positive,Neutral,POSITIVE,Positive,,2/4,Negative
Koh Samui,airport,Andrew Mortimer,2022-12-12,Brilliant little airport with thoughtful touches such as free snacks and water Only downside was the open air departure lounges so no air conditioning ie humidity very high,7.0,Positive,Positive,Neutral,POSITIVE,Positive,,2/4,Neutral
Koh Samui,airport,2 reviewsA Davids,2017-04-15,From the first step of the airplane at Koh Samui Airport I felt that I was in a tropical paradise It was not a standard airport bus but a train of small wagons painted in bright colours Airport is a complex of many small buildings in Thai style connected by open galleries A lot of open space just covered with roof from rain Many trees and flowers Even an aquarium in WC There are minibuses for transfer to Samui hotels and of course you can take an individual taxi with fixed price,10.0,Positive,Positive,Neutral,POSITIVE,Positive,,2/4,Neutral
Kota Kinabalu,airport,2 reviewsAzizul Ismail,2015-11-30,A modern medium size airport with ample space airside got plenty of outlets at the departure area and efficient checkin counter The airport is near to the city centre and it is easy to reach by taxi and private transportation Once through the security check you will be greeted by an airy airside with an ample seating area near to the gate and due to the design of the terminal the distance of the gate is really short and gave ample time for the passenger to catch their flight,10.0,Positive,Positive,Neutral,POSITIVE,Positive,,2/4,Neutral
Langkawi,airport,Y Ren,2013-08-11,Small airport only serves a couple of airlines Landing process was pretty fast seem the airport does not have air bridges Bags delivered pretty fast Check in at airport was fine many dining options Security check was fast Not sure about transportation options because we were picked up and dropped off by our hotel It is a very sufficient regional airport,7.0,Positive,Positive,Neutral,POSITIVE,Positive,,2/4,Neutral
Leipzig/halle,airport,Evan Duerr,2008-01-22,Easy to get to with car from the Autobahn or from Leipzig with the train The airport is large but not confusing or crowded Security was a breeze All the people seemed nice,5.0,Positive,Positive,Neutral,POSITIVE,Positive,,2/4,Neutral
Leon Guanajuato,airport,Sandy Huff,2007-02-05,Ive flown in and out of BJX a half dozen times and have no problems Take along a book or knitting as there are only a couple of souvenir shops but they are colorful and reasonable My destination has been San Miguel de Allende the art colony thats popular with US citizens,0.0,Positive,Positive,Neutral,POSITIVE,Positive,,2/4,Neutral
Leon Guanajuato,airport,Edgar Solis,2006-05-31,This is a small and nice airport Ive landed and departed from this airport before and it has changed a lot I dont know why it is called Leon Airport if it is closer to Silao Gto I landed there a few months ago my destination was Romita Gto my mothers hometown This airport is very convenient for us since it is only about mins away from Romita Also this airport is not very far from Guanajuato city I recommend people to visit Guanajuato this is perhaps the most European style city in Mexico,0.0,Positive,Positive,Neutral,POSITIVE,Positive,,2/4,Neutral
Limoges,airport,1 reviewsFlorian Chissadon,2016-12-28,I travel from Limoges to and from Paris The terminal is a little bit small but it is very clean There is a not a very long queue time and the staff were very proactive At this airport there is one bar and one restaurant but there are no lounges or dutyfree The boarding area is very small and there is not much seating This is a little but very efficient airport,9.0,Neutral,Positive,Positive,POSITIVE,Positive,,2/4,Neutral
Long Island Macarthur,airport,Michael Nevradakis,2006-01-02,Very nice airport closely situated to New York City and very convenient for all travelling tofrom Long Island Decent selection of shops easy to navigate and not crowded at all when I flew threw both times Local hub for Southwest airlines,0.0,Positive,Positive,Neutral,POSITIVE,Positive,,2/4,Neutral
Lviv,airport,Ivan Dzhur,2015-01-19,Once again I used Lviv Airport four times in August Very satisfied with facilities and staff who work there Definitely beats many USA airport who have a lot to do in order to improve,10.0,Positive,Positive,Neutral,POSITIVE,Positive,,2/4,Neutral
Mauritius,airport,1 reviewsDinesh Maudhoo,2019-12-28,Probably the best island airport in the Indian Ocean Well designed structure the only challenge is the long queue in the immigration hall The authorities need to arrange extra officers during peak timings,10.0,Positive,Positive,Neutral,POSITIVE,Positive,,2/4,Neutral
Medan,airport,Anthony C Lawman,2012-08-07,I have used Polonia six times in the last four year both international and domestic arrival and departure No problems with taxis overcharging just as for any airport do your research Be affirmative informed and polite,6.0,Positive,Positive,Neutral,POSITIVE,Positive,,2/4,Neutral
Medina,airport,Kamaruddin bin Ismail,2018-10-28,First time arriving in this beautiful country together with wife for umrah Arrived by Malaysia Airlines A and departure with same aircraft Facilities well kept staff welcome us with a smile Easy flow for arriving and departing,9.0,Positive,Positive,Neutral,POSITIVE,Positive,,2/4,Neutral
Miami,airport,Stefania Miniucchi,2024-11-11,Arriving at Miami International Airport to return to Rome we had the invaluable assistance at the automatic checkin before the Air Canada desk so I dont think an Air Canada employee helped us so much to understand how we had to make our boarding passes and what to do with our luggage Thanks to him the passage through this airport seemed delightful,8.0,Positive,Positive,Neutral,POSITIVE,Positive,,2/4,Neutral
Milwaukee,airport,J Cummings,2011-12-29,One of my favorite airports to make a connection through Ive flown through MKE maybe times or so and never have had to wait in a line to go through security There is also a very nice bookstore decent food options nice play areas for kids and an aviation museum The airport is also fairly stress free for making connections,10.0,Positive,Positive,Neutral,POSITIVE,Positive,,2/4,Neutral
Miri,airport,G Carroll,2005-10-14,The new airport in Miri is a blessing to all of us frequent travellers Although it is small it is efficient clean and cool If anything needs to be imroved on is the charges we have to pay for a small cup of coffee or a meal The charges are much too high for a domestic airport,0.0,Neutral,Positive,Positive,POSITIVE,Positive,,2/4,Neutral
Monastir,airport,Amanda Taylor,2007-08-06,I agree most strongly that passport control is a nightmare I could not believe the length of time it takes to get passengers through and especially when the airport is so hot and lacked air conditioning I have visited this Airport twice now and hope that in future they can implement a more effective way of getting through control The rest of the airport was fine and even homeward bound found it was comfortably set out with refreshments and enjoyed a last encounter of some traditional Tunisian retail shops,4.0,Positive,Positive,Neutral,POSITIVE,Positive,,2/4,Neutral
Monastir,airport,Iain Murray,2005-08-29,Impressed by this airport apart from the queue at Passport control It took ages once through to Departures everything was fine Duty Free was reasonable and plenty of places to get a drink or something to eat,0.0,Positive,Positive,Neutral,POSITIVE,Positive,,2/4,Neutral
Montgomery Regional,airport,Don Orlando,2015-04-22,Montgomery Regional Airport Dannelly Field has been completely modernized and is one of the most attractive small airports in the US Checkin in close to the curb and security is efficient Food and drink groundside and airside is basic Deplaning is easy and baggage claim is close to the street Parking is reasonably convenient unless you are travelling mid week It can be a longish walk to the terminal,9.0,Positive,Positive,Neutral,POSITIVE,Positive,,2/4,Neutral
Montpellier,airport,40 reviewsH Rowe,2020-07-30,A small yet very convenient airport in the south of France From the plane to the exit takes no more than min Signaling shopping etc is all fine given the size and role of the airport Its not the most modern airport but everything is well maintained Theres a convenient bus service to the city center,8.0,Positive,Positive,Neutral,POSITIVE,Positive,,2/4,Neutral
Moscow Sheremetyevo,airport,Steve Fisher,2020-03-19,Transfer from international to domestic flight and back last week My flight from London arrived into Terminal D and transferred to Terminal B for the domestic departure Efficient experience overall clear signage but some long walking distances from arrival to the shuttle train Terminal B has a nice interesting design and plenty of seats with chargers Nice selection of lounges for cardholders Overall recommended,8.0,Positive,Positive,Neutral,POSITIVE,Positive,,2/4,Neutral
Muscat Seeb,airport,30 reviewsZiauddin Ahmed,2020-02-27,I visited Oman first time in and used this airport It was then very a small and unorganized airport Now the airport has become huge with many other facilities There is a museum with Omani architectures There are many handicrafts shops with very high prices of commodities There are KFC and McDonalds that offer food at an affordable price There are Muslim prayer room and toilets as well,8.0,Positive,Positive,Neutral,POSITIVE,Positive,,2/4,Neutral
Muscat Seeb,airport,A Trang,2020-01-19,I visited Oman first time in and used this airport It was then very a small and unorganized airport Now the airport has become huge with many other facilities There is a museum with Omani architectures There are many handicrafts shops with very high prices of commodities There are KFC and McDonalds that offer food at an affordable price There are Muslim prayer room and toilets as well,8.0,Positive,Positive,Neutral,POSITIVE,Positive,,2/4,Neutral
Nanning Wuxu,airport,P Hu,2016-04-28,The airport is very new and modern I have flown through this airport multiple times but this is the first time at the new terminal It is a lot larger than the original terminal There was finally free WiFi and it was pretty fast considering the internet in China It was mainly based off of Shanghai Pudong the airport I was actually flying to and had the identical announcement system that PVG terminal had Although there were a few foreigners including me it felt very open and very welcoming,8.0,Positive,Positive,Neutral,POSITIVE,Positive,,2/4,Neutral
New Orleans,airport,E Smith,2023-05-12,Was departing New Orleans two days after jazzfest Had no problems with queueing anywhere Had some time to kill before my flight and sat outside in a cool spot close to where buses depart Spent some time chatting to n airport employee Absolutely delightful polite young man,9.0,Positive,Positive,Neutral,POSITIVE,Positive,,2/4,Neutral
Nuremburg,airport,1 reviewsAlexander Cunningham,2023-11-14,A friendly airport if you just want to watch the planes from the viewing area but not passenger friendly poor layout Up a lot of stairs for passport checks when you arrive Had to go through security the past twice on departure the both times they claimed I had passed through a public area after the first check Security patdowns are embarrassingly intimate,6.0,Neutral,Positive,Positive,POSITIVE,Positive,,2/4,Negative
Okinawa Naha,airport,J Brand,2013-09-03,I live here and fly regularly New terminals are open airy and plenty of seating Limited but appropriate shopping Nice caferestaurant selection for a small airport Security swift and courteous,8.0,Positive,Positive,Neutral,POSITIVE,Positive,,2/4,Neutral
Orlando Sanford,airport,Suzanne Archer,2024-12-03,I would like to share a positive experience I had with airport staff on December I came back from a weeklong trip to find that my car battery had completely died We called AAA but it was a long wait time due to the holiday weekend A very nice gentleman in an airport pickup stopped by to check on us and offered to jump start the car He was respectful and courteous and saved us quite a bit of wait time We will forever be grateful for his kindness and professionalism,9.0,Positive,Positive,Neutral,POSITIVE,Positive,,2/4,Neutral
Ottawa,airport,1 reviewsStevan Beara,2019-08-26,Ottawa is my home airport and given the population that it serves its very convenient It is not very large so it may not have some of the amenities larger airports will have showers multiple lounges etc but its fast clean and provides an acceptable amount of food choices Whenever possible I like to clear customs in this airport vs doing so in Toronto or Montreal,8.0,Neutral,Positive,Positive,POSITIVE,Positive,,2/4,Neutral
Ottawa,airport,Julie Pou,2016-04-04,I really like this airport it is small and not complicated It is really clean and they have a small but nice section for kids to play Just wish there were more restaurant for the US side There are usually no delays The airport is a bit far from downtown so a bit expensive in taxi but hey they have Uber and lot of parking space,9.0,Positive,Positive,Neutral,POSITIVE,Positive,,2/4,Neutral
Palm Springs,airport,John Oram,2007-07-10,I arrived at PSP from SFO I have used the airport from time to time in the past It is quite capable of coping with its traffic but has experienced one major improvement whereby hired cars can now be collected on site This is very welcome especially when the heat is high,4.0,Positive,Positive,Neutral,POSITIVE,Positive,,2/4,Neutral
Paro,airport,3 reviewsTeayaung Kim,2016-02-09,Paro International Airport is located meter above sea level so flights can only fly in the morning I took a Druk Air flight from Bangkok and the other time I took a flight from Kathmandu I prefer flying from Kathmandu because I could see Himalayan Mountains if the weather permits Paro Airport has very basic amenities because they have two carriers flying in and out It replicated Bhutanese traditional architecture and it looked very beautiful as I was walking into the airport,7.0,Positive,Positive,Neutral,POSITIVE,Positive,,2/4,Neutral
Portland,airport,Simon Fowler,2022-06-23,A quiet afternoon at PDX Short queues to get through security with efficient and helpful staff As the space allocated for security was fairly small I can imagine at that at busy times there could be problems,7.0,Neutral,Positive,Positive,POSITIVE,Positive,,2/4,Neutral
Providence,airport,52 reviewsMahmud Noormohamed,2024-11-02,Whats not to like about TF Green Airport It was recently ranked the d best airport by Travel Leisure readers Its newly remodeled bathrooms are like those of a star hotel Going through TSAPre was a breeze Cleared security in less than minutes Distances from security area to either end of the terminal are manageable WiFi is fast and worked flawlessly This used to be my home airport before I relocated to the Dallas area and it remains one of my favorite airports to fly through,9.0,Positive,Positive,Neutral,POSITIVE,Positive,,2/4,Neutral
Providence,airport,52 reviewsN Malcolm,2022-06-29,There is a reason why this airport is consistently named among the best small airports in the USA Thanks to COVID some shops and eateries have shuttered and not reopened to date Security was a breeze There was no line and I walked right up to the TSA counter and cleared security in less than minutes There is a spill over of passengers from the gate area to the concourse nonetheless there is enough space to navigate the concourses The Escape Lounge is a welcome addition to this airport,8.0,Positive,Positive,Neutral,POSITIVE,Positive,,2/4,Neutral
Puerto Princesa,airport,2 reviewsF Torres,2017-09-20,The Puerto Princesa International Airport had just opened its new terminal The terminal was clean and brand new The airport terminal had no jet bridge or ramp stairs so we had to deplane via an old fashioned staircase at the mercy of the weather thankfully at that time it was already dark The airport lacks formal transportation to the city center although the city streets is just a mere minutes walk away Definitely one of the best provincial airports in the Philippines if you consider dirt runways the norm,7.0,Neutral,Positive,Positive,POSITIVE,Positive,,2/4,Neutral
Quebec City,airport,Antoine Beaulieu,2013-04-28,Love Quebecs airport Small but offers all of the facilities in a big airport Not too much people,10.0,Positive,Positive,Neutral,POSITIVE,Positive,,2/4,Neutral
Recife,airport,S Koenig,2007-05-27,One of the nicest most modern airports in the country Decent array of shops and restaurants Not a large selection between security checkpoints and departure gates but that is typical and here it is still far better than at Fortaleza a city of similar size Airport is close to town especially beach areas so transportation is usually easy How many agents are actually working at the checkin counters can vary widely but I assume that is the responsibility of the airlines,0.0,Positive,Positive,Neutral,POSITIVE,Positive,,2/4,Neutral
Rhodes,airport,Yvette Genn,2022-06-23,One member of our party has special needs and requires the special assistance service The airport ground staff were exemplary We travel regularly The assistance kindness efficiency and responsiveness of all the ground staff we encountered was the best that we have experienced I would recommend Rhodes airport as an airport with staff that genuinely assist those with special and additional needs,10.0,Positive,Positive,Neutral,POSITIVE,Positive,,2/4,Neutral
Rijeka,airport,S Vanter,2022-09-07,Its a small airport at an island abt km from Rijeka Checking in and out goes quite fast at our experience Some staff members in the shop are kind of grumpy Nevertheless we are very happy with this airport how they have arranged a hotel in Opatija for our group when our flight was cancelled all of a sudden in the evening Our flight company Transavia told some people to find and book by themselves a hotel but the airport arranged bus transport and a luxurious hotel so our compliments,8.0,Positive,Positive,Neutral,POSITIVE,Positive,,2/4,Neutral
Riyadh,airport,2 reviewsTalha Irfan,2023-04-25,Riyadh airport is a nice airport We had to transit from there and were surprised to see that how beautiful is even their domestic terminal,9.0,Positive,Positive,Neutral,POSITIVE,Positive,,2/4,Neutral
Rodez,airport,8 reviewsGaspard Smith-Vaniz,2015-10-27,This little airport is very nice and adapted to the demand and number of passengers There was only one cafe but with nice food and drinks Because of the small numbers of passengers traveling through that airport there was absolutely no waiting I would defenitly go there again,8.0,Positive,Positive,Neutral,POSITIVE,Positive,,2/4,Neutral
San Jose,airport,Amelia Kirsten,2023-07-17,Our flight arrived very late and the hotel shuttle stopped running Bryce was very kind to help us find transportation to our hotel He went above and beyond his job to make sure we arrived safely I was very satisfied,10.0,Positive,Positive,Neutral,POSITIVE,Positive,,2/4,Neutral
Santiago De Chile,airport,10 reviewsB Albrecht,2023-09-13,Terminal International Departure Efficient passport control and security check within the terminal an incredible amount of dining and bar options for every budget Wonderful new terminal maybe with not many toilet facilities as only negative point,10.0,Positive,Positive,Neutral,POSITIVE,Positive,,2/4,Neutral
Sanya,airport,R Pontida,2009-03-13,No real problem with the airport As with most chinese airports its rather recent with pretty efficient baggage claim Its also relatively close to the city ab km which means there are cheap and crowded regular buses and taxi will cost you maybe yuan But what I really love is the waiting area outside,4.0,Positive,Positive,Neutral,POSITIVE,Positive,,2/4,Neutral
Sao Paulo Congonhas,airport,E Torre,2011-09-14,One of the best domestic airports in the country Wellsituated Come prepared for delay gate changes and high prices Be careful with illegal taxis,3.0,Positive,Positive,Negative,POSITIVE,Positive,,2/4,Neutral
Sarajevo,airport,Edin Dzano,2008-01-10,Its very small but convenient airport There is small duty free area and coffee bar in upper floor after immigration and also one coffee bar before immigration Toilets are clean Immigration procedures on arrival and on departure are simple and fast,4.0,Neutral,Positive,Positive,POSITIVE,Positive,,2/4,Neutral
Seoul Gimpo,airport,24 reviewsA Wagner,2020-02-24,It is a privilege to be able to travel via GMP in Seoul Not because the airport is extraordinary but because it is within the city of Seoul and much closer then the island of Incheon GMP can be be reached by metro It is a domestic and an international airport the international connections are through towards Asian destinations GMP has the Advantages and the disadvantages of an old city airport easy to reach more efficient security procedures but old facilities like lounges,7.0,Positive,Positive,Neutral,POSITIVE,Positive,,2/4,Neutral
Seville,airport,Helena Beijersbergen,2023-10-22,The best assistance so far for arrival and departure For someone who has less mobility and needs a wheel chair Superb and faster assistance Everything in place on time,10.0,Positive,Positive,Neutral,POSITIVE,Positive,,2/4,Neutral
Siem Reap,airport,Darren Mathews,2024-01-20,My experience at the new Siem Reap Airport surpassed all expectations The staffs friendliness and proactive assistance elevated my journey Navigating immigration was not only expeditious but also conducted with an admirable level of efficiency The airports outstanding features combined with the exceptional service created an atmosphere of ease and comfort,10.0,Positive,Positive,Neutral,POSITIVE,Positive,,2/4,Neutral
Skopje,airport,Michelle Emmen,2019-03-24,I experienced the best customer service at Skopje Airport During security I found out that my phone was missing I left my phone at the selfservice check in machine on the other side of security But they helped me out They called their colleagues and eventually found it brought it back to me I felt trustful through the whole process and really really het Thanks a lot,10.0,Positive,Positive,Neutral,POSITIVE,Positive,,2/4,Neutral
St Petersburg,airport,Haji Murat,2015-08-14,From the city to the airport in minutes The new terminal is fine Beautiful geometric lines used in the design Checkin for flight did not take too long The old building renovated and converted into a zone of local flights There are many shops and cafes There was a small queue of precontrol before departure,9.0,Positive,Positive,Neutral,POSITIVE,Positive,,2/4,Neutral
Stavanger,airport,Erik Olsen,2007-01-19,Stavanger airport Sola is a small airport like the one in Bergen and Trondheim Not many international flights but quite many domestic The terminal there is only one is years old but they have started to upgrade everything All in all a comfortable airport,0.0,Neutral,Positive,Positive,POSITIVE,Positive,,2/4,Neutral
Subang Kuala Lumpur,airport,Derek Moore,2012-01-18,Modern and easy to use No queues to speak of Firefly the main user are efficient and a cheaper alternative to flying Malaysian out of KLIA However beware transfer times from downtown KL especially during morning and evening peak times even more so on MondaysFridays Although nearer to the city centre than KLIA it can and did in my case take longer to get to Subang mins than it would have taken to get to KLIA,8.0,Positive,Positive,Neutral,POSITIVE,Positive,,2/4,Neutral
Taipei,airport,12 reviewsK Huang,2024-05-10,The airport was a bit far from the city but well connected to the public transportation with clear signs and direction It was in general clean Queuing time at the immigration was not too long for us As many other Asian international airports TPE was full of restaurants and a shopping paradise for passengers to kill waiting time Each boarding gate had a different theme and sometimes did not have enough seats for everyone,8.0,Neutral,Positive,Positive,POSITIVE,Positive,,2/4,Neutral
Tbilisi,airport,Hanna Gatigno,2025-01-22,I forgot my prescription glasses in the Duty Free in Tbilisi Following a few emails to the Duty Free department I received a positive response that they were found Two ladies did everything in their power to have them returned to me I cant fault these people they showed care and sympathy to my problems They are Natia and Inna Thank you so much,10.0,Positive,Positive,Neutral,POSITIVE,Positive,,2/4,Neutral
Timisoara,airport,40 reviewsR Barton,2023-02-24,A small airport divided into mini terminals domestic international arrival and international departure Border control was fast and efficient despite the large amount of passengers The terminals itself are clean and well maintained but rather s looking Access to the aircraft is by bus boarding only There are many taxis to the center but negotiate well A few busses are available too but look like from a museum,6.0,Neutral,Positive,Positive,POSITIVE,Positive,,2/4,Neutral
Tirana,airport,45 reviewsDiogo Freitas,2023-12-04,Phenomenal airport the best I ever experienced in Europe or anywhere else Just the material definition of how an airport should be Well done Albania,10.0,Positive,Positive,Neutral,POSITIVE,Positive,,2/4,Neutral
Tokyo Haneda,airport,8 reviewsM Hemire,2024-10-07,Haneda is a nice airport but immigration is hell long lines clearly show the Japanese slowness to adapt to any increase of the of arrival If you fly in while low traffic It is one of the best airport but not today as I will be losing minutes to pass immigration,4.0,Positive,Positive,Neutral,POSITIVE,Positive,,2/4,Neutral
Townsville,airport,G Stenchion,2024-08-30,The security staff at Townsville Airport are the most friendliest efficient and personable I never dread having to go through screening at this airport pity Brisbane AP doesnt operate as efficiently,10.0,Positive,Positive,Neutral,POSITIVE,Positive,,2/4,Neutral
Trieste,airport,4 reviewsMassimiliano Mesenasco,2015-08-26,A very small airport that mainly serves Trieste Udine Gorizia and the western part of Slovenia More similar to a train station as it often happens for small airports A few shops that mainly sell local food and wine a very small duty free and a couple of bars It also features a small but comfortable lounge,6.0,Neutral,Positive,Positive,POSITIVE,Positive,,2/4,Neutral
Tulsa International,airport,L Watson,2017-03-09,Tulsa is a nice small to medium sized airport It now has free wifi available throughout the airport Only or so airlines fly out of the airport and it seems quite a few flights have been cut the past years or so The lines for TSA are rarely bad anymore I have been through security in less than mins after arriving at airport Obviously there are times when it is busier New seats at gates have plug ins available and this is a very nice touch,8.0,Positive,Positive,Negative,POSITIVE,Positive,,2/4,Neutral
Vancouver,airport,Sayna Davary,2024-01-20,I was with my mother at the entrance of the airport There was a young man named William He asked us if we needed help and I couldnt believe he helped us to get a wheelchair immediately That was awesome customer service compared to my experience in LA airport,10.0,Positive,Positive,Neutral,POSITIVE,Positive,,2/4,Neutral
Victoria Falls,airport,Victor Oster,2004-08-29,A very small airport no airways you walk on the tarmac to the terminal if like most people you need to buy a visa there is a line manned by only people and no organization at all then the customs man grunts at you or makes you open everything but then you are out and in one of the most beautiful places on earth,0.0,Positive,Positive,Neutral,POSITIVE,Positive,,2/4,Neutral
Vilnius,airport,Denis Matarosov,2020-11-04,On June airport started renovation of taxiways as well as the installation of a new apron The inside of the airport is very clean it is easy to orientate the construction of a new terminal will begin The runway lighting is bad but will also be updated soon I very much hope that everything will be fine and that it will be easier and safer to travel,8.0,Positive,Positive,Neutral,POSITIVE,Positive,,2/4,Neutral
Xi'an,airport,M Cavanagh,2014-04-23,I departed on th April and was lucky to make my flight I was part of a tour group and as there were many groups trying to leave at the same time and not enough check in staff to process the travelers I made my flight with minutes to spare,6.0,Positive,Positive,Neutral,POSITIVE,Positive,,2/4,Neutral
Xi'an,airport,B Howard,2013-06-28,Last time I was in Xian Xianyang airport was in I have visited many times before There was always a Scrum outside the airport building for tickets and to board the airport buses for downtown Returned this year a lot has changed with the airport and getting tickets for the buses You now go to a ticket booth inside the building Then a waiting room for your respective bus What an improvement,8.0,Positive,Positive,Neutral,POSITIVE,Positive,,2/4,Neutral
AB Aviation,airline,Tom Hansen,2019-11-11,Moroni to Moheli Turned out to be a pretty decent airline Online booking worked well checkin and boarding was fine and the plane looked well maintained Its a very short flight just minutes or so so i didnt expect much but they still managed to hand our a bottle of water and some biscuits which i though was very nice Both flights on time,9.0,Positive,Positive,Neutral,POSITIVE,Positive,,2/4,Neutral
Air Austral,airline,P Geare,2019-10-20,Johannesburg to St Denis Service like it was years ago professional attentive amenity kit handed out on a hour flight and the quality and quantity of the catering Ive not seen for years Thoroughly recommended,9.0,Positive,Positive,Neutral,POSITIVE,Positive,,2/4,Neutral
Air Koryo,airline,11 reviewsSimon Hedges,2017-06-25,Pyongyang to Beijing with hotcold drinks and a hamburger which was adequate for length of flight Very polite and welcoming service Efficient check in and boarding In flight entertainment limited to a video of recent North Korean hits Pyongyang Times and Korea Today available to take on board,9.0,Positive,Positive,Neutral,POSITIVE,Positive,,2/4,Neutral
Air New Zealand,airline,Tilly Hoskins,2024-11-27,A decent enough job on a very full flight They got me there from A to B without frills or fuss I liked the onboard Kiwi Qui that they ran during the flight a nice and quirky touch,7.0,Positive,Positive,Neutral,POSITIVE,Positive,,2/4,Neutral
Air North Yukon's Airline,airline,Jade Pang,2023-05-29,We were totally amazed by their services since none of us have ever heard of this airline The trip was arranged by the travel agency who arranged our tour Even during a short trip they provided us gourmet sandwiches and a warm cookie while beverages was served twice which is far much better than what we experienced from those larger airlines How we wish they can cover more routes,10.0,Positive,Positive,Neutral,POSITIVE,Positive,,2/4,Neutral
AirAsia India,airline,Kartika Rai,2023-04-08,Airline staff helped me with last minute web check in cancellation also helped locating the luggage and provided the best support and service for such hospitality and customer delight,8.0,Positive,Positive,Neutral,POSITIVE,Positive,,2/4,Neutral
Akasa Air,airline,K Sargan,2025-03-21,From the moment I boarded the crew exuded warmth and professionalism Junu and Reeza provided assistance wherever needed The inflight service was impeccable Bhoomi and Nisha managed the meal service efficiently The crew went above and beyond to ensure passenger comfort Whether it was providing extra blankets assisting with luggage or attending to special requests they were attentive and proactive Their kindness and willingness to help truly stood out Looking forward to flying with Akasa Air again,10.0,Positive,Positive,Neutral,POSITIVE,Positive,,2/4,Neutral
Arkefly,airline,Maarten de Vries,2015-01-19,AMSAUAAMS I regularly fly ArkeFly between Europe and the Antilles and what a huge difference between the old and worn with barely enough space to breathe and the new with more spacious seats PTV and a so much better experience Furthermore the crew seems to enjoy the Dreamliner much more and even smiles are being made Also the time of always being delayed also seems to be over ArkeFly improved a lot with the Dreamliner and I even prefer Arkefly above KLM now as long as they fly the Dreamliner,8.0,Positive,Positive,Negative,POSITIVE,Positive,,2/4,Neutral
Bangkok Airways,airline,81 reviewsRichard Laycock,2024-09-11,Superb flight Left on time and arrived early This typifies the reason why Bangkok Airways is world best regional airline You got a little bag with a sandwich and water which was tasty,10.0,Positive,Positive,Neutral,POSITIVE,Positive,,2/4,Neutral
Bassaka Air,airline,81 reviewsH Crickard,2016-06-23,Phnom Penh to Siem Reap with Bassaka Air and I found this airline to be brilliant in all aspects Their prices are phenomenal and I couldnt complain about anything Check in was super fast and done with a smile The plane is a little outdated but its still new and growing The flight itself was mins and for such a short flight you even got a complimentary drink,10.0,Positive,Positive,Neutral,POSITIVE,Positive,,2/4,Neutral
Biman Bangladesh Airlines,airline,18 reviewsZiauddin Ahmed,2023-04-19,Dhaka to Singapore Good food good seating and comparatively better ground services at Dhaka Staff on board are just okay though My travel ticket price was high though Worst inflight entertainment service,5.0,Positive,Positive,Neutral,POSITIVE,Positive,,2/4,Negative
Blue1,airline,H Kjellstrom,2011-05-19,Short trip Arlanda to Helsinki Very nice people working on board Cold but nice meal nice experience,6.0,Positive,Positive,Neutral,POSITIVE,Positive,,2/4,Neutral
Carpatair,airline,René Engesser,2011-04-24,FCOTSRIAS Business Class Checkin in FCO terrible just counter minutes waiting time No lounge offered Inflight service with very friendly and attentive staff good food Transit in TSR as well despite of being a small and old airport was ok Here again very polite staff,9.0,Positive,Positive,Neutral,POSITIVE,Positive,,2/4,Negative
Cebu Pacific,airline,Mike Abiog,2025-02-13,I would like to give a commendation to the staff of Cebu Pacific working at the Roxas City airport who helped my father recover his lost luggage which was mistakenly picked up by another passenger These people worked hard and I have also witnessed all the efforts they made to give all the help that we needed Thank you for your hard work and dedication You guys are awesome,10.0,Positive,Positive,Neutral,POSITIVE,Positive,,2/4,Neutral
China Airlines,airline,B Kamik,2024-10-15,Tried Premium Economy class and I was surprised about the seat quality and onboard meals This class also included amenity kit which I appreciate Cabin crew nicely handle my yo child,10.0,Positive,Positive,Neutral,POSITIVE,Positive,,2/4,Neutral
Citilink,airline,K Matthias,2024-11-11,I am pleased to commend Mdm Novia for her exceptional professionalism during our recent flight cancellation on November After our Citilink flight from Pontianak to Jakarta was canceled Novia managed all the necessary arrangements for our next flight with outstanding efficiency and kindness Her assistance made a challenging situation much easier and we are very grateful for her dedication and hospitality She truly goes above and beyond in her service,10.0,Positive,Positive,Neutral,POSITIVE,Positive,,2/4,Neutral
Corendon Airlines,airline,D Dawes,2023-08-16,There are a lot of negative reviews for this airlines but for a budget airline what do these reviewers expect Premium airline service They have obviously never flown on EasyJet or Ryanair to make a comparison Flew to Turkey from Manchester and was quite impressed by their checkin service and legroom on the plane Recommend to anyone,7.0,Positive,Positive,Neutral,POSITIVE,Positive,,2/4,Neutral
Cyprus Airways,airline,Amir Sardari,2025-01-11,We had a challenge with checking due to a third party error Even so Sarah was super kind and efficient She made us feel at ease and resolved the issues we had promptly Thanks again,10.0,Positive,Positive,Neutral,POSITIVE,Positive,,2/4,Neutral
Ernest Airlines,airline,Bartolomeo Daddario,2019-03-20,Milan Bergamo to Tirana Lot of comfort reclining seat big leg space cheap food prices on board cabin crew very professional Flight on time,10.0,Positive,Positive,Neutral,POSITIVE,Positive,,2/4,Neutral
fastjet,airline,K Sandler,2021-08-11,Its nothing too special but it was definitely an affordable price The inflight food and beverage was comprised of a juice box and bottled water The customer service is ok There was in issue with the website where it continually declined my card but it actually charged my card every time I attempted meaning with four attempts there were in false charges Fortunately the customer service could be reached by WhatsApp and they were able to refund me for the imaginary flight bookings,5.0,Positive,Positive,Neutral,POSITIVE,Positive,,2/4,Neutral
Go First,airline,Priyanshi Jain,2023-04-22,I fainted in the flight and where some crew may have panicked in some cases this crew handled the situation very well Provided me with all the necessary assistance and first aid and was very kind and humble till the end,8.0,Positive,Positive,Neutral,POSITIVE,Positive,,2/4,Neutral
Gol Transportes Aéreos,airline,33 reviewsNiels Petersen,2022-09-04,I took GOL twice for domestic flights during a recent trip to Brazil I chose the extra legroom seats which were available for a reasonable surcharge and offered plenty of legroom Overall the flights were comfortable and on time All passengers were offered a small snack and a drink I would choose GOL again,8.0,Neutral,Positive,Positive,POSITIVE,Positive,,2/4,Neutral
Jetstar Airways,airline,R Layne,2024-12-27,Apart from a minute delay outbound it is hard to fault my SydneyAdelaide return trip Yes its a no frills carrier but most everything worked efficiently and I was impressed by how smiling and happy all the staff were,8.0,Positive,Positive,Negative,POSITIVE,Positive,,2/4,Neutral
Jin Air,airline,Dante Garcia,2023-07-21,I want to express my sincere thanks to Jin Air staff in Osaka I had a flight from Osaka to Seoul in May and had not completed the Keta for this reason I could not board However the checkin staff did everything possible to help me complete the documentation Despite not having completed it on time I missed my flight even so the staff offered me an available seat on the next flight I really value this collaboration I hope the staff is notified about this Thank you so much,10.0,Positive,Positive,Neutral,POSITIVE,Positive,,2/4,Neutral
Kam Air,airline,Dave Stanley,2009-05-06,DubaiKabulDubai The price of tickets is very high It costs more to get to Kabul than to the UK from Dubai Kam Air were OK on this trip It was a MD both ways and were were almost on time The only problem was the return because of some stupid security procedures in the airport They apologised for that though it was not their fault Neither flight was full so was able to get a row to myself which helps Kam Air along with Safi is still the best way to get to Kabul from Dubai,3.0,Positive,Positive,Neutral,POSITIVE,Positive,,2/4,Neutral
KM Malta Airlines,airline,28 reviewsRobert Watson,2024-10-13,Superb This is by far the best business class product within Europe The meal was one of the best Ive eaten Cabin crew delightful Wine servings enormous and just nothing to correct in the product It is a shame that no other European airline comes close to this standard,10.0,Positive,Positive,Neutral,POSITIVE,Positive,,2/4,Neutral
LAM Mozambique,airline,24 reviewsS Gupta,2025-03-18,A comfortable nononsense flight which was delayed by about minutes while departing but made up for most of the time difference by the time one landed The crew was courteous and professional the seating comfortable and there was a snack service consisting of a packet of Lays Chips and a Juice which was quite ok for the short flight The luggage arrival was also fuss free and ontime Overall quite a nice flight,7.0,Positive,Positive,Neutral,POSITIVE,Positive,,2/4,Neutral
Libyan Airlines,airline,Steve Flint,2010-07-31,TIPBEN on a nearly new Canadair regional jet with leather seats and decent pitch Very happy with the short flight New terminals are being built at both ends sorely needed Otherwise would fly them again,9.0,Positive,Positive,Neutral,POSITIVE,Positive,,2/4,Neutral
Nepal Airlines,airline,M Harkajan,2023-07-02,We took Flight from Kathmandu to Bangkok by Nepal airlines for our Holiday trip Flight was on time meal provided during flight is delicious and have veg and non veg options Staff of airline were well behaved and professional I will use service of Nepal in future as well Highly recommended,9.0,Positive,Positive,Neutral,POSITIVE,Positive,,2/4,Neutral
Norwegian,airline,M Billman,2025-03-05,I simply love Norwegian Its a no nonsense airline that has been incredibly reliable on of the legs that I have recently flown with them Seat pitch is sufficient pricing is fair and predictable and everything just works The service is fine and the onboard menu contains all you need for a few hours in the air I regard them much higher than most old airlines now saying this as a Lufthansa Senator,9.0,Positive,Positive,Neutral,POSITIVE,Positive,,2/4,Neutral
Pakistan Intl Airlines,airline,L Wilton,2024-10-26,I had pretty low expectations for this airline but fortunately things turned out well and PIA delivered for me The flight was on time and bags arrived in a timely manner While the meal served was not exactly delicious it was nice to know they at least served some food on this hour flight The seats were standard and flight attendants polite and respectful Would consider using again,8.0,Positive,Positive,Neutral,POSITIVE,Positive,,2/4,Neutral
Phuket Air,airline,Sarah Doughty,2005-04-12,I work on a consumer programme for ITV and would be interested in hearing from anyone who was on the Phuket Air flight which had a reported fuel leak during a routine stop at Sharjah on Sunday rd April We would be interested in hearing your story Please send your contact details using the Comment Form at the bottom of this page and Skytrax will put you in touch with Sarah,0.0,Positive,Positive,Neutral,POSITIVE,Positive,,2/4,Neutral
Privilege Style,airline,B Carson,2019-08-17,Manchester to Tenerife On the morning of our flight TUI informed us that due to scheduling issues they have enlisted Privilege style as a charter airline The seat was comfortable only issues were my tray table was loose the window was in a position that caused pain on my neck to look out of it The interior felt somewhat tired Apart from this the flight was comfortable and landed safely,6.0,Neutral,Positive,Positive,POSITIVE,Positive,,2/4,Neutral
Ravn Alaska,airline,S Laird,2008-03-27,ANCFAIANC Economy Open Seating Check in was difficult The checkin agent did not understand how to read my ticket and almost seemed to blame me for the error Once on board however the flight attendants both on the outbound and return were very nice especially on the return flight a definite sense of humor Era offers low fares between Anchorage and Fairbanks and I will be flying with them again Its also nice not to have to go to security when flying on the smaller planes,6.0,Positive,Positive,Neutral,POSITIVE,Positive,,2/4,Neutral
Sansa Airlines,airline,Georgios Vrontos,2018-04-19,Tambor to San Jos Regional airline Flight with Cessna clean and flight was on time Very basic airport but the staff were eager to operate it efficient They operate from San Jos domestic terminal which is basic but does the job They are trustworthy and I would recommend them,9.0,Neutral,Positive,Positive,POSITIVE,Positive,,2/4,Neutral
Santa Barbara Airlines,airline,A Decolt,2011-08-18,Panama City to Caracas a journey of hrs There was very little legroom but we were served quite a decent meal and considering it was a short flight I was impressed We departed on time but arrived min late,7.0,Positive,Positive,Neutral,POSITIVE,Positive,,2/4,Neutral
Shenzhen Airlines,airline,S Keller,2024-04-05,Pricequality is unbeatable Airplane was on the same standard as most European Airlines and Food and service as well Regarding the transfer in Shenzhen it works perfectly It is a huge modern international Airport I was advised that I could enjoy my time outside the aiport as Austria is one of EU countries that are now Visa free Went to the city with public transport and visited the KK Mall and St Regis Highly recommended Plane was empty that was nice as well,9.0,Positive,Positive,Neutral,POSITIVE,Positive,,2/4,Neutral
Singapore Airlines,airline,1 reviewsAshish Gupta,2025-02-23,I recently flew in Singapore airlines Everything about the airline is premium Check in experience the gate allotted to them time performance crew Flying in A was itself unique experience Seating comfort could have been better though otherwise its a out of,9.0,Positive,Positive,Neutral,POSITIVE,Positive,,2/4,Neutral
Singapore Airlines,airline,James Acerra,2025-02-05,This airline is world class and knows how to treat its customers with professionalism and respect Hands down the best airline Ive traveled with and Ive traveled a lot If their standards remain top notch Ill be a customer for life,10.0,Positive,Positive,Neutral,POSITIVE,Positive,,2/4,Neutral
Skymark Airlines,airline,S Siauw,2016-01-18,Tokyo Haneda to Sapporo return with Skymark Airlines First leg on Boeing NG New cabin comfy seat and generous legroom for a lowcost airline Even though I didnt purchase any the drinks and snakcs are sold at a cheap price Departure and arrival on time Return leg delayed for mins due to congestion at destination airport Return aircraft was an older Boeing Very warm cabin temperature But overall worth the ticket price Definetely better than AirAsia and JetStar,7.0,Positive,Positive,Negative,POSITIVE,Positive,,2/4,Neutral
Skymark Airlines,airline,Farel Silalahi,2014-08-08,Flew Tokyo Narita Sapporo Tokyo Narita Flight from Narita was on time while from Sapporo to Narita was delayed for hour Overall flight was ok Ground staff very professional,8.0,Positive,Positive,Negative,POSITIVE,Positive,,2/4,Neutral
Spring Airlines,airline,25 reviewsAlain Kupferman,2024-11-20,I have read many negative reviews about this airline so I was not disappointed There was absolutely no service no water was offered no entertainment seats were standard but could not be reclined Checkin was efficient as well as boarding and the most positive point was that the plane left and arrived on time Given the price it was a reasonable option,5.0,Positive,Positive,Neutral,POSITIVE,Positive,,2/4,Neutral
StarFlyer,airline,F Endo,2008-04-29,KIXHND a stylish airline Cabin staff service efficient Cabin which is coordinated in white and black elegant and personal monitor is easy to use Seats are made of black leather and seat pitch is enough,5.0,Positive,Positive,Neutral,POSITIVE,Positive,,2/4,Neutral
StarFlyer,airline,Matthew Lubeck,2007-02-26,This airline has impressive cabin staff and a very efficient ground staff never need check in more than minutes before my flight even in Tokyo,0.0,Positive,Positive,Neutral,POSITIVE,Positive,,2/4,Neutral
TACA Airlines,airline,M Mendez,2013-10-10,My route was GUASALLAX and I like the attention and polite service of the flight attendants During the flight GUASAL operated by E we had candies and the departure and arrival to SAL was on time The service from SAL LAX operated by A and we departed on time The crew were very nice We got our dinner and a movie before the purser shut off the lights to let us sleep and they offered blankets For passengers that didnt sleep the crew offered beverages,9.0,Positive,Positive,Neutral,POSITIVE,Positive,,2/4,Neutral
Thai Smile Airways,airline,N Wanasorn,2023-10-10,Thai smile offers convenient service through their app and self service at Suvarnabhumi Airport with staff support The time of flight is in time Staff gave service with hospitality,9.0,Positive,Positive,Neutral,POSITIVE,Positive,,2/4,Neutral
Thomas Cook Airlines Scandinavia,airline,M Sommerville,2015-03-04,CPHHurghadaCPH Flew this airline as part of a charter flightholiday in the Red Sea Both flights I enjoyed immensely Credit for this goes to the cabin crew and their ability to generate such a happy atmosphere in cabin The food quality served was by far the best I have put my teeth into for economy class in more than years of flying around the world On top of this the plane was literally an all new A I had paid a little extra for a few extra centimetres of leg space thumbs up arrival on time at both ends,10.0,Positive,Positive,Neutral,POSITIVE,Positive,,2/4,Neutral
Trigana Air,airline,47 reviewsL Garzler,2019-01-03,Yahukimo to Jayapura Flight was about an hour late quite normal in this remote place Plane was comfortable enough with reclining seats and even a box of tea provided unlike on the sole competitors flights on this route,7.0,Neutral,Positive,Positive,POSITIVE,Positive,,2/4,Neutral
Tropic Air Belize,airline,Pat Kelly,2022-08-10,This company is horrific We had a cancelation of our flight back home and this airline refused to refund our money Fly Maya Island Air They are exceptional less expensive and very flexible The planes are also shady You will not regret flying Maya Island Air Have a wonderful and safe flight,1.0,Positive,Positive,Neutral,POSITIVE,Positive,,2/4,Neutral
V Air,airline,Helen Curreen,2016-07-09,I was really impressed with V Air flying from Bangkok to Taipei Easy to use website for booking Smiling staff at check in Very efficient even weighed and tagged cabin baggage Flight lifted off at exact departure time Plane seemed new We didnt preorder food but were able to buy some Cabin crew did a delightful safety demonstration smiling graciously and the passengers applauded Everything spotless efficient thoughtful,10.0,Positive,Positive,Neutral,POSITIVE,Positive,,2/4,Neutral
Volotea,airline,Filippo La Rosa,2025-04-02,I have been flying with Volotea for years and have never had any problems I believe that the company is one of the best in existence This is due to all the staff and the company organization Sono anni che volo con Volotea non ho avuto mai problemi Ritengo che la compagnia sia una delle migliori tra quelle in essere Questo merito vs al personale tutto e allorganizzazione aziendale,9.0,Positive,Positive,Neutral,POSITIVE,Positive,,2/4,Neutral
Abu Dhabi,airport,4 reviewsNash Degaonkar,2024-12-13,The Airport is pretty decent in a lot of aspects The duty free is vast the airport staff and security are ultra professional helped me guide through the terminal on where to find my gate However the WiFi experience could have been better because doing facetime calls was a problem considering whatsapp is not allowed Anyhow it is massive,8.0,Positive,Positive,Neutral,POSITIVE,Positive,,2/4,Neutral
Aguascalientes,airport,2 reviewsHoward Atkins,2016-10-20,This is a small airport but over the past couple of years it has improved a lot The customs and immigration are polite and fast with the baggage also coming fast There is a coffee shop outside the secure area and also one inside but the coffee outside is better There is also now free WiFi in the airport There is a lounge but this is not connected to the airlines but for payment No need to arrive to early,5.0,Positive,Positive,Neutral,POSITIVE,Positive,,2/4,Neutral
Albany,airport,Andrew Champagne,2012-05-16,I fly into and out of Albany a few times a year on business For my money its one of the most efficient airports in terms of securityTSA in the country They get you in out and on your way with very little hassle the way it should be The airport itself isnt huge and doesnt have some of the amenities of a larger hub but as a traveller Im looking for efficiency and thats what Albany Airport provides,9.0,Positive,Positive,Neutral,POSITIVE,Positive,,2/4,Neutral
Alicante,airport,Janet Westgarth,2024-09-09,I was travelling with sight impaired friends Assistance was prebooked with Easyjet I cannot praise the staff highly enough We arrived late at night and we were wheeled very efficiently and cheerfully The staff cared for us very well and made sure we got safely to our taxi,10.0,Positive,Positive,Neutral,POSITIVE,Positive,,2/4,Neutral
Alicante,airport,Vera McMullan,2022-08-05,I want to commend staff at Alicante airport on what was my first airport visit post covid Arriving and departing was prompt and hassle free When I accidentally broke a mug at the Starbucks counter the staff were just concerned about how I was feeling Also the girl at the EasyJet gate took my postcards which I had forgotten to post and promised to post them for me They all arrived eventually so thank you,9.0,Positive,Positive,Neutral,POSITIVE,Positive,,2/4,Neutral
Alice Springs,airport,Paul Harvey,2009-09-23,A typical small Australian airport which operated well Some distance out of the city it is served by a bus and taxis fare Check in was easy there being more than enough desks for the traffic Security was efficient with a bookshop and cafe airside All gates are walk to the plane which are never far away Compared to many this is a nice airport,5.0,Positive,Positive,Neutral,POSITIVE,Positive,,2/4,Neutral
Almeria,airport,Susan Davis,2007-07-18,I found the airport to be more than adequate We were there in July and it was busy but check in was OK as was security The waiting area is small and there are not enough catering facilities but the roof top terrace was brilliant it was a pleasure to wait for the plane for once and you can have a cigarette in peace The toilets were clean and tidy wastebins emptied frequently so all in all not a bad airport have certainly spent time in much worse,3.0,Positive,Positive,Neutral,POSITIVE,Positive,,2/4,Neutral
Antwerp Deurne,airport,C Wajsberg,2012-10-27,Very small airport with not many destinations to fly to from Free parking in front of airport very fast check in One restaurant coffee shop with nice local food Arriving at Antwerp airport it will take you around to after disembarking until you receive your suitcase and are in a taxi home,10.0,Positive,Positive,Neutral,POSITIVE,Positive,,2/4,Neutral
Arkhangelsk,airport,Y Kiselev,2010-10-03,Used this airport on numerous occasions over the last years Over the last year both domestic and international terminals underwent some renovation and rearrangement of facilities in my opinion for the better Of all facilitiesservices expectable from a midsize regional airport ARH lacks free WIFI coverage and cafes serving hot meals Overall it is a decently wellkept airport which may though benefit from further renovations and improvements,4.0,Positive,Positive,Neutral,POSITIVE,Positive,,2/4,Neutral
Bahrain,airport,A Zubairi,2023-02-02,Really beautiful airport after the renovations All major fast food places available apart from local cuisine Wifi is free and fast regardless of duration of the connection which is a huge plus Coffee shop was slightly expensive but the food and coffee were fine nonetheless The announcements are a big plus since most airports in the region are switching to quite airports,8.0,Positive,Positive,Neutral,POSITIVE,Positive,,2/4,Neutral
Beirut,airport,18 reviewsGyan Fernando,2020-01-25,A nice airport and frankly I am surprised at the bad reviews I arrived there at approx hrs Entry and checkin were very easy Security was straight forward and immigration was very easy Once on the airside a restaurant was open as were the dutyfree shops The only downside were the grumpy staff of the shops who obviously had not woken up yet Announcements were clear and boarding was orderly and we took off on time,9.0,Positive,Positive,Negative,POSITIVE,Positive,,2/4,Neutral
Belo Horizonte Confins,airport,A Hetier,2009-12-07,I concur with the comment below Confins is underused But there is a big plus Conexao Aeroporto buses that take you to the city centre are punctual and efficient Things have changed since and there should be more improvements in the future,3.0,Positive,Positive,Neutral,POSITIVE,Positive,,2/4,Neutral
Berlin Tegel,airport,J Meeson,2020-11-01,Im autistic and was nonverbal unable to speak when I went through security but the staff were incredibly kind and helpful It was very much appreciated as its obviously very difficult to navigate the world when one cannot speak and the staff were completely understanding Be proud,10.0,Neutral,Positive,Positive,POSITIVE,Positive,,2/4,Neutral
Berlin Tempelhof,airport,Lisa Sanders,2008-06-06,Templehof is a dream The architecture is beautiful and the departure hall is stunning Some of the original features can be found a true jewel It oozes nostalgia and would be a tragedy to lose such a wonderful piece of history The most civilised journey Ive embarked on to date was Templehof to Brussels,5.0,Positive,Positive,Neutral,POSITIVE,Positive,,2/4,Neutral
Bohol-Panglao,airport,13 reviewsAndreas Becker,2022-05-28,Quiet new airport opened in Check in was efficient Distance to Alona Beach only a few minutes Therefore very comfortable for people staying at the beach There are only few food stalls available Overall a fast and efficient airport,8.0,Neutral,Positive,Positive,POSITIVE,Positive,,2/4,Neutral
Bremen,airport,Eric Decamps,2015-09-06,Nothing special to write it looks more like a train station than an airport but its a small city anyway so thats fair Access from the city center by tram makes it the easiest cheapest and fastest airport to reach Ive seen in my life Fans of space will love the huge International Space Station model in the main hall and aviation fans will love the souvenir shop where you can buy many Airbus collectors items One thing they should put more power sockets,8.0,Positive,Positive,Neutral,POSITIVE,Positive,,2/4,Neutral
Brussels Zaventem,airport,8 reviewsNorman Mackenzie,2024-12-09,I have to say I was quite impressed with this place The two terminals are easy to navigate and there is plenty of space Plenty of retail if such is your thing an I enjoyed my Stella as I waited for my next leg One thing I really liked is the ability to get WhatsApp updates for your flight schedule checkin gate departure gate etc I hadnt seen this before Surprised that all the announcements are in English,8.0,Positive,Positive,Neutral,POSITIVE,Positive,,2/4,Neutral
Canberra,airport,L Maben,2019-06-02,Professional courteous security Definitely a credit to the management and the leadership team Well done Definitely recommend the team for their professional approach and execution of their duties,10.0,Positive,Positive,Neutral,POSITIVE,Positive,,2/4,Neutral
Chattanooga Metropolitan,airport,Bill Peterson,2006-05-12,CHA has the misfortune of being too close to Atlanta Over half of Chattanooga flyers drive to Atlanta or Nashville or Birmingham to fly However CHA offers competitive fares and I would guess most flights now are regional jet The airport itself is beautiful with a large copper dome as the facilitys trademark in honor of the citys railroad heritage CHA is a modern stateoftheart airport and is where I choose to fly out of even though I live in the northern Atlanta burbs,0.0,Positive,Positive,Neutral,POSITIVE,Positive,,2/4,Neutral
Cochin,airport,Vidya Iyer,2021-11-06,Very disappointed to see that you are busy aping the western culture and forget our own roots As an Indian I am very proud of my heritage and all my traditional food However Cochin airport is a far cry from that You will happily serve cappuccino coffee to please a foreigner while completely omitting to serve a traditional Indian masala tea or a nice bru coffee It is very sad what Cochin airport has come to,2.0,Positive,Positive,Neutral,POSITIVE,Positive,,2/4,Negative
Corpus Christi,airport,Simon Channon,2011-03-21,It looks like a white elephant but what an elegant one Corpus Christi appears to handle only connecting flights to Dallas and Houston thats the international bit with just three airlines operating there It is light bright airy and wonderfully free of the normal hustle and bustle of a modern airport Checking in took three minutes passport control and security about the same they have new full body scanner Each airline has its own gate complete with airbridge to connect even to small planes,5.0,Positive,Positive,Neutral,POSITIVE,Positive,,2/4,Neutral
Curacao,airport,R Noguera,2024-10-27,My Mom required wheel chair service and we received superb service especially on our departure by Devon He ran to get my Mom as there was a gate change and looked for me as I was getting a snack for her None of the crew advised us but there was Devon with his wonderful smile,10.0,Positive,Positive,Neutral,POSITIVE,Positive,,2/4,Neutral
Da Nang,airport,Helge Johansson,2024-11-16,Nice clean but crazy expensive food USD for a Cappuccino for a Bnh M Besides that its a nice airport with all facilities you can expect,3.0,Neutral,Positive,Positive,POSITIVE,Positive,,2/4,Neutral
Dallas Fort-Worth,airport,52 reviewsMahmud Noormohamed,2024-07-09,Whats not to like about DFW You can park at any terminal and take the SkyLink to whichever terminal youre departing from Departure from Terminal E and arrival at Terminal A Parked across from Terminal E United Airlines gates TSAPre took a little bit longer than usual to clear minutes Both Terminals A E are spacious with plenty of shops and dining options Terminals were clean,8.0,Neutral,Positive,Positive,POSITIVE,Positive,,2/4,Neutral
Damascus,airport,J Delmonte,2011-05-01,I first arrived in Damascus in Feb Since then I have been back and forth almost times a year since then I am an Englishman who met and married a Syrian girl in The airport in my view was more relaxed in the old days whereby you could check in and walk back into the loungecafe for tea etc with your friends and family,4.0,Positive,Positive,Neutral,POSITIVE,Positive,,2/4,Neutral
Durgapur,airport,Jayastu Senapati,2020-03-10,Kazi Nazrul Islam airport RDP Durgapur is a new greenfield airport in the the industrial city of Durgapur West Bengal Eastern India It is a growing airport which holds much promise for improving air connectivity to this part of the state and can become a major player in boosting tourism and business in the area The connectivity from the city to the airport has improved but still needs more intervention including development of the surrounding areas,7.0,Positive,Positive,Neutral,POSITIVE,Positive,,2/4,Neutral
Ercan,airport,Allan Foster,2018-10-04,After standing at passport control for over hour It was our turn Seconds earlier a couple appeared in another queue next to ours My partner who speaks the language perfectly pointed out that there was a queue Also someone else in the queue pointed it out as well The passport officer told us to go back over the red line And told this couple to come forward Not military not late for the same flight as us Cant believe that someone should get preferential treatment at passport control,3.0,Positive,Positive,Neutral,POSITIVE,Positive,,2/4,Neutral
Friedrichshafen,airport,H Oberbeckmann,2013-07-07,The airport is very small with just about million passengers a year The few checkin desks are enough service is fast no queues travel agencys most big car rental companys have a desk and restaurants and visitors terrace with a nice view are available,10.0,Positive,Positive,Neutral,POSITIVE,Positive,,2/4,Neutral
Funchal,airport,Anthony Pilkington,2024-01-25,I was a disabled passenger on the Tui flight departure date which eventually took off All Madeirian staff at the airport were polite very helpful in particular the disabled Assistance staff The poor weather affecting the departure will not deter my family from coming back to Funchal All the very best for the new year,9.0,Neutral,Positive,Positive,POSITIVE,Positive,,2/4,Neutral
Guayaquil,airport,Joseph Travis,2011-08-07,Guayaquils airport has most of the services that we have here in Australia they even offer jetways into planes There are restaurants ATMs machines banks coffee shops and entertainment it passed our expectations without doubt,5.0,Positive,Positive,Neutral,POSITIVE,Positive,,2/4,Neutral
Haikou,airport,1 reviewsQiteng Lu,2018-12-25,The international terminal of Haikou Airport is a very spacious terminal I have ever seen The terminal is small and dedicated The staff of VIP room help me to carry the language when I arrived and welcome me before I check in and keep me company all the way to the lounge There is a beautiful tropical garden in the terminal The staff in the airport is professional and dedicated I want to thank them for treating me so well,10.0,Positive,Positive,Neutral,POSITIVE,Positive,,2/4,Neutral
Hat Yai,airport,J Gauthier,2012-01-09,Regional airport not that busy Efficient checkin Services pretty basic but everything works Newer TG Business Lounge very nice,8.0,Positive,Positive,Neutral,POSITIVE,Positive,,2/4,Neutral
Hatay,airport,M Veitch,2011-04-16,Hatay HTY I flew into Hatay last year for my daughters wedding celebration airport was small but adequate and staff were helpful,5.0,Neutral,Positive,Positive,POSITIVE,Positive,,2/4,Neutral
Iloilo,airport,Nancy Macendo,2022-07-23,Waiting area is too far from the entrance a lot of mosquitos in waiting area as its open crowded too My flight at am and I arrived long hours before my flight in which they decided to let me stay in waiting area overnight and mosquitos enjoying to eat you alive Please do something,1.0,Positive,Positive,Neutral,POSITIVE,Positive,,2/4,Negative
Iloilo,airport,Nick Talavera,2020-12-18,Though it is small it is one of the best efficient and beautifully designed international airports in the Philippines Been using it when I am visiting for business and leisure and Im not disappointed everytime I used this airport I do hope the government will expand this soon,9.0,Positive,Positive,Neutral,POSITIVE,Positive,,2/4,Neutral
Islamabad,airport,A Talat,2019-07-17,Massive improvement in airport and staff Very clean public facilities are well maintained Staff are a bit friendlier now and fewer queues on departure and arrival securityimmigration clearance due to having extra staff on counters Just need a few more shops in the terminal,9.0,Neutral,Positive,Positive,POSITIVE,Positive,,2/4,Neutral
Jakarta,airport,Angela Avida,2020-02-29,Most of the airport was hot Only felt moderately cool at the quiet area which wasnt quiet at all It was right next to noisy escalators and on top of an area where staff I assume they were staff would congregate and loudly converse The rest of the time I thought staff were loudly and the airport was nice enough Lots of restaurants and little shops although most closed at night I arrived and was in transit for hours Outlets everywhere and potable water available,6.0,Positive,Positive,Neutral,POSITIVE,Positive,,2/4,Neutral
John Wayne,airport,1 reviewsMatthew Salovitz,2018-10-03,Beautiful airport in Orange County with incredible ease to all major interstates Airport sits off the and is perfectly situated for Los Angeles visitors Large airport with a small town feel,9.0,Positive,Positive,Neutral,POSITIVE,Positive,,2/4,Neutral
John Wayne,airport,Dylan Peterson,2016-03-28,Love John Wayne Airport it is close and convenient to the I and everything in southern California It is a lot easier to get in and out of than LAX and so much more modern Flew from here to Portland recently and going through security and checking in the bags was a breeze,9.0,Positive,Positive,Neutral,POSITIVE,Positive,,2/4,Neutral
Kaohsiung,airport,Kevin Wu,2008-08-13,Kaohsiung International airport are one of the best airport to entry Taiwan Now with all the transportation by subway which can easy get from Kaohsiung down town to Kaohsiung airport in mins,4.0,Positive,Positive,Neutral,POSITIVE,Positive,,2/4,Neutral
Karlsruhe,airport,S Townsley,2011-06-19,Since my last review Karlsruhe airport has improved beyond expectations Regular flights to more destinations and vastly improved bus services to Baden and Rastatt Eating and shopping facilities need to be improved especially on Sundays when the duty free shop and gate one bar are generally closed,4.0,Positive,Positive,Negative,POSITIVE,Positive,,2/4,Neutral
Khartoum,airport,Malachy Roscoe,2004-05-04,The obligatory show of your boarding pass on boarding the plane Dont expect duty free air conditioned waiting areas business lounges or facilities smiles hello thank you goodbye catering information desk assistance even from airline representatives or toilet facilities and you wont be left disappointed But once outside the Worlds Worst Airport you will meet the most pleasant courteous and honest people that I have ever personally encountered Welcome to the real Sudan,0.0,Positive,Positive,Neutral,POSITIVE,Positive,,2/4,Negative
Kiev Zhulyany,airport,katya ivanova,2019-08-04,This airport was very efficient no lines or delayed services There are a lot of shops where you can shop and places where you can have a bite Delicious coffee and bakery items to buy,10.0,Positive,Positive,Negative,POSITIVE,Positive,,2/4,Neutral
Kilimanjaro,airport,Adam Simmons,2010-06-23,Compared to so many airports a delightful experience I was first off my arriving flight and so did not have to queue for a visa Only one person was doling them out so I guess that stragglers had quite a wait On departure plenty of shops for such a small airport with plenty of seating both indoors and out no problems in either direction with passport or customs,5.0,Positive,Positive,Neutral,POSITIVE,Positive,,2/4,Neutral
King Mswati III Intl,airport,3 reviewsTeayaung Kim,2016-02-09,Recently opened airport because the former airport in Matshapa is now being used as something else The new location is quite inconvenient because it takes more than an hour from Mbabane city centre and I would strongly recommend that you use the road from Johannesburg to Mbabane because it takes only four hours from SA Cost wise it is also efficient to use the road,5.0,Positive,Positive,Neutral,POSITIVE,Positive,,2/4,Neutral
Kinshasa,airport,S Ross,2016-10-13,I read horror stories and read terrible reviews about Kinshasa FIH Ndjilli Airport I was very nervous about going through there What a lovely surprise awaited me A brand new terminal clean bright air conditioned well a big plus in Africa all employees well dressed and polite Procedures took time and were very detailed but nothing out of the ordinary You dont really need to pay a VIP service to go through you will be OK on your own Make sure all your travel documents and stay details ready for inspection,9.0,Positive,Positive,Neutral,POSITIVE,Positive,,2/4,Negative
Koh Samui,airport,Andrew Mortimer,2022-12-12,Brilliant little airport with thoughtful touches such as free snacks and water Only downside was the open air departure lounges so no air conditioning ie humidity very high,7.0,Positive,Positive,Neutral,POSITIVE,Positive,,2/4,Neutral
Koh Samui,airport,2 reviewsA Davids,2017-04-15,From the first step of the airplane at Koh Samui Airport I felt that I was in a tropical paradise It was not a standard airport bus but a train of small wagons painted in bright colours Airport is a complex of many small buildings in Thai style connected by open galleries A lot of open space just covered with roof from rain Many trees and flowers Even an aquarium in WC There are minibuses for transfer to Samui hotels and of course you can take an individual taxi with fixed price,10.0,Positive,Positive,Neutral,POSITIVE,Positive,,2/4,Neutral
Kota Kinabalu,airport,2 reviewsAzizul Ismail,2015-11-30,A modern medium size airport with ample space airside got plenty of outlets at the departure area and efficient checkin counter The airport is near to the city centre and it is easy to reach by taxi and private transportation Once through the security check you will be greeted by an airy airside with an ample seating area near to the gate and due to the design of the terminal the distance of the gate is really short and gave ample time for the passenger to catch their flight,10.0,Positive,Positive,Neutral,POSITIVE,Positive,,2/4,Neutral
Langkawi,airport,Y Ren,2013-08-11,Small airport only serves a couple of airlines Landing process was pretty fast seem the airport does not have air bridges Bags delivered pretty fast Check in at airport was fine many dining options Security check was fast Not sure about transportation options because we were picked up and dropped off by our hotel It is a very sufficient regional airport,7.0,Positive,Positive,Neutral,POSITIVE,Positive,,2/4,Neutral
Leipzig/halle,airport,Evan Duerr,2008-01-22,Easy to get to with car from the Autobahn or from Leipzig with the train The airport is large but not confusing or crowded Security was a breeze All the people seemed nice,5.0,Positive,Positive,Neutral,POSITIVE,Positive,,2/4,Neutral
Leon Guanajuato,airport,Sandy Huff,2007-02-05,Ive flown in and out of BJX a half dozen times and have no problems Take along a book or knitting as there are only a couple of souvenir shops but they are colorful and reasonable My destination has been San Miguel de Allende the art colony thats popular with US citizens,0.0,Positive,Positive,Neutral,POSITIVE,Positive,,2/4,Neutral
Leon Guanajuato,airport,Edgar Solis,2006-05-31,This is a small and nice airport Ive landed and departed from this airport before and it has changed a lot I dont know why it is called Leon Airport if it is closer to Silao Gto I landed there a few months ago my destination was Romita Gto my mothers hometown This airport is very convenient for us since it is only about mins away from Romita Also this airport is not very far from Guanajuato city I recommend people to visit Guanajuato this is perhaps the most European style city in Mexico,0.0,Positive,Positive,Neutral,POSITIVE,Positive,,2/4,Neutral
Limoges,airport,1 reviewsFlorian Chissadon,2016-12-28,I travel from Limoges to and from Paris The terminal is a little bit small but it is very clean There is a not a very long queue time and the staff were very proactive At this airport there is one bar and one restaurant but there are no lounges or dutyfree The boarding area is very small and there is not much seating This is a little but very efficient airport,9.0,Neutral,Positive,Positive,POSITIVE,Positive,,2/4,Neutral
Long Island Macarthur,airport,Michael Nevradakis,2006-01-02,Very nice airport closely situated to New York City and very convenient for all travelling tofrom Long Island Decent selection of shops easy to navigate and not crowded at all when I flew threw both times Local hub for Southwest airlines,0.0,Positive,Positive,Neutral,POSITIVE,Positive,,2/4,Neutral
Lviv,airport,Ivan Dzhur,2015-01-19,Once again I used Lviv Airport four times in August Very satisfied with facilities and staff who work there Definitely beats many USA airport who have a lot to do in order to improve,10.0,Positive,Positive,Neutral,POSITIVE,Positive,,2/4,Neutral
Mauritius,airport,1 reviewsDinesh Maudhoo,2019-12-28,Probably the best island airport in the Indian Ocean Well designed structure the only challenge is the long queue in the immigration hall The authorities need to arrange extra officers during peak timings,10.0,Positive,Positive,Neutral,POSITIVE,Positive,,2/4,Neutral
Medan,airport,Anthony C Lawman,2012-08-07,I have used Polonia six times in the last four year both international and domestic arrival and departure No problems with taxis overcharging just as for any airport do your research Be affirmative informed and polite,6.0,Positive,Positive,Neutral,POSITIVE,Positive,,2/4,Neutral
Medina,airport,Kamaruddin bin Ismail,2018-10-28,First time arriving in this beautiful country together with wife for umrah Arrived by Malaysia Airlines A and departure with same aircraft Facilities well kept staff welcome us with a smile Easy flow for arriving and departing,9.0,Positive,Positive,Neutral,POSITIVE,Positive,,2/4,Neutral
Miami,airport,Stefania Miniucchi,2024-11-11,Arriving at Miami International Airport to return to Rome we had the invaluable assistance at the automatic checkin before the Air Canada desk so I dont think an Air Canada employee helped us so much to understand how we had to make our boarding passes and what to do with our luggage Thanks to him the passage through this airport seemed delightful,8.0,Positive,Positive,Neutral,POSITIVE,Positive,,2/4,Neutral
Milwaukee,airport,J Cummings,2011-12-29,One of my favorite airports to make a connection through Ive flown through MKE maybe times or so and never have had to wait in a line to go through security There is also a very nice bookstore decent food options nice play areas for kids and an aviation museum The airport is also fairly stress free for making connections,10.0,Positive,Positive,Neutral,POSITIVE,Positive,,2/4,Neutral
Miri,airport,G Carroll,2005-10-14,The new airport in Miri is a blessing to all of us frequent travellers Although it is small it is efficient clean and cool If anything needs to be imroved on is the charges we have to pay for a small cup of coffee or a meal The charges are much too high for a domestic airport,0.0,Neutral,Positive,Positive,POSITIVE,Positive,,2/4,Neutral
Monastir,airport,Amanda Taylor,2007-08-06,I agree most strongly that passport control is a nightmare I could not believe the length of time it takes to get passengers through and especially when the airport is so hot and lacked air conditioning I have visited this Airport twice now and hope that in future they can implement a more effective way of getting through control The rest of the airport was fine and even homeward bound found it was comfortably set out with refreshments and enjoyed a last encounter of some traditional Tunisian retail shops,4.0,Positive,Positive,Neutral,POSITIVE,Positive,,2/4,Neutral
Monastir,airport,Iain Murray,2005-08-29,Impressed by this airport apart from the queue at Passport control It took ages once through to Departures everything was fine Duty Free was reasonable and plenty of places to get a drink or something to eat,0.0,Positive,Positive,Neutral,POSITIVE,Positive,,2/4,Neutral
Montgomery Regional,airport,Don Orlando,2015-04-22,Montgomery Regional Airport Dannelly Field has been completely modernized and is one of the most attractive small airports in the US Checkin in close to the curb and security is efficient Food and drink groundside and airside is basic Deplaning is easy and baggage claim is close to the street Parking is reasonably convenient unless you are travelling mid week It can be a longish walk to the terminal,9.0,Positive,Positive,Neutral,POSITIVE,Positive,,2/4,Neutral
Montpellier,airport,40 reviewsH Rowe,2020-07-30,A small yet very convenient airport in the south of France From the plane to the exit takes no more than min Signaling shopping etc is all fine given the size and role of the airport Its not the most modern airport but everything is well maintained Theres a convenient bus service to the city center,8.0,Positive,Positive,Neutral,POSITIVE,Positive,,2/4,Neutral
Moscow Sheremetyevo,airport,Steve Fisher,2020-03-19,Transfer from international to domestic flight and back last week My flight from London arrived into Terminal D and transferred to Terminal B for the domestic departure Efficient experience overall clear signage but some long walking distances from arrival to the shuttle train Terminal B has a nice interesting design and plenty of seats with chargers Nice selection of lounges for cardholders Overall recommended,8.0,Positive,Positive,Neutral,POSITIVE,Positive,,2/4,Neutral
Muscat Seeb,airport,30 reviewsZiauddin Ahmed,2020-02-27,I visited Oman first time in and used this airport It was then very a small and unorganized airport Now the airport has become huge with many other facilities There is a museum with Omani architectures There are many handicrafts shops with very high prices of commodities There are KFC and McDonalds that offer food at an affordable price There are Muslim prayer room and toilets as well,8.0,Positive,Positive,Neutral,POSITIVE,Positive,,2/4,Neutral
Muscat Seeb,airport,A Trang,2020-01-19,I visited Oman first time in and used this airport It was then very a small and unorganized airport Now the airport has become huge with many other facilities There is a museum with Omani architectures There are many handicrafts shops with very high prices of commodities There are KFC and McDonalds that offer food at an affordable price There are Muslim prayer room and toilets as well,8.0,Positive,Positive,Neutral,POSITIVE,Positive,,2/4,Neutral
Nanning Wuxu,airport,P Hu,2016-04-28,The airport is very new and modern I have flown through this airport multiple times but this is the first time at the new terminal It is a lot larger than the original terminal There was finally free WiFi and it was pretty fast considering the internet in China It was mainly based off of Shanghai Pudong the airport I was actually flying to and had the identical announcement system that PVG terminal had Although there were a few foreigners including me it felt very open and very welcoming,8.0,Positive,Positive,Neutral,POSITIVE,Positive,,2/4,Neutral
New Orleans,airport,E Smith,2023-05-12,Was departing New Orleans two days after jazzfest Had no problems with queueing anywhere Had some time to kill before my flight and sat outside in a cool spot close to where buses depart Spent some time chatting to n airport employee Absolutely delightful polite young man,9.0,Positive,Positive,Neutral,POSITIVE,Positive,,2/4,Neutral
Nuremburg,airport,1 reviewsAlexander Cunningham,2023-11-14,A friendly airport if you just want to watch the planes from the viewing area but not passenger friendly poor layout Up a lot of stairs for passport checks when you arrive Had to go through security the past twice on departure the both times they claimed I had passed through a public area after the first check Security patdowns are embarrassingly intimate,6.0,Neutral,Positive,Positive,POSITIVE,Positive,,2/4,Negative
Okinawa Naha,airport,J Brand,2013-09-03,I live here and fly regularly New terminals are open airy and plenty of seating Limited but appropriate shopping Nice caferestaurant selection for a small airport Security swift and courteous,8.0,Positive,Positive,Neutral,POSITIVE,Positive,,2/4,Neutral
Orlando Sanford,airport,Suzanne Archer,2024-12-03,I would like to share a positive experience I had with airport staff on December I came back from a weeklong trip to find that my car battery had completely died We called AAA but it was a long wait time due to the holiday weekend A very nice gentleman in an airport pickup stopped by to check on us and offered to jump start the car He was respectful and courteous and saved us quite a bit of wait time We will forever be grateful for his kindness and professionalism,9.0,Positive,Positive,Neutral,POSITIVE,Positive,,2/4,Neutral
Ottawa,airport,1 reviewsStevan Beara,2019-08-26,Ottawa is my home airport and given the population that it serves its very convenient It is not very large so it may not have some of the amenities larger airports will have showers multiple lounges etc but its fast clean and provides an acceptable amount of food choices Whenever possible I like to clear customs in this airport vs doing so in Toronto or Montreal,8.0,Neutral,Positive,Positive,POSITIVE,Positive,,2/4,Neutral
Ottawa,airport,Julie Pou,2016-04-04,I really like this airport it is small and not complicated It is really clean and they have a small but nice section for kids to play Just wish there were more restaurant for the US side There are usually no delays The airport is a bit far from downtown so a bit expensive in taxi but hey they have Uber and lot of parking space,9.0,Positive,Positive,Neutral,POSITIVE,Positive,,2/4,Neutral
Palm Springs,airport,John Oram,2007-07-10,I arrived at PSP from SFO I have used the airport from time to time in the past It is quite capable of coping with its traffic but has experienced one major improvement whereby hired cars can now be collected on site This is very welcome especially when the heat is high,4.0,Positive,Positive,Neutral,POSITIVE,Positive,,2/4,Neutral
Paro,airport,3 reviewsTeayaung Kim,2016-02-09,Paro International Airport is located meter above sea level so flights can only fly in the morning I took a Druk Air flight from Bangkok and the other time I took a flight from Kathmandu I prefer flying from Kathmandu because I could see Himalayan Mountains if the weather permits Paro Airport has very basic amenities because they have two carriers flying in and out It replicated Bhutanese traditional architecture and it looked very beautiful as I was walking into the airport,7.0,Positive,Positive,Neutral,POSITIVE,Positive,,2/4,Neutral
Portland,airport,Simon Fowler,2022-06-23,A quiet afternoon at PDX Short queues to get through security with efficient and helpful staff As the space allocated for security was fairly small I can imagine at that at busy times there could be problems,7.0,Neutral,Positive,Positive,POSITIVE,Positive,,2/4,Neutral
Providence,airport,52 reviewsMahmud Noormohamed,2024-11-02,Whats not to like about TF Green Airport It was recently ranked the d best airport by Travel Leisure readers Its newly remodeled bathrooms are like those of a star hotel Going through TSAPre was a breeze Cleared security in less than minutes Distances from security area to either end of the terminal are manageable WiFi is fast and worked flawlessly This used to be my home airport before I relocated to the Dallas area and it remains one of my favorite airports to fly through,9.0,Positive,Positive,Neutral,POSITIVE,Positive,,2/4,Neutral
Providence,airport,52 reviewsN Malcolm,2022-06-29,There is a reason why this airport is consistently named among the best small airports in the USA Thanks to COVID some shops and eateries have shuttered and not reopened to date Security was a breeze There was no line and I walked right up to the TSA counter and cleared security in less than minutes There is a spill over of passengers from the gate area to the concourse nonetheless there is enough space to navigate the concourses The Escape Lounge is a welcome addition to this airport,8.0,Positive,Positive,Neutral,POSITIVE,Positive,,2/4,Neutral
Puerto Princesa,airport,2 reviewsF Torres,2017-09-20,The Puerto Princesa International Airport had just opened its new terminal The terminal was clean and brand new The airport terminal had no jet bridge or ramp stairs so we had to deplane via an old fashioned staircase at the mercy of the weather thankfully at that time it was already dark The airport lacks formal transportation to the city center although the city streets is just a mere minutes walk away Definitely one of the best provincial airports in the Philippines if you consider dirt runways the norm,7.0,Neutral,Positive,Positive,POSITIVE,Positive,,2/4,Neutral
Quebec City,airport,Antoine Beaulieu,2013-04-28,Love Quebecs airport Small but offers all of the facilities in a big airport Not too much people,10.0,Positive,Positive,Neutral,POSITIVE,Positive,,2/4,Neutral
Recife,airport,S Koenig,2007-05-27,One of the nicest most modern airports in the country Decent array of shops and restaurants Not a large selection between security checkpoints and departure gates but that is typical and here it is still far better than at Fortaleza a city of similar size Airport is close to town especially beach areas so transportation is usually easy How many agents are actually working at the checkin counters can vary widely but I assume that is the responsibility of the airlines,0.0,Positive,Positive,Neutral,POSITIVE,Positive,,2/4,Neutral
Rhodes,airport,Yvette Genn,2022-06-23,One member of our party has special needs and requires the special assistance service The airport ground staff were exemplary We travel regularly The assistance kindness efficiency and responsiveness of all the ground staff we encountered was the best that we have experienced I would recommend Rhodes airport as an airport with staff that genuinely assist those with special and additional needs,10.0,Positive,Positive,Neutral,POSITIVE,Positive,,2/4,Neutral
Rijeka,airport,S Vanter,2022-09-07,Its a small airport at an island abt km from Rijeka Checking in and out goes quite fast at our experience Some staff members in the shop are kind of grumpy Nevertheless we are very happy with this airport how they have arranged a hotel in Opatija for our group when our flight was cancelled all of a sudden in the evening Our flight company Transavia told some people to find and book by themselves a hotel but the airport arranged bus transport and a luxurious hotel so our compliments,8.0,Positive,Positive,Neutral,POSITIVE,Positive,,2/4,Neutral
Riyadh,airport,2 reviewsTalha Irfan,2023-04-25,Riyadh airport is a nice airport We had to transit from there and were surprised to see that how beautiful is even their domestic terminal,9.0,Positive,Positive,Neutral,POSITIVE,Positive,,2/4,Neutral
Rodez,airport,8 reviewsGaspard Smith-Vaniz,2015-10-27,This little airport is very nice and adapted to the demand and number of passengers There was only one cafe but with nice food and drinks Because of the small numbers of passengers traveling through that airport there was absolutely no waiting I would defenitly go there again,8.0,Positive,Positive,Neutral,POSITIVE,Positive,,2/4,Neutral
San Jose,airport,Amelia Kirsten,2023-07-17,Our flight arrived very late and the hotel shuttle stopped running Bryce was very kind to help us find transportation to our hotel He went above and beyond his job to make sure we arrived safely I was very satisfied,10.0,Positive,Positive,Neutral,POSITIVE,Positive,,2/4,Neutral
Santiago De Chile,airport,10 reviewsB Albrecht,2023-09-13,Terminal International Departure Efficient passport control and security check within the terminal an incredible amount of dining and bar options for every budget Wonderful new terminal maybe with not many toilet facilities as only negative point,10.0,Positive,Positive,Neutral,POSITIVE,Positive,,2/4,Neutral
Sanya,airport,R Pontida,2009-03-13,No real problem with the airport As with most chinese airports its rather recent with pretty efficient baggage claim Its also relatively close to the city ab km which means there are cheap and crowded regular buses and taxi will cost you maybe yuan But what I really love is the waiting area outside,4.0,Positive,Positive,Neutral,POSITIVE,Positive,,2/4,Neutral
Sao Paulo Congonhas,airport,E Torre,2011-09-14,One of the best domestic airports in the country Wellsituated Come prepared for delay gate changes and high prices Be careful with illegal taxis,3.0,Positive,Positive,Negative,POSITIVE,Positive,,2/4,Neutral
Sarajevo,airport,Edin Dzano,2008-01-10,Its very small but convenient airport There is small duty free area and coffee bar in upper floor after immigration and also one coffee bar before immigration Toilets are clean Immigration procedures on arrival and on departure are simple and fast,4.0,Neutral,Positive,Positive,POSITIVE,Positive,,2/4,Neutral
Seoul Gimpo,airport,24 reviewsA Wagner,2020-02-24,It is a privilege to be able to travel via GMP in Seoul Not because the airport is extraordinary but because it is within the city of Seoul and much closer then the island of Incheon GMP can be be reached by metro It is a domestic and an international airport the international connections are through towards Asian destinations GMP has the Advantages and the disadvantages of an old city airport easy to reach more efficient security procedures but old facilities like lounges,7.0,Positive,Positive,Neutral,POSITIVE,Positive,,2/4,Neutral
Seville,airport,Helena Beijersbergen,2023-10-22,The best assistance so far for arrival and departure For someone who has less mobility and needs a wheel chair Superb and faster assistance Everything in place on time,10.0,Positive,Positive,Neutral,POSITIVE,Positive,,2/4,Neutral
Siem Reap,airport,Darren Mathews,2024-01-20,My experience at the new Siem Reap Airport surpassed all expectations The staffs friendliness and proactive assistance elevated my journey Navigating immigration was not only expeditious but also conducted with an admirable level of efficiency The airports outstanding features combined with the exceptional service created an atmosphere of ease and comfort,10.0,Positive,Positive,Neutral,POSITIVE,Positive,,2/4,Neutral
Skopje,airport,Michelle Emmen,2019-03-24,I experienced the best customer service at Skopje Airport During security I found out that my phone was missing I left my phone at the selfservice check in machine on the other side of security But they helped me out They called their colleagues and eventually found it brought it back to me I felt trustful through the whole process and really really het Thanks a lot,10.0,Positive,Positive,Neutral,POSITIVE,Positive,,2/4,Neutral
St Petersburg,airport,Haji Murat,2015-08-14,From the city to the airport in minutes The new terminal is fine Beautiful geometric lines used in the design Checkin for flight did not take too long The old building renovated and converted into a zone of local flights There are many shops and cafes There was a small queue of precontrol before departure,9.0,Positive,Positive,Neutral,POSITIVE,Positive,,2/4,Neutral
Stavanger,airport,Erik Olsen,2007-01-19,Stavanger airport Sola is a small airport like the one in Bergen and Trondheim Not many international flights but quite many domestic The terminal there is only one is years old but they have started to upgrade everything All in all a comfortable airport,0.0,Neutral,Positive,Positive,POSITIVE,Positive,,2/4,Neutral
Subang Kuala Lumpur,airport,Derek Moore,2012-01-18,Modern and easy to use No queues to speak of Firefly the main user are efficient and a cheaper alternative to flying Malaysian out of KLIA However beware transfer times from downtown KL especially during morning and evening peak times even more so on MondaysFridays Although nearer to the city centre than KLIA it can and did in my case take longer to get to Subang mins than it would have taken to get to KLIA,8.0,Positive,Positive,Neutral,POSITIVE,Positive,,2/4,Neutral
Taipei,airport,12 reviewsK Huang,2024-05-10,The airport was a bit far from the city but well connected to the public transportation with clear signs and direction It was in general clean Queuing time at the immigration was not too long for us As many other Asian international airports TPE was full of restaurants and a shopping paradise for passengers to kill waiting time Each boarding gate had a different theme and sometimes did not have enough seats for everyone,8.0,Neutral,Positive,Positive,POSITIVE,Positive,,2/4,Neutral
Tbilisi,airport,Hanna Gatigno,2025-01-22,I forgot my prescription glasses in the Duty Free in Tbilisi Following a few emails to the Duty Free department I received a positive response that they were found Two ladies did everything in their power to have them returned to me I cant fault these people they showed care and sympathy to my problems They are Natia and Inna Thank you so much,10.0,Positive,Positive,Neutral,POSITIVE,Positive,,2/4,Neutral
Timisoara,airport,40 reviewsR Barton,2023-02-24,A small airport divided into mini terminals domestic international arrival and international departure Border control was fast and efficient despite the large amount of passengers The terminals itself are clean and well maintained but rather s looking Access to the aircraft is by bus boarding only There are many taxis to the center but negotiate well A few busses are available too but look like from a museum,6.0,Neutral,Positive,Positive,POSITIVE,Positive,,2/4,Neutral
Tirana,airport,45 reviewsDiogo Freitas,2023-12-04,Phenomenal airport the best I ever experienced in Europe or anywhere else Just the material definition of how an airport should be Well done Albania,10.0,Positive,Positive,Neutral,POSITIVE,Positive,,2/4,Neutral
Tokyo Haneda,airport,8 reviewsM Hemire,2024-10-07,Haneda is a nice airport but immigration is hell long lines clearly show the Japanese slowness to adapt to any increase of the of arrival If you fly in while low traffic It is one of the best airport but not today as I will be losing minutes to pass immigration,4.0,Positive,Positive,Neutral,POSITIVE,Positive,,2/4,Neutral
Townsville,airport,G Stenchion,2024-08-30,The security staff at Townsville Airport are the most friendliest efficient and personable I never dread having to go through screening at this airport pity Brisbane AP doesnt operate as efficiently,10.0,Positive,Positive,Neutral,POSITIVE,Positive,,2/4,Neutral
Trieste,airport,4 reviewsMassimiliano Mesenasco,2015-08-26,A very small airport that mainly serves Trieste Udine Gorizia and the western part of Slovenia More similar to a train station as it often happens for small airports A few shops that mainly sell local food and wine a very small duty free and a couple of bars It also features a small but comfortable lounge,6.0,Neutral,Positive,Positive,POSITIVE,Positive,,2/4,Neutral
Tulsa International,airport,L Watson,2017-03-09,Tulsa is a nice small to medium sized airport It now has free wifi available throughout the airport Only or so airlines fly out of the airport and it seems quite a few flights have been cut the past years or so The lines for TSA are rarely bad anymore I have been through security in less than mins after arriving at airport Obviously there are times when it is busier New seats at gates have plug ins available and this is a very nice touch,8.0,Positive,Positive,Negative,POSITIVE,Positive,,2/4,Neutral
Vancouver,airport,Sayna Davary,2024-01-20,I was with my mother at the entrance of the airport There was a young man named William He asked us if we needed help and I couldnt believe he helped us to get a wheelchair immediately That was awesome customer service compared to my experience in LA airport,10.0,Positive,Positive,Neutral,POSITIVE,Positive,,2/4,Neutral
Victoria Falls,airport,Victor Oster,2004-08-29,A very small airport no airways you walk on the tarmac to the terminal if like most people you need to buy a visa there is a line manned by only people and no organization at all then the customs man grunts at you or makes you open everything but then you are out and in one of the most beautiful places on earth,0.0,Positive,Positive,Neutral,POSITIVE,Positive,,2/4,Neutral
Vilnius,airport,Denis Matarosov,2020-11-04,On June airport started renovation of taxiways as well as the installation of a new apron The inside of the airport is very clean it is easy to orientate the construction of a new terminal will begin The runway lighting is bad but will also be updated soon I very much hope that everything will be fine and that it will be easier and safer to travel,8.0,Positive,Positive,Neutral,POSITIVE,Positive,,2/4,Neutral
Xi'an,airport,M Cavanagh,2014-04-23,I departed on th April and was lucky to make my flight I was part of a tour group and as there were many groups trying to leave at the same time and not enough check in staff to process the travelers I made my flight with minutes to spare,6.0,Positive,Positive,Neutral,POSITIVE,Positive,,2/4,Neutral
Xi'an,airport,B Howard,2013-06-28,Last time I was in Xian Xianyang airport was in I have visited many times before There was always a Scrum outside the airport building for tickets and to board the airport buses for downtown Returned this year a lot has changed with the airport and getting tickets for the buses You now go to a ticket booth inside the building Then a waiting room for your respective bus What an improvement,8.0,Positive,Positive,Neutral,POSITIVE,Positive,,2/4,Neutral
AB Aviation,airline,Tom Hansen,2019-11-11,Moroni to Moheli Turned out to be a pretty decent airline Online booking worked well checkin and boarding was fine and the plane looked well maintained Its a very short flight just minutes or so so i didnt expect much but they still managed to hand our a bottle of water and some biscuits which i though was very nice Both flights on time,9.0,Positive,Positive,Neutral,POSITIVE,Positive,,2/4,Neutral
Air Austral,airline,P Geare,2019-10-20,Johannesburg to St Denis Service like it was years ago professional attentive amenity kit handed out on a hour flight and the quality and quantity of the catering Ive not seen for years Thoroughly recommended,9.0,Positive,Positive,Neutral,POSITIVE,Positive,,2/4,Neutral
Air Koryo,airline,11 reviewsSimon Hedges,2017-06-25,Pyongyang to Beijing with hotcold drinks and a hamburger which was adequate for length of flight Very polite and welcoming service Efficient check in and boarding In flight entertainment limited to a video of recent North Korean hits Pyongyang Times and Korea Today available to take on board,9.0,Positive,Positive,Neutral,POSITIVE,Positive,,2/4,Neutral
Air New Zealand,airline,Tilly Hoskins,2024-11-27,A decent enough job on a very full flight They got me there from A to B without frills or fuss I liked the onboard Kiwi Qui that they ran during the flight a nice and quirky touch,7.0,Positive,Positive,Neutral,POSITIVE,Positive,,2/4,Neutral
Air North Yukon's Airline,airline,Jade Pang,2023-05-29,We were totally amazed by their services since none of us have ever heard of this airline The trip was arranged by the travel agency who arranged our tour Even during a short trip they provided us gourmet sandwiches and a warm cookie while beverages was served twice which is far much better than what we experienced from those larger airlines How we wish they can cover more routes,10.0,Positive,Positive,Neutral,POSITIVE,Positive,,2/4,Neutral
AirAsia India,airline,Kartika Rai,2023-04-08,Airline staff helped me with last minute web check in cancellation also helped locating the luggage and provided the best support and service for such hospitality and customer delight,8.0,Positive,Positive,Neutral,POSITIVE,Positive,,2/4,Neutral
Akasa Air,airline,K Sargan,2025-03-21,From the moment I boarded the crew exuded warmth and professionalism Junu and Reeza provided assistance wherever needed The inflight service was impeccable Bhoomi and Nisha managed the meal service efficiently The crew went above and beyond to ensure passenger comfort Whether it was providing extra blankets assisting with luggage or attending to special requests they were attentive and proactive Their kindness and willingness to help truly stood out Looking forward to flying with Akasa Air again,10.0,Positive,Positive,Neutral,POSITIVE,Positive,,2/4,Neutral
Arkefly,airline,Maarten de Vries,2015-01-19,AMSAUAAMS I regularly fly ArkeFly between Europe and the Antilles and what a huge difference between the old and worn with barely enough space to breathe and the new with more spacious seats PTV and a so much better experience Furthermore the crew seems to enjoy the Dreamliner much more and even smiles are being made Also the time of always being delayed also seems to be over ArkeFly improved a lot with the Dreamliner and I even prefer Arkefly above KLM now as long as they fly the Dreamliner,8.0,Positive,Positive,Negative,POSITIVE,Positive,,2/4,Neutral
Bangkok Airways,airline,81 reviewsRichard Laycock,2024-09-11,Superb flight Left on time and arrived early This typifies the reason why Bangkok Airways is world best regional airline You got a little bag with a sandwich and water which was tasty,10.0,Positive,Positive,Neutral,POSITIVE,Positive,,2/4,Neutral
Bassaka Air,airline,81 reviewsH Crickard,2016-06-23,Phnom Penh to Siem Reap with Bassaka Air and I found this airline to be brilliant in all aspects Their prices are phenomenal and I couldnt complain about anything Check in was super fast and done with a smile The plane is a little outdated but its still new and growing The flight itself was mins and for such a short flight you even got a complimentary drink,10.0,Positive,Positive,Neutral,POSITIVE,Positive,,2/4,Neutral
Biman Bangladesh Airlines,airline,18 reviewsZiauddin Ahmed,2023-04-19,Dhaka to Singapore Good food good seating and comparatively better ground services at Dhaka Staff on board are just okay though My travel ticket price was high though Worst inflight entertainment service,5.0,Positive,Positive,Neutral,POSITIVE,Positive,,2/4,Negative
Blue1,airline,H Kjellstrom,2011-05-19,Short trip Arlanda to Helsinki Very nice people working on board Cold but nice meal nice experience,6.0,Positive,Positive,Neutral,POSITIVE,Positive,,2/4,Neutral
Carpatair,airline,René Engesser,2011-04-24,FCOTSRIAS Business Class Checkin in FCO terrible just counter minutes waiting time No lounge offered Inflight service with very friendly and attentive staff good food Transit in TSR as well despite of being a small and old airport was ok Here again very polite staff,9.0,Positive,Positive,Neutral,POSITIVE,Positive,,2/4,Negative
Cebu Pacific,airline,Mike Abiog,2025-02-13,I would like to give a commendation to the staff of Cebu Pacific working at the Roxas City airport who helped my father recover his lost luggage which was mistakenly picked up by another passenger These people worked hard and I have also witnessed all the efforts they made to give all the help that we needed Thank you for your hard work and dedication You guys are awesome,10.0,Positive,Positive,Neutral,POSITIVE,Positive,,2/4,Neutral
China Airlines,airline,B Kamik,2024-10-15,Tried Premium Economy class and I was surprised about the seat quality and onboard meals This class also included amenity kit which I appreciate Cabin crew nicely handle my yo child,10.0,Positive,Positive,Neutral,POSITIVE,Positive,,2/4,Neutral
Citilink,airline,K Matthias,2024-11-11,I am pleased to commend Mdm Novia for her exceptional professionalism during our recent flight cancellation on November After our Citilink flight from Pontianak to Jakarta was canceled Novia managed all the necessary arrangements for our next flight with outstanding efficiency and kindness Her assistance made a challenging situation much easier and we are very grateful for her dedication and hospitality She truly goes above and beyond in her service,10.0,Positive,Positive,Neutral,POSITIVE,Positive,,2/4,Neutral
Corendon Airlines,airline,D Dawes,2023-08-16,There are a lot of negative reviews for this airlines but for a budget airline what do these reviewers expect Premium airline service They have obviously never flown on EasyJet or Ryanair to make a comparison Flew to Turkey from Manchester and was quite impressed by their checkin service and legroom on the plane Recommend to anyone,7.0,Positive,Positive,Neutral,POSITIVE,Positive,,2/4,Neutral
Cyprus Airways,airline,Amir Sardari,2025-01-11,We had a challenge with checking due to a third party error Even so Sarah was super kind and efficient She made us feel at ease and resolved the issues we had promptly Thanks again,10.0,Positive,Positive,Neutral,POSITIVE,Positive,,2/4,Neutral
Ernest Airlines,airline,Bartolomeo Daddario,2019-03-20,Milan Bergamo to Tirana Lot of comfort reclining seat big leg space cheap food prices on board cabin crew very professional Flight on time,10.0,Positive,Positive,Neutral,POSITIVE,Positive,,2/4,Neutral
fastjet,airline,K Sandler,2021-08-11,Its nothing too special but it was definitely an affordable price The inflight food and beverage was comprised of a juice box and bottled water The customer service is ok There was in issue with the website where it continually declined my card but it actually charged my card every time I attempted meaning with four attempts there were in false charges Fortunately the customer service could be reached by WhatsApp and they were able to refund me for the imaginary flight bookings,5.0,Positive,Positive,Neutral,POSITIVE,Positive,,2/4,Neutral
Go First,airline,Priyanshi Jain,2023-04-22,I fainted in the flight and where some crew may have panicked in some cases this crew handled the situation very well Provided me with all the necessary assistance and first aid and was very kind and humble till the end,8.0,Positive,Positive,Neutral,POSITIVE,Positive,,2/4,Neutral
Gol Transportes Aéreos,airline,33 reviewsNiels Petersen,2022-09-04,I took GOL twice for domestic flights during a recent trip to Brazil I chose the extra legroom seats which were available for a reasonable surcharge and offered plenty of legroom Overall the flights were comfortable and on time All passengers were offered a small snack and a drink I would choose GOL again,8.0,Neutral,Positive,Positive,POSITIVE,Positive,,2/4,Neutral
Jetstar Airways,airline,R Layne,2024-12-27,Apart from a minute delay outbound it is hard to fault my SydneyAdelaide return trip Yes its a no frills carrier but most everything worked efficiently and I was impressed by how smiling and happy all the staff were,8.0,Positive,Positive,Negative,POSITIVE,Positive,,2/4,Neutral
Jin Air,airline,Dante Garcia,2023-07-21,I want to express my sincere thanks to Jin Air staff in Osaka I had a flight from Osaka to Seoul in May and had not completed the Keta for this reason I could not board However the checkin staff did everything possible to help me complete the documentation Despite not having completed it on time I missed my flight even so the staff offered me an available seat on the next flight I really value this collaboration I hope the staff is notified about this Thank you so much,10.0,Positive,Positive,Neutral,POSITIVE,Positive,,2/4,Neutral
Kam Air,airline,Dave Stanley,2009-05-06,DubaiKabulDubai The price of tickets is very high It costs more to get to Kabul than to the UK from Dubai Kam Air were OK on this trip It was a MD both ways and were were almost on time The only problem was the return because of some stupid security procedures in the airport They apologised for that though it was not their fault Neither flight was full so was able to get a row to myself which helps Kam Air along with Safi is still the best way to get to Kabul from Dubai,3.0,Positive,Positive,Neutral,POSITIVE,Positive,,2/4,Neutral
KM Malta Airlines,airline,28 reviewsRobert Watson,2024-10-13,Superb This is by far the best business class product within Europe The meal was one of the best Ive eaten Cabin crew delightful Wine servings enormous and just nothing to correct in the product It is a shame that no other European airline comes close to this standard,10.0,Positive,Positive,Neutral,POSITIVE,Positive,,2/4,Neutral
LAM Mozambique,airline,24 reviewsS Gupta,2025-03-18,A comfortable nononsense flight which was delayed by about minutes while departing but made up for most of the time difference by the time one landed The crew was courteous and professional the seating comfortable and there was a snack service consisting of a packet of Lays Chips and a Juice which was quite ok for the short flight The luggage arrival was also fuss free and ontime Overall quite a nice flight,7.0,Positive,Positive,Neutral,POSITIVE,Positive,,2/4,Neutral
Libyan Airlines,airline,Steve Flint,2010-07-31,TIPBEN on a nearly new Canadair regional jet with leather seats and decent pitch Very happy with the short flight New terminals are being built at both ends sorely needed Otherwise would fly them again,9.0,Positive,Positive,Neutral,POSITIVE,Positive,,2/4,Neutral
Nepal Airlines,airline,M Harkajan,2023-07-02,We took Flight from Kathmandu to Bangkok by Nepal airlines for our Holiday trip Flight was on time meal provided during flight is delicious and have veg and non veg options Staff of airline were well behaved and professional I will use service of Nepal in future as well Highly recommended,9.0,Positive,Positive,Neutral,POSITIVE,Positive,,2/4,Neutral
Norwegian,airline,M Billman,2025-03-05,I simply love Norwegian Its a no nonsense airline that has been incredibly reliable on of the legs that I have recently flown with them Seat pitch is sufficient pricing is fair and predictable and everything just works The service is fine and the onboard menu contains all you need for a few hours in the air I regard them much higher than most old airlines now saying this as a Lufthansa Senator,9.0,Positive,Positive,Neutral,POSITIVE,Positive,,2/4,Neutral
Pakistan Intl Airlines,airline,L Wilton,2024-10-26,I had pretty low expectations for this airline but fortunately things turned out well and PIA delivered for me The flight was on time and bags arrived in a timely manner While the meal served was not exactly delicious it was nice to know they at least served some food on this hour flight The seats were standard and flight attendants polite and respectful Would consider using again,8.0,Positive,Positive,Neutral,POSITIVE,Positive,,2/4,Neutral
Phuket Air,airline,Sarah Doughty,2005-04-12,I work on a consumer programme for ITV and would be interested in hearing from anyone who was on the Phuket Air flight which had a reported fuel leak during a routine stop at Sharjah on Sunday rd April We would be interested in hearing your story Please send your contact details using the Comment Form at the bottom of this page and Skytrax will put you in touch with Sarah,0.0,Positive,Positive,Neutral,POSITIVE,Positive,,2/4,Neutral
Privilege Style,airline,B Carson,2019-08-17,Manchester to Tenerife On the morning of our flight TUI informed us that due to scheduling issues they have enlisted Privilege style as a charter airline The seat was comfortable only issues were my tray table was loose the window was in a position that caused pain on my neck to look out of it The interior felt somewhat tired Apart from this the flight was comfortable and landed safely,6.0,Neutral,Positive,Positive,POSITIVE,Positive,,2/4,Neutral
Ravn Alaska,airline,S Laird,2008-03-27,ANCFAIANC Economy Open Seating Check in was difficult The checkin agent did not understand how to read my ticket and almost seemed to blame me for the error Once on board however the flight attendants both on the outbound and return were very nice especially on the return flight a definite sense of humor Era offers low fares between Anchorage and Fairbanks and I will be flying with them again Its also nice not to have to go to security when flying on the smaller planes,6.0,Positive,Positive,Neutral,POSITIVE,Positive,,2/4,Neutral
Sansa Airlines,airline,Georgios Vrontos,2018-04-19,Tambor to San Jos Regional airline Flight with Cessna clean and flight was on time Very basic airport but the staff were eager to operate it efficient They operate from San Jos domestic terminal which is basic but does the job They are trustworthy and I would recommend them,9.0,Neutral,Positive,Positive,POSITIVE,Positive,,2/4,Neutral
Santa Barbara Airlines,airline,A Decolt,2011-08-18,Panama City to Caracas a journey of hrs There was very little legroom but we were served quite a decent meal and considering it was a short flight I was impressed We departed on time but arrived min late,7.0,Positive,Positive,Neutral,POSITIVE,Positive,,2/4,Neutral
Shenzhen Airlines,airline,S Keller,2024-04-05,Pricequality is unbeatable Airplane was on the same standard as most European Airlines and Food and service as well Regarding the transfer in Shenzhen it works perfectly It is a huge modern international Airport I was advised that I could enjoy my time outside the aiport as Austria is one of EU countries that are now Visa free Went to the city with public transport and visited the KK Mall and St Regis Highly recommended Plane was empty that was nice as well,9.0,Positive,Positive,Neutral,POSITIVE,Positive,,2/4,Neutral
Singapore Airlines,airline,1 reviewsAshish Gupta,2025-02-23,I recently flew in Singapore airlines Everything about the airline is premium Check in experience the gate allotted to them time performance crew Flying in A was itself unique experience Seating comfort could have been better though otherwise its a out of,9.0,Positive,Positive,Neutral,POSITIVE,Positive,,2/4,Neutral
Singapore Airlines,airline,James Acerra,2025-02-05,This airline is world class and knows how to treat its customers with professionalism and respect Hands down the best airline Ive traveled with and Ive traveled a lot If their standards remain top notch Ill be a customer for life,10.0,Positive,Positive,Neutral,POSITIVE,Positive,,2/4,Neutral
Skymark Airlines,airline,S Siauw,2016-01-18,Tokyo Haneda to Sapporo return with Skymark Airlines First leg on Boeing NG New cabin comfy seat and generous legroom for a lowcost airline Even though I didnt purchase any the drinks and snakcs are sold at a cheap price Departure and arrival on time Return leg delayed for mins due to congestion at destination airport Return aircraft was an older Boeing Very warm cabin temperature But overall worth the ticket price Definetely better than AirAsia and JetStar,7.0,Positive,Positive,Negative,POSITIVE,Positive,,2/4,Neutral
Skymark Airlines,airline,Farel Silalahi,2014-08-08,Flew Tokyo Narita Sapporo Tokyo Narita Flight from Narita was on time while from Sapporo to Narita was delayed for hour Overall flight was ok Ground staff very professional,8.0,Positive,Positive,Negative,POSITIVE,Positive,,2/4,Neutral
Spring Airlines,airline,25 reviewsAlain Kupferman,2024-11-20,I have read many negative reviews about this airline so I was not disappointed There was absolutely no service no water was offered no entertainment seats were standard but could not be reclined Checkin was efficient as well as boarding and the most positive point was that the plane left and arrived on time Given the price it was a reasonable option,5.0,Positive,Positive,Neutral,POSITIVE,Positive,,2/4,Neutral
StarFlyer,airline,F Endo,2008-04-29,KIXHND a stylish airline Cabin staff service efficient Cabin which is coordinated in white and black elegant and personal monitor is easy to use Seats are made of black leather and seat pitch is enough,5.0,Positive,Positive,Neutral,POSITIVE,Positive,,2/4,Neutral
StarFlyer,airline,Matthew Lubeck,2007-02-26,This airline has impressive cabin staff and a very efficient ground staff never need check in more than minutes before my flight even in Tokyo,0.0,Positive,Positive,Neutral,POSITIVE,Positive,,2/4,Neutral
TACA Airlines,airline,M Mendez,2013-10-10,My route was GUASALLAX and I like the attention and polite service of the flight attendants During the flight GUASAL operated by E we had candies and the departure and arrival to SAL was on time The service from SAL LAX operated by A and we departed on time The crew were very nice We got our dinner and a movie before the purser shut off the lights to let us sleep and they offered blankets For passengers that didnt sleep the crew offered beverages,9.0,Positive,Positive,Neutral,POSITIVE,Positive,,2/4,Neutral
Thai Smile Airways,airline,N Wanasorn,2023-10-10,Thai smile offers convenient service through their app and self service at Suvarnabhumi Airport with staff support The time of flight is in time Staff gave service with hospitality,9.0,Positive,Positive,Neutral,POSITIVE,Positive,,2/4,Neutral
Thomas Cook Airlines Scandinavia,airline,M Sommerville,2015-03-04,CPHHurghadaCPH Flew this airline as part of a charter flightholiday in the Red Sea Both flights I enjoyed immensely Credit for this goes to the cabin crew and their ability to generate such a happy atmosphere in cabin The food quality served was by far the best I have put my teeth into for economy class in more than years of flying around the world On top of this the plane was literally an all new A I had paid a little extra for a few extra centimetres of leg space thumbs up arrival on time at both ends,10.0,Positive,Positive,Neutral,POSITIVE,Positive,,2/4,Neutral
Trigana Air,airline,47 reviewsL Garzler,2019-01-03,Yahukimo to Jayapura Flight was about an hour late quite normal in this remote place Plane was comfortable enough with reclining seats and even a box of tea provided unlike on the sole competitors flights on this route,7.0,Neutral,Positive,Positive,POSITIVE,Positive,,2/4,Neutral
Tropic Air Belize,airline,Pat Kelly,2022-08-10,This company is horrific We had a cancelation of our flight back home and this airline refused to refund our money Fly Maya Island Air They are exceptional less expensive and very flexible The planes are also shady You will not regret flying Maya Island Air Have a wonderful and safe flight,1.0,Positive,Positive,Neutral,POSITIVE,Positive,,2/4,Neutral
V Air,airline,Helen Curreen,2016-07-09,I was really impressed with V Air flying from Bangkok to Taipei Easy to use website for booking Smiling staff at check in Very efficient even weighed and tagged cabin baggage Flight lifted off at exact departure time Plane seemed new We didnt preorder food but were able to buy some Cabin crew did a delightful safety demonstration smiling graciously and the passengers applauded Everything spotless efficient thoughtful,10.0,Positive,Positive,Neutral,POSITIVE,Positive,,2/4,Neutral
Volotea,airline,Filippo La Rosa,2025-04-02,I have been flying with Volotea for years and have never had any problems I believe that the company is one of the best in existence This is due to all the staff and the company organization Sono anni che volo con Volotea non ho avuto mai problemi Ritengo che la compagnia sia una delle migliori tra quelle in essere Questo merito vs al personale tutto e allorganizzazione aziendale,9.0,Positive,Positive,Neutral,POSITIVE,Positive,,2/4,Neutral
Clark,airport,K Gavino,2018-06-10,Clark Airport is well secured and accommodating for passengers and there are plenty of seats provided in the predeparture terminal There are also small food stalls for the passengers who can fill their tummy while waiting their flight to depart,9.0,Negative,Positive,Neutral,POSITIVE,Positive,,,Neutral
Jin Air,airline,L Sayuki,2022-11-24,We had some troubles getting to the airport and were so worried we were going to be late We arrived at the check in counter just a few minutes late but the Jin Air employees were so kind and accommodating They got us through security and to our gate and we made a flight we otherwise would have definitely missed Just so grateful Thank you,10.0,Neutral,Positive,Neutral,POSITIVE,Positive,,,Neutral
Fes-Saïss,airport,S Foster,2019-12-17,Totally not as bad as all the reviews had us expecting No printed boarding pass needed They just gave us one Ryanair No long waiting time Only thing too cold and no smoking area after security check,8.0,Neutral,Neutral,Negative,POSITIVE,Positive,,,Neutral
Akasa Air,airline,J Reddy,2025-01-26,We were running late due to high traffic in Ayodhya owing to Kumbh Mela Akasa helped us by providing buffer minutes at boarding This helped us in arriving to the flight in time They have ensured that our boarding is faster so that overall flight time wont get delayed As soon as we are seated flight took off within mins This did not result in any delay,10.0,Neutral,Negative,Negative,POSITIVE,Positive,,,Neutral
Washington National,airport,30 reviewsZiauddin Ahmed,2024-04-25,I used this airport several times past few years This time I was traveling to Greenville SC I found the Airport was improving in terms of services and facilities This airport is not too large one but it has all basic facilities Moreover it is located in the central of Washington DC,6.0,Neutral,Positive,Neutral,POSITIVE,Positive,,,Neutral
Hangzhou,airport,J Wong,2008-01-17,Airport uses a lot of natural light The design is modern especially the departure lobby the ceiling its so high The staff in the airport have good manners The luggage arrived quick and theres plenty of checkin counters too The bad thing airline lounges terrible,5.0,Neutral,Negative,Negative,POSITIVE,Positive,,,Negative
Foz do Iguacu,airport,15 reviewsP Hayes,2023-11-26,Mainly domestic airport serving the Brazilian side of Iguassu Falls Busy airport with a air bridges and some remote stands Shopping opportunities as you walk from the gate to Baggage Reclaim Baggage Reclaim is on the ground level and has main baggage carousels Domestic arrival so no Customs or Passport Checks Small and busy Arrivals area with parking directly opposite Small but efficient airport,8.0,Neutral,Positive,Neutral,POSITIVE,Positive,,,Neutral
Beirut,airport,Andre Vogt,2020-01-31,Because of all the bad reviews I arrived hrs prior to departure There was no security check to enter the building you could just step in As I flew with Ryanair to Cypres EU passport I asked at the Ryanair counter if my printed online boarding pass is ok It was I was the only passenger to proceed the security checks at that time so I could just walk through Overall I was airside in minutes and enjoyed the Cedar Lounge,10.0,Neutral,Positive,Negative,POSITIVE,Positive,,,Neutral
Phuket Air,airline,John Mundy,2005-04-22,My family and I were due to travel with Phuket airlines in July this year Gatwick Bangkok In January I started to get concerned with the number of cancellations and late flights I then discovered the Skytrax site and am extremely grateful to all of you who have posted comments In January I re booked with Thai Airlines with whom we have previously travelled it appears to be an extra expense well worth making,1.0,Neutral,Positive,Neutral,POSITIVE,Positive,,,Neutral
AirAsia X,airline,Elaine Chan,2024-05-25,I miss my Malaysia Airlines flight and all flight is closed and do not allow to purchase However AirAsia is so kind to let me get a ticket even though the counter is closed after listening to my ordeal in the airport Thank you AirAsia for making my trip possible Appreciate the guy that help me too rush to get his name Thank you,10.0,Neutral,Positive,Neutral,POSITIVE,Positive,,,Neutral
Surat Thani,airport,6 reviewsAlain Descrieres,2016-03-06,Small international airport International flights limited to a few charters from China Arrival hall domestic has only one conveyor belt which did not work on the day I arrived so luggage were brought in very swiftly by handcart Taxi and shuttle bus available to city center km away Domestic departure hall is adequate and departure gates have sufficient seating a coffee shop and wifi,6.0,Neutral,Positive,Neutral,POSITIVE,Positive,,,Neutral
Berjaya Air,airline,B Chan,2011-10-26,SINRDN Return A new ATR with two flight attendants For a hr flight a packed towel plus a bottle of water was given out Although the attendants werent very enthusiastic the crew members in the flight deck kept us up to date with information,9.0,Positive,Negative,Neutral,POSITIVE,Positive,,,Neutral
Washington National,airport,30 reviewsZiauddin Ahmed,2024-04-25,I used this airport several times past few years This time I was traveling to Greenville SC I found the Airport was improving in terms of services and facilities This airport is not too large one but it has all basic facilities Moreover it is located in the central of Washington DC,6.0,Neutral,Positive,Neutral,POSITIVE,Positive,,,Neutral
Newcastle,airport,B Marley,2022-09-20,Over minutes to get through passport control Travelers and staff looking cold and tired as midnight passes flights luggage all coming onto carousel others silent and still It was an opportunity to shine and it wasnt taken even a hot drink would have made it more bearable No explanation for delays given by any staff,3.0,Neutral,Negative,Negative,POSITIVE,Positive,,,Neutral
Tunis Carthage,airport,D Thomas,2021-06-25,Corruption and extortion are alive and well at this airport Both myself and four colleagues in the following days were asked for our passports and then dollars to return them from officials at this airport It has been a while since this last happened to me in any country at any airport but this place stands out Who would want to visit this place for business or vacation Never again,1.0,Neutral,Positive,Neutral,POSITIVE,Positive,,,Negative
Eswatini Air,airline,Xavier Masule,2023-06-07,Flight slightly delayed but arrived slightly ahead of time by minutes Crew well presented and very professional Meal type and beverage selection an overkill for such a short flight Will fly Eswatini Air again,9.0,Neutral,Positive,Negative,POSITIVE,Positive,,,Neutral
Nordavia,airline,Skytrax Editor,2020-08-19,Nordavia has been renamed as Smartavia and reviews can be found on this new linkSmartavia Reviews,0.0,Positive,Neutral,Neutral,POSITIVE,Positive,,,Neutral
Freetown,airport,Peter Bedson,2006-05-28,Much better than it used to be they seem to have clamped down on the baggage handlers and general hangers on trying to extract dollars from you on the way in On the way out no real problems aside from a few panhandllers trying to take a last opportunity to rip you off Dont miss the duty free shop it looks awful from the outside but is really well stocked and cheap,0.0,Neutral,Positive,Negative,POSITIVE,Positive,,,Negative
Baltimore Washington,airport,E Colton,2024-02-12,TSA worker screaming at everyone She removed purse shoes and jacket from the bin where I was told to place them She threw each item on the belt individually Never stopped hollering,2.0,Neutral,Negative,Neutral,POSITIVE,Positive,,,Neutral
Turin,airport,Mark Griffiths,2022-12-24,Awful from front desk to boarding airport is like a sauna staff are rude and dont want to be here but then there is only a handful of staff No information for English lucky I speak Italian it makes you appreciate Gatwick and Heathrow,1.0,Negative,Positive,Negative,POSITIVE,Positive,,,Negative
Springfield-Branson,airport,S Randolph,2015-07-09,Brand new airport very wide halls built for large increase in passenger load very spacious short TSA lines,10.0,Neutral,Positive,Neutral,POSITIVE,Positive,,,Neutral
Viva Air,airline,D Hayle,2022-09-05,Worst company Never gonna take this company again I should have look at the reviews before booking Hate their service The price can be good but youll prefer any other companies its a promise,1.0,Negative,Neutral,Neutral,POSITIVE,Positive,,,Negative
Antwerp Deurne,airport,S Smith,2010-05-07,So refreshing to be able to use Duerne instead of Brussels Less than minutes from plane to car this week and that included collecting a bag On return I checked in about minutes before the flight hardly any queue,5.0,Positive,Neutral,Neutral,POSITIVE,Positive,,,Neutral
Canaryfly,airline,4 reviewsAndrii Chaika,2017-11-30,Las Palmas to Tenerife Not a great experience The plane had SwiftAir livery even though it was CanaryFly flight The plane was old and produced terrible noise during takeoff I have flown the ATR not once but it was only such experience The airline had a free seating policy It was OK as there were only people in the plane capable of The crew provided only water,2.0,Neutral,Positive,Neutral,POSITIVE,Positive,,,Negative
Plovdiv,airport,M Jonkman,2015-05-25,Parking in front of terminal is not free anymore However the first minutes still are Distance to the center of Plovdiv is about km Plovdiv taxis are reasonably priced,9.0,Neutral,Negative,Neutral,POSITIVE,Positive,,,Neutral
Udon Thani,airport,Jim Timmerberg,2010-12-21,This is a very comfortable and affordable airport There are a number of shops on the ground floor with very reasonable prices also Thai massage at the end of the ground floor again with very reasonable prices Theyve replaced the lounge chairs in the past two years and the new chairs are nicely padded The only negative is that you will likely have to walk across the tarmac to board your plane No problem in the winter but Im not sure how that works during the rainy season,5.0,Neutral,Negative,Positive,POSITIVE,Positive,,,Neutral
Air Europa,airline,28 reviewsRobert Watson,2024-10-20,Usual poor service Only booked with Air Europa to use up my air miles They cancelled my seat reservations made at time of booking They never explained but I guess because by the time of flight my status has changed from elite plus to elite Always good to see their ability at annoying their regular customers is at its finest once again I would recommend they do not serve food as it is revolting and just adds to the perception of them taking their customers for mugs,4.0,Negative,Positive,Neutral,POSITIVE,Positive,,,Negative
Burbank Glendale Pasadena,airport,Joaquin Quinto,2008-11-05,Small airport dating back to the early days of aviation when the thinking was that would be aerodromes in most towns Today BUR is convenient airport for those wishing to avoid LAX You pick up your bags from the baggage conveyor belt outside the terminal,3.0,Neutral,Negative,Neutral,POSITIVE,Positive,,,Neutral
Hobart,airport,Kiara L'Herpiniere,2022-03-02,No one checked our vaccination upon entry which raises alarm bells Jetstar staff as usual are incredibly rude and money grabbing The facilities are cute and basic,4.0,Neutral,Negative,Negative,POSITIVE,Positive,,,Negative
Read more,airport,Donna de Jong,2025-04-05,Like many airports food and drinks are much too expensive I do therefore I also do not want to buy water It is not allowed to take bottled water through customs so most airports have free tap drinking water Also this airport But they are all disconnected I find this outrageous To have access to drinking water is a right,7.0,Neutral,Negative,Neutral,POSITIVE,Positive,,,Negative
Fukuoka,airport,Yiwon Joo,2024-07-07,When I arrived at this airport from incheon the immigration lines were long It took me more than an hour to get out of the airport I headed to Incheon a few days later Security and immigration was actually fine although I found the facilities a little old There were plenty of places to shop and relax but I wished that there were more food choices Overall this is a small but functional airport,6.0,Neutral,Positive,Neutral,POSITIVE,Positive,,,Neutral
Baltimore Washington,airport,E Colton,2024-02-12,TSA worker screaming at everyone She removed purse shoes and jacket from the bin where I was told to place them She threw each item on the belt individually Never stopped hollering,2.0,Neutral,Negative,Neutral,POSITIVE,Positive,,,Neutral
Burbank Glendale Pasadena,airport,E Mabley,2011-10-17,Burbank provides a convenient and easy alternative to LAX although the departure hall in Terminal B is too small to accommodate more than flights at a time There were flights an MD a and CRJ regional jets boarding simultaneously and the small space and cramped conditions caused confusion and delayed boarding for everyone,6.0,Positive,Negative,Negative,POSITIVE,Positive,,,Neutral
Warsaw Modlin,airport,R Annette,2022-05-29,Uncomfortable poor facilities dirty and crowded Dirty smelly toilets Such a shame at the end of our trip as for the rest of it I found Poland to be so clean and pleasant,2.0,Negative,Negative,Positive,POSITIVE,Positive,,,Negative
Medan,airport,DEDI BAKKIT TUA PARDOSI,2015-06-18,First time contributing to this thread and I must say Kuala Namu International Airport looks pretty modern and roomy indeed something I truly want to see in a functioning airport I mean yes it has opened recently yet I saw in the preopening photos a lot of modern features from streamlined checkin desks and a variety of shops Im surprised I saw a branch of Cotton On at the airport to modern jetways and small plants placed along the waiting areas near gates I wonder if those are actual palm trees,9.0,Neutral,Positive,Neutral,POSITIVE,Positive,,,Neutral
Tromso,airport,2 reviewsAndry Castro,2022-02-08,It is a nice and small airport but it is in compliance with the city and the air movement in the region The most negative point is the few stores and food options There are checkin machines and circulation is relatively fast,8.0,Neutral,Negative,Neutral,POSITIVE,Positive,,,Neutral
Helsinki Vantaa,airport,Jackie Sayers,2024-09-08,Swanky new recliner seats around Gate but only if you are under foot or over foot tall At the headrest was painfully positioned forcing my chin onto my chest Shame because everything else is brilliant,9.0,Neutral,Negative,Neutral,POSITIVE,Positive,,,Neutral
Tbilisi,airport,C Hajer,2024-03-13,Staff are very rude They checked me thoroughly and ask to open my bag and not to touch anything i was just standing there and they are also checking the other passengers coming after mins i ask the security if i can go and get my bag she said oh yes you can i forgot She made me wait for nothing They have an overpriced for their food inside the airport I will share this experience to my colleagues and other friends,1.0,Negative,Positive,Negative,POSITIVE,Positive,,,Negative
Lao Airlines,airline,M Beale,2025-03-14,Lao Airlines is wonderful The planes was immaculate and while they no longer serve the little bags of chips they offer small bottles of water on even the shortest flights At least on shorter flights there is no video entertainment but who needs it on a local hop They have a terrific inflight magazine so five stars for that Checkin is a matter of minutes and since Laos is a small place with limited air traffic Ive never had to wait for security This is a tiny airline in a small country and they get it right,10.0,Neutral,Positive,Neutral,POSITIVE,Positive,,,Neutral
Springfield-Branson,airport,S Randolph,2015-07-09,Brand new airport very wide halls built for large increase in passenger load very spacious short TSA lines,10.0,Neutral,Positive,Neutral,POSITIVE,Positive,,,Neutral
Livingstone,airport,Joaquin Quinto,2012-08-05,Long lines await you when you arrive and need to visa to enter the country There are only two counters one for visas and the other for travellers who do not need visas The arrival hall is small but the waiting drivers etc are gathered respectfully outside the terminal building The airport is not far from the town,7.0,Neutral,Positive,Neutral,POSITIVE,Positive,,,Neutral
Kinshasa,airport,Dave Stanley,2006-06-30,The airport is not as bad as some of the earlier reports suggest Having a local guide meet you and handle the formalities will help a lot Most people hand over their passports tickets and baggage to these people and allow them to sort out the problems,0.0,Neutral,Positive,Negative,POSITIVE,Positive,,,Neutral
Burnie Wynyard,airport,G Wilson,2008-03-14,Small NW Tasmanian airport with flights to Melbourne Tasmanian destinations Neat tidy with easy checkin baggage collection Small cafeshop enough seating for size of aircraft using airport Not a bad little airport,4.0,Neutral,Positive,Negative,POSITIVE,Positive,,,Neutral
Nagpur,airport,2 reviewsMohammed Amin,2015-12-05,Nagpur is the largest city in central India and the second capital on Maharashtra Nagpur Airport Dr Babasaheb Ambedkar International Airport is a small airport located km from the city centre The airport is very small in size and also in the amount of destination it serves so it is difficult to judge Given its capacity it can handle max up to aircrafts at a time and anything more than that there will be congestion and the flight will be delayed The airport is clean and the staff can be rude at times,5.0,Neutral,Negative,Negative,NEGATIVE,Negative,,2/4,Neutral
SA Express,airline,D Gorten,2019-06-20,Johannesburg to Bloemfontein My flight was due to leave at but when I got to the boarding gate at the gates were closed I went to SA Express counter but there was no one there to assist I was the told by the check staff that I had to purchase another ticket,1.0,Negative,Negative,Neutral,NEGATIVE,Negative,,2/4,Neutral
Quebec City,airport,Mary Johns,2013-09-30,Arriving from the US was easy and fast No long walks not monorails no buses You get off the plane go to customs get your suitcase change some money and grabbed a taxi all with a minimum of traipsing around Most efficient arrival anywhere Departure not so good Airlines staff was late opening checkin lines Baggage check man ridiculed my attempts to speak French and the woman operating the Xray was rude to passengers Furthermore the airport offers little in the way of food for purchase and dutyfree items,6.0,Positive,Negative,Negative,NEGATIVE,Negative,,2/4,Positive
Southampton,airport,Mike Coster,2023-07-10,Poor departure information updates Arrived early for flight to Jersey as flight was showing on time Only when we passed through to air side did the flight show a min delay When speaking to the air crew they advised that it they knew the were delayed long before due to operational reasons Thanks for wasting my valuable time Southampton,3.0,Neutral,Negative,Negative,NEGATIVE,Negative,,2/4,Neutral
Ural Airlines,airline,Abhijit Mahanta,2018-12-09,Moscow to Simferopol with Ural Airlines Flight was at Till no announcement on any delay no representative of airline available for information The hotline of call center does not answer the airport airline office does not answer,3.0,Positive,Negative,Negative,NEGATIVE,Negative,,2/4,Neutral
Prague,airport,C Scott,2024-11-24,Queue for passport control took an hour despite not a huge amount of people to handle Only open for non EU and including machines open for EU Most the guys on EU had a nice hour break Bags on time but you expect so after an hour delay,3.0,Positive,Negative,Negative,NEGATIVE,Negative,,2/4,Neutral
San Jose Intl,airport,4 reviewsMatt James,2016-08-05,Landed at San Jos airport at pm from ATL as scheduled but we had to wait minutes for our gate to open Once I finally got off the plane and inside the airport it was difficult finding the way to the parking garage because the signs are confusing It took longer than expected to get out of the parking garage For a small airport this place is packed The good thing is weatherrelated flight delays are rare which is what makes me prefer this airport over SFO,5.0,Neutral,Negative,Negative,NEGATIVE,Negative,,2/4,Positive
Privilege Style,airline,Ndulue Yauri,2020-01-28,Vienna to Lagos The flight was okay and the crew was eager This flight was chartered for the deportation of rejected asylum seekers from Germany and Austria After my asylum application was rejected by Austria I was deported to Nigeria The airplane was aged but all in all okay It was a little bit delayed,5.0,Positive,Negative,Negative,NEGATIVE,Negative,,2/4,Neutral
Tunisair,airline,E Karsten,2025-02-03,Flight more than hrs delayed which information only given in pieces of h long after the promised departure time despite already long before visible on Flightradar Meal voucher worth given basically enough for a bottle of water Not in line with EU regulations No online checkin No excuse no explanation Friendliness of cabin crew nonexistent,1.0,Positive,Negative,Negative,NEGATIVE,Negative,,2/4,Neutral
San Jose Intl,airport,4 reviewsMatt James,2016-08-05,Landed at San Jos airport at pm from ATL as scheduled but we had to wait minutes for our gate to open Once I finally got off the plane and inside the airport it was difficult finding the way to the parking garage because the signs are confusing It took longer than expected to get out of the parking garage For a small airport this place is packed The good thing is weatherrelated flight delays are rare which is what makes me prefer this airport over SFO,5.0,Neutral,Negative,Negative,NEGATIVE,Negative,,2/4,Positive
French Bee,airline,Melba Harris,2024-10-28,French Bee the need for greed the rudeness unfairly flagging carry on bags that meet regulation when dropping off pre paid luggage the total check in experience a night mare have passengers sitting cancelled boarding stations that were moved somewhere else and I was a waiting passenger that made other passengers aware that it was changed,1.0,Neutral,Negative,Negative,NEGATIVE,Negative,,2/4,Neutral
AeroItalia,airline,N Busen,2023-04-03,Only checkin desk open for a full plane and impossible to check in online Amazingly bad Flight crew is friendly Pilot flying into Milano on April st did a very bad landing,2.0,Negative,Negative,Neutral,NEGATIVE,Negative,,2/4,Positive
Ural Airlines,airline,2 reviewsDmitrii Egorov,2018-10-18,Moscow to Barcelona The airline is not bad but there are disadvantages Hand baggage allowance the main disadvantage Once when I was flying from Samara Russia to St Petersburg Russia we were on the bus with the doors open at everyone was waiting for the late passenger when he approached it turned out that he had problems with the size of hand luggage and we continued to stand and freeze Only after our disturbances we were able to persuade the representatives of Ural Airlines and go to the plane,7.0,Positive,Negative,Negative,NEGATIVE,Negative,,2/4,Neutral
Montenegro Airlines,airline,Keith Parkinson,2015-10-20,After boarding our Montenegro Airlines flight on time we sat for mins without any explanation and then told a crew member was ill and they would tell us what was happening soon After another mins we were told that we would depart soon with only crew Because we were late Tivat airport had closed and we diverted to Podgorica the only other airport We were then bused to Tivat arriving approx hrs late to be told that there was nothing wrong as they class both airports as one Never again,1.0,Negative,Negative,Neutral,NEGATIVE,Negative,,2/4,Neutral
Maya Island Air,airline,Deb Straw,2021-09-08,We cancelled our flight tickets because of Covid and the increasing numbers in Belize months in advance of our trip The airline would only offer usage of our tickets for a year period rather than fully refunding the ticket price I can understand this for a late cancellation but not in this situation Thieves,1.0,Negative,Negative,Neutral,NEGATIVE,Negative,,2/4,Neutral
Frankfurt Main,airport,E Garner,2025-01-13,Arrival from IAH took an hour to get our luggage Sign counted down expected in and then just saying delayed please be patience hour Rest of the airport is kinda under construction with leaking ceilings mouse traps and blue fences There use to be a moving walkway between terminal and the long distance railway station gone Out with the convenience and service in with more greedy retail space,1.0,Neutral,Negative,Negative,NEGATIVE,Negative,,2/4,Neutral
Eurowings,airline,J Mansen,2024-09-14,Unfortunately again unreliable Tracking the aircraft on FR it was obvious it accumulated delay after delay on the previous four flights In my experience Eurowings is unable or unwilling to manage such situations eg by using spare aircraft so switch rotations All of my last flights were the same Pity Eurowings isnt cheap and unfortunately often the only the option but planes and crews are usually fine,3.0,Neutral,Negative,Negative,NEGATIVE,Negative,,2/4,Neutral
Air Berlin,airline,Steven Fanelli,2017-09-03,Berlin to Geneva via Dusseldorf Not a good first impression First segment no order to boarding process just one long line regardless if your seat assignment Delayed minutes announced minutes before scheduled boarding time No explanation why Onboard the least amount of legroom I have ever experienced Take off was finally one hour later Second flight delayed minutes to late arrival of the aircraft,4.0,Neutral,Negative,Negative,NEGATIVE,Negative,,2/4,Positive
Preveza,airport,S Cadero,2022-06-07,Airport with the slowest and least professional staff ever Greece is beautiful I love its rhythms but here we are absurd planes in one day and the ability to wait hours to check in your baggage Once I got to the checkin desk I was asked to wait a moment am flight at am I waited minutes and asked what the problem was and the lady told to go to a colleague at another checkin desk Slow disorganized unprofessional staff Bad experience,1.0,Neutral,Negative,Negative,NEGATIVE,Negative,,2/4,Neutral
Nok Air,airline,Valeria Lopez,2024-12-03,The flight price was good The carry on was free but when we started boarding they told us we couldnt have both a carry on and a personal item so they charged us The trays in the plane were dirty The flight attendants prohibited us from using phones during the flight,1.0,Positive,Negative,Negative,NEGATIVE,Negative,,2/4,Positive
PAL Express,airline,A Paul,2013-12-20,The Manila Dubai flight was unceremoniously switched to Manila Abu Dhabi at the point of passenger Checkin on December th You have to swallow their attitude of Were sorry our flight to Dubai is not operational today we will be rerouting you to Abu Dhabi and get you to Dubai in a Shuttle Bus Drop off point not known Sorry,0.0,Negative,Negative,Neutral,NEGATIVE,Negative,,2/4,Neutral
Quebec City,airport,Mary Johns,2013-09-30,Arriving from the US was easy and fast No long walks not monorails no buses You get off the plane go to customs get your suitcase change some money and grabbed a taxi all with a minimum of traipsing around Most efficient arrival anywhere Departure not so good Airlines staff was late opening checkin lines Baggage check man ridiculed my attempts to speak French and the woman operating the Xray was rude to passengers Furthermore the airport offers little in the way of food for purchase and dutyfree items,6.0,Positive,Negative,Negative,NEGATIVE,Negative,,2/4,Positive
British Airways,airline,J Jones,2025-03-31,Very good service on this route BA th March Cabin crew worked hard particularly Ivka who was on the go throughout the flight Everything you would expect of BA and as it used to be Shame the same cannot be said on our recent flight back from Singapore in Business Class on th Feb BA Miserable unhappy and tetchy crew Too lazy to do anything except sleep Perhaps BA need to promote some of their shorthaul performers and let the others go,10.0,Negative,Negative,Neutral,NEGATIVE,Negative,,2/4,Positive
Prague,airport,C Scott,2024-11-24,Queue for passport control took an hour despite not a huge amount of people to handle Only open for non EU and including machines open for EU Most the guys on EU had a nice hour break Bags on time but you expect so after an hour delay,3.0,Positive,Negative,Negative,NEGATIVE,Negative,,2/4,Neutral
Tunisair,airline,E Karsten,2025-02-03,Flight more than hrs delayed which information only given in pieces of h long after the promised departure time despite already long before visible on Flightradar Meal voucher worth given basically enough for a bottle of water Not in line with EU regulations No online checkin No excuse no explanation Friendliness of cabin crew nonexistent,1.0,Positive,Negative,Negative,NEGATIVE,Negative,,2/4,Neutral
Batik Air,airline,K Narang,2025-03-19,Terbang ke Manado kena delay pulang dari Manado kena delay lagi dari jam jadi jam Tibatiba jam dikabari lagi delat sampe jam Flying to Manado was delayed returning from Manado was delayed again from to Suddenly at it was announced that it was delayed again until,1.0,Neutral,Negative,Negative,NEGATIVE,Negative,,2/4,Neutral
PAL Express,airline,A Paul,2013-12-20,The Manila Dubai flight was unceremoniously switched to Manila Abu Dhabi at the point of passenger Checkin on December th You have to swallow their attitude of Were sorry our flight to Dubai is not operational today we will be rerouting you to Abu Dhabi and get you to Dubai in a Shuttle Bus Drop off point not known Sorry,0.0,Negative,Negative,Neutral,NEGATIVE,Negative,,2/4,Neutral
Crown Point Tobago,airport,Andre Franca,2012-03-22,I have been once to this airport as others said the place is tiny I wonder how it looks when BA and Virgin are around Boarding into small propeller planes is already a mess they search your bags at the boarding area even though you have already had your carryon xrayed,7.0,Negative,Negative,Neutral,NEGATIVE,Negative,,2/4,Neutral
Privilege Style,airline,Ndulue Yauri,2020-01-28,Vienna to Lagos The flight was okay and the crew was eager This flight was chartered for the deportation of rejected asylum seekers from Germany and Austria After my asylum application was rejected by Austria I was deported to Nigeria The airplane was aged but all in all okay It was a little bit delayed,5.0,Positive,Negative,Negative,NEGATIVE,Negative,,2/4,Neutral
Tashkent,airport,1 reviewsT Francis,2019-09-30,Strict levels of security bordering on the obsessive Luggage is scanned twice You are searched even if the metal detector does not go off as you pass through it It is understandable Beware of possible ripoffs at the DutyFree Shop They can give you the wrong conversions from euros to Uzbek sums if you want to pay in local currency,5.0,Negative,Negative,Neutral,NEGATIVE,Negative,,2/4,Neutral
Transaero Airlines,airline,Haji Murat,2015-08-14,A long check in line at Domodedovo airport in Moscow Flight was delayed for hours while the plane B was repaired Inside the plane was a small distance between the seats The ticket price was very cheap so I cannot complain Food service was only water with cookies and there was no entertainment system,6.0,Neutral,Negative,Negative,NEGATIVE,Negative,,2/4,Neutral
Blackpool,airport,J Parkinson,2014-10-22,Myself and husband have used Blackpool airport times in the last months yes you pay each departure tax but you can see nothing has been spent on the upkeep I will still say we prefer going from Blackpool there is less trouble and a lot less fuss From landing and picking up our cases we can be home in an hour we are very sad at its closing We have just arrived home last night we went from Blackpool put had to come back in to Manchester which we think is a nightmare very sad customers,8.0,Negative,Negative,Neutral,NEGATIVE,Negative,,2/4,Neutral
Xi'an,airport,1 reviewsJulien Latil,2015-10-09,Airport very cold No restaurant no coffee shop and no drinks machine smoking area very far from from the gate The announcements are not understandable Very bad experience,3.0,Negative,Positive,Negative,NEGATIVE,Negative,,2/4,Neutral
Fly540.com,airline,M Jamayda,2020-03-17,Mombasa to Nairobi Delayed hours so I didnt get in the plane because I needed to be on time in Nairobi for the next flight In the counter they gave me the email contact details so that I ask for a reimbursement They never replied,1.0,Neutral,Negative,Negative,NEGATIVE,Negative,,2/4,Neutral
Kish Airlines,airline,Amthony Lerona,2015-10-18,First Time to ride this plane heading to Kish Iran an island in a Persian Gulf DC is an older plane so expect for a rough and noisy takeoffs and landing I also know that this is the only airline having a flight to the said island It was delayed for half an hour and I observed that the plane was in poor condition Since it is a to minutes ride the cabin crew served as with a snacks composed of a packed juices cookies nuts and sandwich The cabin crew are polite and the captain is welcoming,5.0,Neutral,Negative,Negative,NEGATIVE,Negative,,2/4,Neutral
Loganair,airline,Francis Colborn-Veitch,2023-01-03,I use this airline frequently because it is the only airline serving Orkney If you are coming to Orkney and are able to use the ferries then do so this airline is a disgrace frequently delayed and cancelled and a total absence of customer service However I would say that the cabin staff are fantastic it is just a shame they are stuck working for this airline,1.0,Positive,Negative,Negative,NEGATIVE,Negative,,2/4,Positive
Tashkent,airport,1 reviewsT Francis,2019-09-30,Strict levels of security bordering on the obsessive Luggage is scanned twice You are searched even if the metal detector does not go off as you pass through it It is understandable Beware of possible ripoffs at the DutyFree Shop They can give you the wrong conversions from euros to Uzbek sums if you want to pay in local currency,5.0,Negative,Negative,Neutral,NEGATIVE,Negative,,2/4,Neutral
AeroItalia,airline,N Busen,2023-04-03,Only checkin desk open for a full plane and impossible to check in online Amazingly bad Flight crew is friendly Pilot flying into Milano on April st did a very bad landing,2.0,Negative,Negative,Neutral,NEGATIVE,Negative,,2/4,Positive
Chengdu,airport,H Bartlett,2013-06-26,Arrived at Chengdu on domestic flight from Shenzhen No problems getting to town on the bus A dew days later I had to depart on a domestic flight to Jiuzhaigou Beware there are two terminals both a distance from each other I got off at the wrong terminal no sign of a transfer bus so I had walk Not much fun in the rain,5.0,Negative,Negative,Neutral,NEGATIVE,Negative,,2/4,Neutral
Oslo,airport,David Scott,2025-02-18,Poor signposting of amenities The Information desk was closed in arrivals I tried to find the walkway to Radisson Red but only found it by accident,4.0,Negative,Negative,Neutral,NEGATIVE,Negative,,2/4,Neutral
Fly540.com,airline,M Jamayda,2020-03-17,Mombasa to Nairobi Delayed hours so I didnt get in the plane because I needed to be on time in Nairobi for the next flight In the counter they gave me the email contact details so that I ask for a reimbursement They never replied,1.0,Neutral,Negative,Negative,NEGATIVE,Negative,,2/4,Neutral
Ibiza,airport,1 reviewsD Rojas,2019-06-20,The airport is a bit small for the amount of passengers it handles thats my impression Boarding was through buses and we were travelling with a stroller and two infants and there wasnt any other way to access the busses apart from stairs It was actually difficult to carry strollers downstairs,5.0,Negative,Negative,Neutral,NEGATIVE,Negative,,2/4,Neutral
Davao,airport,S Fletcher,2015-03-17,Davao City airport in the Philippines is spacious queues are minimal pre check in After check in you head upstairs to the departure area pay your departure tax and pass through security You then find yourself in a the domestic departure area where there is plenty of seating and TV screens Flight announcements are limited my flight was delayed by hours yet there was no announcement to advise,8.0,Neutral,Negative,Negative,NEGATIVE,Negative,,2/4,Neutral
Blue1,airline,E Birman,2012-10-03,HELARN a very full flight operated by Golden Air for Blue frequent airplane substitution Economy Extra is at the back at the plane upon boarding Seat comfort and space is poor even for Economy I enjoyed the cheerful service and the nice fresh meal Flight departed and arrived with a slight delay This is nevertheless about the level of a competitors regular Economy Class fare but priced a bit higher the level of space especially is totally unacceptable for anything above LCC Economy,6.0,Positive,Negative,Negative,NEGATIVE,Negative,,2/4,Neutral
bmi Regional,airline,B Marden,2018-11-22,Hamburg to Bristol Pretty much guaranteed delay again from BMI my route to work in Germany gets hit by BMI delays on outbound and return flights I have persuaded the crewing office to let me catch a train from Plymouth to London Paddington then Heathrow express to airport to avoid using BMI from Exeter or Bristol I will get there quicker by driving train an extra hour and a half go figure,2.0,Neutral,Negative,Negative,NEGATIVE,Negative,,2/4,Positive
Air Canada,airline,G Karacov,2025-02-18,The flight was canceled Its not all right but it happens PM I got an email from Air Canada informing about the cancellation and a promise to update the information in minutes Now is PM no information no answer from customer service almost hours of waiting It was a flight accident and the airport did not work for hours but most of the flights were not cancelled just delayed Air Canada cancelled the flight with no reason,1.0,Positive,Negative,Negative,NEGATIVE,Negative,,2/4,Neutral
LIAT,airline,P Vergin,2019-06-26,Grenada to Guadeloupe via Barbados Do not travel on Liat with a suitcase Suitcase will not travel same time as you even with plane nearly empty it take more than days for the suitcase to arrive in Guadeloupe and been opened by flight company,1.0,Positive,Negative,Negative,NEGATIVE,Negative,,2/4,Neutral
Frankfurt Main,airport,E Garner,2025-01-13,Arrival from IAH took an hour to get our luggage Sign counted down expected in and then just saying delayed please be patience hour Rest of the airport is kinda under construction with leaking ceilings mouse traps and blue fences There use to be a moving walkway between terminal and the long distance railway station gone Out with the convenience and service in with more greedy retail space,1.0,Neutral,Negative,Negative,NEGATIVE,Negative,,2/4,Neutral
Ibiza,airport,1 reviewsD Rojas,2019-06-20,The airport is a bit small for the amount of passengers it handles thats my impression Boarding was through buses and we were travelling with a stroller and two infants and there wasnt any other way to access the busses apart from stairs It was actually difficult to carry strollers downstairs,5.0,Negative,Negative,Neutral,NEGATIVE,Negative,,2/4,Neutral
Kalamata,airport,G Chapman,2013-07-20,Mainly a military airport with few passenger facilities in arrivals there is one male and one female toilet but there is more ample provision elsewhere Snack bar either side of passport control and very small dutyfree shop If aircraft delayed supplies can run out in snack bar,5.0,Neutral,Negative,Negative,NEGATIVE,Negative,,2/4,Neutral
Oslo,airport,S Davidson,2025-02-18,Badly organised extremely chaotic and long passport queue For a country that manages exceptional feats of engineering and superb tourism all around the country it is extraordinary that it fails to organise such a basic airport function leaving millions of air passengers with a really negative impression of the country as they depart The Oslo airport building itself is modern and impressive this is simply a case of bad management With a decent plan it could be fixed if they can be bothered,2.0,Neutral,Negative,Negative,NEGATIVE,Negative,,2/4,Neutral
Frankfurt Main,airport,A Kraft,2025-02-17,While the departure experience is improving thanks to new scanning equipment the rest is still the same as ever long ways poor signposting ridiculous prices for bad food and worse service After walking for a kilometre was surprised to find the epassport gates working for once for those with nonEU passports only two counters were manned Waited mins for baggage delivery at am Glad no customs control this time,1.0,Neutral,Negative,Negative,NEGATIVE,Negative,,2/4,Neutral
Loganair,airline,Francis Colborn-Veitch,2023-01-03,I use this airline frequently because it is the only airline serving Orkney If you are coming to Orkney and are able to use the ferries then do so this airline is a disgrace frequently delayed and cancelled and a total absence of customer service However I would say that the cabin staff are fantastic it is just a shame they are stuck working for this airline,1.0,Positive,Negative,Negative,NEGATIVE,Negative,,2/4,Positive
Frankfurt Main,airport,A Kraft,2025-02-17,While the departure experience is improving thanks to new scanning equipment the rest is still the same as ever long ways poor signposting ridiculous prices for bad food and worse service After walking for a kilometre was surprised to find the epassport gates working for once for those with nonEU passports only two counters were manned Waited mins for baggage delivery at am Glad no customs control this time,1.0,Neutral,Negative,Negative,NEGATIVE,Negative,,2/4,Neutral
Albuquerque,airport,A Sanchez,2018-03-01,Very rude TSA been through many time and always felt it was very quick and easier to get through other than the airport staff Not the airline staff they are great But TSA are almost always rude barely smile and speak down to people going through Not just my family but others around us in the line and really there is nothing you can say It is not necessary to always look like you are in a bad mood and dont want to be at work,2.0,Neutral,Negative,Negative,NEGATIVE,Negative,,2/4,Positive
Keflavik,airport,R Hanu,2024-07-22,Terminal seating is very difficult Wooden chair with gaps are difficult to seat No chance seating for more time No cushion seats It should improve,4.0,Negative,Negative,Neutral,NEGATIVE,Negative,,2/4,Neutral
Philippine Airlines,airline,M Cruz,2024-10-25,Delayed PR average delay is an hr For today Oct the estimated time of departure was moved twice originally from H then to H then to H As of this writing we have not yet flown and still waiting in the bridge H Then just announced that we have to wait further,1.0,Neutral,Negative,Negative,NEGATIVE,Negative,,2/4,Neutral
ViaAir,airline,Trent Parks,2018-11-10,Austin to Oklahoma City Writing this review from the car of one of my fellow Via passengers as were currently driving to Oklahoma City from Austin hours because after the initial hour delay the plane arrived and had a door malfunction that was a minimum delay of more hours with no assurance that they wouldnt have to cancel the flight So we decided that there was a greater chance of making it to Oklahoma City if we just drove instead Hopefully theyll refund our money Too bad they wont reimburse my lift,1.0,Neutral,Negative,Negative,NEGATIVE,Negative,,2/4,Positive
Grenoble,airport,Chris Tilly,2025-01-11,This airport is the most disorganised of any that I have flown from Some small investments in barriers to organise passengers at check in could make a massive difference There is a general lack of guidance by the supervisors to transit passengers through the airport Whilst the transfer to Geneva is an hour longer if you are going to experience close to a minute delay I would say its a better investment of time Rather disappointing given the proximity to the ski resorts,1.0,Neutral,Negative,Negative,NEGATIVE,Negative,,2/4,Neutral
TransNusa,airline,T Che,2024-09-13,Was unfortunate to try their new Subang Jakarta route Both to and from flights delayed by hrs return flight from Jakarta was pm which was first rescheduled to pm then then then and finally pm writing this review at hoping flight will take off,1.0,Neutral,Negative,Negative,NEGATIVE,Negative,,2/4,Neutral
Karachi,airport,Zes Ale,2018-05-26,Not Verified Karachi Airport is nice but badly needs renovation as it is some years old airport Also they need to work on the satellite concourse as they look outdated from inside and too compact with no space for expansion for retail and neither the gates Disembarkation bridge is nice and modern,6.0,Neutral,Negative,Negative,NEGATIVE,Negative,,2/4,Neutral
Houston IAH,airport,R Banes,2024-12-18,Terminals C and E are beautiful shopping centers with attached gate doors Seating and the inevitable waiting areas are lacking badly Designed to sell food and merchandise to travelers but not to accommodate their travel experience Disappointing manipulation from the expenditure of so much money for improvements,2.0,Neutral,Negative,Negative,NEGATIVE,Negative,,2/4,Neutral
Southampton,airport,Mike Coster,2023-07-10,Poor departure information updates Arrived early for flight to Jersey as flight was showing on time Only when we passed through to air side did the flight show a min delay When speaking to the air crew they advised that it they knew the were delayed long before due to operational reasons Thanks for wasting my valuable time Southampton,3.0,Neutral,Negative,Negative,NEGATIVE,Negative,,2/4,Neutral
French Bee,airline,Melba Harris,2024-10-28,French Bee the need for greed the rudeness unfairly flagging carry on bags that meet regulation when dropping off pre paid luggage the total check in experience a night mare have passengers sitting cancelled boarding stations that were moved somewhere else and I was a waiting passenger that made other passengers aware that it was changed,1.0,Neutral,Negative,Negative,NEGATIVE,Negative,,2/4,Neutral
Eurowings,airline,J Mansen,2024-09-14,Unfortunately again unreliable Tracking the aircraft on FR it was obvious it accumulated delay after delay on the previous four flights In my experience Eurowings is unable or unwilling to manage such situations eg by using spare aircraft so switch rotations All of my last flights were the same Pity Eurowings isnt cheap and unfortunately often the only the option but planes and crews are usually fine,3.0,Neutral,Negative,Negative,NEGATIVE,Negative,,2/4,Neutral
Philippine Airlines,airline,M Cruz,2024-10-25,Delayed PR average delay is an hr For today Oct the estimated time of departure was moved twice originally from H then to H then to H As of this writing we have not yet flown and still waiting in the bridge H Then just announced that we have to wait further,1.0,Neutral,Negative,Negative,NEGATIVE,Negative,,2/4,Neutral
Air Niugini,airline,H Rogers,2022-10-03,Manila to Brisbane via Port Moresby Delayed my plane by hours Wasted days Had paid for Business class upgrade but they couldnt find it in the system Had no problems keeping the money,1.0,Negative,Positive,Negative,NEGATIVE,Negative,,2/4,Neutral
Bourgas,airport,Lorna Burns,2018-06-21,I found the airport nice The staff were very arrogant there is no need for the unpleasant staff going through customs Manners cost nothing we are holiday makers going into your country to spend our money We should be treated with respect instead off very unpleasant and off putting people,1.0,Negative,Negative,Neutral,NEGATIVE,Negative,,2/4,Positive
Montenegro Airlines,airline,Keith Parkinson,2015-10-20,After boarding our Montenegro Airlines flight on time we sat for mins without any explanation and then told a crew member was ill and they would tell us what was happening soon After another mins we were told that we would depart soon with only crew Because we were late Tivat airport had closed and we diverted to Podgorica the only other airport We were then bused to Tivat arriving approx hrs late to be told that there was nothing wrong as they class both airports as one Never again,1.0,Negative,Negative,Neutral,NEGATIVE,Negative,,2/4,Neutral
Luxembourg,airport,Tom Alzin,2023-07-17,Nice design and spacious However thats where the good news stop Security totally outdated and badly organized despite high staff number Outdated scanners no body scanner no scanners for liquids outdated tray management Constant showing of ID needed no automated gates Wifi is crap and almost instantly saturated All in all not the most pleasant experience in fact a bit outdated Shame for a country which wants to be one of progress and innovation,4.0,Neutral,Negative,Negative,NEGATIVE,Negative,,2/4,Positive
Blackpool,airport,J Parkinson,2014-10-22,Myself and husband have used Blackpool airport times in the last months yes you pay each departure tax but you can see nothing has been spent on the upkeep I will still say we prefer going from Blackpool there is less trouble and a lot less fuss From landing and picking up our cases we can be home in an hour we are very sad at its closing We have just arrived home last night we went from Blackpool put had to come back in to Manchester which we think is a nightmare very sad customers,8.0,Negative,Negative,Neutral,NEGATIVE,Negative,,2/4,Neutral
Crown Point Tobago,airport,Andre Franca,2012-03-22,I have been once to this airport as others said the place is tiny I wonder how it looks when BA and Virgin are around Boarding into small propeller planes is already a mess they search your bags at the boarding area even though you have already had your carryon xrayed,7.0,Negative,Negative,Neutral,NEGATIVE,Negative,,2/4,Neutral
Emirates,airline,Yvonne Weston,2025-03-10,I dashed across Dubai airport having an hour and a half transit time since my connecting flight from Bangkok There was no time to get a drink I was relieved to get my flight to Birmingham I was hot and thirsty Unfortunately for a torturous hours and minutes there wasnt a drop of liquid served although I did ask for a glass of water which never transpired Apart from that which when youre tired and thirsty seems a massive problem,7.0,Negative,Negative,Neutral,NEGATIVE,Negative,,2/4,Neutral
Cotonou,airport,Kennet Foeh,2012-03-09,Very small airport Checkin starts hours before departure The small cafe on the right is the only place with a clean toilet and AC When you have checked in there is nothing It is the most boring airport Filthy toilets No info at all about departures if they are late You know when the planes are leaving a lady shouts out It is a bit of a joke but no waiting time due to the small size of the airport The AC is not working outside the cafe so it is a bit too hot,4.0,Negative,Negative,Positive,NEGATIVE,Negative,,2/4,Neutral
FlyArystan,airline,Linda McPherson,2019-10-01,Almaty to Shimkent Was treated rudely at check in The first time we flew it was very cheap and this time we flew it was almost the same price as air Astana On one flight we had to wait Taras to Almaty Three hours because they lost a passenger and even get off and go back on the plane,3.0,Neutral,Negative,Negative,NEGATIVE,Negative,,2/4,Neutral
TransNusa,airline,T Che,2024-09-13,Was unfortunate to try their new Subang Jakarta route Both to and from flights delayed by hrs return flight from Jakarta was pm which was first rescheduled to pm then then then and finally pm writing this review at hoping flight will take off,1.0,Neutral,Negative,Negative,NEGATIVE,Negative,,2/4,Neutral
Cotonou,airport,Kennet Foeh,2012-03-09,Very small airport Checkin starts hours before departure The small cafe on the right is the only place with a clean toilet and AC When you have checked in there is nothing It is the most boring airport Filthy toilets No info at all about departures if they are late You know when the planes are leaving a lady shouts out It is a bit of a joke but no waiting time due to the small size of the airport The AC is not working outside the cafe so it is a bit too hot,4.0,Negative,Negative,Positive,NEGATIVE,Negative,,2/4,Neutral
Preveza,airport,S Cadero,2022-06-07,Airport with the slowest and least professional staff ever Greece is beautiful I love its rhythms but here we are absurd planes in one day and the ability to wait hours to check in your baggage Once I got to the checkin desk I was asked to wait a moment am flight at am I waited minutes and asked what the problem was and the lady told to go to a colleague at another checkin desk Slow disorganized unprofessional staff Bad experience,1.0,Neutral,Negative,Negative,NEGATIVE,Negative,,2/4,Neutral
Sharm El Sheikh,airport,R Law,2024-05-30,The arrival hall was very good Quick and easy to navigate No issues The departure hall is a different story Rude police looking for a fight corrupt staff asking you to pay to get through quickly Shocking service and not representative of the airline standards I was shocked how much the security police looked for trouble,1.0,Neutral,Negative,Negative,NEGATIVE,Negative,,2/4,Positive
Air Europa,airline,28 reviewsRobert Watson,2024-10-21,As a gold elite plus holder I can use the Madrid lounges The trip was uneventful until I got to Madrid airport having to wait one hour in a passport queue Then attempting to enter the puerta del sol lounge where the receptionist seemed to have taken on the role of an autocratic authoritarian prison guard The police checking passports are far more pleasant and civil they are decent people Where AENA recruits it staff from I have no idea but they must treat them really badly if they are this nasty,2.0,Neutral,Negative,Negative,NEGATIVE,Negative,,2/4,Positive
Maldivian,airline,L Chen,2018-01-10,Male to Dharavandhoo They delayed our flight for almost hours for no apparent reason other charter planes of similar time and same destination left just fine Not only did we find out the delay very close to departure time but also the single departure terminal was almost EMPTY at some point so theres almost no excuse in not being able to provide the flight sooner since there were no other flights going on for a good minutes,1.0,Positive,Negative,Negative,NEGATIVE,Negative,,2/4,Positive
Dusseldorf,airport,Elaine Dijkstra,2024-08-07,We landed at and went directly to the bagage claim area There we waited and waited with no information about the delay of our luggage After minutes they announced that because of a staff shortage the moving of luggage was a problem We waited another minutes before we finally got our luggage,6.0,Neutral,Negative,Negative,NEGATIVE,Negative,,2/4,Neutral
Blue1,airline,Eric Bateman,2011-12-07,Flew Stockholm to Helsinki Booked a business class flight through Eurobonus miles to find that there is in fact no business class and was in fact in premium economy The difference between this and economy on the minute hop comprises a glass of wine or a beer All pretty disappointing The plane was on time I guess,4.0,Negative,Negative,Neutral,NEGATIVE,Negative,,2/4,Neutral
Cleveland,airport,S Jeff,2021-10-23,I have been flying again for business and Cleveland Hopkins is the only airport where you can land and sit and wait minutes for a gate to open up Its ridiculous,2.0,Negative,Negative,Neutral,NEGATIVE,Negative,,2/4,Neutral
Davao,airport,S Fletcher,2015-03-17,Davao City airport in the Philippines is spacious queues are minimal pre check in After check in you head upstairs to the departure area pay your departure tax and pass through security You then find yourself in a the domestic departure area where there is plenty of seating and TV screens Flight announcements are limited my flight was delayed by hours yet there was no announcement to advise,8.0,Neutral,Negative,Negative,NEGATIVE,Negative,,2/4,Neutral
Maldivian,airline,L Chen,2018-01-10,Male to Dharavandhoo They delayed our flight for almost hours for no apparent reason other charter planes of similar time and same destination left just fine Not only did we find out the delay very close to departure time but also the single departure terminal was almost EMPTY at some point so theres almost no excuse in not being able to provide the flight sooner since there were no other flights going on for a good minutes,1.0,Positive,Negative,Negative,NEGATIVE,Negative,,2/4,Positive
Oslo,airport,S Davidson,2025-02-18,Badly organised extremely chaotic and long passport queue For a country that manages exceptional feats of engineering and superb tourism all around the country it is extraordinary that it fails to organise such a basic airport function leaving millions of air passengers with a really negative impression of the country as they depart The Oslo airport building itself is modern and impressive this is simply a case of bad management With a decent plan it could be fixed if they can be bothered,2.0,Neutral,Negative,Negative,NEGATIVE,Negative,,2/4,Neutral
Air Berlin,airline,Steven Fanelli,2017-09-03,Berlin to Geneva via Dusseldorf Not a good first impression First segment no order to boarding process just one long line regardless if your seat assignment Delayed minutes announced minutes before scheduled boarding time No explanation why Onboard the least amount of legroom I have ever experienced Take off was finally one hour later Second flight delayed minutes to late arrival of the aircraft,4.0,Neutral,Negative,Negative,NEGATIVE,Negative,,2/4,Positive
AirAsia Zest,airline,4 reviewsRenard Teipelke,2015-10-05,AirAsia Zest is a lowcost airline with weak ground service and delayed on my flight with misleading information on when the flight will depart Aircraft look nice but there is no entertainment system They can have very cheap flights but costs are sometimes hidden and if the flight is canceled or seriously delayed a cheap ticket was of no help,3.0,Positive,Negative,Negative,NEGATIVE,Negative,,2/4,Neutral
Xi'an,airport,1 reviewsJulien Latil,2015-10-09,Airport very cold No restaurant no coffee shop and no drinks machine smoking area very far from from the gate The announcements are not understandable Very bad experience,3.0,Negative,Positive,Negative,NEGATIVE,Negative,,2/4,Neutral
Carpatair,airline,P Nesbitt,2010-04-14,Rome to Constanta A slight delay on the second leg of the flight due to bad weather affecting the incoming connection Food Ok and service fine basically you got what you paid for and no complaints from me would use them again,4.0,Neutral,Negative,Negative,NEGATIVE,Negative,,2/4,Neutral
Sharm El Sheikh,airport,R Law,2024-05-30,The arrival hall was very good Quick and easy to navigate No issues The departure hall is a different story Rude police looking for a fight corrupt staff asking you to pay to get through quickly Shocking service and not representative of the airline standards I was shocked how much the security police looked for trouble,1.0,Neutral,Negative,Negative,NEGATIVE,Negative,,2/4,Positive
Vancouver,airport,S Singh,2024-12-09,International flights from Shanghai Have to go out and come back in even without luggage Normal transfer procedure does not apply It is all verbal No lounge sign anywhere except on lounge Signs are badly marked,4.0,Neutral,Negative,Negative,NEGATIVE,Negative,,2/4,Neutral
FlyArystan,airline,Linda McPherson,2019-10-01,Almaty to Shimkent Was treated rudely at check in The first time we flew it was very cheap and this time we flew it was almost the same price as air Astana On one flight we had to wait Taras to Almaty Three hours because they lost a passenger and even get off and go back on the plane,3.0,Neutral,Negative,Negative,NEGATIVE,Negative,,2/4,Neutral
Bourgas,airport,Lorna Burns,2018-06-21,I found the airport nice The staff were very arrogant there is no need for the unpleasant staff going through customs Manners cost nothing we are holiday makers going into your country to spend our money We should be treated with respect instead off very unpleasant and off putting people,1.0,Negative,Negative,Neutral,NEGATIVE,Negative,,2/4,Positive
Leon Guanajuato,airport,Michael Pedziwiatr,2008-02-21,The service to get from airport to the centro district to Guanajuato is too expensive No options Just get on the taxi Last fall it was around usd This is an mile trip which takes minutes The bus from Guanaujato to San Miguel is about a one hour drive and cost about usd There should be alternatives at your airport Maybe a bus into town,3.0,Negative,Negative,Neutral,NEGATIVE,Negative,,2/4,Neutral
bmi Regional,airline,B Marden,2018-11-22,Hamburg to Bristol Pretty much guaranteed delay again from BMI my route to work in Germany gets hit by BMI delays on outbound and return flights I have persuaded the crewing office to let me catch a train from Plymouth to London Paddington then Heathrow express to airport to avoid using BMI from Exeter or Bristol I will get there quicker by driving train an extra hour and a half go figure,2.0,Neutral,Negative,Negative,NEGATIVE,Negative,,2/4,Positive
Air Europa,airline,28 reviewsRobert Watson,2024-10-21,As a gold elite plus holder I can use the Madrid lounges The trip was uneventful until I got to Madrid airport having to wait one hour in a passport queue Then attempting to enter the puerta del sol lounge where the receptionist seemed to have taken on the role of an autocratic authoritarian prison guard The police checking passports are far more pleasant and civil they are decent people Where AENA recruits it staff from I have no idea but they must treat them really badly if they are this nasty,2.0,Neutral,Negative,Negative,NEGATIVE,Negative,,2/4,Positive
Houston IAH,airport,R Banes,2024-12-18,Terminals C and E are beautiful shopping centers with attached gate doors Seating and the inevitable waiting areas are lacking badly Designed to sell food and merchandise to travelers but not to accommodate their travel experience Disappointing manipulation from the expenditure of so much money for improvements,2.0,Neutral,Negative,Negative,NEGATIVE,Negative,,2/4,Neutral
AirAsia Zest,airline,4 reviewsRenard Teipelke,2015-10-05,AirAsia Zest is a lowcost airline with weak ground service and delayed on my flight with misleading information on when the flight will depart Aircraft look nice but there is no entertainment system They can have very cheap flights but costs are sometimes hidden and if the flight is canceled or seriously delayed a cheap ticket was of no help,3.0,Positive,Negative,Negative,NEGATIVE,Negative,,2/4,Neutral
Vientiane,airport,1 reviewsH Roberts,2019-11-06,Very basic all the way Very few shops or coffee places Passport and check in was fine but once through that it was bit like waiting in a big shed Finally found a food court to get a meal but was so badly signed most people did not know where it was and thats a shame as the food was good Only give minimum time to be there if at all possible,5.0,Neutral,Negative,Negative,NEGATIVE,Negative,,2/4,Positive
Unknown,General,Anonymous,,12. Air Canada: The boarding process was smooth and the legroom was satisfactory. The food was standard airline fare.,,,,,,Neutral,synthetic,Generated,Positive
Unknown,General,Anonymous,,"7. My journey with British Airways was average, the seats were a bit old but the flight itself was smooth.",,,,,,Neutral,synthetic,Generated,Positive
Unknown,General,Anonymous,,"14. ""Southwest Airlines provided a smooth flight. The snacks offered could be improved.""",,,,,,Neutral,synthetic,Generated,Positive
Unknown,General,Anonymous,,"17. ""Norwegian Air provides reasonable fares, but their baggage fees can add up quickly.""",,,,,,Neutral,synthetic,Generated,Positive
Unknown,General,Anonymous,,"4. ""Alaska Airlines offered a smooth check-in process. The flight itself was uneventful, which is always appreciated.""",,,,,,Neutral,synthetic,Generated,Positive
Unknown,General,Anonymous,,"20. On my flight with Airline T, the check-in went smoothly. The onboard service was standard and the flight arrived on time.",,,,,,Neutral,synthetic,Generated,Positive
Unknown,General,Anonymous,,"15. The Singapore Airlines flight was average. The in-flight entertainment was good, but the food was nothing special.",,,,,,Neutral,synthetic,Generated,Positive
Unknown,General,Anonymous,,"12. ""United Airlines' flight from Chicago to San Francisco was comfortable. The staff was friendly, but the meal options were limited.""",,,,,,Neutral,synthetic,Generated,Positive
Unknown,General,Anonymous,,"16. I flew with Ryanair. The journey was smooth, and check-in was efficient.",,,,,,Neutral,synthetic,Generated,Positive
Unknown,General,Anonymous,,"2. I flew with United Airlines, their in-flight entertainment selection was good, however, the meal service could be improved upon.",,,,,,Neutral,synthetic,Generated,Positive
Unknown,General,Anonymous,,"18. ""Airline O's flight was tolerable. The seats were not very comfortable but the staff was friendly.""",,,,,,Neutral,synthetic,Generated,Positive
Unknown,General,Anonymous,,7. The baggage handling on Airline D was acceptable with no issues. The flight attendants were polite and the flight was mostly smooth.,,,,,,Neutral,synthetic,Generated,Positive
Unknown,General,Anonymous,,"14. ""The online booking system of Airline N was user-friendly. The flight was on time, but the cabin was a bit noisy.""",,,,,,Neutral,synthetic,Generated,Positive
Unknown,General,Anonymous,,19. The in-flight meal on Airline S was satisfactory. The flight attendants were professional and the flight was smooth.,,,,,,Neutral,synthetic,Generated,Positive
Unknown,General,Anonymous,,"9. My experience with JetBlue was quite regular. The crew was friendly, although the in-flight entertainment system was a bit glitchy.",,,,,,Neutral,synthetic,Generated,Positive
Unknown,General,Anonymous,,"15. Airline L provided a decent in-flight experience. The cabin crew was efficient, and the flight was smooth.",,,,,,Neutral,synthetic,Generated,Positive
Unknown,General,Anonymous,,8. The flight with Emirates was typical. The staff was friendly and the flight landed on time. The food was average.,,,,,,Neutral,synthetic,Generated,Positive
Unknown,General,Anonymous,,"12. The flight with Airline I was smooth and the cabin crew was attentive, although the meal options were somewhat limited.",,,,,,Neutral,synthetic,Generated,Positive
Unknown,General,Anonymous,,"3. ""The crew on my Airline Z flight were professional and efficient, ensuring a smooth journey.""",,,,,,Neutral,synthetic,Generated,Positive
Unknown,General,Anonymous,,8. Airline E's booking process was easy and quick. The boarding process was a bit confusing but manageable.,,,,,,Neutral,synthetic,Generated,Positive
Unknown,General,Anonymous,,5. I recently flew with Etihad. The aircraft was not the newest but the crew managed to offer a smooth flight.,,,,,,Neutral,synthetic,Generated,Positive
Unknown,General,Anonymous,,"7. ""Airline D's service was standard. The check-in process was smooth and the flight landed on time.""",,,,,,Neutral,synthetic,Generated,Positive
Unknown,General,Anonymous,,"17. ""The flight with Spirit Airlines was typical. The seats were a bit cramped but the crew was friendly.""",,,,,,Neutral,synthetic,Generated,Positive
Unknown,General,Anonymous,,"16. Etihad Airways' service was okay, the flight was smooth but the meal options were limited.",,,,,,Neutral,synthetic,Generated,Positive
Unknown,General,Anonymous,,"20. ""Norwegian Air provided a smooth flight. The check-in process was efficient, but the food options were limited.""",,,,,,Neutral,synthetic,Generated,Positive
Unknown,General,Anonymous,,9. Ryanair offered a no-frills service. The flight was on time and the crew was friendly enough.,,,,,,Neutral,synthetic,Generated,Positive
Unknown,General,Anonymous,,"18. The check-in process with Airline O was quick and efficient, but the boarding was a bit chaotic.",,,,,,Neutral,synthetic,Generated,Positive
Unknown,General,Anonymous,,"13. Air France's flight was punctual. The seats were a bit tight, but the cabin crew was friendly.",,,,,,Neutral,synthetic,Generated,Positive
Unknown,General,Anonymous,,"5. ""I found British Airways to be quite acceptable. The staff were professional, and the in-flight meal was reasonably good.""",,,,,,Neutral,synthetic,Generated,Positive
Unknown,General,Anonymous,,"15. ""Airline L's flight was smooth and turbulence was handled well by the flight crew.""",,,,,,Neutral,synthetic,Generated,Positive
Unknown,General,Anonymous,,"15. ""Airline L provided a typical flight experience. The boarding process was a little slow, but the flight itself was smooth.""",,,,,,Neutral,synthetic,Generated,Positive
Unknown,General,Anonymous,,"20. My flight on Norwegian Air was typical. The plane was clean and the flight was smooth, but the legroom was slightly limited.",,,,,,Neutral,synthetic,Generated,Positive
Unknown,General,Anonymous,,"6. ""Airline C's flight was comfortable, but the food options were limited. The boarding process was smooth.""",,,,,,Neutral,synthetic,Generated,Positive
Unknown,General,Anonymous,,16. Cathay Pacific offered an acceptable service. The flight was on time and the crew was friendly.,,,,,,Neutral,synthetic,Generated,Positive
Unknown,General,Anonymous,,"1. ""British Airways consistently delivers a smooth flight experience, although the in-flight entertainment options could use some updating.""",,,,,,Neutral,synthetic,Generated,Positive
Unknown,General,Anonymous,,"5. American Airlines provided a smooth check-in process and the flight departed on time. The legroom was a bit limited, but manageable.",,,,,,Neutral,synthetic,Generated,Positive
Unknown,General,Anonymous,,3. American Airlines provided a smooth check-in process. The inflight entertainment was satisfactory.,,,,,,Neutral,synthetic,Generated,Positive
Unknown,General,Anonymous,,10. Airline J's flight attendants were friendly. The in-flight meal was appropriate for the price of the ticket.,,,,,,Neutral,synthetic,Generated,Positive
Unknown,General,Anonymous,,"18. My recent flight with KLM was decent. The seats were spacious enough and the meal was good, but not extraordinary.",,,,,,Neutral,synthetic,Generated,Positive
Unknown,General,Anonymous,,15. Flew with Airline O and the seats were reasonably comfortable. The flight was slightly delayed but the communication was good.,,,,,,Neutral,synthetic,Generated,Positive
Unknown,General,Anonymous,,20. The flight with Singapore Airlines was alright. The food was good and the cabin crew was professional.,,,,,,Neutral,synthetic,Generated,Positive
Unknown,General,Anonymous,,"4. ""My experience with Southwest Airlines was just fine. The check-in process was smooth, and the flight was punctual. In-flight entertainment options were limited.""",,,,,,Neutral,synthetic,Generated,Positive
Unknown,General,Anonymous,,"3. Flew with Airline Z recently. The flight was slightly delayed but overall, it was a smooth journey.",,,,,,Neutral,synthetic,Generated,Positive
Unknown,General,Anonymous,,"18. ""Airline O's flight was satisfactory with a friendly crew. The seat comfort was average.""",,,,,,Neutral,synthetic,Generated,Positive
Unknown,General,Anonymous,,"11. ""The flight with Airline H was satisfactory. The boarding process was smooth, though the meal could have been better.""",,,,,,Neutral,synthetic,Generated,Positive
Unknown,General,Anonymous,,14. The flight with Airline K was as expected. The food was average but the in-flight entertainment was good.,,,,,,Neutral,synthetic,Generated,Positive
Unknown,General,Anonymous,,13. My flight with Air France was standard. The flight was smooth and the staff was helpful. The food was average.,,,,,,Neutral,synthetic,Generated,Positive
Unknown,General,Anonymous,,"14. ""Singapore Airlines offers a good service. The seats were reasonably comfortable and the food was edible.""",,,,,,Neutral,synthetic,Generated,Positive
Unknown,General,Anonymous,,"19. ""The baggage handling process with Airline P was smooth. The in-flight meal was satisfactory.""",,,,,,Neutral,synthetic,Generated,Positive
Unknown,General,Anonymous,,"10. ""The Singapore Airlines flight provided an average experience. The legroom was sufficient and the food was fairly good.""",,,,,,Neutral,synthetic,Generated,Positive
Unknown,General,Anonymous,,"18. The service on Singapore Airlines was adequate. The food was good and the cabin was clean, but the in-flight service was a bit slow.",,,,,,Neutral,synthetic,Generated,Positive
Unknown,General,Anonymous,,"19. Airline P's flight had a clean cabin and friendly staff, but the entertainment system was outdated.",,,,,,Neutral,synthetic,Generated,Positive
Unknown,General,Anonymous,,16. The flight with Etihad was as expected. The in-flight entertainment was good but the food was just okay.,,,,,,Neutral,synthetic,Generated,Positive
Unknown,General,Anonymous,,"5. ""Our flight on Airline B was ordinary, with a friendly enough crew. The inflight Wi-Fi was a bit slow.""",,,,,,Neutral,synthetic,Generated,Positive
Unknown,General,Anonymous,,6. The check-in process at Airline F was efficient. The flight was smooth and landed on time.,,,,,,Neutral,synthetic,Generated,Positive
Unknown,General,Anonymous,,"5. Had a standard experience with American Airlines. The crew was polite and the flight was smooth, although the in-flight amenities were only average.",,,,,,Neutral,synthetic,Generated,Positive
Unknown,General,Anonymous,,"11. The flight with Airline K was generally good. Seats were comfortable, but the in-flight entertainment was outdated.",,,,,,Neutral,synthetic,Generated,Positive
Unknown,General,Anonymous,,"14. ""My Virgin Atlantic flight was satisfactory. The in-flight entertainment was diverse and the flight was smooth.""",,,,,,Neutral,synthetic,Generated,Positive
Unknown,General,Anonymous,,"4. ""Airline D offered a smooth flight with a few minor turbulence. The in-flight entertainment was average.""",,,,,,Neutral,synthetic,Generated,Positive
Unknown,General,Anonymous,,5. The check-in process with Airline B was relatively smooth. The in-flight entertainment could use some improvement.,,,,,,Neutral,synthetic,Generated,Positive
Unknown,General,Anonymous,,"18. ""Airline O's flight was on time, and the cabin crew was friendly. The in-flight entertainment was average.""",,,,,,Neutral,synthetic,Generated,Positive
Unknown,General,Anonymous,,"3. The boarding process with Airline Z was pretty smooth. However, the flight was slightly delayed.",,,,,,Neutral,synthetic,Generated,Positive
Unknown,General,Anonymous,,10. Airline G's check-in process was quick and efficient. The seats were comfortable but the in-flight service was average.,,,,,,Neutral,synthetic,Generated,Positive
Unknown,General,Anonymous,,"19. The Ryanair flight was as expected. The flight was on time and the boarding process was smooth, but the seat space was a bit cramped.",,,,,,Neutral,synthetic,Generated,Positive
Unknown,General,Anonymous,,"4. The flight with British Airways was relatively smooth. The meal served was standard airline fare. The flight was slightly delayed, but not by much.",,,,,,Neutral,synthetic,Generated,Positive
Unknown,General,Anonymous,,"20. ""Cathay Pacific's flight was smooth, but the food was quite average. The staff were professional and polite.""",,,,,,Neutral,synthetic,Generated,Positive
Unknown,General,Anonymous,,17. Airline N offered a smooth flight and on-time departure but the in-flight service was just average.,,,,,,Neutral,synthetic,Generated,Positive
Unknown,General,Anonymous,,"12. The flight with Airline I was normal. The in-flight entertainment could use an upgrade, but the staff was friendly.",,,,,,Neutral,synthetic,Generated,Positive
Unknown,General,Anonymous,,"12. The seat comfort on the JetBlue flight was average, the staff was professional but the food was not up to the mark.",,,,,,Neutral,synthetic,Generated,Negative
Unknown,General,Anonymous,,"11. ""Airline K offered a smooth flight and efficient service. However, the in-flight snacks were quite ordinary.""",,,,,,Neutral,synthetic,Generated,Positive
Unknown,General,Anonymous,,"8. I took a flight with Southwest Airlines. The process was smooth, and the cabin crew was efficient.",,,,,,Neutral,synthetic,Generated,Positive
Unknown,General,Anonymous,,"17. The food on Airline N was not outstanding, but the flight was smooth and on schedule.",,,,,,Neutral,synthetic,Generated,Positive
Unknown,General,Anonymous,,"2. ""JetBlue provided a comfortable flying experience. The in-flight entertainment was fairly good with a nice variety of options.""",,,,,,Neutral,synthetic,Generated,Positive
Unknown,General,Anonymous,,5. The flight with Emirates to Dubai was fairly comfortable. The meals served were of good quality.,,,,,,Neutral,synthetic,Generated,Positive
Unknown,General,Anonymous,,"3. ""Flew with Lufthansa from Munich to New York. The flight was smooth with hardly any turbulence. Food could be improved.""",,,,,,Neutral,synthetic,Generated,Positive
Unknown,General,Anonymous,,"16. ""The Air Asia flight was decent. The plane was clean, but the boarding process could have been smoother.""",,,,,,Neutral,synthetic,Generated,Positive
Unknown,General,Anonymous,,"9. Air Canada's service was reliable, and the staff was pleasant. The in-flight meal was acceptable.",,,,,,Neutral,synthetic,Generated,Positive
Unknown,General,Anonymous,,"1. The boarding process with Airline X was smooth, and the flight was on time. The in-flight meal was average.",,,,,,Neutral,synthetic,Generated,Positive
Unknown,General,Anonymous,,"10. ""Qatar Airways provided a standard service. The flight was smooth, but the Wi-Fi was a bit slow.""",,,,,,Neutral,synthetic,Generated,Positive
Unknown,General,Anonymous,,"15. My journey with Qantas was standard. The seats were comfortable and the staff was friendly. The food options could have been better, though.",,,,,,Neutral,synthetic,Generated,Positive
Unknown,General,Anonymous,,"17. ""I had a typical experience with Airline N. The flight was smooth and the staff was professional.""",,,,,,Neutral,synthetic,Generated,Positive
Unknown,General,Anonymous,,"13. My flight with Airline M was fine. The boarding process was smooth, but the snacks served were quite typical.",,,,,,Neutral,synthetic,Generated,Positive
Unknown,General,Anonymous,,"3. On my flight with Airline C, the in-flight entertainment had a good variety of movies. The seats were fairly comfortable.",,,,,,Neutral,synthetic,Generated,Positive
Unknown,General,Anonymous,,18. Aer Lingus provided a standard service for my recent flight. The cabin was clean and the staff was friendly.,,,,,,Neutral,synthetic,Generated,Positive
Unknown,General,Anonymous,,"6. ""Airline F's flight attendants were friendly and attentive. The plane was clean but the in-flight entertainment system was outdated.""",,,,,,Neutral,synthetic,Generated,Positive
Unknown,General,Anonymous,,"4. Used Airline A for a short haul flight. The check-in process was smooth, and the flight landed on time. No complaints, no praises.",,,,,,Neutral,synthetic,Generated,Positive
Unknown,General,Anonymous,,3. My experience with Airline Z was typical. The staff was professional and the flight was smooth.,,,,,,Neutral,synthetic,Generated,Positive
Unknown,General,Anonymous,,"18. The flight with Aeroflot was okay. The boarding process was smooth, but the in-flight entertainment could use an upgrade.",,,,,,Neutral,synthetic,Generated,Positive
Unknown,General,Anonymous,,"6. ""Qantas Airways provides a smooth check-in process, but the in-flight experience is rather ordinary.""",,,,,,Neutral,synthetic,Generated,Positive
Unknown,General,Anonymous,,"16. ""KLM's flight staff are usually friendly, but the quality of their in-flight meals is unexceptional.""",,,,,,Neutral,synthetic,Generated,Positive
Unknown,General,Anonymous,,"5. The British Airways flight was average. The flight departed and arrived on time, and the on-board facilities were good.",,,,,,Neutral,synthetic,Generated,Positive
Unknown,General,Anonymous,,"9. ""The JetBlue flight was fine with a smooth take-off and landing. The in-flight meal could use some improvement.""",,,,,,Neutral,synthetic,Generated,Positive
Unknown,General,Anonymous,,"13. ""Airline J provided a standard service. The check-in process was smooth, but the in-flight entertainment could do with an upgrade.""",,,,,,Neutral,synthetic,Generated,Positive
Unknown,General,Anonymous,,"7. ""The flight with Airline G was comfortable. The check-in process was fairly quick and efficient.""",,,,,,Neutral,synthetic,Generated,Positive
Unknown,General,Anonymous,,"6. Emirates offered a decent flight experience. The food was good, but the cabin was a bit too cold for my liking.",,,,,,Neutral,synthetic,Generated,Positive
Unknown,General,Anonymous,,"14. ""Airline K's flight had a smooth take-off and landing. The in-flight entertainment options were limited.""",,,,,,Neutral,synthetic,Generated,Positive
Unknown,General,Anonymous,,13. The staff on Airline J were friendly and professional. The legroom was a bit limited for a long-haul flight.,,,,,,Neutral,synthetic,Generated,Positive
Unknown,General,Anonymous,,"9. ""The boarding process with Airline F was smooth. The flight attendants were attentive.""",,,,,,Neutral,synthetic,Generated,Positive
Unknown,General,Anonymous,,"19. ""Cathay Pacific provides a good service. The seats could have been more comfortable, but the in-flight entertainment was good.""",,,,,,Neutral,synthetic,Generated,Positive
Unknown,General,Anonymous,,"19. I flew with KLM. The staff was friendly, but the flight was slightly delayed. The seating was quite compact, however.",,,,,,Neutral,synthetic,Generated,Positive
Unknown,General,Anonymous,,"8. ""Qatar Airways offered a good selection of movies for in-flight entertainment. The food was average.""",,,,,,Neutral,synthetic,Generated,Positive
Unknown,General,Anonymous,,"8. The flight with Airline E was good, the seats were a bit cramped, but the service was efficient.",,,,,,Neutral,synthetic,Generated,Positive
Unknown,General,Anonymous,,"16. On my flight with Airline M, the check-in process was quick and efficient. The seats were moderately comfortable.",,,,,,Neutral,synthetic,Generated,Positive
Unknown,General,Anonymous,,"9. ""Airline F delivered an ordinary flying experience. There was a good selection of movies and the flight was punctual.""",,,,,,Neutral,synthetic,Generated,Positive
Unknown,General,Anonymous,,"8. ""Flew with Virgin Atlantic from New York to London. The plane was clean and the staff was quite friendly. The meals were nothing special.""",,,,,,Neutral,synthetic,Generated,Positive
Unknown,General,Anonymous,,"19. The flight with Ryanair was average, the boarding process was well-organized but the seats were not very comfortable.",,,,,,Neutral,synthetic,Generated,Negative
Unknown,General,Anonymous,,"19. ""The flight with Airline P was average. The boarding process was smooth, but the food could be improved.""",,,,,,Neutral,synthetic,Generated,Positive
Unknown,General,Anonymous,,"13. ""Airline M provided a smooth journey. The legroom was a bit tight, but the flight was punctual.""",,,,,,Neutral,synthetic,Generated,Positive
Unknown,General,Anonymous,,"2. ""United Airlines' in-flight entertainment was adequate, with a good selection of movies. The food, however, was just average.""",,,,,,Neutral,synthetic,Generated,Positive
Unknown,General,Anonymous,,"16. ""Air France offers a decent service. The check-in was smooth and the flight was on time.""",,,,,,Neutral,synthetic,Generated,Positive
Unknown,General,Anonymous,,"4. I was comfortable during my flight with American Airlines. The flight attendants were friendly, and the in-flight entertainment was decent.",,,,,,Neutral,synthetic,Generated,Positive
Unknown,General,Anonymous,,"11. My experience with Air France was satisfactory. The check-in process was smooth, the flight crew was polite, and the service was reasonable.",,,,,,Neutral,synthetic,Generated,Positive
Unknown,General,Anonymous,,"3. ""United Airlines offered decent service. The flight attendants were professional and the flight was smooth.""",,,,,,Neutral,synthetic,Generated,Positive
Unknown,General,Anonymous,,17. The easyJet flight was standard. The boarding process was smooth and the flight arrived on time.,,,,,,Neutral,synthetic,Generated,Positive
Unknown,General,Anonymous,,"6. ""Cathay Pacific provided a smooth check-in process. The food was typical airline food, nothing out of the ordinary.""",,,,,,Neutral,synthetic,Generated,Positive
Unknown,General,Anonymous,,14. Airline K's flight was on schedule and the cabin crew was friendly. The baggage claim process was a bit slow but manageable.,,,,,,Neutral,synthetic,Generated,Positive
Unknown,General,Anonymous,,17. I flew with Cathay Pacific. The cabin crew was professional and the flight was smooth. The legroom was a bit tight.,,,,,,Neutral,synthetic,Generated,Positive
Unknown,General,Anonymous,,"2. ""Southwest Airlines provided a decent service. The check-in process was smooth and the flight departed on time.""",,,,,,Neutral,synthetic,Generated,Positive
Unknown,General,Anonymous,,"14. ""KLM's flight was standard. The check-in process was smooth and the flight arrived on time.""",,,,,,Neutral,synthetic,Generated,Positive
Unknown,General,Anonymous,,"12. ""My flight with Airline L was acceptable. The boarding process was smooth, but the in-flight meal was slightly disappointing.""",,,,,,Neutral,synthetic,Generated,Positive
Unknown,General,Anonymous,,4. Southwest Airlines offered a smooth check-in process. The flight was pleasant with minimal turbulence.,,,,,,Neutral,synthetic,Generated,Positive
Unknown,General,Anonymous,,"10. My journey with EasyJet was average. The flight was on time and the boarding process was smooth. The legroom was a bit tight, though.",,,,,,Neutral,synthetic,Generated,Positive
Unknown,General,Anonymous,,8. The Southwest Airlines flight was fine. The boarding process was smooth and the seats were fairly comfortable.,,,,,,Neutral,synthetic,Generated,Positive
Unknown,General,Anonymous,,11. Airline H's online check-in system was quick and hassle-free. The meal served on board was typical airline food.,,,,,,Neutral,synthetic,Generated,Positive
Unknown,General,Anonymous,,"16. The Virgin Atlantic flight was as expected. The cabin was clean and the staff was friendly, but the legroom was a bit limited.",,,,,,Neutral,synthetic,Generated,Positive
Unknown,General,Anonymous,,"19. JetBlue Airways provided a satisfactory service. The flight was punctual and the check-in process was smooth, but the in-flight snacks were just okay.",,,,,,Neutral,synthetic,Generated,Positive
Unknown,General,Anonymous,,20. The Norwegian Air flight was satisfactory. The check-in process was smooth and the flight departed on time.,,,,,,Neutral,synthetic,Generated,Positive
Unknown,General,Anonymous,,"4. ""Cathay Pacific's in-flight meals were average. The cabin crew service was efficient, but not overly friendly.""",,,,,,Neutral,synthetic,Generated,Positive
Unknown,General,Anonymous,,"3. ""American Airlines provided a smooth check-in process and the flight landed on time. The cabin crew was professional and efficient.""",,,,,,Neutral,synthetic,Generated,Positive
Unknown,General,Anonymous,,"12. Flew with Qantas recently. The flight was smooth and the cabin was clean, but the legroom was a bit tight.",,,,,,Neutral,synthetic,Generated,Positive
Unknown,General,Anonymous,,"11. Alaska Airlines' service was good, the flight left on time and arrived on schedule, but the seating was a bit cramped.",,,,,,Neutral,synthetic,Generated,Positive
Unknown,General,Anonymous,,"14. Airline K's flight was average. The check-in process was smooth, but the in-flight entertainment could use an upgrade.",,,,,,Neutral,synthetic,Generated,Positive
Unknown,General,Anonymous,,"9. ""Airline F had a smooth check-in and security process. The in-flight service was average.""",,,,,,Neutral,synthetic,Generated,Positive
Unknown,General,Anonymous,,15. My experience with Alaska Airlines was typical. The flight was smooth and the staff was polite.,,,,,,Neutral,synthetic,Generated,Positive
Unknown,General,Anonymous,,11. Had a usual flight experience with Airline H. The flight was punctual and the check-in process was smooth.,,,,,,Neutral,synthetic,Generated,Positive
Unknown,General,Anonymous,,"7. Airline D provided a smooth check-in process, the flight was average with minimal turbulence.",,,,,,Neutral,synthetic,Generated,Positive
Unknown,General,Anonymous,,"4. ""I found Southwest's check-in process to be quick and efficient. The flight itself was standard with no notable issues.""",,,,,,Neutral,synthetic,Generated,Positive
Unknown,General,Anonymous,,"12. ""Etihad Airways provided a smooth flight. The in-flight entertainment was standard.""",,,,,,Neutral,synthetic,Generated,Positive
Unknown,General,Anonymous,,4. Airline A's website is user-friendly and booking a flight was easy. The seats were a bit uncomfortable for a long flight but the service was acceptable.,,,,,,Neutral,synthetic,Generated,Positive
Unknown,General,Anonymous,,"9. ""The flight with Airline F was quite pleasant. The food was mediocre but the drinks selection was diverse.""",,,,,,Neutral,synthetic,Generated,Positive
Unknown,General,Anonymous,,7. The Lufthansa flight was on time and the food was acceptable. The in-flight entertainment had a good variety.,,,,,,Neutral,synthetic,Generated,Positive
Unknown,General,Anonymous,,"10. Airline J provided a comfortable journey. The boarding process was smooth, but the food options were limited.",,,,,,Neutral,synthetic,Generated,Positive
Unknown,General,Anonymous,,17. The flight with Airline N was alright. There could be more variety in the food options but the flight was smooth.,,,,,,Neutral,synthetic,Generated,Positive
Unknown,General,Anonymous,,"16. ""Flight with Airline M was smooth and punctual. The cabin comfort could be improved.""",,,,,,Neutral,synthetic,Generated,Positive
Unknown,General,Anonymous,,"8. ""Qatar Airways provided a satisfactory service. The in-flight entertainment could use a few more options, but the crew was friendly.""",,,,,,Neutral,synthetic,Generated,Positive
Unknown,General,Anonymous,,"3. Delta Airlines provided an on-time departure and arrival. The plane was relatively clean, and the in-flight entertainment was good.",,,,,,Neutral,synthetic,Generated,Positive
Unknown,General,Anonymous,,11. The Southwest Airlines flight from Dallas to Houston was middle-of-the-road. The boarding process was smooth and the flight was on schedule.,,,,,,Neutral,synthetic,Generated,Positive
Unknown,General,Anonymous,,10. Airline G had a good range of in-flight movies. The food could use some improvement though.,,,,,,Neutral,synthetic,Generated,Positive
Unknown,General,Anonymous,,"18. ""Airline O's baggage claim process was quick and efficient, reducing waiting time.""",,,,,,Neutral,synthetic,Generated,Positive
Unknown,General,Anonymous,,"15. The flight with Japan Airlines was decent. The boarding was smooth and the seats were comfortable, however, the in-flight entertainment was in Japanese only.",,,,,,Neutral,synthetic,Generated,Positive
Unknown,General,Anonymous,,"19. ""Flight with Airline P had a smooth check-in process. The flight was on time, but the in-flight entertainment could be improved.""",,,,,,Neutral,synthetic,Generated,Positive
Unknown,General,Anonymous,,"8. ""Airline E had a smooth boarding process. The flight was a bit crowded, but the staff managed it well.""",,,,,,Neutral,synthetic,Generated,Positive
Unknown,General,Anonymous,,"3. ""Emirates offers a good in-flight entertainment system. The food could be better, but it's fine for an airline meal.""",,,,,,Neutral,synthetic,Generated,Positive
Unknown,General,Anonymous,,"4. My trip with British Airways was generally good. The seats were clean and comfortable, but the in-flight WiFi was slow.",,,,,,Neutral,synthetic,Generated,Positive
Unknown,General,Anonymous,,"7. ""Etihad Airways offers a decent service. The seats in economy were a bit cramped, but the flight itself was smooth.""",,,,,,Neutral,synthetic,Generated,Positive
Unknown,General,Anonymous,,"20. The flight with Virgin Atlantic was okay. The cabin crew was friendly, but the seats were a bit cramped and the in-flight entertainment selection could be improved.",,,,,,Neutral,synthetic,Generated,Positive
Unknown,General,Anonymous,,"18. The service on Turkish Airlines was reliable. The flight was on time, and the in-flight entertainment was good.",,,,,,Neutral,synthetic,Generated,Positive
Unknown,General,Anonymous,,"15. ""The flight with Airline L was on schedule. The cabin crew was friendly, but the legroom was a bit tight.""",,,,,,Neutral,synthetic,Generated,Positive
Unknown,General,Anonymous,,5. Airline B's flight was punctual and the boarding process was well organized. The in-flight meal was not exceptional but was satisfactory.,,,,,,Neutral,synthetic,Generated,Positive
Unknown,General,Anonymous,,"4. ""Aeromexico's flight was on time and the boarding process was smooth. The legroom could be better.""",,,,,,Neutral,synthetic,Generated,Positive
Unknown,General,Anonymous,,"3. Emirates offered a good selection of in-flight entertainment. The food was typical airplane fare, nothing exceptional.",,,,,,Neutral,synthetic,Generated,Positive
Unknown,General,Anonymous,,2. Airline Y had friendly staff and clean planes. The food was average for airline fare.,,,,,,Neutral,synthetic,Generated,Positive
Unknown,General,Anonymous,,"14. ""American Airlines provided a smooth flight. The crew was professional, but the food was average.""",,,,,,Neutral,synthetic,Generated,Positive
Unknown,General,Anonymous,,"2. United Airlines offered a smooth check-in process. The in-flight meal was okay, nothing extraordinary.",,,,,,Neutral,synthetic,Generated,Positive
Unknown,General,Anonymous,,"6. ""Ryanair delivered a smooth flight with no delays. The food options were limited, but the flight was short.""",,,,,,Neutral,synthetic,Generated,Positive
Unknown,General,Anonymous,,19. The experience with Virgin Atlantic was decent. The flight was on time and the in-flight entertainment was good.,,,,,,Neutral,synthetic,Generated,Positive
Unknown,General,Anonymous,,"17. ""My Air Canada flight was average. The check-in process was smooth and the flight was on time.""",,,,,,Neutral,synthetic,Generated,Positive
Unknown,General,Anonymous,,12. The flight with Qantas was as expected. The cabin crew was professional and the in-flight entertainment was good.,,,,,,Neutral,synthetic,Generated,Positive
Unknown,General,Anonymous,,14. Qantas provided a smooth flight with no significant turbulence. The crew was competent and the facilities were clean.,,,,,,Neutral,synthetic,Generated,Positive
Unknown,General,Anonymous,,"7. Ryanair is a budget-friendly option. The service was adequate considering the price, but the seats were not very comfortable.",,,,,,Neutral,synthetic,Generated,Positive
Unknown,General,Anonymous,,"4. The Air France journey was smooth, the food was decent for airline food and the cabin crew was professional.",,,,,,Neutral,synthetic,Generated,Positive
Unknown,General,Anonymous,,"3. ""The flight with Airline Z was smooth and the cabin was clean. The in-flight entertainment could use an update though.""",,,,,,Neutral,synthetic,Generated,Positive
Unknown,General,Anonymous,,"11. ""Virgin Atlantic provides a comfortable in-flight experience. The food is average, but the service is good.""",,,,,,Neutral,synthetic,Generated,Positive
Unknown,General,Anonymous,,1. The flight was on time with Delta Airlines. The crew was friendly and the seats were satisfactory.,,,,,,Neutral,synthetic,Generated,Positive
Unknown,General,Anonymous,,"10. ""Air France's flight was on time, which is always a good start. The in-flight service was unremarkable but efficient.""",,,,,,Neutral,synthetic,Generated,Positive
Unknown,General,Anonymous,,6. I flew with Turkish Airlines. The cabin crew was courteous and the flight was smooth. The food was average.,,,,,,Neutral,synthetic,Generated,Positive
Unknown,General,Anonymous,,"4. ""I took a flight with Delta Airlines last week. The boarding process was smooth, and the seats were standard for economy class.""",,,,,,Neutral,synthetic,Generated,Positive
Unknown,General,Anonymous,,"3. Airline Z's service was as expected. The seats were a bit tight, but otherwise, the journey was smooth.",,,,,,Neutral,synthetic,Generated,Positive
Unknown,General,Anonymous,,"16. Air India: The flight was on schedule and the check-in process was smooth, but the food was just okay.",,,,,,Neutral,synthetic,Generated,Positive
Unknown,General,Anonymous,,"13. ""The British Airways flight was acceptable. The in-flight entertainment was good, but the legroom was a bit limited.""",,,,,,Neutral,synthetic,Generated,Positive
Unknown,General,Anonymous,,"16. ""Airline M provided a regular service. The check-in process was smooth and the flight was fairly comfortable.""",,,,,,Neutral,synthetic,Generated,Positive
Unknown,General,Anonymous,,"10. ""Turkish Airlines has a user-friendly website for booking, but the in-flight food lacks variety.""",,,,,,Neutral,synthetic,Generated,Positive
Unknown,General,Anonymous,,"18. Virgin Atlantic's flight was smooth, the staff was courteous but the in-flight entertainment could be improved.",,,,,,Neutral,synthetic,Generated,Positive
Unknown,General,Anonymous,,"5. Airline B's in-flight entertainment had a good variety, but the headphones provided were of average quality.",,,,,,Neutral,synthetic,Generated,Positive
Unknown,General,Anonymous,,2. The service on United Airlines was as expected. The food was average and the in-flight entertainment had a good variety.,,,,,,Neutral,synthetic,Generated,Positive
Unknown,General,Anonymous,,"5. Delta Air Lines provided a good service, their in-flight Wi-Fi was a nice touch but it was a bit slow at times.",,,,,,Neutral,synthetic,Generated,Positive
Unknown,General,Anonymous,,"7. Flew with Air Canada recently. The check-in process was smooth, but the in-flight entertainment options were somewhat limited.",,,,,,Neutral,synthetic,Generated,Positive
Unknown,General,Anonymous,,20. Flew with Airline Q recently. The boarding process was smooth and the in-flight entertainment was decent.,,,,,,Neutral,synthetic,Generated,Positive
Unknown,General,Anonymous,,10. The staff on Airline G was courteous. The airplane itself was a bit outdated but the flight went smoothly.,,,,,,Neutral,synthetic,Generated,Positive
Unknown,General,Anonymous,,"8. ""The flight with Southwest Airlines was okay. The check-in process was smooth and the flight departed on time.""",,,,,,Neutral,synthetic,Generated,Positive
Unknown,General,Anonymous,,"3. ""Airline Z offered a smooth check-in process. The flight departed on time, but the in-flight entertainment was limited.""",,,,,,Neutral,synthetic,Generated,Positive
Unknown,General,Anonymous,,14. My trip on Air France was typical. The flight was on time and the crew was friendly.,,,,,,Neutral,synthetic,Generated,Positive
Unknown,General,Anonymous,,"17. ""Airline N's service was standard, with a smooth check-in and on-time departure. The inflight entertainment was quite limited.""",,,,,,Neutral,synthetic,Generated,Positive
Unknown,General,Anonymous,,"9. Air Canada's flight was typical. Seats were comfortable enough, and the in-flight entertainment was reasonably good.",,,,,,Neutral,synthetic,Generated,Positive
Unknown,General,Anonymous,,"19. ""Cathay Pacific provided a decent service. The in-flight entertainment was good, but the meals were just average.""",,,,,,Neutral,synthetic,Generated,Positive
Unknown,General,Anonymous,,"19. My flight with Airline S was generally good. The boarding process was efficient, but the in-flight entertainment options were limited.",,,,,,Neutral,synthetic,Generated,Positive
Unknown,General,Anonymous,,"13. Turkish Airlines provided an okay service, the flight was smooth but the food could have been better.",,,,,,Neutral,synthetic,Generated,Positive
Unknown,General,Anonymous,,"3. ""Airline Z offered a smooth check-in process. The flight was a bit delayed, but overall it was okay.""",,,,,,Neutral,synthetic,Generated,Positive
Unknown,General,Anonymous,,"17. ""Turkish Airlines provided a smooth flight from Istanbul to New York. The seats were comfortable, but the food was average.""",,,,,,Neutral,synthetic,Generated,Positive
Unknown,General,Anonymous,,"5. My Qantas flight was acceptable. The aircraft was a bit older, but the crew made the journey pleasant enough.",,,,,,Neutral,synthetic,Generated,Positive
Unknown,General,Anonymous,,"14. ""The flight with Turkish Airlines was smooth and on time. The meals were typical airline food, nothing exceptional.""",,,,,,Neutral,synthetic,Generated,Positive
Unknown,General,Anonymous,,"15. The flight with Airline L was decent. The check-in process was smooth, but the in-flight entertainment options were limited.",,,,,,Neutral,synthetic,Generated,Positive
Unknown,General,Anonymous,,"8. ""Emirates' cabin was well-maintained and clean. The in-flight service was good, although the food was somewhat uninspiring.""",,,,,,Neutral,synthetic,Generated,Positive
Unknown,General,Anonymous,,"7. ""The flight with Airline D was on time. The cabin crew were pleasant, but the in-flight meal was average.""",,,,,,Neutral,synthetic,Generated,Positive
Unknown,General,Anonymous,,"18. ""Airline O provided a standard service. The boarding process was smooth and the flight departed on time.""",,,,,,Neutral,synthetic,Generated,Positive
Unknown,General,Anonymous,,"1. Flight 101 with Delta Airlines was satisfactory. The flight was on time and the attendants were friendly, although the in-flight food could be improved.",,,,,,Neutral,synthetic,Generated,Positive
Unknown,General,Anonymous,,"8. ""Airline E provided a standard service. The flight was slightly delayed, but the boarding process was smooth.""",,,,,,Neutral,synthetic,Generated,Positive
Unknown,General,Anonymous,,"3. Air Canada provided a smooth flight experience. The airline was on time and the check-in process was smooth, although the in-flight meals were just average.",,,,,,Neutral,synthetic,Generated,Positive
Unknown,General,Anonymous,,"14. The service on Turkish Airlines was satisfactory. The flight was on time and the crew was friendly, but the seats were a bit uncomfortable.",,,,,,Neutral,synthetic,Generated,Positive
Unknown,General,Anonymous,,"18. Airline O's service was standard. The legroom was a bit tight, but the in-flight entertainment was good.",,,,,,Neutral,synthetic,Generated,Positive
Unknown,General,Anonymous,,"4. My flight with Emirates was decent. The seats were spacious enough and the meal was good, but not extraordinary.",,,,,,Neutral,synthetic,Generated,Positive
Unknown,General,Anonymous,,"14. ""My experience with Airline K was ordinary. The flight was a bit noisy but the staff was friendly.""",,,,,,Neutral,synthetic,Generated,Positive
Unknown,General,Anonymous,,"7. Air France: The flight was quite smooth and the cabin crew was attentive. However, the food could use some improvement.",,,,,,Neutral,synthetic,Generated,Positive
Unknown,General,Anonymous,,"20. I recently flew with Alaska Airlines. The check-in process was smooth, the flight was on time, and the staff was professional.",,,,,,Neutral,synthetic,Generated,Positive
Unknown,General,Anonymous,,"8. ""My Southwest Airlines flight was on time. The seats were a bit cramped but the cabin crew was friendly and attentive.""",,,,,,Neutral,synthetic,Generated,Positive
Unknown,General,Anonymous,,"11. My flight on Etihad Airways was satisfactory. The in-flight entertainment was good, but the food could have been better.",,,,,,Neutral,synthetic,Generated,Positive
Unknown,General,Anonymous,,"19. ""Flew with KLM from Amsterdam to New York. The flight was on time, and the cabin crew was friendly. The food was nothing to write home about.""",,,,,,Neutral,synthetic,Generated,Positive
Unknown,General,Anonymous,,"12. Emirates served a routine flight. The onboard entertainment was good, but the boarding process was somewhat slow.",,,,,,Neutral,synthetic,Generated,Positive
Unknown,General,Anonymous,,"13. ""Singapore Airlines offered a typical flight experience. The cabin was clean, the service was good, but the food was quite average.""",,,,,,Neutral,synthetic,Generated,Positive
Unknown,General,Anonymous,,"3. ""The check-in process with Airline Z was smooth, but the boarding process was a bit disorganized. The flight itself was comfortable.""",,,,,,Neutral,synthetic,Generated,Positive
Unknown,General,Anonymous,,"12. The flight with Turkish Airlines was alright. The in-flight entertainment could use more variety, but the staff was friendly.",,,,,,Neutral,synthetic,Generated,Positive
Unknown,General,Anonymous,,"17. My experience with Ryanair was acceptable. The check-in process was smooth, the flight crew was polite, and the service was decent.",,,,,,Neutral,synthetic,Generated,Positive
Unknown,General,Anonymous,,"19. ""The journey with Airline P was satisfactory. The boarding process was smooth and the luggage was handled efficiently.""",,,,,,Neutral,synthetic,Generated,Positive
Unknown,General,Anonymous,,3. My experience with Delta Airlines was standard. The check-in process was smooth and the flight crew was professional.,,,,,,Neutral,synthetic,Generated,Positive
Unknown,General,Anonymous,,"5. ""Flight with Airline B was punctual, with a smooth take-off and landing. The food, however, was a bit bland.""",,,,,,Neutral,synthetic,Generated,Positive
Unknown,General,Anonymous,,"13. ""Airline M's check-in process was smooth. The flight was comfortable, but the in-flight entertainment was limited.""",,,,,,Neutral,synthetic,Generated,Positive
Unknown,General,Anonymous,,17. The flight with Airline N was uneventful. The boarding process was smooth and the flight departed on time.,,,,,,Neutral,synthetic,Generated,Positive
Unknown,General,Anonymous,,19. Airline P's baggage handling was efficient. The in-flight entertainment system had a good variety of options.,,,,,,Neutral,synthetic,Generated,Positive
Unknown,General,Anonymous,,18. My experience with Etihad Airways was typical. The flight was on time and the boarding process was smooth. The food was standard airline fare.,,,,,,Neutral,synthetic,Generated,Positive
Unknown,General,Anonymous,,"9. Singapore Airlines provided a smooth flight. The food was decent and the seats were comfortable, but the in-flight entertainment could be updated.",,,,,,Neutral,synthetic,Generated,Positive
Unknown,General,Anonymous,,"16. ""The flight attendants on Airline M were professional. The meal options were limited, but the beverages were good.""",,,,,,Neutral,synthetic,Generated,Positive
Unknown,General,Anonymous,,"7. My flight with Airline D was average. The plane was a bit old, but it was a smooth journey.",,,,,,Neutral,synthetic,Generated,Positive
Unknown,General,Anonymous,,16. Airline M had a smooth flight with punctual departure and arrival. The in-flight meal was standard.,,,,,,Neutral,synthetic,Generated,Positive
Unknown,General,Anonymous,,"10. ""Airline G offered a smooth check-in process and the flight departed on time. The in-flight entertainment was a bit limited.""",,,,,,Neutral,synthetic,Generated,Positive
Unknown,General,Anonymous,,2. United Airlines provided a standard flight experience. The check-in process was smooth and the in-flight service was adequate.,,,,,,Neutral,synthetic,Generated,Positive
Unknown,General,Anonymous,,"16. The flight on Aer Lingus was quite average. The staff was friendly and the flight was smooth, but the food served was unremarkable.",,,,,,Neutral,synthetic,Generated,Positive
Unknown,General,Anonymous,,"12. My flight with Virgin Atlantic was generally good. The seats were comfortable, but the in-flight entertainment could use an upgrade.",,,,,,Neutral,synthetic,Generated,Positive
Unknown,General,Anonymous,,"15. ""The Cathay Pacific flight was decent with no delay. The food was mediocre but the cabin crew was friendly.""",,,,,,Neutral,synthetic,Generated,Positive
Unknown,General,Anonymous,,"18. ""Aer Lingus offered a smooth flight experience. The check-in process was straightforward and the flight was on time.""",,,,,,Neutral,synthetic,Generated,Positive
Unknown,General,Anonymous,,"5. ""Airline B provided an average experience. The staff was friendly and the flight was smooth.""",,,,,,Neutral,synthetic,Generated,Positive
Unknown,General,Anonymous,,6. My journey with Airline F was generally smooth. The seat was comfortable enough for a short haul flight.,,,,,,Neutral,synthetic,Generated,Positive
Unknown,General,Anonymous,,16. Airline P's boarding process was rather smooth and the flight was on time. The airline food was average.,,,,,,Neutral,synthetic,Generated,Positive
Unknown,General,Anonymous,,"1. ""Delta Airlines provides a pretty standard service. The cabin crew is friendly and the seats are reasonably comfortable.""",,,,,,Neutral,synthetic,Generated,Positive
Unknown,General,Anonymous,,"14. ""Airline K's flight was smooth, and the cabin was kept clean. The food offered was satisfactory.""",,,,,,Neutral,synthetic,Generated,Positive
Unknown,General,Anonymous,,"1. ""Airline X had friendly staff and the flight was on time. The in-flight meal was average.""",,,,,,Neutral,synthetic,Generated,Positive
Unknown,General,Anonymous,,"5. ""Airline E's flight was smooth and landed on time. The meal options were quite limited though.""",,,,,,Neutral,synthetic,Generated,Positive
Unknown,General,Anonymous,,"3. The seating on Airline Z was somewhat cramped, but the flight itself was smooth and on time.",,,,,,Neutral,synthetic,Generated,Positive
Unknown,General,Anonymous,,"2. My recent flight with Delta Airlines went smoothly. The staff was professional, although the in-flight entertainment could use an update.",,,,,,Neutral,synthetic,Generated,Positive
Unknown,General,Anonymous,,"17. ""The overall experience with Airline N was OK. The flight was slightly delayed but the boarding process was smooth.""",,,,,,Neutral,synthetic,Generated,Positive
Unknown,General,Anonymous,,"2. ""The British Airways flight was quite full but managed to leave on time. The in-flight entertainment options were good, but the food was average.""",,,,,,Neutral,synthetic,Generated,Positive
Unknown,General,Anonymous,,"12. ""I flew with JetBlue recently. The check-in process was smooth, and the flight left on time.""",,,,,,Neutral,synthetic,Generated,Positive
Unknown,General,Anonymous,,6. Airline C offered a decent in-flight meal. The check-in process was fairly smooth as well.,,,,,,Neutral,synthetic,Generated,Positive
Unknown,General,Anonymous,,10. Turkish Airlines provided a satisfactory service on my recent flight. The cabin crew was friendly and the in-flight entertainment had a good variety.,,,,,,Neutral,synthetic,Generated,Positive
Unknown,General,Anonymous,,"4. ""Airline A's check-in process was smooth and the flight left on time. There was a noticeable lack of vegetarian meal options.""",,,,,,Neutral,synthetic,Generated,Positive
Unknown,General,Anonymous,,12. Airline I's business class lounge was decent with a good range of snacks and beverages. The WiFi on the flight was average.,,,,,,Neutral,synthetic,Generated,Positive
Unknown,General,Anonymous,,"13. ""Flew with Singapore Airlines from Singapore to Sydney. The flight was smooth, and the cabin was clean. The meal service was average.""",,,,,,Neutral,synthetic,Generated,Positive
Unknown,General,Anonymous,,"15. ""KLM provides an average flying experience. The staff is friendly, but the in-flight entertainment needs an update.""",,,,,,Neutral,synthetic,Generated,Positive
