review_name,review_type,passenger_name,review_date,review_text,rating_value,textblob_label,vader_label,keyword_label,hybrid_sentiment,review_classification,label_agreement_level,source,confidence_score
Shenzhen Baoan,airport,Andrew Chan,2015-09-01,Modern and clean airport The transit is really strange like you have to get into China and leave China again Came from Beijing to Singapore via Shenzhen Convenient airport lot of shops reasonable price airports many eateries Western Chinese Easy to find your way to the  gate Ground staff do not smile,9.0,Positive,Positive,Positive,Positive,Positive,3/3,,1.0
Binter Canarias,airline,J Lamire,2020-02-19,Tenerife Norte to Gran Canaria Excellent airline clean and new plane They offer a chocolate snack and a glass of water and a candy just before landing all this in a  minute flight There is even a wifi entertainment system on board The best airline I have used,10.0,Positive,Positive,Positive,Positive,Positive,3/3,,1.0
Air Bagan,airline,Rob Boyce,2009-12-16,Yangon to Lashio in November  ATR  plane Allocated seating and good snack served with excellent customer service Would fly with them again any time,5.0,Positive,Positive,Positive,Positive,Positive,3/3,,1.0
Porter Airlines,airline,Harry Aronowicz,2024-12-23,Pleasant and easy check in Perfectly organized boarding Clean and new aircraft Spacious seat distance however seat width not as wide as other carrier on this route Pleasant crew Very good food which however was served a bit late At arrival fast border control and bag arrived rather soon  however priority sticker did not give the bag priority delivery,9.0,Positive,Positive,Positive,Positive,Positive,3/3,,1.0
Bassaka Air,airline,1 reviewsB Reece,2017-10-18,Phnom Penh to Siem Reap The cabin crew on our flight were amazing They were smiling and managed to provide every passenger with a beverage on this very short  minute flight We will definitely be using Bassaka Air in the future due to the affordable prices cleanliness awesome flight attendants and speedy service,10.0,Positive,Positive,Positive,Positive,Positive,3/3,,1.0
Hangzhou,airport,Thorkild Lykke,2007-07-16,New airport opened around  and much better than the old airport at the military airbase Plenty of checkin counters and smooth handling in security check First class lounge good As most Chinese airports it is noisy from continuous announcements,4.0,Positive,Positive,Positive,Positive,Neutral,3/3,,0.24690909090909088
Titan Airways,airline,Michelle Algar,2022-06-19,Went on holiday in May flights where changed by TUI so we ended up flying with Titan Airways I must say they were fabulous beautiful planes and the staff were friendly and great with my little girl who is  years Would love to fly with them again,10.0,Positive,Positive,Positive,Positive,Positive,3/3,,1.0
Copenhagen,airport,Yu-Hsiu Chang,2023-10-28,It is easily accessible from the city center by metro within  minutes It is clean and modern Employees are friendly and helpful Signposts are clear Goods are bountiful,8.0,Positive,Positive,Positive,Positive,Neutral,3/3,,0.20600000000000002
Pau,airport,Philip Woolford,2005-12-11,What a fantastic little airport  after leaving Paris CDG behind and all its filth it was such a welcome sight to arrive in a clean modern organized airport What a shame that more airlines dont fly into Pau The staff in the airport were also extremely helpful and polite Much nicer airport than Toulouse which is not far away,0.0,Positive,Positive,Positive,Positive,Positive,3/3,,1.0
Tallin,airport,Kaspar Põldvee,2018-06-23,Tallinn is my favourite airport of all airports Ive been to Its so small lovely and there are never crowds flowing around There are about  gates The Business Lounge is quiet and comfy and theres always enough food Its main difference is the low ceiling compared to other airports There arent many restaurants or shops but the Tax Free Shop has almost everything needed for your flight Staff very friendly and WiFi works well,9.0,Positive,Positive,Positive,Positive,Positive,3/3,,1.0
Caribbean Airlines,airline,Radha Banjoo,2023-05-13,I traveled with Caribbean airlines flying out of Toronto Canada into Trinidad and Tobago I havent flown with this airline in about twenty years I must say I was totally happy with the service they provided Staff was very welcoming The pilot was amazing with the way he took of and landed  I was very hesitant about flying with them because of what negative reviews and experiences I heard Thanks for making my trip a great one to the team and staff at Caribbean airlines,10.0,Positive,Positive,Positive,Positive,Positive,3/3,,1.0
Fort Wayne,airport,William Pond,2013-07-20,How refreshing for an airport free wifi free  minutes parking for passenger pickup abundant electrical outlets under seats a splendid Aviation Historical Museum friendly TSA security welcome home free cookies free shuttle to your car long term parking  per day which is closer than the short term in most airports  even if it costs a little more to fly out of Fort Wayne it is worth it,10.0,Positive,Positive,Positive,Positive,Positive,3/3,,1.0
Murcia San Javier,airport,P Sumner,2015-01-14,Great airport small and friendly Not too bothered about duty free shops its an airport for quick in and out like most should be  flights seem to be moving to Alicante but lets support this little airport and its staff Car hire very easy,10.0,Positive,Positive,Positive,Positive,Positive,3/3,,1.0
Rotterdam,airport,J Cats,2014-04-01,There in December  Jan  and Mar   times very quick handling of luggage etc comfortable waiting area and free internet No queues for Immigration desk One point that is minor if you dont know where the bus to Rotterdam centre is located you may have a problem however I took a taxi and then it takes only  minutes Its much more agreeable than the big airports like Toulouse Orly JFK or even Schiphol also in the Netherlands,9.0,Positive,Positive,Positive,Positive,Positive,3/3,,1.0
Petroleum Air Services,airline,N Batchelor,2011-01-07,SSHLXRSSH Dash  Q A bit dubious as I had never heard of this Egyptian carrier and the name doesnt inspire a great deal of confidence but I was pleasantly surprised A new aircraft on this short  minute flight comprehensive safety demo in English that was understandable Complimentary juice and a small snack provided I would not hesitate to use this airline again,8.0,Positive,Positive,Positive,Positive,Positive,3/3,,1.0
Carpatair,airline,Victor Neagu,2006-09-29,TimisoaraMunich The flight was h  min and operated on a SAAB  which was in pretty good shape  I believe these are former Crossair props Was offered a decent breakfast on this flight although a little bit disappointed that the cheese omlette was cold Otherwise good selection of drinks and friendly crew Overall a good deal for the price Would fly them again,0.0,Positive,Positive,Positive,Positive,Positive,3/3,,1.0
Malmo Aviation,airline,Patrice Cleeren,2003-08-15,Brussels to Stockholm and return They land at Bromma very close to the city small and friendly airport Checkin staff and cabin crew were friendly and helpful Plane was a BA  with  in one row instead of  Look a little old inside Nevertheless good value for your money Cheap fares and drinks and snacks at good prices available on board We will fly them again when we go back to Sweden,0.0,Positive,Positive,Positive,Positive,Positive,3/3,,1.0
Vientiane,airport,Rob Boyce,2009-07-14,Arrived from Bangkok on Thai flight and still bussed to the terminal in June  Queues for visa on arrival handled relatively quickly and luggage handling dealt with promptly and efficiently Friendly staff with a relaxed atmosphere,4.0,Positive,Positive,Positive,Positive,Neutral,3/3,,0.30299999999999994
Cibao,airport,L Vanarez,2019-12-08,Me and a few friends flew to the Dominican Republic in August  and the experience upon arrival was outstanding The immigration service was fast and most shops where open The staff help us with our bags and had us out in no time On our way back it was the same very friendly staff no delays food was great on the terminal shops,10.0,Positive,Positive,Positive,Positive,Positive,3/3,,1.0
LAN Peru,airline,Clive Drake,2009-09-28,LimaCusco and three other internal flights within Peru All flights on time and quality of aircraft pilots as in landing and take offs  was exceptional Aircraft were almost new As  all were clean  including the toilets which cannot always be taken for granted on an aircraft that is subjected to multiple take offs and landings during the day FAs very professional A very good experience,5.0,Positive,Positive,Positive,Positive,Positive,3/3,,1.0
Guayaquil,airport,Stanley Landivar,2015-11-10,Good airport nice shops and the seating is comfortable great restaurants very respectful staff and flights always on time,8.0,Positive,Positive,Positive,Positive,Positive,3/3,,0.7055999999999999
Memphis,airport,A Karlsson,2016-08-13,Departure from Memphis The airport was ok I regard it as the best airport I experienced during my trip  much better than Newark EWR and better than Chicago OHare ORD The stores and restaurants was plentiful but the airport is quite small The staff was friendly and efficient It was also quite clean much better than the other airports I passed through this trip in the USA It was easy to navigate through too Many small airports are better than their reputation,6.0,Positive,Positive,Positive,Positive,Positive,3/3,,1.0
Horizon Air,airline,Greg Bell,2014-01-29,Seattle to Edmonton  returning  Bombardier Q  plane small but with comfortable seating even for a sixfooter as I am Great cabin crew and nice free drinks An inflight snack might have been nice but overall a pleasant experience,8.0,Positive,Positive,Positive,Positive,Positive,3/3,,0.9605000000000001
Milan Malpensa,airport,45 reviewsDiogo Freitas,2023-12-04,Airport staff very friendly and helpful but airport is actually the modern building with a minor older satellite terminal from where a low cost company exclusively operates It needs better  highlited signals,4.0,Positive,Positive,Positive,Positive,Positive,3/3,,0.2715714285714286
Milwaukee,airport,Brandy Epple,2014-02-05,Loved flying into Milwaukee We flew in from DC with AirTran to attend our daughters naval bootcamp graduation and what an excellent airport It was a short  minute drive to North Chicago We even loved the enterprise rental car pickupdropoff I highly recommend this airport,10.0,Positive,Positive,Positive,Positive,Positive,3/3,,1.0
Cagliari,airport,Federico Muscogiuri,2005-04-25,Clean and efficient I was very impressed with Elmas airport Staff are friendly and the airport is very well connected to the city centre by bus The fare is only   Only one negative point once youre past the international departures hall there are no shops only one small cafe near gate  otherwise this is one of the best regional airports I have visited so far,0.0,Positive,Positive,Positive,Positive,Positive,3/3,,1.0
Kan Air,airline,7 reviewsD Ragetrios,2016-08-23,Chiang Mai to Khon Kaen with Kan Air A small but very efficient airline ATR very clean ground staff did a great job and the biggest surprise  options between fish and chicken meal with rice for a  minute flight with  rounds of drinks I choose this airline as the fastest way to go from Korat airport closed to Chiang Mai via Khon Kaen to avoid a  hour bus ride As for the price  this was half than a bus ticket to Chiang Mai Excellent,10.0,Positive,Positive,Positive,Positive,Positive,3/3,,1.0
Air Berlin,airline,Kannan Pazhayedath,2017-09-19,Frankfurt to Berlin our first flight was cancelled but they arranged me other flight Next day I use Air Berlin also this time their service was on time and good service and cabin crew  they are very friendly and helpful I was very happy their service,10.0,Positive,Positive,Positive,Positive,Positive,3/3,,1.0
Yangon,airport,7 reviewsNuti Damrongphatr,2016-08-16,Yangon Terminal  is very nice It is not too large immigration may be slow but they are friendly Atmosphere is modern clean and nice including good restroom Check in counter are totally empty at the time of my departure Once can spend  minutes for check in process and wait at a few nice cafe they have noted that you cant find anything to eat after passing immigration,9.0,Positive,Positive,Positive,Positive,Positive,3/3,,1.0
Grand Rapids,airport,2 reviewsJoseph Leonetti,2022-01-01,Very clean and well taken care of This airport is served by so many great airlines with diverse destinations I do think that GRR needs more international routes At GRR the airport is not too big so it makes efficient travel Also they have a good selection of shops and stores The airport facility looks really modern and cool for being over  years old The only cons is that sometimes it can get a bit crowded and the staff doesnt manage high groups of passengers well Would give an  if I could,8.0,Positive,Positive,Positive,Positive,Positive,3/3,,1.0
Hobart,airport,M Duke,2016-09-20,Every time on arrival from either holiday work meetings interstate or visiting relatives in Melbourne I feel all the renovations look great but please put the car park ticket machines near the carousel  arrival hall out of the weather When some people pay at the gate they hold up the traffic I travel with Virgin regularly and cant wait for the renovations to be finished,7.0,Positive,Positive,Positive,Positive,Positive,3/3,,1.0
SilkAir,airline,Larry Reed,2020-03-27,Singapore to Yangon Ontime departure from Changi terminal  The economy cabin felt clean and the crew were friendly My expectation was for a basic and efficient service which was we got This was an evening flight so we had a basic dinner which was okay as good if not better than the Premium Economy meal from Melbourne to Singapore Same wine Sauvignon Blanc This time no other option so I opted for the red Comfortable good service no complaints,10.0,Positive,Positive,Positive,Positive,Positive,3/3,,1.0
Aircalin,airline,1 reviewsF Cantall,2019-01-06,Noumea to Tokyo in economy and it was a good experience for a  hrs flight The crew was warm and welcoming The seat was comfortable with a lot of space for my legs and the entertainment system was complete However the A cabin looked quiet old but these aircraft have to be replaced by mid  The food was correct but not exceptional Overall it was an appreciable flight,8.0,Positive,Positive,Positive,Positive,Positive,3/3,,1.0
Ultra Air,airline,G Aldana,2023-02-11,Check in at San Andres had to be done at the airport since I had a bag to drop off the line was very long so I waited about  minutes Since there are no drinks or snacks available for sale on the plane I bought some stuff at the airport to bring along on the plane Flight back to Bogota was quite smooth quiet and easy I flew back on the same plane that had brought me to San Andres Nothing to complain about Cheap option to San Andres and very efficient,10.0,Positive,Positive,Positive,Positive,Positive,3/3,,1.0
Yangon,airport,7 reviewsNuti Damrongphatr,2016-08-16,Yangon Terminal  is very nice It is not too large immigration may be slow but they are friendly Atmosphere is modern clean and nice including good restroom Check in counter are totally empty at the time of my departure Once can spend  minutes for check in process and wait at a few nice cafe they have noted that you cant find anything to eat after passing immigration,9.0,Positive,Positive,Positive,Positive,Positive,3/3,,1.0
Bari Palese,airport,Mark Vella,2017-05-12,Bari Airport looks new but they have not yet found a way to avoid a  minute wait for security checks Leaving tourists in a  minute queue for security is not a good way to attract tourists If the queue is  minutes on th April what will it be in July and August Puglia is a great region to visit and Bari is an excellent gateway Pity the local autorities cant run an airport,2.0,Positive,Positive,Positive,Positive,Positive,3/3,,1.0
Savannah,airport,Paul Mcglynn,2017-05-23,This is one of the nicest airports I have visited The staff are all helpful and cheerful The security system is quick and efficient and the seating areas are comfortable and spacious The woman playing piano in the area prior to security really sets the tone The whole expereince was professional polite and efficient,10.0,Positive,Positive,Positive,Positive,Positive,3/3,,1.0
TUI Airways,airline,Lynn St Louis,2024-06-16,Had a wonderful flight There was a female black flight attendant who looked after my pregnant daughter and I very well She went into depth about flight safety and when we arrived at our destination gave advice on how to manage the hot weather  She was pleasant and friendly to everyone,10.0,Positive,Positive,Positive,Positive,Positive,3/3,,1.0
Nordavia,airline,Y Kiselev,2010-10-03,ArkhangelskARH to TromsoeTOS with a stop in MurmanskMMK Fast and easy checkin and boarding Decently comfortable and rapid security check Aircraft Antonov  has seen better days but was OK for a short flight Cabin crew polite and professional Got served drinks on the first leg to Murmansk then snacks selection of meats with bread and piclkes on the way from Murmansk to Tromsoe Departure and arrival according to the timetable Luggage arrived OK Overall experience  fine apart from the high price,7.0,Positive,Positive,Positive,Positive,Positive,3/3,,1.0
Pacific Airlines,airline,M Evans,2023-03-28,Return leg of my round trip Again the great thing about this airline is the departure from Bangkoks main airport rather than the budget terminal across town Check in was done smoothly and boarding is by passenger ramp instead of being bussed about the airfield so is very convenient and quick Flight departed on time and was fairly uneventful Flight arrived  minutes ahead of scheduled time The only let down of the journey was deplaning at Ha Noi was by ground service ramp and bus to the terminal,8.0,Positive,Positive,Positive,Positive,Positive,3/3,,1.0
Air France,airline,N Haynes,2025-03-28,My son was travelling on Kids Solo as an unaccompanied Minor with a h stop over in Paris The departure from Dublin was delayed by  hour The agents Mustafa and Laura at the check in counter went out of their way to arrange a new flight with KLM arriving half an hour earlier than the original flight They were extremely helpful and understanding We were very impressed with their professional approach and excellent customer service,10.0,Positive,Positive,Positive,Positive,Positive,3/3,,1.0
Eindhoven,airport,Chris Dunn,2022-11-28,Staff all very helpful in particular a lady from the special assistance team She went above and beyond  what a lovely lady who clearly is very devoted to her job role We would choose to fly from Eindhoven airport again as our experience was so smooth and professionally handled Thank you  such a small thing to say  I hope this gets back to the whole team,8.0,Positive,Positive,Positive,Positive,Positive,3/3,,1.0
Atlantic Airways,airline,C Perkin,2011-08-23,Flew to Vagar Faroe Islands Smooth flight lasting  hrs  mins each way Flight attendants were friendly and efficient Seats comfortable and spacious adequate storage space for inflight luggage Free snacks served as well as alcoholic and nonalcoholic drinks,9.0,Positive,Positive,Positive,Positive,Neutral,3/3,,0.21857142857142856
Ontario,airport,Max Davidson,2016-02-03,One of the easiest airports to access both inbound and outbound that we have ever experienced Staff on the information desk in Terminal  were extremely pleasant and helpful when we asked for assistance Public areas very clean and well kept Plenty of seating for passengers Great food outlets and some interesting local shops as well A real treat to travel through this southern California airport,10.0,Positive,Positive,Positive,Positive,Positive,3/3,,1.0
Omni Air International,airline,C Rowe,2023-11-12,We were originally booked in Premium Economy with Air Canada Due to a substitution of aircraft we were switched onto Omni in economy class While the aircraft was fairly old and we were delayed  hour in takeoff everything else was fine Seats were comfortable food was okay and cabin crew were very friendly and efficient Air Canada processed the promised refund due to us being downgraded We would be okay with flying Omni again but prefer flying on an aircraft with a premium economy cabin,8.0,Positive,Positive,Positive,Positive,Positive,3/3,,1.0
Wilson,airport,2 reviewsRichard McMahon,2017-01-22,Great airport for small aircraft Twin OtterCessna used primarily for safari transfers Courteous and friendly staffsecurity as well as satisfactory washrooms and a nice snack bar Wilson airport is a welcome change from the chaos of Jomo Kenyatta Note  due to its small size there is no souvenir or duty free shopping,8.0,Positive,Positive,Positive,Positive,Positive,3/3,,1.0
Fukuoka,airport,Phil Carey,2013-10-07,Great little airport incredibly close in to the city centre  minutes by metro from the Domestic Terminal to the central station and the international terminal is spacious with comfortable seating by the gates and good value shopping The only downside is the tedious minute bus transfer to get there from the Domestic Terminal,8.0,Positive,Positive,Positive,Positive,Positive,3/3,,1.0
Malaysia Airlines,airline,3 reviewsD Masil,2025-02-27,Kuala Lumpur to Kuching return on Feb  Overall vey satisfied with the experience An exceptional service by the friendly cabin crew The airline offers an exceptional value for money The economy class cabin very clean and features new seats and wifi entertainment using own device The food is good for a domestic flight In both sectors boarding by groups and strictly follow The ground staff is good but can be better For one and half hour flight am not complaining,10.0,Positive,Positive,Positive,Positive,Positive,3/3,,1.0
Dragonair,airline,1 reviewsS Lee,2016-09-07,Hong Kong to Beijing with Cathay Dragon My seat was at the middle of the aircraft  One meal was served and the total flight time was about  hours The meal service was good  The crew were friendly and nice Nevertheless the inflight entertainment system was not quite updated and the legroom of the economy class seat was not quite enough The area of the restrooms could also be improved In total it was enjoyable flight,7.0,Positive,Positive,Positive,Positive,Positive,3/3,,1.0
Minsk National,airport,18 reviewsGyan Fernando,2019-08-27,A modern stylish and clean airport with good facilities but rather small The checkin area in terminal  was rather crowded as were the departure gate areas Immigration was rather slow and unnecessarily complicated Customs were simple There wasnt enough seating in the gate area and the restaurant was busy There were plenty of Duty Free shops and in fact too many All in all a very nice airport,8.0,Positive,Positive,Positive,Positive,Positive,3/3,,1.0
Air Bagan,airline,G Becque,2015-01-19,RGNSNW Quick boarding with allocated seating for  minute flight in ATR to Ngapali Beach Good safety briefing before time take off and light snack and drink en route Pleasant FAs smooth flight and great landing over the surf and through the palm trees to this small exRAF WW strip on the Bay of Bengal Luggage is delivered by handcart to the entrance gatesexpect to pay kyat per piece,7.0,Positive,Positive,Positive,Positive,Positive,3/3,,1.0
Shaheen Air,airline,Mohammed Fiaz,2017-01-12,Islamabad to Manchester Very prompt check in for Shaheen Air No hassle Boarding very professional and well organised Friendly cabin staff Clean very aircraft Good quality food served lunch Asian style and evening dinner European style and plenty of cold drinks  coffee  tea Little treats like chocolates also served during flight Food served on time and promptly This flight had free Wifi which worked well Generally very happy with Shaheen Air I would definitely recommend and I would fly again with them,8.0,Positive,Positive,Positive,Positive,Positive,3/3,,1.0
Colorado Springs,airport,William Swain,2017-12-01,I have flown into and out of the Colorado Springs twice a year since  Each time check in has been efficient and pleasant the TSA agents have been very nice and observant the airport has been clean and refreshment options have been pretty good I was last there in October of  and liked the fact that the piped in music in the waiting area was classic rock I have a high opinion of the COS airport and dont mind at all flying in and out of it,10.0,Positive,Positive,Positive,Positive,Positive,3/3,,1.0
Air Corsica,airline,Georgios Vrontos,2020-08-24,You can change your seats at echeck in without charge Both flights were on time Aneo was clean there were no inflight service for the  hour flight Stewards were efficient and friendly enough,9.0,Positive,Positive,Positive,Positive,Neutral,3/3,,0.226
Read more,airline,Sudarshan Sharma,2018-12-09,Birmingham to Amritsar via Ashkabat No nonsense air line Great Indian vegetarian food There was no flight screens no seat screens We stopped at Ashgabat for one hour its nice modern airport with all facilities The good thing was that the time at Ashgabat and time in India is only  minute difference,8.0,Positive,Positive,Positive,Positive,Positive,3/3,,1.0
Dresden,airport,Mark Evans,2007-05-08,Little expense has been spared to make DRS a spacious and stateofthe art An allround highly agreeable experience with the added advantage of DRS being very close to the city centre A halfhourly rail service connects DRS with Dresden Hautbahnof a minute journey with several intermediate stops all for a princely EUR  oneway fare BA has recently launched an LGWDRS service great views of the heart of the city on the landing approach from the starboard side but the airport remains somewhat underutilised,4.0,Positive,Positive,Positive,Positive,Positive,3/3,,1.0
Xiamen Airlines,airline,Mohammad Jawhar,2024-11-08,Highly recommended airline offering excellent value for money I booked my flight from Bali to Doha via Xiamen and received three full meals a hour entry permit to explore Xiamen during my hour transit a free single hotel room and a free shuttle from airport to hotel all for  It is simply incredible to believe that you can fly from Bali to China to Doha for only,10.0,Positive,Positive,Positive,Positive,Positive,3/3,,1.0
Air Costa,airline,Thomas Sehested,2015-12-30,Bangalore to Hyderabad My first time with Air Costa  they been operating as a regional airline India for  years A great experience the legroom was really good seats comfortable and the aircraft very new Its low cost so besides a glass of water it costs But given the flight time of little over an hour thats no problem The range of food and beverages looked good though The flight was  mins late  the only downside,8.0,Positive,Positive,Positive,Positive,Positive,3/3,,1.0
Queenstown,airport,M Mathew,2020-01-24,There is a need for some chairs and a table to sit and reorganise after the security check This is especially important for people with knee  other implants requiring putting on the shoes Cannot do this in standing position I kept the bag on the only one table and was putting on the shoes in standing position One security lady officer showed her displeasure and asked me to remove the bag from the table Not very helpful,3.0,Positive,Positive,Positive,Positive,Positive,3/3,,1.0
Virgin Australia,airline,178 reviewsJohn Curtain,2025-01-30,Although it was busy Australia Day Public Holiday check in was quite easy  The plane left on time and staff were efficient and friendly Only water coffee and tea is available for free but for a short flight I dont mind Overall a great flight and a pleasant way to end my Australia Day Break,8.0,Positive,Positive,Positive,Positive,Positive,3/3,,1.0
Surabaya Juanda,airport,8 reviewsRendi Oktavianto,2016-06-09,Surabaya is my hometown airport I was really happy when Terminal  opened but I think they could improve the facilities such as food and stores Surabaya is a simple airport  the terminal is quite clean toilets huge spacious check in and waiting room I spend a lot of time here but I have never used the WiFi so I dont know about the speed Airport staff are attentive,7.0,Positive,Positive,Positive,Positive,Positive,3/3,,1.0
Xiamen Airlines,airline,Mohammad Jawhar,2024-11-08,Highly recommended airline offering excellent value for money I booked my flight from Bali to Doha via Xiamen and received three full meals a hour entry permit to explore Xiamen during my hour transit a free single hotel room and a free shuttle from airport to hotel all for  It is simply incredible to believe that you can fly from Bali to China to Doha for only,10.0,Positive,Positive,Positive,Positive,Positive,3/3,,1.0
Colombo,airport,Patrick Gold,2023-06-06,Frequented CMB many times in the last decade and on the whole its ok  It runs pretty smoothly and in fact has improved over the years the immigration particularly seems quicker I do however hate the exorbitant dollar priced fooddrink and duty free etc The contrast between what this cost just outside the door or the airport and the terminal prices must be one of the biggest contrasts in the world That said its a pretty painless experience to pass through,8.0,Positive,Positive,Positive,Positive,Positive,3/3,,1.0
Golden Myanmar Airlines,airline,5 reviewsNeil Reckers,2019-04-07,Yangon to Mandalay with Golden Myanmar Airlines was very pleasant and positive The airline online booking system was good checkin counter staff very friendly and the checkin was easy The flight left the gate as per schedule and the flight was comfortable Cabin crew were friendly and efficient Passengers were served with light snacks during the approx  hrs flight,8.0,Positive,Positive,Positive,Positive,Positive,3/3,,1.0
Yangon Airways,airline,25 reviewsMark Ellwood,2017-09-26,Bagan to Heho Very short flight again another ATR aircraft as a nervous passenger I was not looking forward to the flight but it was great Seating was  no seat numbers given as only a few passengers on this flight No Inflight snack but coffee or cold drinks were supplied All in all a good flight and would travel again,8.0,Positive,Positive,Positive,Positive,Positive,3/3,,1.0
Read more,airline,C Lee,2024-10-11,The seat was spacious but the recline function was lost on my seat Crew were friendly They offered one meal plus one snack for just  hours The onboard announcement was inaccurate that they claimed to be landing soon  hours before the actual landing Surprisingly personal onboard entertainment was offered,7.0,Positive,Positive,Positive,Positive,Positive,3/3,,1.0
Kaohsiung,airport,B Blanchard,2010-07-27,I have used this airport a lot over the past two years and find it amazingly efficient and the staff friendly from checkin to immigration and security Its hardly ever busy and normally you can get from the plane to the MRT station within about  minutes even when arriving on a packed A from HKG Sure the shopping and food options are not great but KHH is so close to downtown on the wonderful new MRT that this is not really an issue All KHH needs now are more international flights,5.0,Positive,Positive,Positive,Positive,Positive,3/3,,1.0
InterSky,airline,B Dominic,2014-03-31,I am flying FDHDUS regularly and I am fully satisfied with this airline Due to the smaller sizes of their aircrafts the flight takes some time about hr  min but service onboard is excellent Good regional snacks and plenty of drinks are served during the flight Ground handling in FDH is very quick and efficient Prices are high but still recommendable,9.0,Positive,Positive,Positive,Positive,Positive,3/3,,1.0
Meridiana,airline,F Roberts,2018-02-27,IG  Milan Malpensa to Cairo  Comfortable aircraft outstandingly attentive and polite cabin crew considerate to all passengers Competitive price delivered safely to Cairo All good Based on this first experience with Meridiana I have booked two more flights with with them No complaints whatsoever and no hesitation in offering a recommendation,10.0,Positive,Positive,Positive,Positive,Positive,3/3,,1.0
Wichita,airport,Michael Streit,2015-07-09,Nice friendly airport  Quick check in usually efficient security screening everybody keeps moving  Gates are easy to findnavigate  Short on food options nice bar after security near Gate   Good coffeebagel bar near Gate   The new airport is about finished  Will be nice to see the improvements  Eisenhower is the new airport name  excellent choice,10.0,Positive,Positive,Positive,Positive,Positive,3/3,,1.0
TransAsia Airways,airline,M Wharfe,2010-12-04,Taipei  Hualein  TaiChung Both flights by ATR cabin was clean and comfortable Very friendly crew Drinks service on both flights,6.0,Positive,Positive,Positive,Positive,Neutral,3/3,,0.349
Yemenia,airline,Ian Howarth,2011-04-25,SanaaParis on A Ontime departure in spite of elaborate boarding procedures All pax bussed to aircraft Inflight fine choice of meal and range of nonalcoholic drinks Cabin crew courteous with passable English Economy cabin looked a real mess after meal service  not cleaned Limited inflight entertainment,5.0,Positive,Positive,Positive,Positive,Positive,3/3,,1.0
Nuremburg,airport,W Peters,2017-08-31,It always a good experience to fly from  to Nuremberg airport because you have short ways It is connected with the metroline U so you are in  minutes at the city centre You can eat some local stuff The staff is friendly and helpful The most important to the end  WIFI is free,10.0,Positive,Positive,Positive,Positive,Positive,3/3,,1.0
Victoria Intl,airport,Ed Smith,2011-08-01,Excellent small regional airport spotlessly clean with very friendly staff  slight oddity that the baggage reclaim belts are in the arrivals hall but I was out within th mins of the plane touching down and you cant get much better than that,5.0,Positive,Positive,Positive,Positive,Positive,3/3,,1.0
Jetairfly,airline,Patrick Asselberghs,2015-12-01,Miami to Brussels On this Boeing  plane Jetairfly has a separate cabin called comfort class and I was able to book seats there for an extra fee Only  seats in this cabin with  FAs doing a great job Seats configuration in xx while regular economy is xx Legroom was very good After take off we were offered Champagne followed by a hot meal together with  wine coffee and digestif Before landing breakfast was served I would recommend this airline if you can get seats in this cabin,9.0,Positive,Positive,Positive,Positive,Positive,3/3,,1.0
Tokyo Narita,airport,6 reviewsS Han,2024-04-14,Easy to access by train Plenty of shops and eateries even convenience store Lots of toy machines Clean and enjoyable to wait for our departure Signs are clear You can enjoy lunch while watching the airplanes take off Weve got our last minute omiyage shopping like handkerchiefs japan only cute snacks and satisfying lunch,9.0,Positive,Positive,Positive,Positive,Positive,3/3,,1.0
Palm Springs,airport,J Marshall,2011-10-29,Great little airport Everything in one location  baggage belts next to car hire desks and you walk out into the car park and collect your car Will be my preferred choice now rather than coming in via LAX or SAN and facing a  hour drive,10.0,Positive,Positive,Positive,Positive,Positive,3/3,,1.0
Qantas Airways,airline,Peter Drysdale,2024-12-08,Out on QF  on Premium Economy back on QF Business Class Premium economy very good and business class great Cabin crew really good and service superb,9.0,Positive,Positive,Positive,Positive,Positive,3/3,,1.0
FlyArystan,airline,Zarina Spandiyarova,2019-06-14,Almaty to Karaganda Purchasing a ticket  days before the flight from Almaty to Karaganda was super fast and cheap Airplane looks new and clean Service exceeded my expectations  Cabin seat was quite comfortable Menu of snacks teacoffee and other bevarages is affordable One unusual thing is while checking in they sort flyers based on their seat numbers to make it easier to board a plane,10.0,Positive,Positive,Positive,Positive,Positive,3/3,,1.0
Krabi,airport,M Agarwal,2020-03-02,A very pleasant experience Its a small airport with limited number of flights being operated daily  Very clean Airport  Very trained staff  Clean washrooms  Nicely organized being small in size  Few no of shops not exorbitantly priced  Waiting area also very smooth Overall a very good experience,8.0,Positive,Positive,Positive,Positive,Positive,3/3,,1.0
Air Iceland Connect,airline,75 reviewsDavid Robson,2018-03-30,Egilsstadir to Reykjavk Check in was a breeze Waiting area very clean Boarding was very easy just showing ticket and photo ID It was a  minute flight They served tea or coffee with a chocolate I really enjoyed the flight as I did not want to travel by road again I will fly them again,10.0,Positive,Positive,Positive,Positive,Positive,3/3,,1.0
Bhopal,airport,Swapnil Varghese,2017-04-12,I wanted to acknowledge the entire ground staff including the Security who helped us a great deal to arrange boarding the aircraft We reached airport just  min before scheduled departure and the checkin was closed After requests since we as a family had to take onward flight from Delhi the ground staff went out of their way to help us,10.0,Positive,Positive,Positive,Positive,Positive,3/3,,1.0
InterSky,airline,E Clauss,2014-03-07,Intersky is another airline charging high prices for regional services using and chartering cheap airlines Just flew back from SZG to ZRH Friendly stewardess and good service  captain did not say a word Even though Intersky is the only direct Service between SZG and ZRH  I would rather fly LH via Frankfurt,2.0,Positive,Positive,Positive,Positive,Positive,3/3,,1.0
Kunming,airport,Robert Walbeek,2015-07-13,Nice modern clean airport with plenty of checkin rows Food options fine with a McD and noodle shops WiFi not always present The only nuissance in this airport on departure is the number of times you have to show your boarding pass and passport  times yes,8.0,Positive,Positive,Positive,Positive,Positive,3/3,,1.0
Dragonair,airline,19 reviewsJ Huang,2016-11-13,Dragonair is part of Cathay Pacific From Hong Kong to Guangzhou is less than  miles but they provide an excellent service  When on board cabin crew deliver a bottle of water and a cookie The cabin crew are very nice,9.0,Positive,Positive,Positive,Positive,Positive,3/3,,0.6391999999999999
Tianjin Airlines,airline,Pui Ki Chan,2020-02-13,Xian to London on th Feb  Aircraft only  years old Good amount seat recline with charger available however the entertainment system need an upgrade It is the coronavirus outbreak at moment the crew did an excellent job measuring temperature and disinfected the aircraft Excellent cabin service I went back to spoke with cabin crew they are willing to share their stories and experiences The lack of entertainment system is covered by the excellent crew service,8.0,Positive,Positive,Positive,Positive,Positive,3/3,,1.0
Antigua Vc Bird,airport,A Frankowski,2016-05-06,The new terminal at Antigua airport has only been open for a few months and it is quite magnificent Its up there with the best European airports although not anywhere near as large The  dutyfree shops are amazing  particularly their rum selections which include Clement Rhum Agricole from Martinique and some genuine sugar cane syrup to mix it with The souvenir shop also looked very good although I didnt have enough time to look round it in great detail,10.0,Positive,Positive,Positive,Positive,Positive,3/3,,1.0
Turkish Airlines,airline,123 reviewsMichael Schade,2025-04-06,Checkin was very slow with just three counters open for the full flight Boarding was unorganized and chaotic with just two gate agents being overwhelmed controlling the crowd There were no boarding groups and at the end they gave up and it was free for all As a result the flight took off  minutes late Seats on the A were comfortable with a responsible seat pitch Service was good with ok food,7.0,Positive,Positive,Positive,Positive,Positive,3/3,,1.0
Nuremburg,airport,W Peters,2017-08-31,It always a good experience to fly from  to Nuremberg airport because you have short ways It is connected with the metroline U so you are in  minutes at the city centre You can eat some local stuff The staff is friendly and helpful The most important to the end  WIFI is free,10.0,Positive,Positive,Positive,Positive,Positive,3/3,,1.0
United Airlines,airline,D Berton,2025-04-04,TPEMFR via SFO RT All flights on time Seat bedding and entertainment are good Staff very professional and food service was very quick Food is edible but certainly not like the meals on Singapore Airlines or Emirates The food at the EVA lounge United uses in TPE is mediocre at best and the lounges at SFO are incredibly crowded to the point of being ridiculous and uncomfortable All in all competent but not especially glamorous experience I would have given this a  or  if the lounges werent so crowded,7.0,Positive,Positive,Positive,Positive,Positive,3/3,,1.0
El Al Israel Airlines,airline,B Korem,2024-07-02,Thank you so much for a wonderful service Nurit and her great teamstaff were professional attentive friendly and very helpful I was traveling with my mom and they made it easier for me and took care of her needs Id like to thank you all for being so nice and giving such a great service Youre awesome Arzo Diana Chen and special thanks to Mara  In addition the food was great,8.0,Positive,Positive,Positive,Positive,Positive,3/3,,1.0
Read more,airline,123 reviewsMichael Schade,2025-04-06,Checkin was very slow with just three counters open for the full flight Boarding was unorganized and chaotic with just two gate agents being overwhelmed controlling the crowd There were no boarding groups and at the end they gave up and it was free for all As a result the flight took off  minutes late Seats on the A were comfortable with a responsible seat pitch Service was good with ok food,7.0,Positive,Positive,Positive,Positive,Positive,3/3,,1.0
Hamilton,airport,Anne Marie Blackburn,2019-10-09,Loved it Takes no more than  minutes from entering to get to the gate When you depart  minutes It was like heaven compared to Toronto where there are long lines lots of computers and where it takes so long to get to the gate and where you dread the lineups getting off the plane for the same reason It is convenient it is quick clean and has a Tim Hortons,9.0,Positive,Positive,Positive,Positive,Positive,3/3,,1.0
Luanda,airport,L Vaynes,2024-10-20,Airport was much better than expected In the general area are a few food options  incl coffee shop  icecream bar and a few fast food choices They even have a small duty free We were in the TAAG lounge  called the Pearl lounge  Clean comfortable with basic drinks  food  Staff are very friendly  Did not see showers  Internet is available but weak  Other than internet this lounge is better than many US lounges I have visited  I was expecting something much worse,7.0,Positive,Positive,Positive,Positive,Positive,3/3,,1.0
Virgin Atlantic,airline,Alan Young,2025-04-06,First time flying with Virgin Atlantic and very impressed Full flight but smooth boarding good legroom and good IFE Crew friendly and professional Flight slightly delayed due to ATC so arrived half hour late Only downside was the meal served  a pasta dish that was a bit bland Would fly Virgin again,9.0,Positive,Positive,Positive,Positive,Positive,3/3,,1.0
Estonian Air,airline,C Ten,2013-07-09,TallinnAmsterdam is a short flight but crew were nice helpful and were able to understand at least  languages they helped my Dutch Grandmother who speaks no English Amenities not normally provided but because flight was near empty they gave out snacks plus complementary tea and coffee They also allowed us to sit in vacant seats which was nice In general a nice trip and much more than was expected for basically a regional airline,10.0,Positive,Positive,Positive,Positive,Positive,3/3,,1.0
Tashkent,airport,J Edlow,2017-09-21,Tashkent Airport has become very efficient on the international side Immigration and customs both on the way in and on departure were quite user friendly Not a lot of shops and restaurants but that was not inconvenient Readers should be aware that the domestic terminal is on the other side of the runway and it could take up to  minutes to connect from one side to the other side using a taxi,8.0,Positive,Positive,Positive,Positive,Positive,3/3,,1.0
Belavia,airline,L Barkihl,2020-01-09,Tel Aviv to Minsk Amazing flight no delays we boarded quickly clean aircraft really comfy seats and the food was great  choice between sausages and beef and we got a waffle cherries bread with the the meal Staff was really nice no complaints,9.0,Positive,Positive,Positive,Positive,Positive,3/3,,1.0
Bassaka Air,airline,S Mahoney,2018-01-24,Flew Phnom Penh to Siem Reap with Bassaka Air Nice short domestic flight with a very courteous B crew nothing but smiles and the Best of Cambodian hospitality during this  minute flight Was the cheapest option at  incl baggage and an onboard refreshment and everything went smoothly througout Would definitely recommend,10.0,Positive,Positive,Positive,Positive,Positive,3/3,,1.0
Taipei,airport,Chiada Wu,2024-08-21,Taoyuan International Airport provides a comfortable travel experience with modern and clean facilities and very friendly and professional staff  However its worth mentioning that security and checkin queues do tend to be slightly longer during peak hours which may impact some travellers schedules It is hoped that there will be further improvements in the future to provide a smoother traffic experience,10.0,Positive,Positive,Positive,Positive,Positive,3/3,,1.0
Bandar Seri Begawan,airport,Mya Ellis,2019-10-10,My brother and I  and  Flew for the first time everyone was very helpful they even put us in the sky lounge which consists of a buffet and drinks They did no extra charge and they helped out through the whole time without necessarily babying us Thank you for the experience,10.0,Positive,Positive,Positive,Positive,Positive,3/3,,1.0
Alice Springs,airport,Alastair Finch,2014-11-12,Beautiful new terminal with excellent check in security and facilities  very impressed,10.0,Positive,Positive,Positive,Positive,Positive,3/3,,0.5263636363636365
TAROM Romanian,airline,45 reviewsJ Harris,2024-11-23,Flight was ontime small propellerdriven aircraft  seats Large cabin bags do not fit into the overhead compartment they are stored in the front of the cabin The seat was comfortable enough for a shorthaul flight staff was friendly and helpful Would fly within again,10.0,Positive,Positive,Positive,Positive,Positive,3/3,,1.0
Air Koryo,airline,Toby Sears,2016-03-22,Beijing to Pyongyang The Tupolev  aircraft is as comfortable as many that are flying around the US The checkin experience was quick at Beijing and Pyongyang The crew were friendly and smiling during the flight The burger was quite tasty and I got a beer with it Baggage quickly delivered at both ends,8.0,Positive,Positive,Positive,Positive,Positive,3/3,,1.0
Lima,airport,B Jenson,2024-01-24,Security was super helpful As we were passing through security someone stole my wifes Apple Watch from the box after we went through the Xray We immediately notice it was missing and reported it Security checked the cameras and found the thief Using the image from the cameras they tracked down the passenger and recuperated our watch All this within  minutes Amazing,10.0,Positive,Positive,Positive,Positive,Positive,3/3,,1.0
Quito Mariscal,airport,1 reviewsG Denn,2015-08-25,Quito is a really nice new airport about km from the city  there is very little available around it The airport has free wifi which is always a bonus As it seems with all airports now the prices of small things like coffee etc are expensive My experience with the new airport was excellent  not so though with the employees of American Airlines at Quito Airport  beware,8.0,Positive,Positive,Positive,Positive,Positive,3/3,,1.0
Air Corsica,airline,Georgios Vrontos,2020-08-24,You can change your seats at echeck in without charge Both flights were on time Aneo was clean there were no inflight service for the  hour flight Stewards were efficient and friendly enough,9.0,Positive,Positive,Positive,Positive,Neutral,3/3,,0.226
Carpatair,airline,J de Jong,2009-08-11,Duesseldorf  Timisoara return This airline has been a pleasant surprise The Saab  was comfortable seats very good and legspace excellent Food on board was among the best Ive seen The return from Timisoara was operated by an Air Nostrum CRJ Checkin counter at Timisoara opened only  minutes before scheduled departure but checkin smooth Cabin crew was Carpatair staff and they deserve a compliment On both flights they were friendly helpful and competent,4.0,Positive,Positive,Positive,Positive,Positive,3/3,,1.0
Tulsa International,airport,B Williams,2018-01-06,Tulsa International Airport is in my opinion one of the easiest airports to navigate Its not super large and everyone is very friendly We were able to ride a free shuttle to our car as it was about  degrees when we arrived The man driving the shuttle was very nice and took us all the way to our car It was very convenient and nice,10.0,Positive,Positive,Positive,Positive,Positive,3/3,,1.0
Estonian Air,airline,Gert Jätsa,2015-08-30,At Brussels airport the check in service was smooth they even accepted my luggage although it was  kg overweight  The boarding was quick due to the small plane The trip was around  hours I prefer bigger airplanes for longer flights as these smaller planes tend to rock a bit more and the legroom isnt the best either The flight attendants were polite and nice The landing at Tallinn was smooth managed to clear customs very easily,8.0,Positive,Positive,Positive,Positive,Positive,3/3,,1.0
Cobalt,airline,Nicolas Simonis,2018-07-14,Larnaca to Athens This is registered as a Cypriot airline yet it seems that they are against the local language in that safety instructions are given only in english On this airline it is impossible to select a free seat only paid seats can be selected via web The aircraft was more than perfect clean but was not near jetways and bus was used for boarding  In flight magazine price list and safety instructions were overused Nothing was offered during the flight if you want a drink you pay for it,3.0,Positive,Positive,Positive,Positive,Positive,3/3,,1.0
Hanoi,airport,Mussaman Haynes,2024-02-23,The new Hanoi international terminal  opened at the end of December  excellent and well planned a big improvement on the old terminal It only took me a few minutes to check in and pass the security very efficient happy helpful staff all the way,10.0,Positive,Positive,Positive,Positive,Positive,3/3,,1.0
Bangalore,airport,54 reviewsRahul Anand,2023-10-09,Its for T international arrivals Newly operated T pleasant experience no rush hardly  min for immigration still under construction no eatingforex options within the terminal whatever available is outside the terminal Bag arrived on time hardly  min to exit with baggage Clean toilets and facilities,8.0,Positive,Positive,Positive,Positive,Positive,3/3,,1.0
HiSky,airline,C Keene,2025-03-03,Very impressed with HiSky The trip from JFK and back from OTP was on par with major airlines we had entertainment and good food I loved the breakfast Romanian sausages  crenwurst  The flight attendants were pleasant and helpful flight was on time each way It would be useful if they partnered with United or a US airline to connect flights Right now its a hassle to connect into JFK on two tickets,9.0,Positive,Positive,Positive,Positive,Positive,3/3,,1.0
Graz,airport,2 reviewsMark Shah-Hall,2017-10-06,Graz is lovely small airport From our hotel in town centre it took  mins to get airside at the gate including taxi ride checkin and security doesnt get better than that Friendly staff a quick service nice glass walls to view planes runaway etc from each gate Cafe duty free wifi access and not crowded I guess not a huge selection of destinations to fly to from here is the down side Overall a great airport experience,10.0,Positive,Positive,Positive,Positive,Positive,3/3,,1.0
Toulon,airport,19 reviewsLaurent Charpentier,2018-10-22,Departed on  october  to Paris Orly abd back on  October  Airport very clean opened early in the morning Check In and Security Checks are easy early in the morning,10.0,Positive,Positive,Positive,Positive,Neutral,3/3,,0.20784000000000005
Preveza,airport,Janet Phillips,2024-08-07,My son who is epileptic had a seizure during the security check in We had already requested Special Assistance at the desk and the airport team were incredibly helpful and took us to a quiet room to wait until our flight was called They checked on us every  minutes and arranged a wheelchair and preferential boarding once the Gate opened They also ensured that the crew were aware of our situation and forwarded the request for assistance to Gatwick,10.0,Positive,Positive,Positive,Positive,Positive,3/3,,1.0
Air Rarotonga,airline,4 reviewsJane Laidlaw,2024-01-31,Excellent  minute flight within the Cook Islands On time excellent information from flightdeck One solitary hostess who was friendly and provided tea coffee and water Other drinks could be bought Everything was very pleasant and efficient,10.0,Positive,Positive,Positive,Positive,Positive,3/3,,0.76128
Cibao,airport,L Vanarez,2019-12-08,Me and a few friends flew to the Dominican Republic in August  and the experience upon arrival was outstanding The immigration service was fast and most shops where open The staff help us with our bags and had us out in no time On our way back it was the same very friendly staff no delays food was great on the terminal shops,10.0,Positive,Positive,Positive,Positive,Positive,3/3,,1.0
Hancock County-bar Harbor,airport,Paul Whiteley,2013-07-20,Checkingin for a  seat flight without any other flights at the same time was never going to be busy Checkin staff who was also baggage handler flight dispatcher and Im sure other things was very friendly and efficient The small terminal had good restroom facilities car hire drinks and food dispensing machine Surprisingly large number of security personnel for a tiny airport  I counted at least  security staff Nice experience,8.0,Positive,Positive,Positive,Positive,Positive,3/3,,1.0
Cusco,airport,19 reviewsM García,2017-01-11,Cusco airport is not big but it is very organized and does have boarding bridges This airport m high from sea level Excellent view from aircrafts This airport is always busy There are some shops and staff are helpful However it does need more seating because I saw many passengers standing up Free wifi is only available for  minutes,9.0,Positive,Positive,Positive,Positive,Positive,3/3,,1.0
Rzeszów-Jasionka,airport,K Malinski,2022-07-12,Very nice small airport located outside Rzeszw easily accesible by the bus from the city center inside the airport was not busy during the time of travel took less than  minutes to go through security A duty free shop and a bar available however a very good lounge is avaiable too at a very good price around PLN with very comfortable waiting area and very good selection of drinks and snacks Overall I recommend going from this airport,10.0,Positive,Positive,Positive,Positive,Positive,3/3,,1.0
Airnorth,airline,M Barsin,2019-12-25,Sydney to Kununurra  Thank you for the great service rendered by the flight crew for the flight that left Kununurra at pm to Darwin on the rd December All credit goes to them as it was the best smooth landing I have ever experienced,10.0,Positive,Positive,Positive,Positive,Positive,3/3,,1.0
Stavanger,airport,Paul Jacobsen,2008-05-04,Stavanger is a comfortable and bright regional airport Arrival is hasslefree with short walking distances and quick luggage delivery Departure is easy too with selfservice checkin machines Although I flew on a busy Sunday afternoon waiting time to clear security control did not exceed  mins However the departure lounge clearly lacks seating areas An airport bus connects the airport with the city centre every  mins note that it only accepts cash and no credit cards,4.0,Positive,Positive,Positive,Positive,Positive,3/3,,1.0
AirAsia Zest,airline,Mark Landingin,2015-08-21,The ground staff in Puerto Princesa Airport and air crew of flight Z  were so kind and understanding I have traveled via AirAsia Philippines  times and I havent encountered any problems with them I always find their crew friendly The online booking is easier to navigate and payment process is smooth compared to the trouble I experienced with the other local airline,10.0,Positive,Positive,Positive,Positive,Positive,3/3,,1.0
Southwest Airlines,airline,38 reviewsMahmud Noormohamed,2024-11-02,Same plane on both DALDCA and DCAPVD Aircraft was very clean with the pleasant flight crew providing the usual no frills service IFE worked flawlessly There was a good selection of movies and live TV however there are no power ports to charge personal devices at the seats iPhones or iPads An added bonus on the connecting flight to PVD  I got a whole row to myself which is a rarity nowadays,8.0,Positive,Positive,Positive,Positive,Positive,3/3,,1.0
Laudamotion,airline,Neville David Thomas,2025-02-08,Ryanair flight operated by Lauda Europe was on time Legroom wasnt great but was only just slightly worse than the same route with Austrian Airlines The crew were awesome  a special shoutout to the female crew member who managed the iceinthecup situation for me I would happily fly this airline again  its about the same as Austrian Airlines except you dont get a free small chocolate Recommended,8.0,Positive,Positive,Positive,Positive,Positive,3/3,,1.0
Malmo Aviation,airline,Patrice Cleeren,2003-08-15,Brussels to Stockholm and return They land at Bromma very close to the city small and friendly airport Checkin staff and cabin crew were friendly and helpful Plane was a BA  with  in one row instead of  Look a little old inside Nevertheless good value for your money Cheap fares and drinks and snacks at good prices available on board We will fly them again when we go back to Sweden,0.0,Positive,Positive,Positive,Positive,Positive,3/3,,1.0
Bournemouth,airport,Micheal Dutfry,2019-10-01,Our flight from Murica to Bournemouth was cancelled and the holiday was a disaster but the staff at Bournemouth were so helpful they kept me up to date with information they sorted all the car parking out and made sure we all made it home without any major issues The thing was no matter how many people say about the drop off fee of  so what for a local airport min drive  parking min walk to the building nice and calm and relaxing food was amazing now they have costa so what else would you need,10.0,Positive,Positive,Positive,Positive,Positive,3/3,,1.0
Yemenia,airline,Ian Howarth,2011-04-25,SanaaParis on A Ontime departure in spite of elaborate boarding procedures All pax bussed to aircraft Inflight fine choice of meal and range of nonalcoholic drinks Cabin crew courteous with passable English Economy cabin looked a real mess after meal service  not cleaned Limited inflight entertainment,5.0,Positive,Positive,Positive,Positive,Positive,3/3,,1.0
flybe,airline,190 reviewsJonathan Rodden,2022-08-20,Flew Flybe on the Belfast to Amsterdam route and was pleasantly surprised on the CheckIn Boarding and inflight service The inflight service is just Tea Coffee Juice and some biscuits however the overall service was very good For such a small aircraft there were  cabin crew onboard The overall ambience of the aircraft was very good and clean The cabin crew kept cleaning toilet after anyone had used it I was very happy with the flight and service,10.0,Positive,Positive,Positive,Positive,Positive,3/3,,1.0
Laudamotion,airline,Neville David Thomas,2025-02-08,Ryanair flight operated by Lauda Europe was on time Legroom wasnt great but was only just slightly worse than the same route with Austrian Airlines The crew were awesome  a special shoutout to the female crew member who managed the iceinthecup situation for me I would happily fly this airline again  its about the same as Austrian Airlines except you dont get a free small chocolate Recommended,8.0,Positive,Positive,Positive,Positive,Positive,3/3,,1.0
Rotterdam,airport,Manuel Fernandez,2007-11-23,Good shopping for such a small airport Clean and clear Cheap car parking compared with Schiphol When arriving plane parked in front of terminal and was outside the building with my checked bag in  minutes,5.0,Positive,Positive,Positive,Positive,Neutral,3/3,,0.13542857142857143
HOP!,airline,R Stack,2016-09-04,Brive to ParisOrly with HOP Seamless reservations through Air France Brive is a tiny airport and very easy to manage On time departure for Paris Both ground and cabin staff very pleasant Aircraft was aging but clean and seemed well maintained Inflight service was beverage and snack fine for a  hour flight Only drawback is the limited schedule between Orly and Brive which means I usually have to fly via Bordeaux Fares occasionally high but generally very reasonable Will certainly fly them again,8.0,Positive,Positive,Positive,Positive,Positive,3/3,,1.0
InterSky,airline,Nick Wilcock,2008-10-31,Because LH flights from FDHCGN are now to FRA only  and at inconvenient times followed by connections to CGN by train I elected to fly InterSky instead Very clean aircraft and professional service throughout But for an Economy one way ticket price of  they could surely provide at least a free cup of coffee Poor value  everything else fine,3.0,Positive,Positive,Positive,Positive,Positive,3/3,,0.8928480000000003
Fayetteville,airport,Vera Rathje,2019-07-21,Flying from Fayetteville to CLT on July  The young man at AA was unfriendly like I never seen before Your ID put your bag take your bag were his only words No greeting no thank you no have a good flight I recently moved to Fayetteville for a job from New York Flying often Never flew from Fayetteville used Raleigh for that There was no soap in the restroom at  am already Security was okay did not use thank you or please in their lexicon I will fly from Raleigh next time,2.0,Positive,Positive,Positive,Positive,Positive,3/3,,1.0
Royal Brunei Airlines,airline,A Hamallah,2025-03-30,A long but pleasant flight Cabin crew were kind and friendly gave me snacks when I walked to back of the plane to stretch my legs Food was good The only hiccup was the website has glitches on some of the pages for online checkin when accessed from mobile phone I had to use iPad to find a workaround in the end  hour call centre  hotline based in Brunei was very useful and answered the call with no queue You dont get that efficiency from many carriers these days,9.0,Positive,Positive,Positive,Positive,Positive,3/3,,1.0
Jet2.com,airline,Karl Whitehead,2023-12-02,First time flying with Jet they didnt disappoint We flew on a new A neo aircraft Crew were friendly  efficient We got  drinks services going but only  coming home We paid for inflight meals both ways tea coffee or hot chocolate were included The food was very good  hot Drinks were good value,10.0,Positive,Positive,Positive,Positive,Positive,3/3,,1.0
CSA Czech Airlines,airline,4 reviewsDavid Cerny,2020-01-10,Prague to Copenhagen Flight was operated by Czech Airlines A reg OKMEL not with lowcost Smartwings  like almost all other CSA flights Departure was delayed only about  minutes we arrived on time Staff was nice and friendly Ordered food was so expensive CZK but delicious Aircraft was clean and seats were comfortable,9.0,Positive,Positive,Positive,Positive,Positive,3/3,,1.0
Dragonair,airline,19 reviewsJ Huang,2016-11-13,Dragonair is part of Cathay Pacific From Hong Kong to Guangzhou is less than  miles but they provide an excellent service  When on board cabin crew deliver a bottle of water and a cookie The cabin crew are very nice,9.0,Positive,Positive,Positive,Positive,Positive,3/3,,0.6391999999999999
Solomon Airlines,airline,Donal Ryan,2014-06-20,I flew Brisbane to Honiara on the th April Flight Left early was only  full and arrived  minutes early Add  kg of luggage good plentiful food and beer what more could you want Entertainment was poor but its only a  hour flight so I survived Staff friendly which is much more than I can say about the BA  Qantas staff on the Flights coming out from Ireland,10.0,Positive,Positive,Positive,Positive,Positive,3/3,,1.0
Jetstar Pacific,airline,Anders Pedersen,2020-01-04,Hong Kong to Hanoi Regional flight Hong Kong toHanoi  January  on an A aircraft Ticket included free services and luggage Hot meal given was OK Flight full on time Nice clean aircraft Seats were good but space to front seat was horrible and extremely tiny small de facto painful to knees CheckIn in Hong Kong was quick and easy though my handluggage was double the limit Checked in luggage arrived smoothly checked by customs in Hong Kong who had left a note inside the bag Airbridge provided at both ends,7.0,Positive,Positive,Positive,Positive,Negative,3/3,,1.0
Ellinair,airline,G Stoykovich,2019-06-14,Mykonos to Thessaloniki  A short super enjoyable flight  Everything went well on both flights the planes were nice and clean crew presentable professional and helpful and the flights on time short and so enjoyable  I kept looking through the windows at the islands we were flying over beautiful Both flights were under  minutes long we even got a small bottle of water coffee a cookie and a wet towel I can totally recommend Ellinair,10.0,Positive,Positive,Positive,Positive,Positive,3/3,,1.0
Yangon,airport,1 reviewsMin Htet,2017-12-07,Yangon International Airport has  Terminals  and  for International Flights and  for Domestic Flights This is the review for Terminal  Domestic This Terminal  is a new build and many upgraded from the old terminal The airport is very clean and you can find the checkin counter very easily After checkin the nd floor is for departure and the rd floor is for lounges The departure hall is very large and can buy goods and many restaurants which already open early morning  am The gates numbers are easily to find,10.0,Positive,Positive,Positive,Positive,Positive,3/3,,1.0
Dundee,airport,Janet Smith,2008-10-12,Beautiful views on takeoff free longterm parking nice friendly efficient staff and so convenient if you live between Edinburgh and Aberdeen But does it really have to be so prohibitively costly for the nonbusiness and small business traveler The dreary trek to Edinburgh by train and bus or even car adds  hours but saves hundreds of pounds Whens Easyjet coming to Leuchars Air France needs some competition,4.0,Positive,Positive,Positive,Positive,Positive,3/3,,1.0
Fort Myers,airport,Lucy Hebert,2022-06-17,RSW is a great airport The employees are nice  very helpful The shuttle  parking employees are the best especially Theresa My husband accidentally left his backpack with meds computer  cash on the shuttle in long term parking today I drove Back  hours later  got it Everything is there They were so kind  helpful Theresa had his backpack in the office What a relief So glad there are such good people in the world,10.0,Positive,Positive,Positive,Positive,Positive,3/3,,1.0
Long Island Macarthur,airport,C Griffen,2008-06-06,ISP is an excellent alternative to LGA JFK or Newark Ive flown out and in to there at least  times and I have never been delayed The makeover they gave the airport is great too It would be nice to see ISP expand a little bit with some more airlines going out of there,5.0,Positive,Positive,Positive,Positive,Positive,3/3,,1.0
Air Botswana,airline,J Kemp,2013-09-01,In August Johannesburg to Maun and Kisane to Johannesburg Both flights were spot on time Service on board was fine with drinks and light snacks served for the roughly  hour flight in each direction Aircrafts were in good shape and the seats comfortable for this type of trip Checkin in Joburg was easy and very quick Check in in Kisane was a breeze as the airport is tiny All in a good experience and a great way to enhance your Botswana experience,10.0,Positive,Positive,Positive,Positive,Positive,3/3,,1.0
Birmingham,airport,S Peale,2025-03-07,A very smooth experience for a sunday morning flight Security was quick and efficient taking under  minutes to pass through The departure lounge had a good range of shops and places to eat while waiting for the flight The gate was just a few minutes walk from the main departure lounge area and boarding was very efficient With good local transport links and parking options the airport does all one needs from a regional airport and is a lot easier than travelling to a London airport,9.0,Positive,Positive,Positive,Positive,Positive,3/3,,1.0
Waterford,airport,Paul Cox,2015-01-23,Flew Waterford to Birmingham on th January  Nice little airport staff very friendly Small cafe before departure excellent coffee and light snacks Security and boarding very well handled An enjoyable experience,9.0,Positive,Positive,Positive,Positive,Positive,3/3,,0.8805
Tibet Airlines,airline,4 reviewsPhil Brander,2015-09-09,Tibet Airlines offered great service and comfortable seating with ample legroom Chengdu to Lijiang is a relatively short flight of  hour but crew were very accommodating They had inflight entertainment showing on screens in both English and Chinese Water only served on this flight but would recommend Tibet Airlines,8.0,Positive,Positive,Positive,Positive,Positive,3/3,,1.0
Lugano,airport,Riccardo Cerutti,2008-02-25,LuganoAgno is a little airport maybe the smallest in Switzerland but I think its the most efficient Its commercial says Youll be in the air in  minutes and its the truth I think its a great airport,4.0,Positive,Positive,Positive,Positive,Positive,3/3,,0.8017500000000001
Montenegro Airlines,airline,Martin Clarke,2011-08-07,London Gatwick to Podgorica The Fokker  seats were comfortable in  formation but they were small and legroom was limited Crew members were helpful and attentive We were served a couple of drinks and a fairly basic sandwich but it was fine It was cheaper for me to book a ticket to Belgrade via Podgorica than it was just to Podgorica I told the checkin staff I wanted to get off at Podgorica and that was fine,7.0,Positive,Positive,Positive,Positive,Positive,3/3,,1.0
Read more,airline,123 reviewsMichael Schade,2025-04-06,Checkin was very slow with just three counters open for the full flight Boarding was unorganized and chaotic with just two gate agents being overwhelmed controlling the crowd There were no boarding groups and at the end they gave up and it was free for all As a result the flight took off  minutes late Seats on the A were comfortable with a responsible seat pitch Service was good with ok food,7.0,Positive,Positive,Positive,Positive,Positive,3/3,,1.0
Malta,airport,N Valine,2022-07-20,Great airport no time waiting In  minutes we were out with our check in luggage Professional personnel Thumbs up Signage very good and easy accessible to everyone,10.0,Positive,Positive,Positive,Positive,Positive,3/3,,1.0
Louisville,airport,5 reviewsBob Motto,2015-07-17,Louisville Airport is a great airport very clean and improvements being made all of the time Arrived from Chicago off of the aircraft and by the luggage claim within  minutes Local staff are all very helpful and polite as well as being professional For some passengers there were some issues with delayed or lost luggage but the American Eagle ground staff were very professional and sorted out their problems quickly,9.0,Positive,Positive,Positive,Positive,Positive,3/3,,1.0
SriLankan Airlines,airline,Lea Reinold,2024-08-18,We booked our return flight as a direct flight which was canceled and then simply staying in Paris We started more than  hours later missed our connecting train were poorly provided with drinks unfortunately not a great experience Our direct flight to Colombo from Frankfurt was great very nice staff super on time,7.0,Positive,Positive,Positive,Positive,Positive,3/3,,1.0
Royal Air Maroc,airline,Charles Roberts,2024-07-15,Ground staff at JFK could have been better I had a great deal of luggage and needed a special staff member to handle tagging It was hard to find him  and found out he hadnt been informed for several minutes Seats comfortable to Casablanca good flight crew good catering Casablanca to Lagos had an excellent crew and the best airline catering Ive had in decades of traveling Id definitely fly them again,9.0,Positive,Positive,Positive,Positive,Positive,3/3,,1.0
Belfast City,airport,M Harrison,2019-01-09,Thumbs up for Belfast City Airport Excellent revamp New improved security area Bigger Duty Free Shop  not sharing any space with other retail Much more passenger seating Good new bar with charging points and a family  table service area The views of the apron have not been compromised This makeover is long overdue  now gives Belfast International a run for its money and much more user friendly than London City my final destination today,9.0,Positive,Positive,Positive,Positive,Positive,3/3,,1.0
Brussels Airlines,airline,L Desmet,2024-10-23,Flight SN on the st of October  Efficient boarding welcoming crew and comfortable seats The flight left with a slight delay of  but arrived  earlier in Stockholm The highlight was the crew Charming well groomed cheerful and carried out an excellent cabin bag management during boarding The seemed to be enjoying their jobs and their enthusiasm was contagious It was a pleasure to fly them,9.0,Positive,Positive,Positive,Positive,Positive,3/3,,1.0
Singapore Changi,airport,A Dobbins,2024-12-16,My husband and I are transferring today to the USA We got off our plane from Bangkok and wanted to see the waterfall in the airport A wonderful kind and very helpful Changi Service Ambassador Tan Mey showed us the way to see the waterfall The train TT takes you past the waterfall You can see it after am,10.0,Positive,Positive,Positive,Positive,Positive,3/3,,1.0
Vientiane,airport,Rob Boyce,2009-07-14,Arrived from Bangkok on Thai flight and still bussed to the terminal in June  Queues for visa on arrival handled relatively quickly and luggage handling dealt with promptly and efficiently Friendly staff with a relaxed atmosphere,4.0,Positive,Positive,Positive,Positive,Neutral,3/3,,0.30299999999999994
Binter Canarias,airline,Colin Pay,2014-03-03,TFNGMZ return on ATR Very good  minute flights Served cup of water and chocolate bar Great views of a snow capped Mt Teide on left going and right returning,10.0,Positive,Positive,Positive,Positive,Positive,3/3,,1.0
Air Cairo,airline,Daryl Ward,2023-03-11,Nice flights all on time with friendly staff for a good price Non of the services offered could be purchased in advance seats and meals as all credit cards were rejected Also shocked to see use of a kettle  On the floor behind row  in the galley,7.0,Positive,Positive,Positive,Positive,Positive,3/3,,1.0
Stockholm Bromma,airport,J Molin,2004-02-12,A small but very nice airport just  km from the city center The distances are short checkin hassle free and handling staff very friendly I was very happy to hear international traffic had been approved about a year ago Nowadays there are international flights to Brussels and Copenhagen I really support the development of this airport because of the proximity to the city center the short distances and a problem free handling,0.0,Positive,Positive,Positive,Positive,Positive,3/3,,1.0
Louisville,airport,5 reviewsBob Motto,2015-07-17,Louisville Airport is a great airport very clean and improvements being made all of the time Arrived from Chicago off of the aircraft and by the luggage claim within  minutes Local staff are all very helpful and polite as well as being professional For some passengers there were some issues with delayed or lost luggage but the American Eagle ground staff were very professional and sorted out their problems quickly,9.0,Positive,Positive,Positive,Positive,Positive,3/3,,1.0
Port Elizabeth,airport,Peter Morison,2006-08-25,Port Elizabeth airport is small and friendly Best thing about it is that it is so close to the main seafront area  you can be on the beach about  minutes after leaving the airport if you want Slight disadvantage once you are on the beach is that planes go right over your head Also very close to CBD and the pleasant suburb of Walmer PE known as the Friendly City and the airport gives it a good introduction,0.0,Positive,Positive,Positive,Positive,Positive,3/3,,1.0
Wideroe,airline,Andrew Davies,2023-05-19,Wonderful customer service Great staff at the airport and on the plane Even better we needed to make changes to our flight and the customer service centre responded to a web enquiry within  minutes at  oclock at night on a Friday Simple and easy to deal with and a very comfortable clean aircraft,8.0,Positive,Positive,Positive,Positive,Positive,3/3,,1.0
Horizon Air,airline,Stephen G Sweet,2015-09-23,Horizon Air from Seattle to Eugene roundtrip No complaints the crews were great planes clean and on time in both directions As with all of Horizon Air flights free beverages including wine and beer are provided The aircraft was perfect for the less than one hour flight to SeaTac  quite fast actually The skies were clear and the view was perfect Nice job all the way around,8.0,Positive,Positive,Positive,Positive,Positive,3/3,,1.0
SkyWest Airlines,airline,Jerry Krinsky,2015-07-20,The plane was a CRJ operated by Skywest I was warmly greeted at the door by a very nice FA Service was excellent The seating on the CRJ is  rather than  on the larger planes The plane was very comfortable and quiet No entertainment system due to the short flight,10.0,Positive,Positive,Positive,Positive,Positive,3/3,,1.0
Sapporo Chitose,airport,Yevheniy Kahanovych,2008-01-27,Sapporos New Chitose airport is very effective and user friendly facility Located somewhat far from Sapporo it is perfectly linked to the city and the region by rail Quick checkin quick baggage delivery good choice of food outlets landside but not a lot of things to do airside The train station is underground as almost everywhere in Japan All in all very good  star,4.0,Positive,Positive,Positive,Positive,Positive,3/3,,1.0
SATENA,airline,Miguel Salcedo-Gomez,2015-12-30,Ccuta to Palonegro SATENA is a Colombian regional carrier that offers good connectivity to remote regions of the country and also serves big cities Pleasant experience with courteous staff punctual departure and arrival wellorganised boarding and luggage delivery The airline has been around for over  years but is normally overlooked It is an excellent choice for domestic travel within Colombia,9.0,Positive,Positive,Positive,Positive,Positive,3/3,,1.0
Gulf Air,airline,13 reviewsA Davidson,2024-10-02,A very shortened Flight due to favourable Tail Winds saw us arrive  minutes early into Bangkok  excellent My goal was just to sleep on this overnight flight That goal was achieved and a comfortable  hours sleep was enjoyed The actual Seat was looking shabby  old No Food or Drink were taken so I can not comment on the service Would fly Gulf Air again if going to the UK,8.0,Positive,Positive,Positive,Positive,Positive,3/3,,1.0
Edmonton,airport,Roberto Ulep,2024-02-04,This airport is actually very nice Due to its size taxiing is kept at a minimum the terminal design is airy bright and has warm colour tones Other notable features  has well thought of sitting areas including lounge areas overlooking the tarmac play areas pet relief areas good restaurants  good customer service in the shops security Friendly people  due to the size its not crowded,8.0,Positive,Positive,Positive,Positive,Positive,3/3,,1.0
Podgorica,airport,40 reviewsH Visser,2021-07-03,A small airport for the tiny capital of Montenegro so that means big queues for border control no online check in hardy any shops or food and beverages Staff were friendly and correct Best to prebook a taxi in order to get to town which will be around  euro,7.0,Positive,Positive,Positive,Positive,Positive,3/3,,1.0
Nimes,airport,John Hartley,2006-01-02,There is also an excellent restaurant on the mezzanine floor overlooking the runway It opens at noon which gives adequate time for a good lunch before the departure of the Luton flight at  Information on bus transportation to and within Nimes is at httpwwwtcnfr,0.0,Positive,Positive,Positive,Positive,Positive,3/3,,1.0
Luleå,airport,Claudio Buzzi,2016-08-22,Small but good airport I visited it two weeks ago and I found it to be clean Its true that there not many people  principally fligths of SAS and Norwegian  but I liked it especially the after control zone where two barrestaurants The checkin zone is clean and well organized with an active information point Positive general impression from this airport,8.0,Positive,Positive,Positive,Positive,Positive,3/3,,1.0
Rotterdam,airport,J Cats,2014-04-01,There in December  Jan  and Mar   times very quick handling of luggage etc comfortable waiting area and free internet No queues for Immigration desk One point that is minor if you dont know where the bus to Rotterdam centre is located you may have a problem however I took a taxi and then it takes only  minutes Its much more agreeable than the big airports like Toulouse Orly JFK or even Schiphol also in the Netherlands,9.0,Positive,Positive,Positive,Positive,Positive,3/3,,1.0
Mihin Lanka,airline,Jayanta Biswas,2016-10-17,Kolkata to Colombo Average aircraft no IFE available Legroom is less but seat width is satisfactory Crew was quite active throughout the  hour flight Announcements were clear and audible Restrooms were clean but only the rear restroom was allowed for the economy class passengers Boarding was smooth Food served was scanty but then it was a flight at  am so no one was really hungry,7.0,Positive,Positive,Positive,Positive,Positive,3/3,,1.0
Olbia Costa Smeralda,airport,John Howson,2008-06-09,This is a smashing little airport  friendly well laid out and very well run Because of its location very attractive to fly in and out of too  always a big shock returning to Gatwick Good ice cream too,5.0,Positive,Positive,Positive,Positive,Positive,3/3,,0.543
Bloemfontein,airport,Abraham Faure,2011-01-11,The improvements I mentioned in  were completed on schedule and have given this airport a new and modern feel Unfortunately the upper level is no longer a viewing deck area However a new restaurant with a view of the airfield was installed on the ground floor Facilities are top class considering the size of the airport A brand new baggage retrieval area was added to the airport The layout of the airport works well Staff are still just as friendly,4.0,Positive,Positive,Positive,Positive,Positive,3/3,,1.0
Berne,airport,Sascha Herzog,2002-12-09,Berne Airport Airport of the Capital of Switzerland is a regional airport with connections to Europes major cities Also connecting to the international hubs of Munich and Amsterdam CheckIn time only  minutes prior to departure time Airport Authority is building a new terminal which will be opened by may  Temporary terminal is in use until the opening of the new terminal Staff is very friendly The motto is to serve the passenger from leaving the taxi or public transport until boarding the aircraft,0.0,Positive,Positive,Positive,Positive,Positive,3/3,,1.0
Air China,airline,O Odin,2024-12-05,Pros The flight attendants were kind and helped us with the wifi for  minutes Very helpful mindful and demure The food was great I was not expecting that Legroom was wonderful Me being m there was easily lots of legroom Theseat was hard IFE sucked and dirty floors,7.0,Positive,Positive,Positive,Positive,Positive,3/3,,1.0
London City,airport,Ashley Dickson,2019-11-15,Avoid at peak times security is a mess Gone are the days of the  minute check in and smooth easy journey This used to be my go to airport due to the ease of transit Such a shame they have added so much flight capacity and not matched it with security,3.0,Positive,Positive,Positive,Positive,Positive,3/3,,1.0
Columbus,airport,Arnie Goyal,2020-07-08,This is a good airport The cleaning can be improved but I do like the layout its not a very very long walk but it is long if you ask me I go here for my vacation flights instead of having to drive  hours to the nearest true international airport Overall Columbus has a good airport Would definitely fly here again,7.0,Positive,Positive,Positive,Positive,Positive,3/3,,1.0
Air Botswana,airline,J Kemp,2013-09-01,In August Johannesburg to Maun and Kisane to Johannesburg Both flights were spot on time Service on board was fine with drinks and light snacks served for the roughly  hour flight in each direction Aircrafts were in good shape and the seats comfortable for this type of trip Checkin in Joburg was easy and very quick Check in in Kisane was a breeze as the airport is tiny All in a good experience and a great way to enhance your Botswana experience,10.0,Positive,Positive,Positive,Positive,Positive,3/3,,1.0
Murcia San Javier,airport,Aileen Munday,2017-06-15,What a pleasure We arrived into Murcia on the nd June and greeted by cheery ground staff straight to passport control a little queue at passport control nice and polite customs officers Went to baggage belt and there were a few others in front of us but  mins at the most wait for our baggage Through the exit and outside in under half an hour how amazing was that The return journey went just as smoothly I was blown away by this efficient friendly and calm airport staff are amazing,10.0,Positive,Positive,Positive,Positive,Positive,3/3,,1.0
Thessaloniki,airport,40 reviewsH Jansen,2024-01-21,A moderately sized airport some km away from the city center Its clean and modern and during the offseason security check was very fast and efficient Dutyfree shopping is in abundance and has some good offers Staff is very friendly far nicer than what you experience at other airports All arrivals and departures are busboarding only as there are no jetbridges Connection to the city is by taxi or bus X which cost only  euro,9.0,Positive,Positive,Positive,Positive,Positive,3/3,,1.0
Shaheen Air,airline,S Rasheed,2016-01-23,I flew with Shaheen Air on  Jan  from Dubai to Karachi Checkin was good Cabin crew friendly and smiling and before take off a drink was served and a newspaper After take off nice dinner was served with chicken Korma Zeera Rice Riata and Hot Tea,9.0,Positive,Positive,Positive,Positive,Positive,3/3,,1.0
StarFlyer,airline,Olivier Ragu,2008-07-25,TokyoOsakaTokyo Starflyer has the best costperformance ratio of the market very comfortable leather seat in A Easy to get emergency exit at check in when requested but still at least  inch legroom Drink service PTV footrest for  hour flight and professional attendants At a unbeatable rate when booking a bit in advance even less than the Shinkansen The only drawbacks are the lack of frequency for Osaka comparing to JL or NH still OK with  flights per day,5.0,Positive,Positive,Positive,Positive,Positive,3/3,,1.0
Rossiya Airlines,airline,Aleksandra Karepin,2019-10-23,Flying from Saint Petersburg to Prague Rossiya is providing an excellent service punctuality in time  Professional cabin crew working so hard they accept Aeroflot points highly recommended I believe the company should be at least categorized as a Star airline,10.0,Positive,Positive,Positive,Positive,Neutral,3/3,,0.34824
Gulf Air,airline,2 reviewsSaifon McCarron,2024-10-01,Seat C Overall a very good flight Seat was comfortable In flight entertainment had a good selection of Films to watch Food was good especially the Beef Tenderloin Champagne was served upon Request All in all a good swift flight I would Fly Gulf Air again in the future on the same route,7.0,Positive,Positive,Positive,Positive,Positive,3/3,,1.0
Abu Dhabi,airport,Maryna Ulgen,2024-11-17,Great airport Good duty free Good fb outlets Just one question  why do you clean all washrooms at the same time leaving just handicapped ones opened And to find a vacant one you need to pass several kms to find it,9.0,Positive,Positive,Positive,Positive,Positive,3/3,,1.0
Carpatair,airline,Victor Neagu,2006-09-29,TimisoaraMunich The flight was h  min and operated on a SAAB  which was in pretty good shape  I believe these are former Crossair props Was offered a decent breakfast on this flight although a little bit disappointed that the cheese omlette was cold Otherwise good selection of drinks and friendly crew Overall a good deal for the price Would fly them again,0.0,Positive,Positive,Positive,Positive,Positive,3/3,,1.0
TUS Airways,airline,Georgios Vrontos,2023-02-13,Boarding on TLV was done on time but delayed to get permission to depart A was in a good condition and clean Stewardesses were professional and friendly Inflight service was beverages coffee water sandwich and granola bar On the return flight there was a  minutes later departure schedule change they informed us with email  days in advance,10.0,Positive,Positive,Positive,Positive,Positive,3/3,,1.0
Vietnam Airlines,airline,K Huang,2024-12-16,Attractive food comfortable seating In particular the flight attendants are professional and dedicated to helping passengers Head flight attendant Ms Hang and Ms Chi are very enthusiastic and very considerate in assisting passengers The flight crew is friendly and professional xut n hp dn ch ngi tin nghi c bit t tip vin chuyn nghip v rt tn tnh n cn h tr gip  hnh khch trong sut chuyn bay tip vin trng c Hng c Chi nhit tnh lm v rt n cn h tr cc hnh khch t bay thn thin v chuyn nghip,9.0,Positive,Positive,Positive,Positive,Positive,3/3,,1.0
Minneapolis St Paul,airport,Scott D Drikakis,2022-07-11,MSP Airport does a great job with stores and restaurant options and recently completed some moderate improvements in aesthetics to terminal  They currently offer a total of  electric parking spots which are spread out across  sites It appears the planning team completely overlooked this aspect of the customer experience,6.0,Positive,Positive,Positive,Positive,Positive,3/3,,1.0
TUS Airways,airline,Georgios Vrontos,2023-02-13,Boarding on TLV was done on time but delayed to get permission to depart A was in a good condition and clean Stewardesses were professional and friendly Inflight service was beverages coffee water sandwich and granola bar On the return flight there was a  minutes later departure schedule change they informed us with email  days in advance,10.0,Positive,Positive,Positive,Positive,Positive,3/3,,1.0
Valladolid,airport,Karel Hladky,2008-07-25,A very tiny airport at  km to Valladolid Only a little number of flights a restaurant and a drinks and snacks machine Clean safe and quiet,0.0,Positive,Positive,Positive,Positive,Neutral,3/3,,0.0815
ANA All Nippon Airways,airline,Varnya Bromilow,2024-11-23,What a delightful surprise The best service good food excellent entertainment Very spacious seating Very good price for the ticket Its my new favourite airline  I will seek it out in future for sure,10.0,Positive,Positive,Positive,Positive,Positive,3/3,,1.0
Cambodia Airways,airline,N Keele,2025-03-05,Good flight Turbulence was handled well Landing a bit quick and rough Food service was on the ball neither delicious or gross somewhere Im the middle Stewardesses were polite Bathroom clean Unfortunately no entertainment system or phone charging outlet At the check in at Singapore I could not check in until  hours before the flight and there was no online checkin available due to the agency booking,7.0,Positive,Positive,Positive,Positive,Positive,3/3,,1.0
Tokyo Haneda,airport,2 reviewsChristopher Yang,2025-01-16,I could not believe this was the first time I had arrived and departed from Tokyo Haneda Airport When I first arrived immigration was straightforward and I was very impressed When I was leaving checkin was also pretty straightforward and the whole Terminal  was massive with great lounges shops and food Plus I got to do plenty of plane spotting from lounges,10.0,Positive,Positive,Positive,Positive,Positive,3/3,,1.0
Crown Point Tobago,airport,19 reviewsKazi A Mehedi,2016-03-23,Small airport but airport location wonderful Dont have boarding bridge Ground staff are very fast No need to wait for a long time to check in bags I got my bag on arrivals right after reaching the belt  very fast Staff are friendly No shops inside airport  taxi counters before arrival gate,6.0,Positive,Positive,Positive,Positive,Positive,3/3,,1.0
Air Namibia,airline,A Patterson,2019-09-27,We travelled on Air Namibia after our travel company arranged substitute flights to Victoria Falls due to our Virgin Atlantic plane being delayed from London resulting in us missing our connection Virgin were very unhelpful offering a new flight  days later The trip with Air Namibia was excellent from start to finish The crew were very friendly on board the food was nice When we landed at Windhoek the ground staff were very helpful ensuring our bags continued the journey and we were kept informed,10.0,Positive,Positive,Positive,Positive,Positive,3/3,,1.0
Conviasa,airline,Manuel Kliese,2007-05-23,Barcelona BLA to Caracas CCS in Venezuela on a classic Boeing  aircraft I experienced Conviasa to be quite nice to fly with Anyhow they do not offer much more than the average European nofrills carriers A costfree nonalcoholic drink was served on that short domestic flight the aircraft was clean and fine despite its age we departed BLA about  minutes ahead schedule  not every airline in Venezuela manages that Since the ticket costed me less than EUR  I can call it a quite satisfying experience,0.0,Positive,Positive,Positive,Positive,Positive,3/3,,1.0
Damascus,airport,Ralph Loehner,2009-09-14,It is not the most beautiful airport in the world but not the worst I always found it OK  speed to checkin pass passport control is OK Shopping cheap and wide range of products  VIP Lounge comfortable but old fashioned The information system is getting better and friendliness of officials is good,3.0,Positive,Positive,Positive,Positive,Negative,3/3,,1.0
Yangon,airport,8 reviewsMark Ellwood,2017-09-26,Hugh brand new terminals both International and Domestic Check in was the usual full baggage screening but the lines were not long Once at check in again everything was easy as we were a group of  our tour guide checked all the bags as we just sat and waited all very efficient Airport vast and very clean once in departure lounge on upper level there were shops for snacks and good coffee or tea Announcements made over loud speaker system but very difficult to understand,9.0,Positive,Positive,Positive,Positive,Positive,3/3,,1.0
Surinam Airways,airline,3 reviewsJair Cameron,2018-11-02,Amsterdam to Paramaribo Surinam Airways has good service unfortunately the A had some maintenance so they leased an A from Wamos Air but they have the service from Surinam Airways The food was amazing with  hot meals The crew was very friendly but the airplane from Wamos Air wasnt so good  no IFE for a  our flight you can download the app for movies no power outlets just a standard seat with table Overall the service was good but the aircraft not,8.0,Positive,Positive,Positive,Positive,Positive,3/3,,1.0
FlyGabon,airline,6 reviewsMichael Powell,2025-02-18,Apart from the usual lateness which one comes to expect from some regional airlines this was an excellent flight The aircraft was practically brand new and the cabin crew were professional Between booking and the actual flights it had changed its name from Afrijet to FlyGabon,9.0,Positive,Positive,Positive,Positive,Positive,3/3,,1.0
Guangzhou,airport,M Gong,2020-04-05,This airport is great It has all the necessities that an airport should have I dont get how it is placed  in the world It should be a top  airport All the staff are very helpful and friendly,8.0,Positive,Positive,Positive,Positive,Positive,3/3,,1.0
Muscat Seeb,airport,M Barten,2025-02-22,On arrival Very long queue for passport control over an hour They have plenty of staff but processing time per person is simply very long On departure queues were fine We were told to arrive  hours in advance  which meant waiting doing nothing for a long time There are no restaurants after security just a few fast food options Also WiFi only works if you can receive an OTP by text ie you already have data Clean and pleasant but some of the details could be thought through a bit more,5.0,Positive,Positive,Positive,Positive,Positive,3/3,,1.0
Air Nostrum,airline,B Jonas,2020-02-16,Madrid to Toulouse Once again a punctual and comfortable flight Good legroom on time departure and arrival On flight entertainment was however not working  you have to pay for anything on board,8.0,Positive,Positive,Positive,Positive,Neutral,3/3,,0.396
Rotterdam,airport,Manuel Fernandez,2007-11-23,Good shopping for such a small airport Clean and clear Cheap car parking compared with Schiphol When arriving plane parked in front of terminal and was outside the building with my checked bag in  minutes,5.0,Positive,Positive,Positive,Positive,Neutral,3/3,,0.13542857142857143
Norwegian,airline,Anders Pedersen,2024-08-20,OsloCopenhagen th Aug  on a B Oslo Airport is shamelessly very pricey Timely arrived  minutes prior to schedule smooth flight Easy superfast checkin in Oslo Granted nice soft roomy seats and a full row of  loads of space Flight only half full Catering onboard good though only at hefty costs Ticket inexpensive No IFE WiFi or frills But no complaints the price does not allow for much complaints Boardingdeboarding very quick through jetbridges Aircraft and FAs were somehow aged but all worked effectively,8.0,Positive,Positive,Positive,Positive,Positive,3/3,,1.0
Montevideo,airport,Enrique Simeone,2013-01-10,Spacious clean well located well serviced bright naturally illuminated airport Large halls with folk articles shops and chemist money exchange bureau and wrapping baggage service A breeze Fine areas for check in and spotless lavatories Once checked in fast track to security and immigrations available Smiley faces all over the airport Excellent Duty free shop Very good VIP lounge,10.0,Positive,Positive,Positive,Positive,Positive,3/3,,1.0
Ekaterinburg Koltsovo,airport,Serge Plyshevski,2012-11-21,Used to be very busy in the Soviet times since then reduced the traffic by at least  At the same time the new terminal was built with more adequate waiting spaces It is rather modern and clean Food service is kind of slow Public transportation to the city is not on top and I used parknfly only once,5.0,Positive,Positive,Positive,Positive,Positive,3/3,,1.0
Thessaloniki,airport,40 reviewsH Jansen,2024-01-21,A moderately sized airport some km away from the city center Its clean and modern and during the offseason security check was very fast and efficient Dutyfree shopping is in abundance and has some good offers Staff is very friendly far nicer than what you experience at other airports All arrivals and departures are busboarding only as there are no jetbridges Connection to the city is by taxi or bus X which cost only  euro,9.0,Positive,Positive,Positive,Positive,Positive,3/3,,1.0
Cobalt,airline,Nicolas Simonis,2018-07-14,Larnaca to Athens This is registered as a Cypriot airline yet it seems that they are against the local language in that safety instructions are given only in english On this airline it is impossible to select a free seat only paid seats can be selected via web The aircraft was more than perfect clean but was not near jetways and bus was used for boarding  In flight magazine price list and safety instructions were overused Nothing was offered during the flight if you want a drink you pay for it,3.0,Positive,Positive,Positive,Positive,Positive,3/3,,1.0
Washington National,airport,52 reviewsMahmud Noormohamed,2023-10-27,This review applies to Terminal  only American Airlines Transited through a rather busy Reagan National There are great views for the airfield from the D concourse terminal building and E concourse The walk from the end of D concourse to the end of E concourse is rather long and with only a  minutes connection I made it to the connecting gate in E concourse with  minutes to spare Overall a good airport and terminal to transit through,8.0,Positive,Positive,Positive,Positive,Positive,3/3,,1.0
Savannah,airport,Paul Mcglynn,2017-05-23,This is one of the nicest airports I have visited The staff are all helpful and cheerful The security system is quick and efficient and the seating areas are comfortable and spacious The woman playing piano in the area prior to security really sets the tone The whole expereince was professional polite and efficient,10.0,Positive,Positive,Positive,Positive,Positive,3/3,,1.0
LAN Colombia,airline,S Donnelly,2010-02-06,BOGMZLBOG I took them from Bogota to Manizales when I was visiting Colombia in December The crew was fantastic airport staff was polite The planes were new comfortable and service was great Tickets were very reasonable but book them early through the website to take advantage of the promotional fares which could equal  US round trip depending on where you are going and how early you book,9.0,Positive,Positive,Positive,Positive,Positive,3/3,,1.0
Libyan Airlines,airline,G Rake,2009-09-09,Manchester  Tripoli Late leaving Manchester due out at  and eventually left at around pm Smallish plane two seats either side of the aisle but hardly anyone on board so plenty of room Plane was new and the experience was fine cabin crew were helpful and friendly and food was good No video screens or music so take your own or a book Will be using this route again,4.0,Positive,Positive,Positive,Positive,Positive,3/3,,1.0
Aalborg,airport,M Larsen,2009-03-26,Aalborg Lufthavn AAL is a smallish airport near the city of Aalborg There is not usually a lot of people leaving or arriving at any one time so there is hardly ever any time wasted standing in line for checkin or security checks  brilliant A very friendly and inviting atmosphere overall,5.0,Positive,Positive,Positive,Positive,Positive,3/3,,1.0
Derry,airport,Paul Devine,2014-11-12,Great Airport  used it for a Ryanair flight to Stansted Small highly efficient  great bar restaurant and shops A breeze to get through  am going to use again Wish they were all like this,10.0,Positive,Positive,Positive,Positive,Positive,3/3,,0.921
Utair Aviation,airline,P Sprumont,2014-06-08,I returned this week from Tyumen to Munich Another B this time with vintage business cabin and seats As I was alone in the section I missed the Europeanstyle seats that would have allowed me to completely lie down instead of sitting with a  recline Crew were smiling and helping with more polyglot aptitudes than during my preceding flight Excellent tasty lunch with Sardinian I checked red wine Takeoff and landing right on time I shall not hesitate to fly with UTair again,8.0,Positive,Positive,Positive,Positive,Positive,3/3,,1.0
Detroit,airport,Michelle Prephan,2023-07-14,Detroit Metro is always clean convenient and well maintained Staff is usually pleasant and helpful We travel through DTW about  times per year and we have always had a positive experience,10.0,Positive,Positive,Positive,Positive,Neutral,3/3,,0.3665454545454545
China Airlines,airline,K Pellberg,2024-11-27,Lovely crew Very clean plane and rather comfy seating The seat belt  sign was on most of the flight although not much turbulence Quite many announcements The food was fine but wine glasses very small,7.0,Positive,Positive,Positive,Positive,Neutral,3/3,,0.20245714285714286
Cathay Pacific Airways,airline,123 reviewsMichael Schade,2025-02-17,Check in in Bangkok swift and friendly lounges and boarding in Bangkok and Hong Kong always top notch Service and catering on both flights good What  annoys me with flying economy on CX is their unwillingness to credit any Avios in non CX One World programs I was willing to pay a higher fare to get my points but there isnt any which credits points in Economy That is the reason to make me think twice to fly Cathay again in Y in the future,5.0,Positive,Positive,Positive,Positive,Positive,3/3,,1.0
Anchorage,airport,M McManus,2011-10-16,Went to Anchorage in late  Airport has some restaurants on the security side of the airport but not a good choice and the quality was not too good The gift shops on the other hand are excellent especially if you are looking for Native American art Be warned that quite a few souvenirs are like snow shakers with water which will be taken off you by security if you need to pass through them again Information screens were useful Plenty of seating and quite a view out of the terminal window,6.0,Positive,Positive,Positive,Positive,Positive,3/3,,1.0
Baku,airport,Mohamed Roshan Arakkal,2018-09-17,Free WiFi cleanliness and planning are good Queue for security and immigration took around  minutes Should deploy more staff for this purposes Restaurants after check in are less and with no good choice,5.0,Positive,Positive,Positive,Positive,Neutral,3/3,,0.156
Mahan Air,airline,H Sahein,2022-10-30,Felt like flying in the old days Flew this one hour flight from Kerman to Tehran in a packed sold out flight operating by an old Airbus A which was refurbished immaculately and very clean The flight attendants were nicely dressed and friendly It was rather hot at Kerman and I was surprised to find a cold bottle of water on seat back pocket for every passenger on this massive jet They a light dinner free of charge  Over all it was the best domestic flight I have ever taken,9.0,Positive,Positive,Positive,Positive,Positive,3/3,,1.0
Skymark Airlines,airline,Ton van Schaik,2015-01-23,Flown HanedaChitose and FukuokaHaneda in the new A Very good seats almost like business class seats  Service on board was excellent Drinks and snacks for a small fee about  euro for a coffee Will fly with them again when in Japan,9.0,Positive,Positive,Positive,Positive,Positive,3/3,,1.0
AirAsia Zest,airline,1 reviewsIshmael Fusilero,2015-09-12,My AirAsia Zest flight was a short flight from Manila to Cebu but a good trip I arrived  minutes earlier than scheduled my seats were upgraded for free and my check in luggage arrived on time in the baggage claim Everything was good but unfortunately during my flight they took off the headrest covers on the seats and the head rest looks unclean For money I paid for and the service I got I was satisfied,9.0,Positive,Positive,Positive,Positive,Positive,3/3,,1.0
Air Astana,airline,Gary Stoykov,2024-05-13,Excellent flight comfort service politeness The flight is around  hrs long and we were served a decent meal a good selection of beverages provided good entertainment in comfortable seats MTotally recommended,10.0,Positive,Positive,Positive,Positive,Positive,3/3,,0.6019999999999999
Hakodate,airport,12 reviewsK Huang,2024-05-05,Small airport which was about  minutes on bus to the city center Facilities was good and clean Baggage claim was fast and thoughtful as at many other Japanese airports Signs and directions were also clearly noted in English,8.0,Positive,Positive,Positive,Positive,Neutral,3/3,,0.11727272727272728
Kan Air,airline,7 reviewsD Ragetrios,2016-08-23,Chiang Mai to Khon Kaen with Kan Air A small but very efficient airline ATR very clean ground staff did a great job and the biggest surprise  options between fish and chicken meal with rice for a  minute flight with  rounds of drinks I choose this airline as the fastest way to go from Korat airport closed to Chiang Mai via Khon Kaen to avoid a  hour bus ride As for the price  this was half than a bus ticket to Chiang Mai Excellent,10.0,Positive,Positive,Positive,Positive,Positive,3/3,,1.0
SmartLynx Airlines,airline,H Zuithoff,2023-03-18,Very pleasant airline Friendly and helpful crew Reasonable prices for food and drinks on board There was limited choice but that is ok on a  hour flight  This was the second time I flew with SmartLynx We had a nice flight and I would fly again with this airline,9.0,Positive,Positive,Positive,Positive,Positive,3/3,,1.0
Paderborn,airport,M Pape,2015-08-09,Great regional airport Friendly people and some little shops It is nice and clean everything goes fast I have never waited more than  minutes The flights to Munich and Frankfurt gives opportunities to travel from there and the flights to Antalya and other vacation destinations are great too,9.0,Positive,Positive,Positive,Positive,Positive,3/3,,1.0
Tromso,airport,D Maher,2013-05-27,What a great airport From the city centre bus stop to departure gate in just  minutes  friendly check in and security staff and of course amazing views of the surrounding mountains As a previous poster said along with Tallinn this must be one of the nicest and quickest European airports to use,10.0,Positive,Positive,Positive,Positive,Positive,3/3,,1.0
Phoenix Sky Harbor,airport,11 reviewsPierre Ferrandi,2024-07-15,Phoenix is the easiest of all major US airport to get in and out of I picked Phoenix as my home based in part because I needed a reliable airport considering how often I fly and PHX does not disappoint The new terminal  is really excellent and the improved lounge situation at Terminal  is really appreciated,9.0,Positive,Positive,Positive,Positive,Positive,3/3,,1.0
Manchester,airport,Janette Grundy,2024-12-14,I recently flew out of Manchester Terminal  A great experience from leaving the car at the pre booked car park No queues at bag drop off or security even though I had bought a fast track pass The terminal is clean bright and well appointed Within  minutes of arrival I was eating breakfast in San Carlo My return trip was as efficient within one hour of landing I had collected my car and was at home Terminal  is a revelation after the dire experiences of Terminal  Well done from me,10.0,Positive,Positive,Positive,Positive,Positive,3/3,,1.0
Caribbean Airlines,airline,S Mahoney,2024-03-12,Wonderful crew on this very short flight The aircraft comfort better than the ATR which is the main BW commuter No service on this  minute hop but all in all great value and on time,10.0,Positive,Positive,Positive,Positive,Positive,3/3,,0.6071999999999999
Mahan Air,airline,H Sahein,2022-10-30,Felt like flying in the old days Flew this one hour flight from Kerman to Tehran in a packed sold out flight operating by an old Airbus A which was refurbished immaculately and very clean The flight attendants were nicely dressed and friendly It was rather hot at Kerman and I was surprised to find a cold bottle of water on seat back pocket for every passenger on this massive jet They a light dinner free of charge  Over all it was the best domestic flight I have ever taken,9.0,Positive,Positive,Positive,Positive,Positive,3/3,,1.0
HOP!,airline,38 reviewsRichard Callis,2018-09-10,Couple of short flights with HOP An Embraer to Paris then a Bombadier down to Perpignan Both aircraft cabins were nice staff were friendly and helpful and the snacksdrinks on board were satisfying Flights were on time As a platinum cardholder my connection between CDG and ORY was without charge saving  Euro which is a really practical and helpful perk of Flying Blue membership thanks Air France for that I fly a lot with HOP and they always do a good job well done again,8.0,Positive,Positive,Positive,Positive,Positive,3/3,,1.0
Buta Airways,airline,81 reviewsRichard Laycock,2019-11-09,Tbilisi to Baku Everything went smoothly here Boarding was quick and on time We were pushed back on time which also meant the flight left on time It was only a short hop of mins I will see how they are again when I fly  hours plus on my next flight Overall No issues Airline very smooth and would recommend,8.0,Positive,Positive,Positive,Positive,Positive,3/3,,1.0
Singapore Airlines,airline,Mostafa Khadem,2025-03-19,Excellent services as usual by Singapore Airlines from Darwin to Singapore on  March  even though I was fasting and unable to eat my foods they didnt forget to give me a box of dry foods and drinks to break my fasting Thanks a lot to the cabin crews Flight from Singapore to BKK SQ on  March was great too Always excellent service,10.0,Positive,Positive,Positive,Positive,Positive,3/3,,1.0
Coimbatore,airport,Sharon Wilson,2006-04-27,Contrary to what I had expected to find at a small domestic airport the terminal was beautifully clean well laid out with the benefit of some shops friendly staff who helped us through the security and check in process Ladies toilets both Indian and Western style were acceptably clean AC was okay if you were standing under it I would have no hesitation in travelling through this airport again on future visits to India Well done to those who maintain the Airport  keep up the good work,0.0,Positive,Positive,Positive,Positive,Positive,3/3,,1.0
Honolulu,airport,Steve Craig,2023-02-24,This airport is old inefficiently designed lacking courteous employees more interested in chatting with each other Waited in a line  ft long OUTSIDE I know Hawaii is nice but that tells you that the line was long prior to getting inside the terminal to go through security They are just lucky that people tolerate this in order to be in Hawaii I would have given less than a  if the guy at Starbucks wasnt so great,3.0,Positive,Positive,Positive,Positive,Positive,3/3,,1.0
Tontouta,airport,A McNicol,2013-05-05,Arrived on full QF from Sydney on  April Fantastic new airport that does credit to New Caledonia Clean modern and very quick from a full plane to bus transfer to Noumea,10.0,Positive,Positive,Positive,Positive,Neutral,3/3,,0.5135454545454544
Rhodes,airport,K Henson,2024-10-03,Cant fault this airport at all the staff are very friendly  helpful I found the experience of arrival  departure stress free Its nice  clean  one of the friendliest airports I have ever been to on my holidays abroad,10.0,Positive,Positive,Positive,Positive,Neutral,3/3,,0.38175
Hong Kong,airport,JJ Rockwell,2025-04-02,The airport claims it has smooth transit and easy to read signs in English helpful staff and an efficient process My experience was the complete opposite After arriving and trying to find my departure process I was told to go back backandforth to the same places by people who could not understand what I was saying this took  minutes to an hour and each time I had to rewait in line again So finally I said Im not leaving till you direct me to the right place,1.0,Positive,Positive,Positive,Positive,Positive,3/3,,1.0
Sapporo Chitose,airport,B Walker,2011-07-27,Ive flown through this airport  or  times now and its always a good experience Its a lovely modern building the staff are very helpful securitycustomsimmigration has always been quick and painless It only takes  mins by train they have a decent airport hotel located in the domestic arrivals terminal and its always spotless,5.0,Positive,Positive,Positive,Positive,Positive,3/3,,1.0
Zanzibar,airport,Vesa Laeaekkoe,2022-11-19,New international terminal is ok but nothing special  departure gates in total so not very big On arrival most people did VOA  visa on arrival so queue to get it and then another queue to pay it took quite long On departure checkin and security went smoothly on airside there were only one shop and a caf open so there wasnt much to do Wifi is free but works onoff not good for streaming anything but good enough for basic surfing At least terminal is new and clean with decent air conditioning,6.0,Positive,Positive,Positive,Positive,Positive,3/3,,1.0
Taipei,airport,Chiada Wu,2024-08-21,Taoyuan International Airport provides a comfortable travel experience with modern and clean facilities and very friendly and professional staff  However its worth mentioning that security and checkin queues do tend to be slightly longer during peak hours which may impact some travellers schedules It is hoped that there will be further improvements in the future to provide a smoother traffic experience,10.0,Positive,Positive,Positive,Positive,Positive,3/3,,1.0
Hartford,airport,M Auerbach,2010-02-24,Security thorough and lines short  thrilled to find that one of the TV monitors at the Southwest gates showed the local PBS channel  a nice alternative to the usual cable news and sports programming Custodial staff cleaned gate areas twice in one hour Spacious naturally lit gate area was a nice oasis from usually crowded departure areas,5.0,Positive,Positive,Positive,Positive,Positive,3/3,,1.0
Bassaka Air,airline,1 reviewsB Reece,2017-10-18,Phnom Penh to Siem Reap The cabin crew on our flight were amazing They were smiling and managed to provide every passenger with a beverage on this very short  minute flight We will definitely be using Bassaka Air in the future due to the affordable prices cleanliness awesome flight attendants and speedy service,10.0,Positive,Positive,Positive,Positive,Positive,3/3,,1.0
Aalborg,airport,M Larsen,2009-03-26,Aalborg Lufthavn AAL is a smallish airport near the city of Aalborg There is not usually a lot of people leaving or arriving at any one time so there is hardly ever any time wasted standing in line for checkin or security checks  brilliant A very friendly and inviting atmosphere overall,5.0,Positive,Positive,Positive,Positive,Positive,3/3,,1.0
Addis Ababa,airport,Frank Rispin,2024-03-16,Check in and immigration fine Nice breakfast in London Cafe Smooth boarding for Windhoek from A Return Cape Town to Addis  Arrival At Bole smooth and quick no que at visa on arrival Luggage fine Out quickly,10.0,Positive,Positive,Positive,Positive,Neutral,3/3,,0.34628571428571425
BH Air,airline,D Wilson,2011-09-21,DSA to BOJ Balkan Holidays airlines have got better and better prices onboard are expensive and prices are not in seirling Leg room is great and the newer aeroplanes are comfortable for  hours Cabin crew helpful and friendly,8.0,Positive,Positive,Positive,Positive,Positive,3/3,,0.883
Bandung,airport,Henri Bemelmans,2018-05-20,Not Verified The new airport is much better than the old but the issue with taxis remains The military controls the airport and hence which taxis are used No meters and extortionate fares Better off walking  minutes south on road outside arrivals right angle to airport terminal and pickup a bluebird or AA cab from there Clean and metered Pity the Government does not stop in and do something about this as it is a horrible welcome to what is otherwise a friendly and interesting city and region,7.0,Positive,Positive,Positive,Positive,Negative,3/3,,1.0
CSA Czech Airlines,airline,4 reviewsDavid Cerny,2020-01-10,Prague to Copenhagen Flight was operated by Czech Airlines A reg OKMEL not with lowcost Smartwings  like almost all other CSA flights Departure was delayed only about  minutes we arrived on time Staff was nice and friendly Ordered food was so expensive CZK but delicious Aircraft was clean and seats were comfortable,9.0,Positive,Positive,Positive,Positive,Positive,3/3,,1.0
Sao Paulo Guarulhos,airport,H Shaw,2021-01-07,Please note this review is for Terminal  This terminal was opened  years so its relatively new Terminal looks classy with the palm trees outside it Had a good experience at Guarulhos Security line was quick and efficient Passport control was also light in traffic and staff were polite as is often the case in Brazil Not too many shops but the terminal is manageable and not huge so walking distance is good What lets Guarulhos T down a bit is the signposting needs to be better The Free WIFI was great,8.0,Positive,Positive,Positive,Positive,Positive,3/3,,1.0
Privilege Style,airline,Abdal Ghafar,2020-01-25,Munich to Kabul Privilege Style is flying this  year old Boeing  on behalf of other customers as a charter airline The flight was okay  seats are comfortable enough and i felt safe throughout the journey,5.0,Positive,Positive,Positive,Positive,Neutral,3/3,,0.16499999999999998
Martinair,airline,A Rochard,2008-11-06,YYZAMSYYZ Legroom was okay got the exit row on the way back Food decent for a charter Seat width normal unlike Air Transat they dont squeeze an extra row of seats in I didnt feel the need to upgrade to Economy plus The personal entertainment device portable hard drive with monitor was great Worth the  euro on the day flight back,4.0,Positive,Positive,Positive,Positive,Positive,3/3,,1.0
QantasLink,airline,178 reviewsJohn Curtain,2024-08-18,A short but enjoyable flight Staff were friendly and helpful  Check in was easy and the plane left on time  A small snack was provided which is fine on so short a flight They also offered free beer and wine which was a nice surprise,8.0,Positive,Positive,Positive,Positive,Positive,3/3,,1.0
VLM Airlines,airline,M Fitzgerald,2015-06-11,Excellent flight more leg room than other airlines  cabin stewardess who was excellent and  tended to all passenger requirements served all passengers with  complimentary food with drink which is unknown nowadays Good old fashioned service and customers do count Flight from Waterford VG th June,10.0,Positive,Positive,Positive,Positive,Positive,3/3,,1.0
Bhopal,airport,Swapnil Varghese,2017-04-12,I wanted to acknowledge the entire ground staff including the Security who helped us a great deal to arrange boarding the aircraft We reached airport just  min before scheduled departure and the checkin was closed After requests since we as a family had to take onward flight from Delhi the ground staff went out of their way to help us,10.0,Positive,Positive,Positive,Positive,Positive,3/3,,1.0
Kent,airport,Mark McFerran,2005-02-04,Even though it is small this is one of my favourite airports Its a  minute walk from the plane to the terminal baggage is normally on the belt as soon as you arrive in and the best part is the cafe not only is it cheap but they have excellent hot bacon rolls and the fresh cakes are excellent too If only public transport links were better though I have been told the National Express service to London will soon call at Kent International,0.0,Positive,Positive,Positive,Positive,Positive,3/3,,1.0
Caribbean Airlines,airline,Morino Ravenberg,2023-06-22,I went to Jamaica for a week on vacation and I have no complaints regarding Caribbean airlines Not the best airline on the planet but theyre definitely by far not the worst  they are reasonable and if youre willing to spend a bit more than business class definitely is substantially more comfortable The only drawback that I can think of but that isnt their fault is the fact that on the return trip I had to make four stops in four different countries,7.0,Positive,Positive,Positive,Positive,Negative,3/3,,1.0
Iran Aseman Airlines,airline,M Kleine,2014-04-06,An old Fokker  departure and arrival on time very smooth landing proficient bilingual staff and excellent food omelette with herbs coleslaw and chicken,9.0,Positive,Positive,Positive,Positive,Neutral,3/3,,0.4835999999999999
Emirates,airline,16 reviewsBerton,2025-04-01,An uneventful flight to Amsterdam Catering was not the best this time bland food and sides We were served twice it filled our stomach but that was it Service provided by the staff was friendly and speedy despite a full plane Seats were comfortable We landed  min earlier in Amsterdam,7.0,Positive,Positive,Positive,Positive,Positive,3/3,,1.0
Ellinair,airline,44 reviewsS Karykas,2018-10-09,Thessaloniki to Athens Very nice and comfortable journey Flight was almost full Used the website to checkin and a mobile phone boarding pass was sent making it really easy Crew was friendly and helpful Candy small snack and drink offered in this  domestic Greek flight Luggage was included in the price and although I did not have any it made the cabin have much more space for peoples handluggage Timely and orderly departure and arrival Very good experience  I  recommend them on this route,10.0,Positive,Positive,Positive,Positive,Positive,3/3,,1.0
Air Niugini,airline,17 reviewsGlenn Mcgee,2023-05-02,Flew Air Niugini because of the B very nice cabin in a xx configuration Took seat A bulkhead seat very comfortable with heaps of leg room Staff were amazing and very attentive food was OK entertainment was enough for this flight of approx  hrs,7.0,Positive,Positive,Positive,Positive,Positive,3/3,,1.0
Valladolid,airport,Karel Hladky,2008-07-25,A very tiny airport at  km to Valladolid Only a little number of flights a restaurant and a drinks and snacks machine Clean safe and quiet,0.0,Positive,Positive,Positive,Positive,Neutral,3/3,,0.0815
Belfast City,airport,M Harrison,2019-01-09,Thumbs up for Belfast City Airport Excellent revamp New improved security area Bigger Duty Free Shop  not sharing any space with other retail Much more passenger seating Good new bar with charging points and a family  table service area The views of the apron have not been compromised This makeover is long overdue  now gives Belfast International a run for its money and much more user friendly than London City my final destination today,9.0,Positive,Positive,Positive,Positive,Positive,3/3,,1.0
Crown Point Tobago,airport,19 reviewsKazi A Mehedi,2016-03-23,Small airport but airport location wonderful Dont have boarding bridge Ground staff are very fast No need to wait for a long time to check in bags I got my bag on arrivals right after reaching the belt  very fast Staff are friendly No shops inside airport  taxi counters before arrival gate,6.0,Positive,Positive,Positive,Positive,Positive,3/3,,1.0
Caracas,airport,Fernando Moibani,2005-08-28,I guess Mr E Bernal hasnt been to CCS Intl recently This airport has been totally renewed since June a brand new arrival area was opened with about  desks and very friendly staff Deplane go through immigration and picking up your luggage takes about  minutes So I recommend you to save those US  and continuing to fly through Caracas By the way I did not know that there were flights from Maracaibo to Aruba,0.0,Positive,Positive,Positive,Positive,Positive,3/3,,1.0
Hamilton,airport,Anne Marie Blackburn,2019-10-09,Loved it Takes no more than  minutes from entering to get to the gate When you depart  minutes It was like heaven compared to Toronto where there are long lines lots of computers and where it takes so long to get to the gate and where you dread the lineups getting off the plane for the same reason It is convenient it is quick clean and has a Tim Hortons,9.0,Positive,Positive,Positive,Positive,Positive,3/3,,1.0
Columbus,airport,C Barlow,2017-06-27,John Glenn International is a great midsized airport for easy travel The terminal was recently  renovated and is very clean bright and modern There are many dining options now that werent present just a few years ago One of the best things about it is the free WiFi and charging plugs for every seat in the waiting areas Overall this is one of the best airports Ive traveled through,9.0,Positive,Positive,Positive,Positive,Positive,3/3,,1.0
Malindo Air,airline,D Thompson,2023-12-14,My first time flying with Malindo now Batik Air Fabulous experience smooth checkin luggage included Friendly attentive staff Much more comfortable seats that either Air Asia or Jetstar Good pricing I have already booked another  flights Impressive economy airline   for the price you pay,10.0,Positive,Positive,Positive,Positive,Positive,3/3,,1.0
San Sebastian,airport,S Williams,2007-05-07,MalagaSan Sebastian Approach looked a bit dodgy as the airport is sandwiched between the Pyrenees and the sea but in reality it was a gentle descent From aircraft to baggage   yards Baggage arrived very rapidly my host had parked in the free carpark only another  yards away Clean modern airport not actually in San Sebastian but Irun about  minutes from the French border very convenient for Biarritz,4.0,Positive,Positive,Positive,Positive,Positive,3/3,,1.0
Jersey,airport,Julie Myatt,2019-08-01,Lots of seating Not enough electric plugs or charge points WiFi was hopeless  it didnt work Tannoy too loud Staff seem nice enough Appeared clean,4.0,Positive,Positive,Positive,Positive,Neutral,3/3,,0.15359999999999996
Regional Express,airline,Neil McCubbin,2019-08-13,I flew with Rex on  flights recently between Lismore Sydney and Wagga and return All flights were on time comfortable and the service was very good I particularly wanted to commend flight attendant Georgia on the Wagga  Sydney flight She exuded a genuinely warm personality in every aspect of her work from the friendly smile and pleasant voice to the competent service,8.0,Positive,Positive,Positive,Positive,Positive,3/3,,1.0
Milwaukee,airport,Brandy Epple,2014-02-05,Loved flying into Milwaukee We flew in from DC with AirTran to attend our daughters naval bootcamp graduation and what an excellent airport It was a short  minute drive to North Chicago We even loved the enterprise rental car pickupdropoff I highly recommend this airport,10.0,Positive,Positive,Positive,Positive,Positive,3/3,,1.0
Tianjin Airlines,airline,Pui Ki Chan,2020-02-13,Xian to London on th Feb  Aircraft only  years old Good amount seat recline with charger available however the entertainment system need an upgrade It is the coronavirus outbreak at moment the crew did an excellent job measuring temperature and disinfected the aircraft Excellent cabin service I went back to spoke with cabin crew they are willing to share their stories and experiences The lack of entertainment system is covered by the excellent crew service,8.0,Positive,Positive,Positive,Positive,Positive,3/3,,1.0
Dubai World Central,airport,Manav Parmar,2023-02-12,Definitely deserves  Nice staff and beautiful sight I loved how they just fit I didnt like that there are two gates and you have to wait a while for the second one too Usually there is only one The bathrooms were clean and had great terminal seating,10.0,Positive,Positive,Positive,Positive,Positive,3/3,,1.0
Grand Rapids,airport,2 reviewsJoseph Leonetti,2022-01-01,Very clean and well taken care of This airport is served by so many great airlines with diverse destinations I do think that GRR needs more international routes At GRR the airport is not too big so it makes efficient travel Also they have a good selection of shops and stores The airport facility looks really modern and cool for being over  years old The only cons is that sometimes it can get a bit crowded and the staff doesnt manage high groups of passengers well Would give an  if I could,8.0,Positive,Positive,Positive,Positive,Positive,3/3,,1.0
Estonian Air,airline,U Robertinho,2013-09-02,Stockholm  Tallinn  Kiev and back Clean and nice Embraer on the first leg and a new CRJ on the second Overall a pleasant experience Transit at the small Lennart Meri ariport in Tallinn smooth and easy Staff rather dull but agreeable I would gladly fly with them again,7.0,Positive,Positive,Positive,Positive,Positive,3/3,,1.0
Pula,airport,Dora Reis,2019-09-05,Really small airport but everything went fine Fast check in and fast security check Theres only one coffee shop   kuna for a cappuccino and  kuna for water is a decent price People speak English and are friendly The WiFi works fine but you have to get the password from the personnel I asked a girl from the duty free shop Taking  points away only because the WiFi password is not available somewhere and you have to ask and there are no nice seating areas,8.0,Positive,Positive,Positive,Positive,Positive,3/3,,1.0
LC Perú,airline,Jochem Vreugdenhil,2017-10-31,Flew with LC Peru from Cusco to Lima H flight Small Boeing  old Lufthansa Legroom was limited but okay for the duration of the flight They offered one drink and a small snack two cookies Flight was smooth the price for the ticket was low included one piece of bagage of KG Crew friendly and efficient Plane was old it was ok Overall good value for money Short flights are ok plaen looks good and seats were ok Dont expect to much but I would recommend this airline for domestic flights in Peru,7.0,Positive,Positive,Positive,Positive,Positive,3/3,,1.0
Olympic Air,airline,Georgios Vrontos,2024-03-30,What a great flight of  hour and  minutes Aircraft was clean departure was on time and crew was very friendly Legroom is reasonable for such a small plane No IFE or wifi but inflight service was very good with  options of sandwiches juices coffee and chocolate,10.0,Positive,Positive,Positive,Positive,Positive,3/3,,1.0
Regional Express,airline,Maz Owen,2021-06-16,This was a  day Southwest Gourmet Tour of Tasmania The same aircraft stayed with us the entire time It was a great size and seemed very efficient All staff were very friendly and professional We were most impressed,9.0,Positive,Positive,Positive,Positive,Positive,3/3,,0.931125
Atlantic Airways,airline,C Perkin,2011-08-23,Flew to Vagar Faroe Islands Smooth flight lasting  hrs  mins each way Flight attendants were friendly and efficient Seats comfortable and spacious adequate storage space for inflight luggage Free snacks served as well as alcoholic and nonalcoholic drinks,9.0,Positive,Positive,Positive,Positive,Neutral,3/3,,0.21857142857142856
Dubai World Central,airport,Manav Parmar,2023-02-12,Definitely deserves  Nice staff and beautiful sight I loved how they just fit I didnt like that there are two gates and you have to wait a while for the second one too Usually there is only one The bathrooms were clean and had great terminal seating,10.0,Positive,Positive,Positive,Positive,Positive,3/3,,1.0
Warsaw-Radom,airport,T Wójcik,2025-02-21,A very pleasant airport Modern spacious very quiet  the building has good acoustics to dampen internal and external noise Tasty food free drinking water  you need to bring your own bottle Also interesting in the general area of the terminal you can spend time in the Flyport  an interesting educational area about aerospace Efficient service smiling and helpful staff All in all highly recommended,10.0,Positive,Positive,Positive,Positive,Positive,3/3,,1.0
Volotea,airline,Frantz Hy,2025-04-06,The schedules are well respected and the staff is excellent Boarding and disembarkation are quick The plane is clean and the information is clear  Les horaires sont bien respects et le personnel est parfait Lembarquement se fait rapidement ainsi que le dbarquement Lavion est propre et les informations sont claires,9.0,Positive,Positive,Positive,Positive,Positive,3/3,,1.0
Muscat Seeb,airport,M Barten,2025-02-22,On arrival Very long queue for passport control over an hour They have plenty of staff but processing time per person is simply very long On departure queues were fine We were told to arrive  hours in advance  which meant waiting doing nothing for a long time There are no restaurants after security just a few fast food options Also WiFi only works if you can receive an OTP by text ie you already have data Clean and pleasant but some of the details could be thought through a bit more,5.0,Positive,Positive,Positive,Positive,Positive,3/3,,1.0
Colombo,airport,Patrick Gold,2023-06-06,Frequented CMB many times in the last decade and on the whole its ok  It runs pretty smoothly and in fact has improved over the years the immigration particularly seems quicker I do however hate the exorbitant dollar priced fooddrink and duty free etc The contrast between what this cost just outside the door or the airport and the terminal prices must be one of the biggest contrasts in the world That said its a pretty painless experience to pass through,8.0,Positive,Positive,Positive,Positive,Positive,3/3,,1.0
Air Namibia,airline,A Patterson,2019-09-27,We travelled on Air Namibia after our travel company arranged substitute flights to Victoria Falls due to our Virgin Atlantic plane being delayed from London resulting in us missing our connection Virgin were very unhelpful offering a new flight  days later The trip with Air Namibia was excellent from start to finish The crew were very friendly on board the food was nice When we landed at Windhoek the ground staff were very helpful ensuring our bags continued the journey and we were kept informed,10.0,Positive,Positive,Positive,Positive,Positive,3/3,,1.0
LAN Peru,airline,Clive Drake,2009-09-28,LimaCusco and three other internal flights within Peru All flights on time and quality of aircraft pilots as in landing and take offs  was exceptional Aircraft were almost new As  all were clean  including the toilets which cannot always be taken for granted on an aircraft that is subjected to multiple take offs and landings during the day FAs very professional A very good experience,5.0,Positive,Positive,Positive,Positive,Positive,3/3,,1.0
Colorado Springs,airport,Scott Franks,2016-01-09,Great airport to travel from and return to No great distances to walk easy access to check in counters TSA actually seems to care and think rather than defaulting to lowest level of acceptable service ie  Denver Early morning flights are great as the food court has great breakfast burritos and coffee The only problem seems to be the luggage getting from the plane back to you Once you have your bags the rest of the trip out is a breeze,9.0,Positive,Positive,Positive,Positive,Positive,3/3,,1.0
Da Nang,airport,D Huang,2024-02-21,First and only visit to a Nang on a transit back in Oct  No complaints overall  easy navigation not crowded amenities were up to expectations considering it to be only rd largest airport in Vnam Immigration was surprisingly nice asked me for a CS survey which I was delighted to do Staff was also friendly put me on priority queue to my connecting flight international to domestic Fast and efficient everything was done quickly Would love to fly there again as soon as I get the chance,8.0,Positive,Positive,Positive,Positive,Positive,3/3,,1.0
Utair Aviation,airline,Georgios Vrontos,2013-08-19,ODSIEV on a new ATR having small screens for the safe announcements and you can see some comics during the  hour  minutes flight Flight was full but service was ok  they offered refreshment Staff were very friendly and we were on time Overall very nice experience,9.0,Positive,Positive,Positive,Positive,Positive,3/3,,1.0
Gothenburg-landvetter,airport,W Ellis,2018-12-15,Excellent small airport  clean spacious good restaurant  airline lounges collectively available to a great many airlines Arrival was to jetway  Departure was by bus to plane from gate E the gates  uses buses to go to aircraft The departure flight needed deicing since the aircraft was not parked at a gate it could be deiced in place before taxiing Frequent reliable bus service tofrom city Security personnel on departure efficient and courteous Time in security line   minutes,10.0,Positive,Positive,Positive,Positive,Positive,3/3,,1.0
Pittsburgh,airport,Vineet Bapat,2006-03-18,Agree with all the positive comments  only in transit at Pittsburgh International recently and found it to be a very pleasnt experience due in large part to the variety of shops and restaurants An uncrowded spacious layout adds to the comfort level Also agree with a previous comment regarding the downside of this airport being the near monopoly of US Airways a greater presence by competing carriers would be a real plus,0.0,Positive,Positive,Positive,Positive,Positive,3/3,,1.0
Air Labrador,airline,John Attersley,2013-11-14,Rigolet Labrador to Goose Bay Labrador on  October  on an Air Labrador twin Otter Aircraft has been well used over the years but provided a comfortable and quick way back to Goose Bay Bush flying copilot loaded and unloaded the bags seating  well wherever there is an empty seat No complaints about the service and would not hesitate to fly with them again,2.0,Positive,Positive,Positive,Positive,Positive,3/3,,1.0
Vientiane,airport,Christopher Hope,2013-01-02,Late flight out on New Years day I love this small airport its quick to get though and friendly A surprisingly well stocked duty free shop with a good choice A small cafe before boarding I imagine its how airports were  years ago and is a pleasure to travel through,10.0,Positive,Positive,Positive,Positive,Positive,3/3,,1.0
Aeromar,airline,R Yglesias,2012-04-25,Fly  or  times a year Mexico City to Ciudad Victoria Planes are small Fokker Turboprops Always very friendly staff and have been on time Seats are rather small an excellent lounge with drinks and snacks at a number of airports Service onboard with snacks and drinks are adequate,7.0,Positive,Positive,Positive,Positive,Positive,3/3,,1.0
BH Air,airline,Andrew Craig,2013-07-07,Flew them on the Frankfurt  Sarajevo trip on board their B I found the airline staff professional and friendly which cant be said about the customs at SJJ airport most of whom looked downright angry and like they hate their job The BH airlines crew were great and boarding was quick and breeze The flight arrived a few minutes early and I found the cabin fairly modern and clean,10.0,Positive,Positive,Positive,Positive,Positive,3/3,,1.0
Nauru Airlines,airline,26 reviewsGyan Fernando,2018-11-07,Nauru to Pohnpei Small but friendly airline The seat configuration was  and the legroom was OK for my ft frame No real inflight entertainment On the relatively shorthaul island hopping only snacks were served but there was beer and wine The best feature of this airline were the charming cabin crew clad in blue and I thought of them as Angels in Blue,9.0,Positive,Positive,Positive,Positive,Positive,3/3,,1.0
LAN Peru,airline,E Dannell,2017-05-29,Los Angeles to Cusco via Lima We were pleasantly surprised when Lan Airlines delivered our luggage  hour from the airport the day after we landed American Airlines in the US didnt tell us sbout collecting our luggage in Lima before flying to Cusco must go through Customs so it never arrived in Cusco Lan Airlines Personnel were very helpful to fill the forms out and to deliver was unexpected Thanks for helping make our trip great,10.0,Positive,Positive,Positive,Positive,Positive,3/3,,1.0
Ottawa,airport,R Rivera,2014-03-05,We  adults  kids came here about a year ago YOWPUJ nothing bad but nothing good Very clean and a lot of Sunwing Workers are nice and there is a great viewing area for kids But the downside is long waiting times for everything Otherwise it was pretty good and we will be using it again on Mar  for a flight to London UK then Warsaw Poland and back Will review it again then,8.0,Positive,Positive,Positive,Positive,Positive,3/3,,1.0
Milwaukee,airport,Kevin Milner,2015-07-26,Big enough to serve all of your needs yet small enough and easy enough to get in and out of What a contrast when compared to Kansas City and Atlanta where my journey originated They have a childrens play area great local restaurants beers coffee etc  It is about the same airfare to fly into Milwaukee often times as it is to fly into Chicago with a lot less hassle,9.0,Positive,Positive,Positive,Positive,Positive,3/3,,1.0
Berjaya Air,airline,Lorenzo Pasquini,2009-09-23,Subang Airport to Redang The plane was a De Havilland Dash old but in good conditions The flight has been pleasant and crew did the best to offer us a pleasant flight  water towels and a little snack The check in area in Subang and the all airport are very nice and clean the service has been very good They will replace their old planes soon with new ATR,9.0,Positive,Positive,Positive,Positive,Positive,3/3,,1.0
Hanoi,airport,Mussaman Haynes,2024-02-23,The new Hanoi international terminal  opened at the end of December  excellent and well planned a big improvement on the old terminal It only took me a few minutes to check in and pass the security very efficient happy helpful staff all the way,10.0,Positive,Positive,Positive,Positive,Positive,3/3,,1.0
Lucky Air,airline,S Hagenberg,2008-12-20,Nanjing to Kunming on a new B As I was sitting in in seat F had a lot of legroom Cabin crew was excellent I was served a tasty dish on the  hour flight For the return flight the ground staff Ticketing Desk in Kunming was outstanding,5.0,Positive,Positive,Positive,Positive,Positive,3/3,,1.0
Damascus,airport,H Patak,2008-10-06,Note that the airport departure tax is SP for over s All taxis from airport are run by private company and are fixed rate The cost is around  All previous comments re chaos at departure excessive zeal by document checking officials overcrowding etc are still as relevant as ever A thoroughly depressing experience in what is a friendly generous and wonderful country,1.0,Positive,Positive,Positive,Positive,Positive,3/3,,1.0
Turkmenistan Airlines43 Reviews,airline,C Lee,2024-10-11,The seat was spacious but the recline function was lost on my seat Crew were friendly They offered one meal plus one snack for just  hours The onboard announcement was inaccurate that they claimed to be landing soon  hours before the actual landing Surprisingly personal onboard entertainment was offered,7.0,Positive,Positive,Positive,Positive,Positive,3/3,,1.0
Bilbao,airport,1 reviewsJayden Ansell,2019-09-04,A good airport Lots of places to eat including burger and many seats with places to charge you devices I sat there for  hrs just streaming Netflix on the wifi May I say the wifi Is great Highly recommend,10.0,Positive,Positive,Positive,Positive,Positive,3/3,,1.0
Jet2.com,airline,Karl Whitehead,2023-12-02,First time flying with Jet they didnt disappoint We flew on a new A neo aircraft Crew were friendly  efficient We got  drinks services going but only  coming home We paid for inflight meals both ways tea coffee or hot chocolate were included The food was very good  hot Drinks were good value,10.0,Positive,Positive,Positive,Positive,Positive,3/3,,1.0
Utair Aviation,airline,P Sprumont,2014-06-02,Flew last week from Munich to Tyunmen TJM  Siberia B with Europeanstyle business cabin middle seat free Smooth checkin my coat was taken by a smiling attendant but no help to put my kg luggage in the locker No entertainment during the   hours journey redeye but more than decent meal with appetisers and good Chilean wine I hope that my return flight in two days will be at least as peaceful although the linguistic capacities of the crew should be improved,8.0,Positive,Positive,Positive,Positive,Positive,3/3,,1.0
Vnukovo,airport,Klim Sviridov,2015-09-13,Vnukovo Airport Waiting for baggage almost  hour now and havent get it yet No extra infornation from airport officials In combination with absence of smoking rooms everything becomes socalled great Ill consider another airport the next time Though ceiling is ok,4.0,Positive,Positive,Positive,Positive,Positive,3/3,,1.0
Algiers,airport,Anes Haouar,2019-03-18,The Algiers airport terminal  was not so good because they dont have many shops or restaurants the toilet was not clean and design of the building was not good But the new Algiers airport terminal  was so big with a modern design and the second name of this terminal is the door of Africa that means it connects Africa with the world terminal  has so many shops or restaurants and it was comfortable in the vip lounge,9.0,Positive,Positive,Positive,Positive,Positive,3/3,,1.0
Detroit,airport,Michelle Prephan,2023-07-14,Detroit Metro is always clean convenient and well maintained Staff is usually pleasant and helpful We travel through DTW about  times per year and we have always had a positive experience,10.0,Positive,Positive,Positive,Positive,Neutral,3/3,,0.3665454545454545
Bermuda,airport,H Coltrane,2009-03-04,What a wonderful feeling entering the Bermuda airport Friendly thoughtful staff and the wonderful band playing Bermuda is Another World were quite the contrast to American and Canadian airport experiences My wife and I just returned from a wonderful stay in Bermuda  if possible tell the band that their beautiful music is still in our heads a week later,5.0,Positive,Positive,Positive,Positive,Positive,3/3,,1.0
Cathay Dragon,airline,Felix Jiaxin ZHU,2020-04-26,Nanjing to Hong Kong Nice airline good food Seat quality maybe not as nice as a Boeing  Aircraft looked pretty clean flight crew was kind  not a star airline but it must be a star The TV was not in such a good condition,8.0,Positive,Positive,Positive,Positive,Positive,3/3,,1.0
Long Island Macarthur,airport,Paulet Corrigan,2018-05-20,Not Verified  Courteous and friendly staff Flight left early by about  minutes when it was confirmed all planning to fly were on board Crew was great Seating was great,10.0,Positive,Positive,Positive,Positive,Positive,3/3,,1.0
Dalian,airport,Y Leung,2008-03-27,Excellent airport with ample space and good architecture Checkin very efficient Immigration officers very friendly because now there is a small machine on the left side with which you can evaluate the service of service of the officer from poor to excellent in  grades It is true that it doubles as a military airport but you could have a rare sight of military jets standing nearby,4.0,Positive,Positive,Positive,Positive,Positive,3/3,,1.0
Vnukovo,airport,Klim Sviridov,2015-09-13,Vnukovo Airport Waiting for baggage almost  hour now and havent get it yet No extra infornation from airport officials In combination with absence of smoking rooms everything becomes socalled great Ill consider another airport the next time Though ceiling is ok,4.0,Positive,Positive,Positive,Positive,Positive,3/3,,1.0
Estonian Air,airline,Gert Jätsa,2015-08-30,At Brussels airport the check in service was smooth they even accepted my luggage although it was  kg overweight  The boarding was quick due to the small plane The trip was around  hours I prefer bigger airplanes for longer flights as these smaller planes tend to rock a bit more and the legroom isnt the best either The flight attendants were polite and nice The landing at Tallinn was smooth managed to clear customs very easily,8.0,Positive,Positive,Positive,Positive,Positive,3/3,,1.0
S7 Siberia Airlines,airline,Valentin Yurmanov,2019-10-25,Paphos to Sochi via Moscow Excellent company and the only one that Im using for travels to Russia Very reasonably priced tickets They are the only company which offers perks before you reach silver status which requires at least  flights miles eg free luggage if you have done  flights On that particular flight the crew was nice as always food was great for an economy ticket and the seats were comfortable Highly recommended and hopefully they will continue growing,10.0,Positive,Positive,Positive,Positive,Positive,3/3,,1.0
London City,airport,Ashley Dickson,2019-11-15,Avoid at peak times security is a mess Gone are the days of the  minute check in and smooth easy journey This used to be my go to airport due to the ease of transit Such a shame they have added so much flight capacity and not matched it with security,3.0,Positive,Positive,Positive,Positive,Positive,3/3,,1.0
Hangzhou,airport,Thorkild Lykke,2007-07-16,New airport opened around  and much better than the old airport at the military airbase Plenty of checkin counters and smooth handling in security check First class lounge good As most Chinese airports it is noisy from continuous announcements,4.0,Positive,Positive,Positive,Positive,Neutral,3/3,,0.24690909090909088
Bermuda,airport,H Coltrane,2009-03-04,What a wonderful feeling entering the Bermuda airport Friendly thoughtful staff and the wonderful band playing Bermuda is Another World were quite the contrast to American and Canadian airport experiences My wife and I just returned from a wonderful stay in Bermuda  if possible tell the band that their beautiful music is still in our heads a week later,5.0,Positive,Positive,Positive,Positive,Positive,3/3,,1.0
Virgin Atlantic,airline,I Šikić,2025-02-26,Very cramped space for legs I am   and you cant get enough space for legs so I put my right leg in corridor Arm support cant be lowered and not just on my seat I was flying with Delta Qatar and Turkish  intercontinental but this plane was just overloaded with seats Entertainment choice ok Food was ok but also much better on other companies wine also ok Ladies and men cabin crew were great Funny and polite very useful must say one of the best Ive met,6.0,Positive,Positive,Positive,Positive,Positive,3/3,,1.0
Muenster-osnabrueck,airport,D Westerheijden,2005-09-15,Nice clean and efficient regional airport which I have used regularly over the years Never had queues at checkin Living in the Eastern part of Holland FMO the official abbreviation of MnsterOsnabrck is a good alternative for me to Amsterdam Provided that is  you have a car public transport connections to the airport are not simple and not fast and  you find a good and not too expensive flightespecially flights with connections in major hubs Frankfurt or Munich can be rather expensive,0.0,Positive,Positive,Positive,Positive,Positive,3/3,,1.0
Tontouta,airport,A McNicol,2013-05-05,Arrived on full QF from Sydney on  April Fantastic new airport that does credit to New Caledonia Clean modern and very quick from a full plane to bus transfer to Noumea,10.0,Positive,Positive,Positive,Positive,Neutral,3/3,,0.5135454545454544
Air Mediterranee,airline,Georgios Vrontos,2024-08-27,We boarded on time but we had  hour delay due to traffic at ATH get too hot so crew open doors again and served water Plane was nice and clean Crew were very friendly We landed with half an hour delay Nice inflight service for hm flight,10.0,Positive,Positive,Positive,Positive,Positive,3/3,,1.0
Belavia,airline,26 reviewsGyan Fernando,2019-08-27,Minsk to Gatwick A very pleasant flight Boarding was quick the aircraft was clean and the seating was  Leg room was adequate The flight took off on time and landed on time Meal service consisted of a standard hot meal with soft drinks and tea or coffee No alcohol was offered This was a short   hrs flight and so the meal was very good There was no inflight entertainment,9.0,Positive,Positive,Positive,Positive,Positive,3/3,,1.0
Virgin Atlantic,airline,I Šikić,2025-02-26,Very cramped space for legs I am   and you cant get enough space for legs so I put my right leg in corridor Arm support cant be lowered and not just on my seat I was flying with Delta Qatar and Turkish  intercontinental but this plane was just overloaded with seats Entertainment choice ok Food was ok but also much better on other companies wine also ok Ladies and men cabin crew were great Funny and polite very useful must say one of the best Ive met,6.0,Positive,Positive,Positive,Positive,Positive,3/3,,1.0
Manta Air,airline,3 reviewsAndreas Dubiella,2020-12-16,Small Domestic Terminal in Male Fast and efficient no Food or Drink facilities Quick boarding by bus New ATR with comfortable seat pitch Short  Minute flight very friendly Maldivian Crew Water Juice and Fruits offered Smooth Landing in Dhaalu Bags delivred in  minutes Perfect short and comfortable flight,9.0,Positive,Positive,Positive,Positive,Positive,3/3,,1.0
Nassau,airport,19 reviewsKazi Ayetullah Al Mehedi,2016-03-21,This airport has  terminals one for USA flights and one for non USA flights Not big airport Inside is very clean and staff are very helpful However there are long waiting times at immigration and customs Customs has no scanner machines so they have to open all bags for checks Needed almost  hours to finish immigration and customs When departing it is very quick Inside the airport there are only a few shops,6.0,Positive,Positive,Positive,Positive,Positive,3/3,,1.0
Comair,airline,7 reviewsM Richards,2019-11-16,Durban to Cape Town with Comair This is a  hour flight which was full The business class seats were the same as economy but with a little extra legroom and the middle seat was empty The FAs were mature and friendly There was a full bar service and light lunch was served The aircraft was clean left on time and arrived on time A relatively smooth flight unlike BA they serve refreshments and full bar service on this short haul domestic flight,8.0,Positive,Positive,Positive,Positive,Positive,3/3,,1.0
Caribbean Airlines,airline,Morino Ravenberg,2023-06-22,I went to Jamaica for a week on vacation and I have no complaints regarding Caribbean airlines Not the best airline on the planet but theyre definitely by far not the worst  they are reasonable and if youre willing to spend a bit more than business class definitely is substantially more comfortable The only drawback that I can think of but that isnt their fault is the fact that on the return trip I had to make four stops in four different countries,7.0,Positive,Positive,Positive,Positive,Negative,3/3,,1.0
Turkmenistan Airlines43 Reviews,airline,Sudarshan Sharma,2018-12-09,Birmingham to Amritsar via Ashkabat No nonsense air line Great Indian vegetarian food There was no flight screens no seat screens We stopped at Ashgabat for one hour its nice modern airport with all facilities The good thing was that the time at Ashgabat and time in India is only  minute difference,8.0,Positive,Positive,Positive,Positive,Positive,3/3,,1.0
S7 Siberia Airlines,airline,13 reviewsC Taurese,2020-01-02,Osaka to Vladivostok Second time to fly S very good experience from checkin to boarding timeprocedure and flight itself Checkin was smooth boarding was quick and efficient The aircraft was new the legroom was decent and the snack offered inflight surprisingly good Total flight time was about h we landed  minutes earlier than scheduled Overall high marks for S,9.0,Positive,Positive,Positive,Positive,Positive,3/3,,1.0
Medina,airport,P Morrison,2017-09-26,Convenient location  only  mins from the Mosque Excellent modern facilities Nice simple elegant layout with steelwork reflecting date palm trees Convenient location of cafetarias toilets and prayer rooms Friendly staff and security personnel Clean and tidy Ample seating facilities,10.0,Positive,Positive,Positive,Positive,Positive,3/3,,0.5913333333333333
Lviv,airport,Ivan M Dzhur,2012-09-20,Extended and refurbished runway is so much improved New Terminal building constructed for Euro Cup  is really nice and well designed With lots of space very clean and spacious When I arrived on the flight from Warsaw we were coached to the international arrivals where all  or  of us cleared passport control in under  minutes Baggage was on a belt also in about  min after we disembarked It was a pleasure to use such a lovely little airport and o much improved,9.0,Positive,Positive,Positive,Positive,Positive,3/3,,1.0
Air Transat,airline,Michael Bryant,2024-11-04,Both legs of my flight were much better than expected The aircraft was clean and fresh The cabin crew were pleasant and efficient Check in was a breeze on both legs Flights departed and arrived as scheduled The seat was just fine for a  hour flight I am a normalsized person I would certainly fly with them again given the overall experience,10.0,Positive,Positive,Positive,Positive,Positive,3/3,,1.0
Dane County Regional,airport,7 reviewsB Chang,2016-06-06,This is a fairly good airport Nice and clean easy to get around This airport is also very small and therefore has less wait time thus you can probably get away with arriving only  hour prior to departure and still make your flight On the other hand there is not very many options to eat or shop,8.0,Positive,Positive,Positive,Positive,Positive,3/3,,1.0
Nordavia,airline,2 reviewsDmitrii Egorov,2018-10-18,Saint Petersburg to Samara The airline is very good The cabin is clean and comfortable and with this always promised food and friendly staff As for the baggage allowance things are even better the baggage allowance is  kilograms,10.0,Positive,Positive,Positive,Positive,Neutral,3/3,,0.4154399999999999
Pittsburgh,airport,Sharon Walker,2021-10-20,I have flown from Charlotte NC to Pittsburgh many times in the past  yrs Today I lost my wallet I was very fortunate to be called informing me someone had turned in my wallet They kindly sent an employee up to gate B to return it to me just minutes before my flight took off That is excellent customer service and I will be forever grateful for their kindness I will never forget this Thanks for such a wonderful and caring staff You guys rock,10.0,Positive,Positive,Positive,Positive,Positive,3/3,,1.0
Okay Airways,airline,R Thompson,2011-07-29,JNZDLC Flight departed and arrived on schedule Aircraft was newish MA clean and tidy Cabin announcements in English as well as Chinese but no cabin service  only  hour flight so acceptable especially given price of ticket RMB  Aircraft named Modern Ark  apt as modernised Chinese version of old Antinov design Overall perfectly acceptable,8.0,Positive,Positive,Positive,Positive,Positive,3/3,,1.0
Karthago Airlines,airline,Jim Vincent,2009-09-07,The food wasnt that great and theres no inflight entertainment but we were comfortable and had our iPods With regards to the cleanliness of the aircraft weve been on worse We found the cabin crew to be friendly their English is not great and they all had smiles I think if you expect high standards from a  star airline youre bound to come home and write negative reviews Overall we were happy with what we got,6.0,Positive,Positive,Positive,Positive,Positive,3/3,,1.0
Tweed New Haven,airport,K Wissler,2023-09-18,Small super convenient airport Its small but efficient Has one food counter with the really good food Better than most airports Have to walk out on tarmac to plane Arrival and exiting are quick and easy Wait about  minutes to  minutes for bag and out the front door in  steps Outside attendant are great The give directions and keep pick up lines organized enough Gets a  for Convenience,10.0,Positive,Positive,Positive,Positive,Positive,3/3,,1.0
Aerocaribbean,airline,Philip Jensen,2010-12-31,Havana  Cayo Coco return A one hour flight with an old ATR turboprop Seats surprisingly comfortable and we were offered a free drink plus candy onboard Nothing special but we arrived on time,8.0,Positive,Positive,Positive,Positive,Neutral,3/3,,0.22628571428571426
Air Rarotonga,airline,4 reviewsJane Laidlaw,2024-01-31,Excellent  minute flight within the Cook Islands On time excellent information from flightdeck One solitary hostess who was friendly and provided tea coffee and water Other drinks could be bought Everything was very pleasant and efficient,10.0,Positive,Positive,Positive,Positive,Positive,3/3,,0.76128
Lucky Air,airline,G Price,2008-03-16,Used this airline for an internal flight in China last October from Kunming to Lijiang and just had to take some photos etc but not a joke  crisp new airline with latest Boeings smart logos etc Short flight but adequate English used and friendly crew,4.0,Positive,Positive,Positive,Positive,Positive,3/3,,1.0
Seychelles,airport,Derek Salter,2014-03-30,Old airport  looks like a s relic  which it is Only used for transfer which was so simple  just a short walk In that sense convenient but not much to do air side and unable to comment on passport or check in services Staff pleasant and very helpful So my one hour in the Seychelles was smooth and pleasant Departure area airconditioned which was handy in c humid outside temps,8.0,Positive,Positive,Positive,Positive,Positive,3/3,,1.0
Surabaya Juanda,airport,8 reviewsRendi Oktavianto,2016-06-09,Surabaya is my hometown airport I was really happy when Terminal  opened but I think they could improve the facilities such as food and stores Surabaya is a simple airport  the terminal is quite clean toilets huge spacious check in and waiting room I spend a lot of time here but I have never used the WiFi so I dont know about the speed Airport staff are attentive,7.0,Positive,Positive,Positive,Positive,Positive,3/3,,1.0
Rhein-Neckar Air,airline,29 reviewsWolfgang Bernhart,2019-10-29,Mannheim to Berlin Great experience flying like in the past good service no queues customers first  I can recommend,10.0,Positive,Positive,Positive,Positive,Positive,3/3,,0.9179999999999999
Island Air,airline,C Dunlop,2014-04-19,After so many negative comments I believe a positive is in order Honolulu to Lanai check in a breeze courteous and friendly we paid  per bag but now only  Flight basically on time aircraft ATR quite comfortable after all flight is only  minutes  Flight attendants very friendly juice and water offered Bags delivered promptly Will fly them back to HNL and will only post if flight is any less enjoyable,10.0,Positive,Positive,Positive,Positive,Positive,3/3,,1.0
Air Koryo,airline,Toby Sears,2016-03-22,Beijing to Pyongyang The Tupolev  aircraft is as comfortable as many that are flying around the US The checkin experience was quick at Beijing and Pyongyang The crew were friendly and smiling during the flight The burger was quite tasty and I got a beer with it Baggage quickly delivered at both ends,8.0,Positive,Positive,Positive,Positive,Positive,3/3,,1.0
LAN Peru,airline,Frank Sherwin,2008-12-15,LAN Peru LIMLAX economy flight filled to capacity FAs friendly and competent  new with the standard LAN seatback VOD Uusually for a Boeing standard size carryon luggage now actually fits in the overhead compartments  noisy as usual but reasonably comfortable flight apart from the  seats which have no footrest and dont recline very much good food and drinks service Booked as part of a flight from SJC to SCL the LAN booking system seems to work better now and was cheaper than booking through AAs system,4.0,Positive,Positive,Positive,Positive,Positive,3/3,,1.0
Izmir,airport,3 reviewsAli Osman Sezişli,2019-03-07,Izmir Adnan Menderes Airport seems a bit far from downtown but it has a connection of a local rail system called zban and it takes about  minutes to reach the airport There are lots of food and beverage options on the ground Prices are high in my opinion but you can find something suitable for your budget Its very clean and safe Also there are lots of taxis and buses you can use,7.0,Positive,Positive,Positive,Positive,Positive,3/3,,1.0
TAM Airlines,airline,Stefan Horne,2016-04-04,Frankfurt to Sao Paulo with TAM Airlines Service was attentive friendly and acceptable for economy class Food is as good or less good as with other airlines Seat is standard and what you get for economy The IFE is rather slow and not as quickly responding as for example in the  of LAN Overall a good and pricewise interesting way to travel to South America Luggage was damaged upon return at FRA but ground staff not interested in being friendly or understanding,7.0,Positive,Positive,Positive,Positive,Positive,3/3,,1.0
Tontouta,airport,S Lorang Grimaldi,2013-03-27,I passed through this airport in July  They had done a lot of improvements since the first time I flew through in  and I know that its not totally finished now The price of food and beverages is pretty expensive The airport looks good and clean The staff are professional,9.0,Positive,Positive,Positive,Positive,Positive,3/3,,1.0
Conviasa,airline,Manuel Kliese,2007-05-23,Barcelona BLA to Caracas CCS in Venezuela on a classic Boeing  aircraft I experienced Conviasa to be quite nice to fly with Anyhow they do not offer much more than the average European nofrills carriers A costfree nonalcoholic drink was served on that short domestic flight the aircraft was clean and fine despite its age we departed BLA about  minutes ahead schedule  not every airline in Venezuela manages that Since the ticket costed me less than EUR  I can call it a quite satisfying experience,0.0,Positive,Positive,Positive,Positive,Positive,3/3,,1.0
Tigerair Australia,airline,Salman Shami,2020-03-17,I flew one way from Melbourne to Canberra I paid extra  for more leg room and extra  for priority boarding It came to  The flight left on time and arrived on time The seat was comfortable The staff were courteous Based on my experience I wouldnt hesitate to fly with this airline again,9.0,Positive,Positive,Positive,Positive,Positive,3/3,,1.0
Dubai,airport,40 reviewsH Meijer,2025-04-01,A huge airport with multiple terminals and layers thereby distances are big Large lifts and automated people movers do help a lot Border control was fast and efficient they hand out a sim card for free on arrival Security was efficiently organized too Staff is mostly friendly and helpful Transport to town can be by metro busses or taxi It easily takes  hour or more,10.0,Positive,Positive,Positive,Positive,Positive,3/3,,1.0
Granada,airport,Henry Tib,2011-12-03,Arrived on the last evening flight from Barcelona tourist desk very helpful and received our luggage within  minutes No taxis available so took the airport bus driver was very helpful and even dropped us a short distance from our hotel,8.0,Positive,Positive,Positive,Positive,Neutral,3/3,,0.1632
Berjaya Air,airline,K Cheng,2008-05-23,De Havilland Dash  of s to s vintage though obviously old with little patches of tranished white paintwork on the airframe revealing its true age Inflight service was better than I expected Hostesses were friendly and courteous Though they serve packet towels some sweets on a tray and bottled mineral water they did so with high level of politeness The only bugbear I can highlight is the lack of a hot snack and hot teacoffee on the flight  that wouldnt have cost too much and flight was hr  mins,0.0,Positive,Positive,Positive,Positive,Positive,3/3,,1.0
Bilbao,airport,Alastair Wharton,2017-09-19,Great regional airport by Spanish Standards Easy to Navigate when both landing and departing Arrivals was easy immigration was quick and at the end of the arrivals lounge is the transit bus to the city centre  minutes from getting of the plane and on a bus into the city Check in was easy and simple the only departures terminal has about  check in desks in the main hall and queues at security where not to long The airside shopping is adequate and walking to the furthest gate takes no more than  minutes,8.0,Positive,Positive,Positive,Positive,Positive,3/3,,1.0
Port Moresby,airport,H Horas,2016-01-15,Domestic arrival was good canteen facilities are reasonably priced Toilet was clean in arrival hall International departure   money exchange facilities available The security check was not particularly friendly  boarding was smooth via gate  with Virgin Australia using an air bridge,2.0,Positive,Positive,Positive,Positive,Neutral,3/3,,0.19566666666666663
Aero VIP,airline,24 reviewsAngelo Menezes,2019-05-03,Bragana to Cascais with Aero VIP Seven Air provides the services The pilot was very nice and made sure everyone was comfortable and explained there would be some turbulence which was normal Flight arrived  minutes late,9.0,Positive,Positive,Positive,Positive,Positive,3/3,,0.36719999999999997
Vientiane,airport,Christopher Hope,2013-01-02,Late flight out on New Years day I love this small airport its quick to get though and friendly A surprisingly well stocked duty free shop with a good choice A small cafe before boarding I imagine its how airports were  years ago and is a pleasure to travel through,10.0,Positive,Positive,Positive,Positive,Positive,3/3,,1.0
Rio De Janeiro,airport,E Kanapov,2019-06-02,The airport was renovated in  before the Olympic games it looks like Miami International Airport nothing special good duty free some good lounges all in all good airport with some problems with queues and not so friendly staff,6.0,Positive,Positive,Positive,Positive,Neutral,3/3,,0.38044897959183677
Copenhagen,airport,Yu-Hsiu Chang,2023-10-28,It is easily accessible from the city center by metro within  minutes It is clean and modern Employees are friendly and helpful Signposts are clear Goods are bountiful,8.0,Positive,Positive,Positive,Positive,Neutral,3/3,,0.20600000000000002
Conviasa,airline,Manuel Kliese,2007-05-23,Barcelona BLA to Caracas CCS in Venezuela on a classic Boeing  aircraft I experienced Conviasa to be quite nice to fly with Anyhow they do not offer much more than the average European nofrills carriers A costfree nonalcoholic drink was served on that short domestic flight the aircraft was clean and fine despite its age we departed BLA about  minutes ahead schedule  not every airline in Venezuela manages that Since the ticket costed me less than EUR  I can call it a quite satisfying experience,0.0,Positive,Positive,Positive,Positive,Positive,3/3,,1.0
Yakutia Airlines,airline,James Heintz,2012-09-10,Moscow to UlanUde in economy on a Boeing  The plane interior was clean and in good shape the dinner was edible staff polite and reasonably efficient Seat pitch is tight for the tallish me  cms But the whole experience was better than Id expected from an offbrand carrier,6.0,Positive,Positive,Positive,Positive,Positive,3/3,,1.0
Corsair,airline,Isabelle Keil,2020-01-20,Paris Orly to PointePitre Overall good experience decent food friendly service on the inbound flight Outbound all of the crew disappeared at night difficult to get something to drink Some security concerns upon landing in Paris Crew didnt check the cabin at alltwo teens sleeping in lie flat position until touchdown No one to wake them up no one to remind them to put their seat in an upright position never saw that before  Seats are ok but angled lie flat,6.0,Positive,Positive,Positive,Positive,Positive,3/3,,1.0
Durham/tees Valley,airport,Dave Booth,2006-05-24,I use this little airport for flights between northern England and SE Asia via AMS on KLM I find it a very convenient feeder airport to the AMS hub and the small size of the terminal ensures that arrivals are swift and painless  Im on the road within  mins of hitting the tarmac in most cases Staff are generally friendly and helpful By contrast nearby NCL  which used to be very quick and efficient  is much more hassle with some of the most miserable ground staff in Europe,0.0,Positive,Positive,Positive,Positive,Positive,3/3,,1.0
Forli (bologna),airport,Dave Slater,2004-12-29,This airport is so small First time I flew into It I came off the Plane and was out into the car park in around  minute  seconds only hand luggage with me This airport is quite a way from Bologna so you need to catch a Taxi to the station in the town for around  Euros Coming back the airport has a couple of nice bars and a cafe The Taxi driver from Forli railway station to the airport was very friendly Forli itself is very s Italian  dont expect any real culture,0.0,Positive,Positive,Positive,Positive,Positive,3/3,,1.0
Virgin Atlantic,airline,Alan Young,2025-04-06,First time flying with Virgin Atlantic and very impressed Full flight but smooth boarding good legroom and good IFE Crew friendly and professional Flight slightly delayed due to ATC so arrived half hour late Only downside was the meal served  a pasta dish that was a bit bland Would fly Virgin again,9.0,Positive,Positive,Positive,Positive,Positive,3/3,,1.0
Faleolo,airport,R Ellis,2003-08-03,Apias airport has been upgraded and presents a warm pacific feeling The immigrationcustoms staff should be taught to smile though  especially after tourists are sold on the idea of a friendly pacific paradise proudly operated by the friendliest people on earth,0.0,Positive,Positive,Positive,Positive,Positive,3/3,,1.0
TACA Airlines,airline,Georgios S Vrontos,2016-01-11,Flew TACA Airlines from Lima to Bogota Only the outside of the aircraft and the food carriage were TACA The rest magazine and crew were Avianca Food service for the  and a half hour flight was great full meal Full service of drinks juices beers alcoholic I would fly with them again,7.0,Positive,Positive,Positive,Positive,Positive,3/3,,1.0
Long Island Macarthur,airport,Paulet Corrigan,2018-05-20,Not Verified  Courteous and friendly staff Flight left early by about  minutes when it was confirmed all planning to fly were on board Crew was great Seating was great,10.0,Positive,Positive,Positive,Positive,Positive,3/3,,1.0
Manaus,airport,Andre Souza,2009-05-05,MAO is an old airport far away from the city but with good and cheap connections They have a lot of security food is expensive so come prepared  a simple burger will cost you  dollars or so and internet  dollars one hour Tourist information center is very friendly and helpful,4.0,Positive,Positive,Positive,Positive,Positive,3/3,,1.0
Air KBZ,airline,P Ryan,2016-03-25,Yangon to Thandwe and pleasantly surprised by Air KBZ Snacks served onboard  seats generally comfortable Organisational issues with boarding and a slight delay in departure from Yangon Check in at RGN was not very organised however once inside the departure terminal  ground staff were more helpful They give you a coloured sticker to put on your shirt to ensure you get on the correct flight Would use again,8.0,Positive,Positive,Positive,Positive,Positive,3/3,,1.0
Zanzibar,airport,Vesa Laeaekkoe,2022-11-19,New international terminal is ok but nothing special  departure gates in total so not very big On arrival most people did VOA  visa on arrival so queue to get it and then another queue to pay it took quite long On departure checkin and security went smoothly on airside there were only one shop and a caf open so there wasnt much to do Wifi is free but works onoff not good for streaming anything but good enough for basic surfing At least terminal is new and clean with decent air conditioning,6.0,Positive,Positive,Positive,Positive,Positive,3/3,,1.0
Nordica,airline,7 reviewsBarnabas Heincz,2017-12-06,Warsaw to Tallinn Our flight was in codeshare with LOT Polish Airlines Between our arrival and departure there were  minutes gate opens  mins before departure the ground crew worked very well so we could catch our Nordica flight to Tallinn with ease The seats are comfortable the legroom is more than okay Bigger meals and drinks are available on purchase but they serve complementary drinks coffee tea water and snacks chocolate bar The cabin crew was kind and the cabin was clean,7.0,Positive,Positive,Positive,Positive,Positive,3/3,,1.0
Read more,airline,Sudarshan Sharma,2018-12-09,Birmingham to Amritsar via Ashkabat No nonsense air line Great Indian vegetarian food There was no flight screens no seat screens We stopped at Ashgabat for one hour its nice modern airport with all facilities The good thing was that the time at Ashgabat and time in India is only  minute difference,8.0,Positive,Positive,Positive,Positive,Positive,3/3,,1.0
Canadian North,airline,Steve Mason,2008-03-02,Had a chance to fly Canadian North for the first time from Calgary to Inuvik in the Northwest Territories Check in friendly with no extra charge for my  bags The aircraft was a Boeing  which replaced the Fokker Flight Attendants were friendly attentive We were served a hot breakfast Return flight equally as pleasant with a hot dinner this time and free wine The service reminded me of the Wardair days I only wish that they flew across lower Canada as well,5.0,Positive,Positive,Positive,Positive,Positive,3/3,,1.0
Dresden,airport,Mark Evans,2007-05-08,Little expense has been spared to make DRS a spacious and stateofthe art An allround highly agreeable experience with the added advantage of DRS being very close to the city centre A halfhourly rail service connects DRS with Dresden Hautbahnof a minute journey with several intermediate stops all for a princely EUR  oneway fare BA has recently launched an LGWDRS service great views of the heart of the city on the landing approach from the starboard side but the airport remains somewhat underutilised,4.0,Positive,Positive,Positive,Positive,Positive,3/3,,1.0
Accra Kotoka,airport,13 reviewsAlain Kupferman,2017-01-30,Old airport but reconstruction going on Very efficient immigration on the way in with separate lane for business class Fast delivery of luggage as well took me less than  minutes to be out of the airport Departure wise a little bit slower but acceptable friendly immigration and security people very basic business lounge Departure procedure efficient despite lack of discipline of Chinese passengers always trying to jump queues,6.0,Positive,Positive,Positive,Positive,Positive,3/3,,1.0
Air North Yukon's Airline,airline,Clayton Bigsot,2024-04-02,I love Air North and use them whenever its convenient between Kelowna and Vancouver Very reasonable fares which includes two checked bags and advance seat selection for  Always on time friendly staff and I love the vintage s Its like what flying was like decades ago  much nicer and more relaxed,8.0,Positive,Positive,Positive,Positive,Positive,3/3,,1.0
Dniproavia,airline,Janne Petersson,2009-10-26,Morning flight Kiev  Odessa a new clean Embraer  It was a very pleasant flight with free candies and beverages served by smiling crew Departed on time and arrived early Check in in Kiev quick and easy The atmosphere and attitude quite relaxed and pleasant,10.0,Positive,Positive,Positive,Positive,Positive,3/3,,1.0
Amritsar,airport,Jag Jhajj,2017-09-07,Small but efficient and clean airport There was not much rush and check in to gate was  minutes in the evening I fly from this airport once a year and never have any issueso far Customs and immigration takes less time than any other airports in India experienced,8.0,Positive,Positive,Positive,Positive,Positive,3/3,,1.0
Hakodate,airport,12 reviewsK Huang,2024-05-05,Small airport which was about  minutes on bus to the city center Facilities was good and clean Baggage claim was fast and thoughtful as at many other Japanese airports Signs and directions were also clearly noted in English,8.0,Positive,Positive,Positive,Positive,Neutral,3/3,,0.11727272727272728
Graz,airport,2 reviewsMark Shah-Hall,2017-10-06,Graz is lovely small airport From our hotel in town centre it took  mins to get airside at the gate including taxi ride checkin and security doesnt get better than that Friendly staff a quick service nice glass walls to view planes runaway etc from each gate Cafe duty free wifi access and not crowded I guess not a huge selection of destinations to fly to from here is the down side Overall a great airport experience,10.0,Positive,Positive,Positive,Positive,Positive,3/3,,1.0
Iberia Express,airline,Javier Bacallado,2024-11-21,The usual service everything ok Lounge at Madrid airport is just great Late boarding and late departure due to traffic control arrived  min late On board crew is just great as usual very attentive full lunch served with open bar Seat comfort nothing special but fine for a hr flight Everything worked out well they need to pay attention to punctuality,10.0,Positive,Positive,Positive,Positive,Positive,3/3,,1.0
Felix Airways,airline,Numan Mousa,2015-07-30,It was my first time in Yemen and flying Felix Airways The flight was only  min but it was enjoyable The staff were friendly and the plane was in a good shape in addition to a comfortable seat and a nice route,8.0,Positive,Positive,Positive,Positive,Positive,3/3,,1.0
AirAsia India,airline,Arpita Chatterjee,2023-06-09,My mother travelled alone in Air Asia on  June  The flight was very comfortable Services were good Ground staff was extremely helpful Sincere thanks to the ticketing staff,9.0,Positive,Positive,Positive,Positive,Positive,3/3,,0.47879999999999995
Uzbekistan Airways,airline,45 reviewsJ Lupu,2023-09-18,Checkin prolonged because their system was not updated concerning visa regulations Boarding efficient with bus transfer Cabin crew  nice ladies with friendly approach Free drinks were served There was free wiif onboard Flight was on time Entertainment without headsets,9.0,Positive,Positive,Positive,Positive,Neutral,3/3,,0.36749999999999994
US-Bangla Airlines,airline,5 reviewsNafis Ahmed Raiyan,2018-03-05,Coxs Bazar to Dhaka with USBangla Airlines The checkin process was smooth The plane arrived exactly on time But had to refuel for mins We were on a full family trip The staff was friendly and helpful The seats were a bit tight and narrow Food was average  Landing was smooth We got our baggage in time I dont know about others but my experience was satisfactory,7.0,Positive,Positive,Positive,Positive,Positive,3/3,,1.0
Dalian,airport,Y Leung,2008-03-27,Excellent airport with ample space and good architecture Checkin very efficient Immigration officers very friendly because now there is a small machine on the left side with which you can evaluate the service of service of the officer from poor to excellent in  grades It is true that it doubles as a military airport but you could have a rare sight of military jets standing nearby,4.0,Positive,Positive,Positive,Positive,Positive,3/3,,1.0
Aerosur,airline,A Gathercoal,2007-10-08,Santa Cruz Bolivia to Sao Paulo Brazil  a saving of about US over GOL At the airport checkin was easy I recommend that you arrive early to avoid the impending line The counter staff was as friendly and they did not charge me for my extra luggage weight I was impressed by the  that AeroSur is using on this international flight do note that most AeroSur flights use aging s The flight attendants served a box meal and drinks on this two hours flight and we arrived on time,0.0,Positive,Positive,Positive,Positive,Positive,3/3,,1.0
Gran Canaria,airport,2 reviewsM Durton,2022-05-08,Arrival was easy and bags arrived quickly waived through health control and landside within    minutes departing again no issues although the airport was busy with the evening departures there was plenty of security checkpoints open and plenty of staff each employee at the airport I encountered was helpful and friendly once through security there is a excellent Duty Free and several restaurantsbars along with a small selection of shops,9.0,Positive,Positive,Positive,Positive,Positive,3/3,,1.0
Waterford,airport,Paul Cox,2015-01-23,Flew Waterford to Birmingham on th January  Nice little airport staff very friendly Small cafe before departure excellent coffee and light snacks Security and boarding very well handled An enjoyable experience,9.0,Positive,Positive,Positive,Positive,Positive,3/3,,0.8805
Barra Eoligarry,airport,Alex Johnson,2017-04-20,Barra is an amazing airport  its tiny shed like and has few facilities The most people there at one time will only be approx  as the flights are operated by little twin otters What makes Barra great is the runway  its the beach The approach and landing experience are a must Also once youve got off and collect your bag from a shelter in the car park youve got a maximum of  metres to walk to your car taxi or bus they meet every flight and are a good way to get around the islands,10.0,Positive,Positive,Positive,Positive,Positive,3/3,,1.0
Taipei,airport,1 reviewsA Marton,2024-04-13,This airport is very nice clean and efficient The staff at the airport are also very kind and welcoming I remember I was a little late to my flight and only had around half an hour to the flight from the checkin area They really got me in and out very fast and I had around  minutes to spare Very thankful for that,9.0,Positive,Positive,Positive,Positive,Positive,3/3,,1.0
Novair,airline,Ulf Källén,2011-03-21,I have went with Novair four times OSLLPA x OSLTFS OSLFUE Great service good looking planes comfortable seats No delays new clean A The only less good thing  the food,7.0,Positive,Positive,Positive,Positive,Neutral,3/3,,0.5162727272727272
Mallam Aminu Kano Intl,airport,Montgomery Burns,2008-02-17,Time warp but in a positive sense I guess this is how a small town airport must have looked and felt  years ago Sleepy atmosphere old building completely unorganised staff but friendly and quick We got through immigration baggage collection and customs within  minutes all without any tips Enjoyed the experience Return flight checkin was quick no hassle The best airports are those in which you dont spend any time If it wasnt for the complete lack of any facilities Id give it four stars,0.0,Positive,Positive,Positive,Positive,Positive,3/3,,1.0
SilkAir,airline,19 reviewsW Manarlo,2020-03-07,Makassar to Singapore  Crowded flight Long checkin queue and time The takeoff is smooth Great service a good meal The flight attendant is great,8.0,Positive,Positive,Positive,Positive,Positive,3/3,,0.642
Belavia,airline,26 reviewsGyan Fernando,2019-08-27,Minsk to Gatwick A very pleasant flight Boarding was quick the aircraft was clean and the seating was  Leg room was adequate The flight took off on time and landed on time Meal service consisted of a standard hot meal with soft drinks and tea or coffee No alcohol was offered This was a short   hrs flight and so the meal was very good There was no inflight entertainment,9.0,Positive,Positive,Positive,Positive,Positive,3/3,,1.0
S7 Siberia Airlines,airline,L Hankovic,2021-07-07,Excellent safe clean on time and we got a hot meal on board which I did not expect given the fact that during the ticket purchase I was prompted to buy a meal which I did not want to do They are a little bit expensive but  the flight took a long time  hrs Excellent service thank you,10.0,Positive,Positive,Positive,Positive,Positive,3/3,,1.0
Izmir,airport,3 reviewsAli Osman Sezişli,2019-03-07,Izmir Adnan Menderes Airport seems a bit far from downtown but it has a connection of a local rail system called zban and it takes about  minutes to reach the airport There are lots of food and beverage options on the ground Prices are high in my opinion but you can find something suitable for your budget Its very clean and safe Also there are lots of taxis and buses you can use,7.0,Positive,Positive,Positive,Positive,Positive,3/3,,1.0
Comair,airline,7 reviewsM Richards,2019-11-16,Durban to Cape Town with Comair This is a  hour flight which was full The business class seats were the same as economy but with a little extra legroom and the middle seat was empty The FAs were mature and friendly There was a full bar service and light lunch was served The aircraft was clean left on time and arrived on time A relatively smooth flight unlike BA they serve refreshments and full bar service on this short haul domestic flight,8.0,Positive,Positive,Positive,Positive,Positive,3/3,,1.0
Mihin Lanka,airline,Jayanta Biswas,2016-10-17,Kolkata to Colombo Average aircraft no IFE available Legroom is less but seat width is satisfactory Crew was quite active throughout the  hour flight Announcements were clear and audible Restrooms were clean but only the rear restroom was allowed for the economy class passengers Boarding was smooth Food served was scanty but then it was a flight at  am so no one was really hungry,7.0,Positive,Positive,Positive,Positive,Positive,3/3,,1.0
Toulon,airport,19 reviewsLaurent Charpentier,2018-10-22,Departed on  october  to Paris Orly abd back on  October  Airport very clean opened early in the morning Check In and Security Checks are easy early in the morning,10.0,Positive,Positive,Positive,Positive,Neutral,3/3,,0.20784000000000005
Ultra Air,airline,G Aldana,2023-02-11,Check in at San Andres had to be done at the airport since I had a bag to drop off the line was very long so I waited about  minutes Since there are no drinks or snacks available for sale on the plane I bought some stuff at the airport to bring along on the plane Flight back to Bogota was quite smooth quiet and easy I flew back on the same plane that had brought me to San Andres Nothing to complain about Cheap option to San Andres and very efficient,10.0,Positive,Positive,Positive,Positive,Positive,3/3,,1.0
Air Algerie,airline,1 reviewsSif Eddine Benzina,2021-03-08,Very nice cabin comfortable seats and good entertainment systems The food tasted very good and there was enough food for the flight length The flight attendants were all very friendly except  steward Plane TVJA Date  July,9.0,Positive,Positive,Positive,Positive,Positive,3/3,,0.7035
Ottawa,airport,Frank Nemhauser,2016-07-27,High marks for YOW Transited from USA to international There is no sterile transit area One has to enter Canada and then go through security again but the process was fast I was number  at passport control Service personnel uniformly nice and helpful Reasonable number of shops and eateries for a small airport Well done Ottawa,9.0,Positive,Positive,Positive,Positive,Positive,3/3,,1.0
Alicante,airport,Kathleen Robinson,2023-11-21,My husband and myself were at Alicante airport returning from a short break I am disabled following a subarachnoid haemorrhage  years ago  I really needed to feedback on my support from Carmen who reported she has worked many years in the assistance area she was so kind and helpful and made my journey much more settled I cannot thank her enough Regards Kath Robinson,10.0,Positive,Positive,Positive,Positive,Positive,3/3,,1.0
TransAsia Airways,airline,M Wharfe,2010-12-04,Taipei  Hualein  TaiChung Both flights by ATR cabin was clean and comfortable Very friendly crew Drinks service on both flights,6.0,Positive,Positive,Positive,Positive,Neutral,3/3,,0.349
Canadian North,airline,Steve Mason,2008-03-02,Had a chance to fly Canadian North for the first time from Calgary to Inuvik in the Northwest Territories Check in friendly with no extra charge for my  bags The aircraft was a Boeing  which replaced the Fokker Flight Attendants were friendly attentive We were served a hot breakfast Return flight equally as pleasant with a hot dinner this time and free wine The service reminded me of the Wardair days I only wish that they flew across lower Canada as well,5.0,Positive,Positive,Positive,Positive,Positive,3/3,,1.0
Preveza,airport,Janet Phillips,2024-08-07,My son who is epileptic had a seizure during the security check in We had already requested Special Assistance at the desk and the airport team were incredibly helpful and took us to a quiet room to wait until our flight was called They checked on us every  minutes and arranged a wheelchair and preferential boarding once the Gate opened They also ensured that the crew were aware of our situation and forwarded the request for assistance to Gatwick,10.0,Positive,Positive,Positive,Positive,Positive,3/3,,1.0
Rio De Janeiro,airport,E Kanapov,2019-06-02,The airport was renovated in  before the Olympic games it looks like Miami International Airport nothing special good duty free some good lounges all in all good airport with some problems with queues and not so friendly staff,6.0,Positive,Positive,Positive,Positive,Neutral,3/3,,0.38044897959183677
Dniproavia,airline,Janne Petersson,2009-10-26,Morning flight Kiev  Odessa a new clean Embraer  It was a very pleasant flight with free candies and beverages served by smiling crew Departed on time and arrived early Check in in Kiev quick and easy The atmosphere and attitude quite relaxed and pleasant,10.0,Positive,Positive,Positive,Positive,Positive,3/3,,1.0
Ercan,airport,U Mustafa,2012-12-13,Small but very clean airport disembarking to exiting airport   mins minimal duty free shops on arrival but more extensive on departure area Very security conscious on entry and exit All in all a walk in the park no hassle,8.0,Positive,Positive,Positive,Positive,Neutral,3/3,,0.11940000000000002
FlyArystan,airline,A Halekova,2019-05-31,NurSultan to Almaty return I bought the tickets on the companys website Initially I planned to travel with just a hand baggage but the day before the flight I managed to add a baggage on the website for  tg The flights were excellent Flight attendants sold buy onboard drinks and snacks Arrival was just on time The ticket price turned out to be cheaper even than the Talgo train,8.0,Positive,Positive,Positive,Positive,Positive,3/3,,1.0
Yakutia Airlines,airline,James Heintz,2012-09-10,Moscow to UlanUde in economy on a Boeing  The plane interior was clean and in good shape the dinner was edible staff polite and reasonably efficient Seat pitch is tight for the tallish me  cms But the whole experience was better than Id expected from an offbrand carrier,6.0,Positive,Positive,Positive,Positive,Positive,3/3,,1.0
American Eagle,airline,67 reviewsM Galena,2024-12-23,I recently flew American Eagle operated by Republic from Washington DC to Philadelphia and I was really impressed The E was comfortable and wellsuited for the short hop between cities Even though the flight was only  minutes and we had a slight delay leaving Washington due to congestion the crew still managed to offer a full beverage service in first class which I really appreciated Despite the delay we landed in Philadelphia on time It was a smooth and enjoyable flight overall,10.0,Positive,Positive,Positive,Positive,Positive,3/3,,1.0
Shannon,airport,Joseph Bailey,2023-10-08,Small airport in the West of Ireland People and staff very friendly New bathrooms in lounge Food expensive Duty free was very big but there are no bargains for people travelling to US as items like perfumes are actually more expensive than sites in US  We used to get bargains in duty free but not any more,3.0,Positive,Positive,Positive,Positive,Positive,3/3,,1.0
Belize,airport,K Gates,2014-01-03,Small minimal facilities not much to do while you wait Staff are friendly and efficient The day we arrived there was live music playing in the customs area  nice touch We walked out of the terminal to be greeted immediately by our tour arranger,7.0,Positive,Positive,Positive,Positive,Positive,3/3,,1.0
Cambodia Angkor Air,airline,40 reviewsStephan Stegner,2019-12-13,Phnom Penh to Siem Reap The check in was fast and the staff friendly The departure  arrival were punctual and the aircraft made an average good maintained impression The seat distance was sufficiently good Despite the short flight there was a small bite and water Overall a good experience,7.0,Positive,Positive,Positive,Positive,Positive,3/3,,1.0
Tallin,airport,Ian Phillips,2019-07-16,arrivals and one departure Arrival is one part and departure is the other Super efficient clean and pleasant Taxis out front Departure area maybe could use more seating Interesting there was a ping pong table there and it was quite popular It has a relaxing feel about it Probably one of the nicest airports anywhere Arrival has a store where you can buy a bus card and load it for say or  days travel,8.0,Positive,Positive,Positive,Positive,Positive,3/3,,1.0
Manta Air,airline,3 reviewsAndreas Dubiella,2020-12-16,Small Domestic Terminal in Male Fast and efficient no Food or Drink facilities Quick boarding by bus New ATR with comfortable seat pitch Short  Minute flight very friendly Maldivian Crew Water Juice and Fruits offered Smooth Landing in Dhaalu Bags delivred in  minutes Perfect short and comfortable flight,9.0,Positive,Positive,Positive,Positive,Positive,3/3,,1.0
San Jose,airport,Andre Franca,2012-05-10,SJO is a very modern airport immigration is friendly but asks to see all your papers come prepared if you do not hold your tickets carpeted floor free wifi Internet expensive gift shops and food carts taxi fare is high  usd for a  minutes drive before checking in you must pay departure tax it now costs  usd you can pay with credit card overall good experience I will be back in the summer,8.0,Positive,Positive,Positive,Positive,Positive,3/3,,1.0
SmartLynx Airlines,airline,H Zuithoff,2023-03-18,Very pleasant airline Friendly and helpful crew Reasonable prices for food and drinks on board There was limited choice but that is ok on a  hour flight  This was the second time I flew with SmartLynx We had a nice flight and I would fly again with this airline,9.0,Positive,Positive,Positive,Positive,Positive,3/3,,1.0
Binter Canarias,airline,4 reviewsDaniel Souwer,2016-05-14,Lanzarote to Lisbon via Gran Canaria with Binter Canarias Great airline First flight with an ATR later a CRJ to Lisbon Checkin easy and smooth Connection LPA easy Both flights great staff Nice smile Service on the first flight water and a cookie second flight a chooice of a snackbox sweet  tapas  mix We had the tapas served with canarian red wine water and later a coffee Second glass of wine served Great FA nice plane as seated  and uneventfull flight Would fly them anytime,10.0,Positive,Positive,Positive,Positive,Positive,3/3,,1.0
Lviv,airport,Ivan M Dzhur,2012-09-20,Extended and refurbished runway is so much improved New Terminal building constructed for Euro Cup  is really nice and well designed With lots of space very clean and spacious When I arrived on the flight from Warsaw we were coached to the international arrivals where all  or  of us cleared passport control in under  minutes Baggage was on a belt also in about  min after we disembarked It was a pleasure to use such a lovely little airport and o much improved,9.0,Positive,Positive,Positive,Positive,Positive,3/3,,1.0
Iberia Express,airline,Javier Bacallado,2024-11-21,The usual service everything ok Lounge at Madrid airport is just great Late boarding and late departure due to traffic control arrived  min late On board crew is just great as usual very attentive full lunch served with open bar Seat comfort nothing special but fine for a hr flight Everything worked out well they need to pay attention to punctuality,10.0,Positive,Positive,Positive,Positive,Positive,3/3,,1.0
Langkawi,airport,12 reviewsPrayash Giria,2016-01-07,Small functional airport which is a bit drab for a holiday destination like Langkawi Clean but a bit rusty A decent common hall with shopping and eating before check in  after baggage claim but next to nothing to do on the airside Still more pleasant than KLIA  or Subang,4.0,Positive,Positive,Positive,Positive,Positive,3/3,,1.0
Singapore Changi,airport,8 reviewsM Tennant,2024-11-15,Check in smoothless immigration great lounge perfect When you arrive at the gate here comes the security check All Xray staff do NOT take care of your stuff You fold your jacket you find it in a wreck when you pick it up Put your expensive bag in a tray they take it out and put it directly on the conveyor belt Really this is not acceptable for Singapore I have a  stars not for all airport staff but security staff They need to care more,9.0,Positive,Positive,Positive,Positive,Positive,3/3,,1.0
Ryanair,airline,E Klein,2025-01-26,Love Ryanair efficiency Does what is says on the packet nothing pretentious Crew were great and even managed to go down with aisle with the trolley on a  minute flight My th flight with them just wish they flew to Frankfurt theyd get all my euro business,8.0,Positive,Positive,Positive,Positive,Positive,3/3,,1.0
Fukuoka,airport,Phil Carey,2013-10-07,Great little airport incredibly close in to the city centre  minutes by metro from the Domestic Terminal to the central station and the international terminal is spacious with comfortable seating by the gates and good value shopping The only downside is the tedious minute bus transfer to get there from the Domestic Terminal,8.0,Positive,Positive,Positive,Positive,Positive,3/3,,1.0
Fort Wayne,airport,William Pond,2013-07-20,How refreshing for an airport free wifi free  minutes parking for passenger pickup abundant electrical outlets under seats a splendid Aviation Historical Museum friendly TSA security welcome home free cookies free shuttle to your car long term parking  per day which is closer than the short term in most airports  even if it costs a little more to fly out of Fort Wayne it is worth it,10.0,Positive,Positive,Positive,Positive,Positive,3/3,,1.0
Libyan Airlines,airline,G Rake,2009-09-09,Manchester  Tripoli Late leaving Manchester due out at  and eventually left at around pm Smallish plane two seats either side of the aisle but hardly anyone on board so plenty of room Plane was new and the experience was fine cabin crew were helpful and friendly and food was good No video screens or music so take your own or a book Will be using this route again,4.0,Positive,Positive,Positive,Positive,Positive,3/3,,1.0
Olbia Costa Smeralda,airport,John Howson,2008-06-09,This is a smashing little airport  friendly well laid out and very well run Because of its location very attractive to fly in and out of too  always a big shock returning to Gatwick Good ice cream too,5.0,Positive,Positive,Positive,Positive,Positive,3/3,,0.543
US-Bangla Airlines,airline,5 reviewsNafis Ahmed Raiyan,2018-03-05,Coxs Bazar to Dhaka with USBangla Airlines The checkin process was smooth The plane arrived exactly on time But had to refuel for mins We were on a full family trip The staff was friendly and helpful The seats were a bit tight and narrow Food was average  Landing was smooth We got our baggage in time I dont know about others but my experience was satisfactory,7.0,Positive,Positive,Positive,Positive,Positive,3/3,,1.0
Addis Ababa,airport,Frank Rispin,2024-03-16,Check in and immigration fine Nice breakfast in London Cafe Smooth boarding for Windhoek from A Return Cape Town to Addis  Arrival At Bole smooth and quick no que at visa on arrival Luggage fine Out quickly,10.0,Positive,Positive,Positive,Positive,Neutral,3/3,,0.34628571428571425
Little Rock,airport,D Orlando,2015-07-28,One of the nicest and  cleanest airports Ive experienced Thoughtful touches are everywhere from the piano in the food court to bags for wet umbrellas to a cart of peanuts and pretzels from Delta identical to what they give out in flight at the baggage claim Bathrooms are spotless And clocks throughout the airport,9.0,Positive,Positive,Positive,Positive,Positive,3/3,,1.0
Columbus,airport,Arnie Goyal,2020-07-08,This is a good airport The cleaning can be improved but I do like the layout its not a very very long walk but it is long if you ask me I go here for my vacation flights instead of having to drive  hours to the nearest true international airport Overall Columbus has a good airport Would definitely fly here again,7.0,Positive,Positive,Positive,Positive,Positive,3/3,,1.0
Alliance Air,airline,K Dorsen,2024-10-11,Excellent flight left on time and arrived on time Amritsar to Kullu Small aircraft which was about  full Great price  no complaints from me and would happily fly with them again,10.0,Positive,Positive,Positive,Positive,Positive,3/3,,0.576
Surinam Airways,airline,3 reviewsJair Cameron,2018-11-02,Amsterdam to Paramaribo Surinam Airways has good service unfortunately the A had some maintenance so they leased an A from Wamos Air but they have the service from Surinam Airways The food was amazing with  hot meals The crew was very friendly but the airplane from Wamos Air wasnt so good  no IFE for a  our flight you can download the app for movies no power outlets just a standard seat with table Overall the service was good but the aircraft not,8.0,Positive,Positive,Positive,Positive,Positive,3/3,,1.0
Turkmenistan Airlines43 Reviews,airline,C Lee,2024-10-11,The seat was spacious but the recline function was lost on my seat Crew were friendly They offered one meal plus one snack for just  hours The onboard announcement was inaccurate that they claimed to be landing soon  hours before the actual landing Surprisingly personal onboard entertainment was offered,7.0,Positive,Positive,Positive,Positive,Positive,3/3,,1.0
Alderney,airport,J Tydeman,2013-07-20,Flew into Alderney from Southampton A lovely little airport Very relaxed friendly staff and a good shop and cafe very good considering the airport is tiny Taxis waiting right outside the main entrance and it only takes about  minutes if that to get from the aircraft to the terminal entrance Very good all round,9.0,Positive,Positive,Positive,Positive,Positive,3/3,,1.0
TAR Aerolineas,airline,Nelson Mireles,2017-03-22,Leon Bajio to Puerto Vallarta Punctual airline Small plane but confortable for a  minute flight and very clean Excellent service and good attitude of ground staff and flight attendants They offer you a small snack on board free of cost The check in process at the airport was quick because the airplane has a  passenger capacity,9.0,Positive,Positive,Positive,Positive,Positive,3/3,,1.0
Milan Linate,airport,Ethan Baxter,2024-06-05,Security was good because you didnt have to get liquids or electronics out of your bag Airport was clean and spacious My one huge complaint however is the service in Autogrill Italia The staff member asked me if I would like to pay  times without putting it through to the card machine She would just point at it and then say PAY There was a language barrier but I feel there may have been an intelligence barrier because I stood there for  mins wanting to pay and not being able to,1.0,Positive,Positive,Positive,Positive,Positive,3/3,,1.0
Sapporo Chitose,airport,Yevheniy Kahanovych,2008-01-27,Sapporos New Chitose airport is very effective and user friendly facility Located somewhat far from Sapporo it is perfectly linked to the city and the region by rail Quick checkin quick baggage delivery good choice of food outlets landside but not a lot of things to do airside The train station is underground as almost everywhere in Japan All in all very good  star,4.0,Positive,Positive,Positive,Positive,Positive,3/3,,1.0
HOP!,airline,38 reviewsRichard Callis,2018-09-10,Couple of short flights with HOP An Embraer to Paris then a Bombadier down to Perpignan Both aircraft cabins were nice staff were friendly and helpful and the snacksdrinks on board were satisfying Flights were on time As a platinum cardholder my connection between CDG and ORY was without charge saving  Euro which is a really practical and helpful perk of Flying Blue membership thanks Air France for that I fly a lot with HOP and they always do a good job well done again,8.0,Positive,Positive,Positive,Positive,Positive,3/3,,1.0
Cathay Pacific Airways,airline,T Patrick,2025-03-14,Plane clean and on time Ran out of water after row  economy Its a short flight so bring back water in seat pockets of you cant cope  No coffee tea or drinks for anyone,2.0,Positive,Positive,Positive,Positive,Neutral,3/3,,0.088
Wings Air,airline,47 reviewsW Garner,2019-12-11,Kaimana to Manokwari Plane left  and arrived  minutes late  really on time in this part of the world The check in staff were very flexible about cabin luggage size On board seats were reasonably comfortable and crew pleasant,7.0,Positive,Positive,Positive,Positive,Neutral,3/3,,0.19599999999999998
Hobart,airport,M Duke,2016-09-20,Every time on arrival from either holiday work meetings interstate or visiting relatives in Melbourne I feel all the renovations look great but please put the car park ticket machines near the carousel  arrival hall out of the weather When some people pay at the gate they hold up the traffic I travel with Virgin regularly and cant wait for the renovations to be finished,7.0,Positive,Positive,Positive,Positive,Positive,3/3,,1.0
Shenzhen Baoan,airport,1 reviewsEdoardo Agamennone,2016-01-26,Brand new airport On the positive side for Chinese standards it certainly is welldesigned and wellconnected Bright and clean checkin area Good choice of restaurants and cafes both before and after security controls As to the negatives the security controls are quite inefficient and slow the airline lounges are all quite poor and certain gates from  upward are very far up to min walking,6.0,Positive,Positive,Positive,Positive,Positive,3/3,,1.0
Azerbaijan Airlines,airline,24 reviewsM Bane,2024-10-13,Offered sandwich and drinks at this very short flight I love flying on Embraer planes in a short regional flights as they are very comfortable Staffs were OK both on ground and on board All in all it was a good flight in terms of schedule service  ticket price,7.0,Positive,Positive,Positive,Positive,Positive,3/3,,1.0
Air Algerie,airline,1 reviewsSif Eddine Benzina,2021-03-08,Very nice cabin comfortable seats and good entertainment systems The food tasted very good and there was enough food for the flight length The flight attendants were all very friendly except  steward Plane TVJA Date  July,9.0,Positive,Positive,Positive,Positive,Positive,3/3,,0.7035
NIKI,airline,S Gruber,2016-08-30,Flew NIKI from Valencia to Vienna Quick boarding and ontime departure Cabin was clean and the flight was smooth and relaxed Cabin crew provided drinks and a very good cheese sandwich Later they provided us another round of water and coffee Seats a little bit narrower than other airlines Paid   for a return ticket for flying with a very good airline,10.0,Positive,Positive,Positive,Positive,Positive,3/3,,1.0
Thomas Cook Airlines Scandinavia,airline,L Mellor,2012-03-06,Arlanda to Marsa Alam return All things considered it was better than the Tui equivalent where our  and  year olds were only offered coffee or tea no water as a beverage for paid meals Staff were friendly food looked great we packed our own and no price gouging on the drinks service,7.0,Positive,Positive,Positive,Positive,Positive,3/3,,1.0
Raleigh-Durham,airport,V Binoy,2022-03-20,I have flown tofrom RDU  times now at different times and hours during  I must say that it is one of the best run midtier airports in the country Beautiful and thoughtful design airy and welcoming extremely clean and efficient The security wait times have always been under  mins Decent food and shopping options too Its hard to fault this one just needs to step up when it comes to wifi and entertainment options Otherwise its a great airport,8.0,Positive,Positive,Positive,Positive,Positive,3/3,,1.0
Acapulco,airport,Pieter Boone,2022-06-06,This newish airport is compact clean spacious bright and well designed I arrived from Dallas Plane docked at a jet bridge Quick and short walk to fast and friendly immigration followed by customs less than  minutes plane door to curb Well managed  safe taxi service with no lines On the return a similar smooth experience The airside offers a nice choice of shops restaurant and lounges Certainly the small scale makes this airport a joy to use for limited international travel Nice friendly staff everywhere,10.0,Positive,Positive,Positive,Positive,Positive,3/3,,1.0
InterSky,airline,Nick Wilcock,2008-10-31,Because LH flights from FDHCGN are now to FRA only  and at inconvenient times followed by connections to CGN by train I elected to fly InterSky instead Very clean aircraft and professional service throughout But for an Economy one way ticket price of  they could surely provide at least a free cup of coffee Poor value  everything else fine,3.0,Positive,Positive,Positive,Positive,Positive,3/3,,0.8928480000000003
SATENA,airline,Miguel Salcedo-Gomez,2015-12-30,Ccuta to Palonegro SATENA is a Colombian regional carrier that offers good connectivity to remote regions of the country and also serves big cities Pleasant experience with courteous staff punctual departure and arrival wellorganised boarding and luggage delivery The airline has been around for over  years but is normally overlooked It is an excellent choice for domestic travel within Colombia,9.0,Positive,Positive,Positive,Positive,Positive,3/3,,1.0
Melbourne Avalon,airport,Tim Costello,2012-10-13,Living in Geelong this airport is great  mins from my parents place and traffic is rarely a problem Check in is quick quicker with no bags  check in online the night before stroll through security and a short walk onto the plane Only criticism is that the airport is small  gates and only  bar  cafe and  newsagents Hopefully with the new International terminal theyre cleared to build theyll upgrade the domestic terminal too,9.0,Positive,Positive,Positive,Positive,Positive,3/3,,1.0
Seychelles,airport,Derek Salter,2014-03-30,Old airport  looks like a s relic  which it is Only used for transfer which was so simple  just a short walk In that sense convenient but not much to do air side and unable to comment on passport or check in services Staff pleasant and very helpful So my one hour in the Seychelles was smooth and pleasant Departure area airconditioned which was handy in c humid outside temps,8.0,Positive,Positive,Positive,Positive,Positive,3/3,,1.0
Lucky Air,airline,S Hagenberg,2008-12-20,Nanjing to Kunming on a new B As I was sitting in in seat F had a lot of legroom Cabin crew was excellent I was served a tasty dish on the  hour flight For the return flight the ground staff Ticketing Desk in Kunming was outstanding,5.0,Positive,Positive,Positive,Positive,Positive,3/3,,1.0
Turkmenistan Airlines,airline,C Lee,2024-10-11,The seat was spacious but the recline function was lost on my seat Crew were friendly They offered one meal plus one snack for just  hours The onboard announcement was inaccurate that they claimed to be landing soon  hours before the actual landing Surprisingly personal onboard entertainment was offered,7.0,Positive,Positive,Positive,Positive,Positive,3/3,,1.0
NIKI,airline,S Gruber,2016-08-30,Flew NIKI from Valencia to Vienna Quick boarding and ontime departure Cabin was clean and the flight was smooth and relaxed Cabin crew provided drinks and a very good cheese sandwich Later they provided us another round of water and coffee Seats a little bit narrower than other airlines Paid   for a return ticket for flying with a very good airline,10.0,Positive,Positive,Positive,Positive,Positive,3/3,,1.0
United Airlines,airline,D Berton,2025-04-04,TPEMFR via SFO RT All flights on time Seat bedding and entertainment are good Staff very professional and food service was very quick Food is edible but certainly not like the meals on Singapore Airlines or Emirates The food at the EVA lounge United uses in TPE is mediocre at best and the lounges at SFO are incredibly crowded to the point of being ridiculous and uncomfortable All in all competent but not especially glamorous experience I would have given this a  or  if the lounges werent so crowded,7.0,Positive,Positive,Positive,Positive,Positive,3/3,,1.0
Wilson,airport,2 reviewsRichard McMahon,2017-01-22,Great airport for small aircraft Twin OtterCessna used primarily for safari transfers Courteous and friendly staffsecurity as well as satisfactory washrooms and a nice snack bar Wilson airport is a welcome change from the chaos of Jomo Kenyatta Note  due to its small size there is no souvenir or duty free shopping,8.0,Positive,Positive,Positive,Positive,Positive,3/3,,1.0
Bangalore,airport,Dimpi Majumdar,2023-03-12,Only good thing about Bangalore airport terminal  is it is beautiful and clean No other facilities available like other airports It does not have much food stalls and shopping area near GATES Moreover toilet are very far from gate location Less seating areas,2.0,Positive,Positive,Positive,Positive,Positive,3/3,,1.0
Muenster-osnabrueck,airport,H Lubnow,2008-02-21,Good transport connection via BAB  Moderate parkingrates close to the terminals CheckIn only  minutes prior to departure Short distances More than  daily flights major Star Alliance hubs MUC and FRA and direct flights to holiday destinations Daily lowcost flights to London STN Vienna Rome FMO is a good choice for travellers in northern NRW western Niedersachsen and eastern Holland who want to start their journeys business travel as welll as holiday travel relaxed and in a friendly atmosphere,5.0,Positive,Positive,Positive,Positive,Positive,3/3,,1.0
TAR Aerolineas,airline,Nelson Mireles,2017-03-22,Leon Bajio to Puerto Vallarta Punctual airline Small plane but confortable for a  minute flight and very clean Excellent service and good attitude of ground staff and flight attendants They offer you a small snack on board free of cost The check in process at the airport was quick because the airplane has a  passenger capacity,9.0,Positive,Positive,Positive,Positive,Positive,3/3,,1.0
Malaysia Airlines,airline,3 reviewsD Masil,2025-02-27,Kuala Lumpur to Kuching return on Feb  Overall vey satisfied with the experience An exceptional service by the friendly cabin crew The airline offers an exceptional value for money The economy class cabin very clean and features new seats and wifi entertainment using own device The food is good for a domestic flight In both sectors boarding by groups and strictly follow The ground staff is good but can be better For one and half hour flight am not complaining,10.0,Positive,Positive,Positive,Positive,Positive,3/3,,1.0
Nuremburg,airport,Klaus Wy,2015-05-31,Due to the relatively low number of flights planes dont have to wait circling around in the air or on the tarmac The airport itself is perfectly connected to the inner city and the central station trains from there take you to Munich Wrzburg and Regensburg in about  hour to Frankfurt and Stuttgart in  hours by a  minutes metro ride Passport and security checks as well as baggage handling are a breeze Staff is very friendly and helpful,10.0,Positive,Positive,Positive,Positive,Positive,3/3,,1.0
Azerbaijan Airlines,airline,24 reviewsM Bane,2024-10-13,Offered sandwich and drinks at this very short flight I love flying on Embraer planes in a short regional flights as they are very comfortable Staffs were OK both on ground and on board All in all it was a good flight in terms of schedule service  ticket price,7.0,Positive,Positive,Positive,Positive,Positive,3/3,,1.0
Aeromar,airline,R Yglesias,2012-04-25,Fly  or  times a year Mexico City to Ciudad Victoria Planes are small Fokker Turboprops Always very friendly staff and have been on time Seats are rather small an excellent lounge with drinks and snacks at a number of airports Service onboard with snacks and drinks are adequate,7.0,Positive,Positive,Positive,Positive,Positive,3/3,,1.0
Montevideo,airport,Enrique Simeone,2013-01-10,Spacious clean well located well serviced bright naturally illuminated airport Large halls with folk articles shops and chemist money exchange bureau and wrapping baggage service A breeze Fine areas for check in and spotless lavatories Once checked in fast track to security and immigrations available Smiley faces all over the airport Excellent Duty free shop Very good VIP lounge,10.0,Positive,Positive,Positive,Positive,Positive,3/3,,1.0
Sligo,airport,David Conway,2006-02-10,Outstanding views when arriving in on a fair weather day Pass through Airport in little time due to size of airport Friendly staff and facilities need to step up with any increase in flightpassenger numbers Sligo City is only  miles form the airport or Euro taxi Journey Area beside airport is popular for running golf surfing and sea sports with international surf competitions held regularly,0.0,Positive,Positive,Positive,Positive,Positive,3/3,,1.0
Turkmenistan Airlines,airline,Sudarshan Sharma,2018-12-09,Birmingham to Amritsar via Ashkabat No nonsense air line Great Indian vegetarian food There was no flight screens no seat screens We stopped at Ashgabat for one hour its nice modern airport with all facilities The good thing was that the time at Ashgabat and time in India is only  minute difference,8.0,Positive,Positive,Positive,Positive,Positive,3/3,,1.0
Cathay Pacific Airways,airline,T Patrick,2025-03-14,Plane clean and on time Ran out of water after row  economy Its a short flight so bring back water in seat pockets of you cant cope  No coffee tea or drinks for anyone,2.0,Positive,Positive,Positive,Positive,Neutral,3/3,,0.088
San Sebastian,airport,Cindy McGrath,2007-08-08,Excellent except that the parking is free and hence clogged We landed taxied to within  years of the terminal walked straight through the door to baggage arrivals and within  minutes were in the car,4.0,Positive,Positive,Positive,Positive,Positive,3/3,,1.0
Gulf Air,airline,Anthony Geddes,2024-10-22,Checkin at Cairo went smoothly Both flights on time First sector to Bahrain on a very full A Cabin crew did an excellent job Transit in Bahrain was easy Second sector to Singapore on a  which had plenty of spare seats allowing passengers to spread out after takeoff Good meal service and very attentive cabin crew Would definitely recommend,10.0,Positive,Positive,Positive,Positive,Positive,3/3,,1.0
Eindhoven,airport,Chris Dunn,2022-11-28,Staff all very helpful in particular a lady from the special assistance team She went above and beyond  what a lovely lady who clearly is very devoted to her job role We would choose to fly from Eindhoven airport again as our experience was so smooth and professionally handled Thank you  such a small thing to say  I hope this gets back to the whole team,8.0,Positive,Positive,Positive,Positive,Positive,3/3,,1.0
Manaus,airport,Andre Souza,2009-05-05,MAO is an old airport far away from the city but with good and cheap connections They have a lot of security food is expensive so come prepared  a simple burger will cost you  dollars or so and internet  dollars one hour Tourist information center is very friendly and helpful,4.0,Positive,Positive,Positive,Positive,Positive,3/3,,1.0
Air KBZ,airline,5 reviewsNeil Reckers,2019-04-12,I took the flight K from Mandalay to Heho to get to Inle Lake as it is the quickest way to get there This was my first time flying with Air KBZ and it was a pleasant flight Checkin and boarding was very efficient The flight left Mandalay about  minutes before the scheduled time and arrived about  minutes earlier The cabin was very clean and seats were comfortable Cabin crew were friendly I will not hesitate to fly again with Air KBZ,9.0,Positive,Positive,Positive,Positive,Positive,3/3,,1.0
AirAsia Philippines,airline,E Kanagide,2024-05-15,Entire flight was smooth however boarding time was a little confusing and the assigned gate they suddenly changed it so it caused more confusion I ordered prebook meal it tasted good but the food itself was somehow cold For me airlines baggage policy was highly favorable as I was able to check in  kilos regardless of number of luggage,6.0,Positive,Positive,Positive,Positive,Positive,3/3,,1.0
Virgin Australia,airline,178 reviewsJohn Curtain,2025-01-30,Although it was busy Australia Day Public Holiday check in was quite easy  The plane left on time and staff were efficient and friendly Only water coffee and tea is available for free but for a short flight I dont mind Overall a great flight and a pleasant way to end my Australia Day Break,8.0,Positive,Positive,Positive,Positive,Positive,3/3,,1.0
Podgorica,airport,40 reviewsH Visser,2021-07-03,A small airport for the tiny capital of Montenegro so that means big queues for border control no online check in hardy any shops or food and beverages Staff were friendly and correct Best to prebook a taxi in order to get to town which will be around  euro,7.0,Positive,Positive,Positive,Positive,Positive,3/3,,1.0
Thomas Cook Airlines Scandinavia,airline,L Mellor,2012-03-06,Arlanda to Marsa Alam return All things considered it was better than the Tui equivalent where our  and  year olds were only offered coffee or tea no water as a beverage for paid meals Staff were friendly food looked great we packed our own and no price gouging on the drinks service,7.0,Positive,Positive,Positive,Positive,Positive,3/3,,1.0
Bremen,airport,9 reviewsD Andrews,2016-10-29,Bremen Airport Terminal E is a big shed with Ryanair inside No doubt noisy in a hail storm its open and breezy Staff efficient Plenty of natural light skylights in the roof The light rail service line  service from the station is great too Beware it does not take credit cards or bank notes over  Euros  functional,3.0,Positive,Positive,Positive,Positive,Positive,3/3,,1.0
SilkAir,airline,Larry Reed,2020-03-27,Singapore to Yangon Ontime departure from Changi terminal  The economy cabin felt clean and the crew were friendly My expectation was for a basic and efficient service which was we got This was an evening flight so we had a basic dinner which was okay as good if not better than the Premium Economy meal from Melbourne to Singapore Same wine Sauvignon Blanc This time no other option so I opted for the red Comfortable good service no complaints,10.0,Positive,Positive,Positive,Positive,Positive,3/3,,1.0
Linz,airport,James Maglo,2004-11-25,Linz is indeed a very small airport however it serves its purpose Facilities are limited and flying in at pm I found the few shops were almost all shut The hourly bus is excellent value for money at EUR compared to the  I paid in London approx EUR and only takes  minutes non stop to the city centre Beware there is only ONE medium sized duty free shop after passport control,0.0,Positive,Positive,Positive,Positive,Positive,3/3,,1.0
Mexico City,airport,Christopher Branski,2024-06-30,MEX consists of two terminals with Aeromexico Delta Copa and LATAM taking up the newer Terminal  and everyone else essentially taking up Terminal  Terminal  is definitely more userfriendly with Terminal  being well over capacity This honestly I dont think will change given that its proximity to the center of Mexico City makes it quite convenient in spite of its shortcomings,5.0,Positive,Positive,Positive,Positive,Positive,3/3,,1.0
Virgin Atlantic,airline,M Sopal,2025-01-05,I am grateful to the staff at DEL airport for the cooperation on th Jan  Flt noVS I had a problem with my luggage as by mistake I had left a charger battery in my checked baggage One staff member helped me to a great extent to settle the issue The support given to me by her was exemplery,10.0,Positive,Positive,Positive,Positive,Positive,3/3,,1.0
Derry,airport,Paul Devine,2014-11-12,Great Airport  used it for a Ryanair flight to Stansted Small highly efficient  great bar restaurant and shops A breeze to get through  am going to use again Wish they were all like this,10.0,Positive,Positive,Positive,Positive,Positive,3/3,,0.921
Air Nostrum,airline,B Jonas,2020-02-16,Madrid to Toulouse Once again a punctual and comfortable flight Good legroom on time departure and arrival On flight entertainment was however not working  you have to pay for anything on board,8.0,Positive,Positive,Positive,Positive,Neutral,3/3,,0.396
Hunnu Air,airline,25 reviewsP Heizel,2019-08-29,Domestic  h flight from Ulaanbaatar to Dalandzadgad in South Mongolia on Hunnu Air in July Checkin and security clearance at the old ULN Chengis Khan Airport reasonably swift Departure and arrival on time Very pleasantly appointed ATR  in good state of repair Friendly flight attendants Coffee water snacks All announcements in Mongolian and Russian I guess Cabin crew also speaks no English,9.0,Positive,Positive,Positive,Positive,Positive,3/3,,1.0
Bilbao,airport,Alastair Wharton,2017-09-19,Great regional airport by Spanish Standards Easy to Navigate when both landing and departing Arrivals was easy immigration was quick and at the end of the arrivals lounge is the transit bus to the city centre  minutes from getting of the plane and on a bus into the city Check in was easy and simple the only departures terminal has about  check in desks in the main hall and queues at security where not to long The airside shopping is adequate and walking to the furthest gate takes no more than  minutes,8.0,Positive,Positive,Positive,Positive,Positive,3/3,,1.0
Solomon Airlines,airline,Donal Ryan,2014-06-20,I flew Brisbane to Honiara on the th April Flight Left early was only  full and arrived  minutes early Add  kg of luggage good plentiful food and beer what more could you want Entertainment was poor but its only a  hour flight so I survived Staff friendly which is much more than I can say about the BA  Qantas staff on the Flights coming out from Ireland,10.0,Positive,Positive,Positive,Positive,Positive,3/3,,1.0
Roland Garros,airport,19 reviewsLaurent Charpentier,2017-08-22,Arrival on Sunday morning  Apr Good airport quick luggage delivery clean airport Departure on Thursday evening  Apr Check in correct  no air conditioning very hot temperature more than C on the evening very crowded due to small boarding lounge and not enough seats Only one small bar in international area for more than  large aircraft B departing at the same time,7.0,Positive,Positive,Positive,Positive,Positive,3/3,,1.0
Small Planet Airlines,airline,I Parker,2017-11-13,On time departure from Larnaca to Leipzig Very friendly crew I was surprised that  of them including first officer was from Greece and Cyprus Very nice and colorful aircraft that makes your day Wind in Leipzig was not calm it was about  kts Perfect landing,8.0,Positive,Positive,Positive,Positive,Positive,3/3,,1.0
Birmingham,airport,John Hyde,2024-05-11,Monday th April what an absolute disgrace  hours to get through security after being told  minutes  lifts  out of order another reserved for staff when you escaped the great long queues  conveyor belts working out of  very little staff available On return  hour wait for luggage an absolute disgrace A final comment I will never use Birmingham again and yet only  minutes from home and have used this airports many many times and many times had problems but no more East Midlands much better,2.0,Positive,Positive,Positive,Positive,Positive,3/3,,1.0
KM Malta Airlines,airline,28 reviewsRobert Watson,2024-10-31,I like KM Malta airlines Between a faulty departure screen and me not paying attention I panicked when I saw my flight status on screen said gate closed Ran to the gate in  minutes and it was indeed closed Much to my obvious delight and surprise they still let me board and ordered a bus to take me to the aircraft where having boarded they shut the doors and we departed No persuasion was necessary and I cant imagine any other airline being this reasonable Onboard service and food excellent,9.0,Positive,Positive,Positive,Positive,Positive,3/3,,1.0
Evelop Airlines,airline,C Broseta,2016-10-15,Madrid to Punta Cana Long queues to check in Only  counters for  people Aircraft clean and well maintained Standard seats with no PTV only overhead screens with English  Spanish movies They offer a free hot meal with two options of main course and a snack  breakfast before landing Flight on time and friendly crew Considering they have packages with child for free and good prices and airplanes are newer than other Spanish charter airlines I would recommend Evelop,6.0,Positive,Positive,Positive,Positive,Positive,3/3,,1.0
Aalborg,airport,Klaus Malling,2014-02-11,A small very effective airport with few flights Checkin is notorious quick and staff friendly arrival very quick and busses to Aalborg frequent Usually no problems getting taxis as well There used to be a cafeteria but nowadays just a kiosk  but good cafeteria with reasonable prizes inside terminal Security check quick and friendly as well There is a nice viewing pavilion at one end of the airport Outside note the famous kiss and goodbye signs Restrooms outside terminal however few,9.0,Positive,Positive,Positive,Positive,Positive,3/3,,1.0
China Southern Airlines,airline,18 reviewsN Siotto,2025-01-18,Made three flights in a week with three different aircrafts The aircraft is clean and so are the toilets Decent food Comfortable seat No WiFi on the last flight The service on board is amazing  All flights punctual Would fly them again anytime,9.0,Positive,Positive,Positive,Positive,Positive,3/3,,1.0
Iberia Express,airline,P Cermak,2024-11-11,Absolute and stunning perfection in everything Crew are the best wonderful and polite people who are there to make your journey a great part of your day Please treat your crew nicely they are literally one of the best and I fly a lot  times a month,10.0,Positive,Positive,Positive,Positive,Positive,3/3,,1.0
PLAY,airline,Georgios Vrontos,2024-05-22,Boarded by bus on an distant location AN on a very good condition crew was young people friendly and eager to help passengers to place carryons to the bins Legroom was tight I was lucky my next seat was left empty and the flight was barer able We departed on time  min after departure they served coffee no free and  hours within the flight they served lunch from Buy on board Menu Flight was  full and almost all passengers transferring to North American destinations,7.0,Positive,Positive,Positive,Positive,Positive,3/3,,1.0
Alliance Airlines,airline,Paula Hatcher,2024-01-03,Today we flew on VA Brisbane to Townsville I usually fly Jetstar as it suits my time requirements This flight was perfect the seats were much more comfortable and the staff were the best I have experienced they could not have been more helpful I could not fault Alliance in any way and I would always be happy with them  We had just flown from Perth and we were both pretty tired so thankyou so much,10.0,Positive,Positive,Positive,Positive,Positive,3/3,,1.0
Guayaquil,airport,Ian Flynn,2011-04-21,Friendly of the staff a new huge mall had been opening Mall del Soll This is the modern and fully functional airport with the biggest mall of the country and four hotels between    stars,2.0,Positive,Positive,Positive,Positive,Positive,3/3,,0.38140909090909086
Nassau,airport,19 reviewsKazi Ayetullah Al Mehedi,2016-03-21,This airport has  terminals one for USA flights and one for non USA flights Not big airport Inside is very clean and staff are very helpful However there are long waiting times at immigration and customs Customs has no scanner machines so they have to open all bags for checks Needed almost  hours to finish immigration and customs When departing it is very quick Inside the airport there are only a few shops,6.0,Positive,Positive,Positive,Positive,Positive,3/3,,1.0
Middle East Airlines,airline,41 reviewsG Jackson,2024-08-07,Im very fond of this airline  this was my fifth time flying on the BeirutLondon flight and there is a real consistency in terms of service food and comfort The plane is very new the seats spacious and the IFE is good Flight was ontime Crew were friendly and polite and the meal was satisfying there was a choice between  mains Wine and beer was offered and I had no problem at all getting some additional topups during the  hour flight A good flight on a very nice and littleknown airline,8.0,Positive,Positive,Positive,Positive,Positive,3/3,,1.0
Kefalonia,airport,A Bindels,2019-05-04,Kefalonia Airport has a new hall which is big enough for  passangers waiting The queing went fine although there are not many desks The toilets were new and clean Coffee and sweat breads are in the hall In de waiting area is a small shop Personnel was very kind and helpful,8.0,Positive,Positive,Positive,Positive,Positive,3/3,,1.0
Abu Dhabi,airport,Maryna Ulgen,2024-11-17,Great airport Good duty free Good fb outlets Just one question  why do you clean all washrooms at the same time leaving just handicapped ones opened And to find a vacant one you need to pass several kms to find it,9.0,Positive,Positive,Positive,Positive,Positive,3/3,,1.0
Genova,airport,Dunai Zoltán,2009-08-07,I have used the comfortable Cr Colombo Airport in Genoa at least  times in the last  years Small comfortable no crowd no queue security check is not the standard paranoia of the EU just lazy smiles Friendly staff excellent shop excellent coffee shop fantastic quality of espresso good grappa and beer  reasonably priced And not to forget  it is comfortable to rent a car and drive anywhere in the Ligurian Coast easy car return  the Airport is before Genova on the road One of my favorite airports,5.0,Positive,Positive,Positive,Positive,Positive,3/3,,1.0
Utair Aviation,airline,Georgios Vrontos,2013-08-19,ODSIEV on a new ATR having small screens for the safe announcements and you can see some comics during the  hour  minutes flight Flight was full but service was ok  they offered refreshment Staff were very friendly and we were on time Overall very nice experience,9.0,Positive,Positive,Positive,Positive,Positive,3/3,,1.0
Ottawa,airport,Frank Nemhauser,2016-07-27,High marks for YOW Transited from USA to international There is no sterile transit area One has to enter Canada and then go through security again but the process was fast I was number  at passport control Service personnel uniformly nice and helpful Reasonable number of shops and eateries for a small airport Well done Ottawa,9.0,Positive,Positive,Positive,Positive,Positive,3/3,,1.0
Air Astana,airline,Gary Stoykov,2024-05-13,Excellent flight comfort service politeness The flight is around  hrs long and we were served a decent meal a good selection of beverages provided good entertainment in comfortable seats MTotally recommended,10.0,Positive,Positive,Positive,Positive,Positive,3/3,,0.6019999999999999
AirAsia India,airline,Sharayu Parab,2023-05-03,I will like to thank entire staff of Air Asia We were on family vacation with my  year old child and got amazing cooperation Without any hassle we could book seats and the entire journey was enjoyable Will like to be thankful to the pilots as the landing on all the flights was smooth I paid my gratitude to the staff personally too,10.0,Positive,Positive,Positive,Positive,Positive,3/3,,1.0
Tripoli,airport,Peter Bedson,2006-06-09,Great little airport  somewhat bizzare security arrangements which seem to depend on who you are or who you are with but really clean and with a nice cafe and seating while you wait the far side of passport control Duty Free expensive and poor selection,0.0,Positive,Positive,Positive,Positive,Positive,3/3,,1.0
Dresden,airport,40 reviewsH Richards,2022-02-11,A small but efficiently operating airport Arrival was smooth and fast even when there was an additional covid document check There are enough small shops and food and beverages available Transportation is best done by train which will cost only  euro,8.0,Positive,Positive,Positive,Positive,Positive,3/3,,1.0
Langkawi,airport,12 reviewsPrayash Giria,2016-01-07,Small functional airport which is a bit drab for a holiday destination like Langkawi Clean but a bit rusty A decent common hall with shopping and eating before check in  after baggage claim but next to nothing to do on the airside Still more pleasant than KLIA  or Subang,4.0,Positive,Positive,Positive,Positive,Positive,3/3,,1.0
Air Italy,airline,Nicola Ruggeri,2019-09-12,Verona to Mahon Flight at full hour aircraft slightly dated but maintained better than others very comfortable seats In mid flight we were served a very good snack nice and elegant and above all professional hostesses volo in pieno orarioaereo leggermente datato ma tenuto meglio di altri sedili molto comodi a met volo ci  stato servito lo spuntino molto buono hostess carine e eleganti e soprattutto professionali,7.0,Positive,Positive,Positive,Positive,Positive,3/3,,1.0
Berne,airport,Sascha Herzog,2002-12-09,Berne Airport Airport of the Capital of Switzerland is a regional airport with connections to Europes major cities Also connecting to the international hubs of Munich and Amsterdam CheckIn time only  minutes prior to departure time Airport Authority is building a new terminal which will be opened by may  Temporary terminal is in use until the opening of the new terminal Staff is very friendly The motto is to serve the passenger from leaving the taxi or public transport until boarding the aircraft,0.0,Positive,Positive,Positive,Positive,Positive,3/3,,1.0
American Eagle,airline,67 reviewsM Galena,2024-12-23,I recently flew American Eagle operated by Republic from Washington DC to Philadelphia and I was really impressed The E was comfortable and wellsuited for the short hop between cities Even though the flight was only  minutes and we had a slight delay leaving Washington due to congestion the crew still managed to offer a full beverage service in first class which I really appreciated Despite the delay we landed in Philadelphia on time It was a smooth and enjoyable flight overall,10.0,Positive,Positive,Positive,Positive,Positive,3/3,,1.0
Bamboo Airways,airline,N Hanley,2023-11-19,Impressed  Booked a domestic hop at last minute Much cheaper than its competitors Had my flight cancelled from LGW to HAN earlier this month I expected the airline to be unreliablelate how very wrong I was Everything was faultless check in was smooth boarding and departure on time crew very courteous and polite Arrived safely and out of the airport in less than  min Overall given a chance Bamboo would be my airline of choice while travelling around Asia,10.0,Positive,Positive,Positive,Positive,Positive,3/3,,1.0
Singapore Airlines,airline,Mostafa Khadem,2025-03-19,Excellent services as usual by Singapore Airlines from Darwin to Singapore on  March  even though I was fasting and unable to eat my foods they didnt forget to give me a box of dry foods and drinks to break my fasting Thanks a lot to the cabin crews Flight from Singapore to BKK SQ on  March was great too Always excellent service,10.0,Positive,Positive,Positive,Positive,Positive,3/3,,1.0
Bergerac,airport,Richard Lindsay,2013-06-24,This airport is small so whilst access is good facilities are very limited Airside there are only  vending machine so if you want anything to eat or drink best use the bar Landside Do not carry tins eg Duck Confit Pate etc that are greater than g in hand luggage  they will be confiscated at security,5.0,Positive,Positive,Positive,Positive,Positive,3/3,,1.0
Tokyo Haneda,airport,12 reviewsK Huang,2024-05-05,Departing from Terminal  for a domestic flight The airport was well connected with the public bus and train The terminal in general was clean modern and efficient Check in was fast and completely automatic via machines with ground staff was ready to help Surprising no long queue at the security and everything was smooth There were numerous comfy seats available for passengers Shopping and dining were also really good and at reasonable price,10.0,Positive,Positive,Positive,Positive,Positive,3/3,,1.0
Shaheen Air,airline,S Rasheed,2016-01-23,I flew with Shaheen Air on  Jan  from Dubai to Karachi Checkin was good Cabin crew friendly and smiling and before take off a drink was served and a newspaper After take off nice dinner was served with chicken Korma Zeera Rice Riata and Hot Tea,9.0,Positive,Positive,Positive,Positive,Positive,3/3,,1.0
BH Air,airline,Andrew Craig,2013-07-07,Flew them on the Frankfurt  Sarajevo trip on board their B I found the airline staff professional and friendly which cant be said about the customs at SJJ airport most of whom looked downright angry and like they hate their job The BH airlines crew were great and boarding was quick and breeze The flight arrived a few minutes early and I found the cabin fairly modern and clean,10.0,Positive,Positive,Positive,Positive,Positive,3/3,,1.0
Aerosur,airline,Allan Gathercoal,2007-09-29,Santa Cruz Bolivia to Sao Paulo Brazil At the airport checkin was easy It pays to arrive early and avoid the impending line The counter staff was friendly and they did not charge me for my extra weight about  kilos I was impressed by the new  that Aerosur used on this leg  most AeroSur flights use older  The flight attendants served a box meal and drinks on a  hours flight and we arrived on time I would use them again for this route,0.0,Positive,Positive,Positive,Positive,Positive,3/3,,1.0
Muenster-osnabrueck,airport,H Lubnow,2008-02-21,Good transport connection via BAB  Moderate parkingrates close to the terminals CheckIn only  minutes prior to departure Short distances More than  daily flights major Star Alliance hubs MUC and FRA and direct flights to holiday destinations Daily lowcost flights to London STN Vienna Rome FMO is a good choice for travellers in northern NRW western Niedersachsen and eastern Holland who want to start their journeys business travel as welll as holiday travel relaxed and in a friendly atmosphere,5.0,Positive,Positive,Positive,Positive,Positive,3/3,,1.0
Berlin Schonefeld,airport,J Wilkin,2020-02-08,The security staff were incredibly slow and seemed to be more interested in personal chats than getting customers through the security process as quickly as possible Why not be more proactive  you will get less tension with customers shorter queues and a better job satisfaction You dont need to be unfriendly and impersonal,2.0,Positive,Positive,Positive,Positive,Positive,3/3,,1.0
TACA Airlines,airline,Georgios S Vrontos,2016-01-11,Flew TACA Airlines from Lima to Bogota Only the outside of the aircraft and the food carriage were TACA The rest magazine and crew were Avianca Food service for the  and a half hour flight was great full meal Full service of drinks juices beers alcoholic I would fly with them again,7.0,Positive,Positive,Positive,Positive,Positive,3/3,,1.0
Port Elizabeth,airport,Peter Morison,2006-08-25,Port Elizabeth airport is small and friendly Best thing about it is that it is so close to the main seafront area  you can be on the beach about  minutes after leaving the airport if you want Slight disadvantage once you are on the beach is that planes go right over your head Also very close to CBD and the pleasant suburb of Walmer PE known as the Friendly City and the airport gives it a good introduction,0.0,Positive,Positive,Positive,Positive,Positive,3/3,,1.0
Kefalonia,airport,A Bindels,2019-05-04,Kefalonia Airport has a new hall which is big enough for  passangers waiting The queing went fine although there are not many desks The toilets were new and clean Coffee and sweat breads are in the hall In de waiting area is a small shop Personnel was very kind and helpful,8.0,Positive,Positive,Positive,Positive,Positive,3/3,,1.0
Nagpur,airport,Ravi Mene,2016-01-25,We have used this airport in the past there is noticeable improvement in the facilities and services The check in are is spacious with adequate seating and few shops The check in process was smooth and the security swift and friendly After security there is a large waiting area with free newspapers and view of the apron the separture lounge is upstairs and they have  aerobridges A good regional airport if you want to go to see the Big Cat Tigers,7.0,Positive,Positive,Positive,Positive,Positive,3/3,,1.0
Dane County Regional,airport,7 reviewsB Chang,2016-06-06,This is a fairly good airport Nice and clean easy to get around This airport is also very small and therefore has less wait time thus you can probably get away with arriving only  hour prior to departure and still make your flight On the other hand there is not very many options to eat or shop,8.0,Positive,Positive,Positive,Positive,Positive,3/3,,1.0
Nimes,airport,John Hartley,2006-01-02,There is also an excellent restaurant on the mezzanine floor overlooking the runway It opens at noon which gives adequate time for a good lunch before the departure of the Luton flight at  Information on bus transportation to and within Nimes is at httpwwwtcnfr,0.0,Positive,Positive,Positive,Positive,Positive,3/3,,1.0
TAR Aerolineas,airline,1 reviewsOmar Zarur,2021-04-12,Excellent service I flew on a hr m flight and the crew were excellent from boarding to disembarking The crew offered a complimentary snack onboard the seats are comfortable and the flight was smooth There were no delays or inconveniences during the flight The seats recline and although they are a bit old they are still leather and big so its very comfortable The crew helped me find my seat and they had a great attitude when I ordered a glass of water twice I will fly with them again  recommended,10.0,Positive,Positive,Positive,Positive,Positive,3/3,,1.0
Tokyo Narita,airport,6 reviewsS Han,2024-04-14,Easy to access by train Plenty of shops and eateries even convenience store Lots of toy machines Clean and enjoyable to wait for our departure Signs are clear You can enjoy lunch while watching the airplanes take off Weve got our last minute omiyage shopping like handkerchiefs japan only cute snacks and satisfying lunch,9.0,Positive,Positive,Positive,Positive,Positive,3/3,,1.0
Corfu,airport,30 reviewsAndre Souza,2023-09-04,As most of people here state the airport is brand new and clean but they schedule most of flights at the same time in other words the arrival hall becomes a nightmare We had to wait airborne for some  minutes before we were allowed to land due lack of ramp space The airport is well connected with buses to town On departure everything was pretty much smooth but they let you wait outside waiting on the heat During peak summer season I would avoid Corfu if I were you,5.0,Positive,Positive,Positive,Positive,Positive,3/3,,1.0
S7 Siberia Airlines,airline,Valentin Yurmanov,2019-10-25,Paphos to Sochi via Moscow Excellent company and the only one that Im using for travels to Russia Very reasonably priced tickets They are the only company which offers perks before you reach silver status which requires at least  flights miles eg free luggage if you have done  flights On that particular flight the crew was nice as always food was great for an economy ticket and the seats were comfortable Highly recommended and hopefully they will continue growing,10.0,Positive,Positive,Positive,Positive,Positive,3/3,,1.0
Dubai World Central,airport,3 reviewsjohn tegean,2017-01-01,A wonderful airport very cosy and friendly The only drawback as it is vast it has very long walking distances The design is very Dubai in style  elegant with an affordable Duty Free You can buy almost everything in very low prices Definitely a very nice airport,10.0,Positive,Positive,Positive,Positive,Positive,3/3,,1.0
Novair,airline,Ulf Källén,2011-03-21,I have went with Novair four times OSLLPA x OSLTFS OSLFUE Great service good looking planes comfortable seats No delays new clean A The only less good thing  the food,7.0,Positive,Positive,Positive,Positive,Neutral,3/3,,0.5162727272727272
Sunan Pyongyang,airport,Martin Borland,2012-12-28,The airport was not busy when we arrived but this did not stop it taking  minutes to pass through immigration and collect bags Facilities are what you expect from an airport about  years out of date and did not expect anything different I guess Found the staff to be unfriendly and there were no painted on smiles available here,1.0,Positive,Positive,Positive,Positive,Positive,3/3,,1.0
Santo Domingo,airport,E Williams,2014-03-04,Excellent both coming and going Good selection of shops and restaurants Layout easy to navigate Well signposted in both Spanish and English Clean throughout Ample restroom facilities Best of all the passportcustoms control personnel both incoming and outgoing are courteous efficient and multilingual They smile  I hope they can give US officers the basic lesson  Corners of mouth go up not down,10.0,Positive,Positive,Positive,Positive,Positive,3/3,,1.0
China Airlines,airline,K Pellberg,2024-11-27,Lovely crew Very clean plane and rather comfy seating The seat belt  sign was on most of the flight although not much turbulence Quite many announcements The food was fine but wine glasses very small,7.0,Positive,Positive,Positive,Positive,Neutral,3/3,,0.20245714285714286
Lima,airport,B Jenson,2024-01-24,Security was super helpful As we were passing through security someone stole my wifes Apple Watch from the box after we went through the Xray We immediately notice it was missing and reported it Security checked the cameras and found the thief Using the image from the cameras they tracked down the passenger and recuperated our watch All this within  minutes Amazing,10.0,Positive,Positive,Positive,Positive,Positive,3/3,,1.0
Shanghai Airlines,airline,N Ong,2023-11-26,Overnight flight from KL to Shanghai on their relatively new B plane Was impressed on the cabin cleanliness and seat was pretty comfortable But would preferred to be on a wide body aircraft for a flight time longer than  hrs Cabin crew were polite Food was ok But for the price I paid for it was cheaper than some low cost carrier Would not hesitate to fly with them again,7.0,Positive,Positive,Positive,Positive,Positive,3/3,,1.0
flydubai,airline,Rajesh Khanna,2025-02-05,Flydubai provides a pleasant and comfortable travel experience from Dubai to Kerala I am  feet tall so I had plenty of leg room The food was tasty and sufficient and the service was good The positive experience is made better by effective boarding,9.0,Positive,Positive,Positive,Positive,Positive,3/3,,1.0
Paderborn,airport,B Spreitzer,2009-10-30,Great regional airport Min check in time for Lufthansa flights is  mins Good connections via MUC to international destinations Reasonable amenities at the airport,3.0,Positive,Positive,Positive,Positive,Positive,3/3,,0.9299999999999998
Bournemouth,airport,Micheal Dutfry,2019-10-01,Our flight from Murica to Bournemouth was cancelled and the holiday was a disaster but the staff at Bournemouth were so helpful they kept me up to date with information they sorted all the car parking out and made sure we all made it home without any major issues The thing was no matter how many people say about the drop off fee of  so what for a local airport min drive  parking min walk to the building nice and calm and relaxing food was amazing now they have costa so what else would you need,10.0,Positive,Positive,Positive,Positive,Positive,3/3,,1.0
Hangzhou,airport,1 reviewsA Usman,2017-01-15,Landed at Hangzhou Airport around  using AirAsia X from Kuala Lumpur Immigration clearance was smooth and no hassle I claimed my luggage in just a few minutes Washroom services are as good as other airports in China The only lacking is the number of available seats on the departure floor at the checkin counters area,7.0,Positive,Positive,Positive,Positive,Positive,3/3,,1.0
Myanmar Airways,airline,C Marden,2018-06-10,Bangkok to Yangon What a pleasant surprise Clean aircraft Pleasant professional and efficient crew Ontime performance Tasty snack for the short flight Even the preflight service was great  email requests for special requests were answered within an hour True star service,10.0,Positive,Positive,Positive,Positive,Positive,3/3,,1.0
Malindo Air,airline,D Thompson,2023-12-14,My first time flying with Malindo now Batik Air Fabulous experience smooth checkin luggage included Friendly attentive staff Much more comfortable seats that either Air Asia or Jetstar Good pricing I have already booked another  flights Impressive economy airline   for the price you pay,10.0,Positive,Positive,Positive,Positive,Positive,3/3,,1.0
AirAsia Philippines,airline,E Kanagide,2024-05-15,Entire flight was smooth however boarding time was a little confusing and the assigned gate they suddenly changed it so it caused more confusion I ordered prebook meal it tasted good but the food itself was somehow cold For me airlines baggage policy was highly favorable as I was able to check in  kilos regardless of number of luggage,6.0,Positive,Positive,Positive,Positive,Positive,3/3,,1.0
Read more,airline,C Lee,2024-10-11,The seat was spacious but the recline function was lost on my seat Crew were friendly They offered one meal plus one snack for just  hours The onboard announcement was inaccurate that they claimed to be landing soon  hours before the actual landing Surprisingly personal onboard entertainment was offered,7.0,Positive,Positive,Positive,Positive,Positive,3/3,,1.0
Rhein-Neckar Air,airline,29 reviewsWolfgang Bernhart,2019-10-29,Mannheim to Berlin Great experience flying like in the past good service no queues customers first  I can recommend,10.0,Positive,Positive,Positive,Positive,Positive,3/3,,0.9179999999999999
Olympic Air,airline,Georgios Vrontos,2023-05-30,Both flights were on time friendly crew and there was an inflight service for this  minutes flight Airplane was clean Due to short runway only  passengers could board on departure from Kastellorizo,10.0,Positive,Positive,Positive,Positive,Neutral,3/3,,0.13679999999999998
Barra Eoligarry,airport,Alex Johnson,2017-04-20,Barra is an amazing airport  its tiny shed like and has few facilities The most people there at one time will only be approx  as the flights are operated by little twin otters What makes Barra great is the runway  its the beach The approach and landing experience are a must Also once youve got off and collect your bag from a shelter in the car park youve got a maximum of  metres to walk to your car taxi or bus they meet every flight and are a good way to get around the islands,10.0,Positive,Positive,Positive,Positive,Positive,3/3,,1.0
Bari Palese,airport,Mark Vella,2017-05-12,Bari Airport looks new but they have not yet found a way to avoid a  minute wait for security checks Leaving tourists in a  minute queue for security is not a good way to attract tourists If the queue is  minutes on th April what will it be in July and August Puglia is a great region to visit and Bari is an excellent gateway Pity the local autorities cant run an airport,2.0,Positive,Positive,Positive,Positive,Positive,3/3,,1.0
Blackpool,airport,Paul Cox,2014-10-13,Flew to Dublin yesterday th October after catching train from Preston where I had been working for a few days to Squires Gate which is about a  minute walk  ADF was a bit of a disappointment but checkin and security a breeze Staff friendly and efficient Depatures lounge was a bit oldfashioned not necessarily a bad thing quite nostalgic really but was very clean and the cafe was good Aer Lingus as always a joy to travel with,9.0,Positive,Positive,Positive,Positive,Positive,3/3,,1.0
Guayaquil,airport,Stanley Landivar,2015-11-10,Good airport nice shops and the seating is comfortable great restaurants very respectful staff and flights always on time,8.0,Positive,Positive,Positive,Positive,Positive,3/3,,0.7055999999999999
Air North Yukon's Airline,airline,Clayton Bigsot,2024-04-02,I love Air North and use them whenever its convenient between Kelowna and Vancouver Very reasonable fares which includes two checked bags and advance seat selection for  Always on time friendly staff and I love the vintage s Its like what flying was like decades ago  much nicer and more relaxed,8.0,Positive,Positive,Positive,Positive,Positive,3/3,,1.0
CSA Czech Airlines,airline,Pavel Němeček,2020-02-04,Surprisingly smooth flight on board Czech Airlines checkin was smooth and flight departed on time from Paris and as I had Plus fare they did not bother me about my cabin bag and backpack during boarding On board offer was OK and prices were low  the beer which I ordered was cold which is perfect They also offered a water after the paid service so for the price I paid I was more than happy Flight arrived  minutes early only downside of the trip was the long wait for the bags in Prague,9.0,Positive,Positive,Positive,Positive,Positive,3/3,,1.0
Nordwind Airlines,airline,G Kostov,2021-07-20,No frills quick easy safely and clean flights from Dagestan to Moscow The airplane was clean the staff in nice uniforms professional They packed us quickly flew us safely the baggage was out sooner than I made it to the carousel Only a glass of water for the whole flight but it is only  hours Nothing to complain about would fly again and recommend,10.0,Positive,Positive,Positive,Positive,Positive,3/3,,1.0
FlyArystan,airline,A Halekova,2019-05-31,NurSultan to Almaty return I bought the tickets on the companys website Initially I planned to travel with just a hand baggage but the day before the flight I managed to add a baggage on the website for  tg The flights were excellent Flight attendants sold buy onboard drinks and snacks Arrival was just on time The ticket price turned out to be cheaper even than the Talgo train,8.0,Positive,Positive,Positive,Positive,Positive,3/3,,1.0
EVA Air,airline,John Wagner,2024-11-08,Excellent service  very good meals and plenty of fresh coffee I have flown EVA several times in the past but this trip was the best and most efficient by far far better than that so called new luxury carrier from Taiwan that I used in  EVAs flight attendants are very professional and interact with passengers with a big smile and speedy service best in the industry,10.0,Positive,Positive,Positive,Positive,Positive,3/3,,1.0
Myanmar Airways,airline,C Marden,2018-06-10,Bangkok to Yangon What a pleasant surprise Clean aircraft Pleasant professional and efficient crew Ontime performance Tasty snack for the short flight Even the preflight service was great  email requests for special requests were answered within an hour True star service,10.0,Positive,Positive,Positive,Positive,Positive,3/3,,1.0
Washington National,airport,52 reviewsMahmud Noormohamed,2024-11-02,This review is limited to Terminal  This terminal is very convenient as all of Southwests gates are in one location which means connection times of  minutes is more than enough to catch connecting flight As I had a very short layover I did not access WiFi The terminal was crowded midmorning but theres plenty of seating The bathrooms are very clean,8.0,Positive,Positive,Positive,Positive,Positive,3/3,,1.0
Air Bagan,airline,Dirk Visser,2012-11-14,Recently flew throughout Myanmar on the following routes YangonMandalayHehoMandalayNyaung U BaganHehoThandweYangon on their Fokker  and ATR aircraft Checkin interesting as there are no computers and everything is weighed manually Ground crew cordial but not overly friendly Flight crews were friendly and always helpful Catering is good for the short flights with croissants and drinks being offered on even the shortest of flights unthinkable in Europe Aircrafts were always spotless and comfortable,9.0,Positive,Positive,Positive,Positive,Positive,3/3,,1.0
Air France,airline,N Haynes,2025-03-28,My son was travelling on Kids Solo as an unaccompanied Minor with a h stop over in Paris The departure from Dublin was delayed by  hour The agents Mustafa and Laura at the check in counter went out of their way to arrange a new flight with KLM arriving half an hour earlier than the original flight They were extremely helpful and understanding We were very impressed with their professional approach and excellent customer service,10.0,Positive,Positive,Positive,Positive,Positive,3/3,,1.0
Malmo Aviation,airline,Mikka Harkonen,2007-06-29,UMEBMA economy This little Swedish airline brings back what flying used to be in the good old days The flight was an  hour short hop between Umea a small city up north and Bromma a tiny central airport of Stockholm in an Avro RJ Plane was clean and flight attendants nice  free newspapers Aftonbladet and some inflight magazine followed by a coffee service a free meal sandwich fresh orange juice and chocolate cake Before landing we were given hot towels and sweets,5.0,Positive,Positive,Positive,Positive,Positive,3/3,,1.0
FlySafair,airline,M Halbene,2024-05-20,On December st  I had booked a flight for my dad and his brothers to Cape Town I joined them we were helped by Thabile Mchunu at Counter  and she was absolutely amazing My elders had never taken a flight before and he kindness and friendliness was amazing and helpful to calm the nerves,8.0,Positive,Positive,Positive,Positive,Positive,3/3,,1.0
Oklahoma City,airport,R Childen,2011-04-16,Excellent modern airport that is  complete There was a complete redesign and now it consists of  concourses West and Central with the East Concourse still to be built The facility is modern and airy and nicely designed for post  with lots of shops and restaurants post security Presecurity it is very tight particularly because people waiting for arriving passengers congregate at the two TSA checkpoints see CHOKE points For the passenger flying into or out of OKC is a breeze,5.0,Positive,Positive,Positive,Positive,Positive,3/3,,1.0
Bandar Seri Begawan,airport,Mya Ellis,2019-10-10,My brother and I  and  Flew for the first time everyone was very helpful they even put us in the sky lounge which consists of a buffet and drinks They did no extra charge and they helped out through the whole time without necessarily babying us Thank you for the experience,10.0,Positive,Positive,Positive,Positive,Positive,3/3,,1.0
Poznan,airport,P Kowalski,2014-04-22,We arrived from Rome with Ryanair bussed quickly to the terminal which is new bright and clean Luggage arrived almost in a blink of an eye Easy navigation to the exit with a stop in a clean toilet several ATMs very convenient  mins from the moment we landed to the car pick up Highly recommended airport nice experience,10.0,Positive,Positive,Positive,Positive,Positive,3/3,,1.0
Milan Malpensa,airport,45 reviewsDiogo Freitas,2023-12-04,Airport staff very friendly and helpful but airport is actually the modern building with a minor older satellite terminal from where a low cost company exclusively operates It needs better  highlited signals,4.0,Positive,Positive,Positive,Positive,Positive,3/3,,0.2715714285714286
Dakar,airport,Jo Dur,2019-07-11,A brand new airport opened for Dakar in  called Blaise Diagne Its infinitely better than the old one mentioned in other reviews on this page which is no longer in use The new airport is clean and modern with helpful staff Once inside I felt like I was already in Europe I had no problems with security or checked baggage,8.0,Positive,Positive,Positive,Positive,Positive,3/3,,1.0
Wroclaw,airport,Z Domagala,2015-05-20,I travelled all around the world I saw many regional airports WroclawBreslau was excellent Everything went quickly Staff were really helpful no queues Brilliant seats before departure No problem with luggage One minus  no good access to the city transport You must take a taxi to drive to the center,10.0,Positive,Positive,Positive,Positive,Positive,3/3,,1.0
SmartLynx Airlines,airline,B Roberts,2024-07-27,Booked with TUI and we were informed the flight had been changed to SmartLynx I was initially nervous about this change as I had not heard of them But it was an excellent flight and service Pilot was great communication throughout the flight adding extras  talking about places we were flying over and could spot etc Just put us all at ease more I felt The plane was clean and comfortable and had more room than any previous TUI planes I had been on One of my best flights,10.0,Positive,Positive,Positive,Positive,Positive,3/3,,1.0
Aero VIP,airline,24 reviewsAngelo Menezes,2019-05-03,Bragana to Cascais with Aero VIP Seven Air provides the services The pilot was very nice and made sure everyone was comfortable and explained there would be some turbulence which was normal Flight arrived  minutes late,9.0,Positive,Positive,Positive,Positive,Positive,3/3,,0.36719999999999997
Orlando Sanford,airport,M Steve,2017-12-13,Absolutely love this airport Easy in and easy out Not jammed with people like the zoo at MCO Orlando Adequate places to get something quick to eat and comfortable seats to wait Only  min from our place in Oviedo I just wish more domestic carriers other than just Allgiant flew into SFB Maybe international travelers dont care for it because its not a large airport but its great for us and I do recommend it,10.0,Positive,Positive,Positive,Positive,Positive,3/3,,1.0
Cyprus Airways,airline,Kuriaki Fasouliotou,2025-03-26,I am beyond happy with the assistance I received from this airline and staff I had back pain and an injury before my flight and walking at the airport was very difficult for me They immediately provided me with a wheelchair and a wonderful staff member who took care of me all the way until I boarded the plane The ground staff the crew and the entire experience were absolutely perfect I cant believe how kind helpful and professional everyone was  I feel truly blessed Thank you so much,10.0,Positive,Positive,Positive,Positive,Positive,3/3,,1.0
Sapporo Chitose,airport,Shige Matsui,2008-05-27,Shinchitose airport is really effective A lot of souvenir shops and wonderful musiam in the airport A brand new international terminal will be open in  Great hotels and various amusement things are worth of expecting,5.0,Positive,Positive,Positive,Positive,Positive,3/3,,0.8454545454545453
Privilege Style,airline,Abdal Ghafar,2020-01-25,Munich to Kabul Privilege Style is flying this  year old Boeing  on behalf of other customers as a charter airline The flight was okay  seats are comfortable enough and i felt safe throughout the journey,5.0,Positive,Positive,Positive,Positive,Neutral,3/3,,0.16499999999999998
Oklahoma City,airport,R Childen,2011-04-16,Excellent modern airport that is  complete There was a complete redesign and now it consists of  concourses West and Central with the East Concourse still to be built The facility is modern and airy and nicely designed for post  with lots of shops and restaurants post security Presecurity it is very tight particularly because people waiting for arriving passengers congregate at the two TSA checkpoints see CHOKE points For the passenger flying into or out of OKC is a breeze,5.0,Positive,Positive,Positive,Positive,Positive,3/3,,1.0
VLM Airlines,airline,O De Block,2015-08-10,Why do we always want to fly the big airlines VLM has the efficiency of a budget airline the service of a high value airline and the punctuality of a German airline They have friendly staff and after landing you are out of the airport in  minutes Moreover book well in advance and you have a very attractive fare,10.0,Positive,Positive,Positive,Positive,Positive,3/3,,1.0
Rzeszów-Jasionka,airport,K Malinski,2022-07-12,Very nice small airport located outside Rzeszw easily accesible by the bus from the city center inside the airport was not busy during the time of travel took less than  minutes to go through security A duty free shop and a bar available however a very good lounge is avaiable too at a very good price around PLN with very comfortable waiting area and very good selection of drinks and snacks Overall I recommend going from this airport,10.0,Positive,Positive,Positive,Positive,Positive,3/3,,1.0
Olympic Air,airline,Georgios Vrontos,2023-05-30,Both flights were on time friendly crew and there was an inflight service for this  minutes flight Airplane was clean Due to short runway only  passengers could board on departure from Kastellorizo,10.0,Positive,Positive,Positive,Positive,Neutral,3/3,,0.13679999999999998
NAM Air,airline,Ricciardulli,2023-08-25,Our flight was on time checkin was smooth The staff on board were friendly I highly recommend this airline despite several negative reviews I think it is much better than many European low cost airlines Il nostro volo  stato puntuale il checkin  stato veloce Il personale a bordo  stato cordiale Consiglio vivamente questa compagnia aereanonostante le diverse recensioni negative penso sia molto meglio di molte low cost europee,10.0,Positive,Positive,Positive,Positive,Positive,3/3,,1.0
flydubai,airline,Mikhael Lornoz,2024-12-09,Nice atmosphere friendly staff and excellent hospitality The staff was courteous and welcoming the food was good and hot and there are drinks to choose from The lounges are good the service provided was great and checking in is simple  Early landings and timely flights,7.0,Positive,Positive,Positive,Positive,Positive,3/3,,1.0
Tallin,airport,Ian Phillips,2019-07-16,arrivals and one departure Arrival is one part and departure is the other Super efficient clean and pleasant Taxis out front Departure area maybe could use more seating Interesting there was a ping pong table there and it was quite popular It has a relaxing feel about it Probably one of the nicest airports anywhere Arrival has a store where you can buy a bus card and load it for say or  days travel,8.0,Positive,Positive,Positive,Positive,Positive,3/3,,1.0
Aigle Azur,airline,N Vitoux,2018-04-20,Berlin to Paris Flight on time clean and modern plane It was impossible to buy any drinks due to an issue with their visa machine The crew was ok but they could smile a bit more At Orly airport we had to disembark by bus which took  minutes to finally be at the south terminal,8.0,Positive,Positive,Positive,Positive,Positive,3/3,,0.8610749999999998
easyJet,airline,S Peale,2025-03-07,An excellent short flight with great onboard service from a friendly  attentive cabin crew Leg room was ok and the seats were comfortable enough for a short flight Overall a good experience and good value,9.0,Positive,Positive,Positive,Positive,Positive,3/3,,0.5924999999999999
InterSky,airline,E Clauss,2014-03-07,Intersky is another airline charging high prices for regional services using and chartering cheap airlines Just flew back from SZG to ZRH Friendly stewardess and good service  captain did not say a word Even though Intersky is the only direct Service between SZG and ZRH  I would rather fly LH via Frankfurt,2.0,Positive,Positive,Positive,Positive,Positive,3/3,,1.0
Dublin,airport,Michael Haugh,2024-11-12,Had an excellent experience travelling through Dublin airport to Miami The security was efficient We precleared US customs and immigration which took  minutes saving us from having to do it through Miami There was a good choice of food and drink but very limited once you enter the US zone,8.0,Positive,Positive,Positive,Positive,Positive,3/3,,1.0
Skymark Airlines,airline,Ton van Schaik,2015-01-23,Flown HanedaChitose and FukuokaHaneda in the new A Very good seats almost like business class seats  Service on board was excellent Drinks and snacks for a small fee about  euro for a coffee Will fly with them again when in Japan,9.0,Positive,Positive,Positive,Positive,Positive,3/3,,1.0
Skymark Airlines,airline,Pascal Pierre Saunier,2016-08-18,I flew Skymark Airlines from Kobe to Tokyo Haneda on August th and I must say that I was pretty impressed by the quality of the airline They do not provide any food but service is good I had too much luggage and they only charged me  for the extra  kilos I had checked Seats are very comfortable and legroom is better than most international airlines I guess its at least  inches maybe  Nice flight and on time I will fly Skymark Airlines again in the future when I return to Japan,9.0,Positive,Positive,Positive,Positive,Positive,3/3,,1.0
Lusaka,airport,Keith Mwanalushi,2005-05-10,In the last  years Lusaka International Airport has been going through a re development programme which has seen an upgrade in its infrastructure The old  style check in counters have been replaced and updated The airport has received new ground handling equipment escalators and lifts Having been invited on a press tour of the facility i got to see first hand what is happening The airport is very clean cleaner than some more developed airports I have seen in my travels,0.0,Positive,Positive,Positive,Positive,Positive,3/3,,1.0
Hong Kong,airport,JJ Rockwell,2025-04-02,The airport claims it has smooth transit and easy to read signs in English helpful staff and an efficient process My experience was the complete opposite After arriving and trying to find my departure process I was told to go back backandforth to the same places by people who could not understand what I was saying this took  minutes to an hour and each time I had to rewait in line again So finally I said Im not leaving till you direct me to the right place,1.0,Positive,Positive,Positive,Positive,Positive,3/3,,1.0
Island Air,airline,C Dunlop,2014-04-19,After so many negative comments I believe a positive is in order Honolulu to Lanai check in a breeze courteous and friendly we paid  per bag but now only  Flight basically on time aircraft ATR quite comfortable after all flight is only  minutes  Flight attendants very friendly juice and water offered Bags delivered promptly Will fly them back to HNL and will only post if flight is any less enjoyable,10.0,Positive,Positive,Positive,Positive,Positive,3/3,,1.0
Bismarck,airport,Bret Hammell,2015-07-09,A small but full service airport  Doesnt have some of the amenities of larger airports but you would not expect them Clean Great service Short wait times  Highly recommended,8.0,Positive,Positive,Positive,Positive,Neutral,3/3,,0.39874285714285707
Bournemouth,airport,S Pinchbeck,2024-09-29,I would like to say a huge thank to Yasmin who went to great lengths to find us a new flight the same day but from Bristol airport flight missed just Start of holiday delayed by  hours only her professional and helpful support was greatly appreciated Thank you again,7.0,Positive,Positive,Positive,Positive,Positive,3/3,,1.0
Funchal,airport,Andry M Castro,2020-04-01,It is a very clean airport and very easy to move around Departures and arrivals are well defined and separate It is very safe and there are good shopping areas in the departures My experience at this airport is  flights all without problems at the airport and the last flight was in January  Nice views from airport we can see Desertas Islands and the sea sunrise and sunset,9.0,Positive,Positive,Positive,Positive,Positive,3/3,,1.0
Tigerair Australia,airline,Salman Shami,2020-03-17,I flew one way from Melbourne to Canberra I paid extra  for more leg room and extra  for priority boarding It came to  The flight left on time and arrived on time The seat was comfortable The staff were courteous Based on my experience I wouldnt hesitate to fly with this airline again,9.0,Positive,Positive,Positive,Positive,Positive,3/3,,1.0
SilkAir,airline,19 reviewsW Manarlo,2020-03-07,Makassar to Singapore  Crowded flight Long checkin queue and time The takeoff is smooth Great service a good meal The flight attendant is great,8.0,Positive,Positive,Positive,Positive,Positive,3/3,,0.642
NokScoot,airline,R Ward,2019-10-20,Bangkok to Osaka Smooth check in and efficient seat allocation They didnt check cabin baggage weight nor size Had to buy food and drinks as refused internet preorder because we used a travel agent Seats ok but a night flight which was very uncomfortable Saw in the inflight magazine we could upgrade enroute to premium economy  a good idea For B a good flight,8.0,Positive,Positive,Positive,Positive,Positive,3/3,,1.0
San Sebastian,airport,S Williams,2007-05-07,MalagaSan Sebastian Approach looked a bit dodgy as the airport is sandwiched between the Pyrenees and the sea but in reality it was a gentle descent From aircraft to baggage   yards Baggage arrived very rapidly my host had parked in the free carpark only another  yards away Clean modern airport not actually in San Sebastian but Irun about  minutes from the French border very convenient for Biarritz,4.0,Positive,Positive,Positive,Positive,Positive,3/3,,1.0
Tashkent,airport,J Edlow,2017-09-21,Tashkent Airport has become very efficient on the international side Immigration and customs both on the way in and on departure were quite user friendly Not a lot of shops and restaurants but that was not inconvenient Readers should be aware that the domestic terminal is on the other side of the runway and it could take up to  minutes to connect from one side to the other side using a taxi,8.0,Positive,Positive,Positive,Positive,Positive,3/3,,1.0
Amritsar,airport,Jag Jhajj,2017-09-07,Small but efficient and clean airport There was not much rush and check in to gate was  minutes in the evening I fly from this airport once a year and never have any issueso far Customs and immigration takes less time than any other airports in India experienced,8.0,Positive,Positive,Positive,Positive,Positive,3/3,,1.0
Germania Airline,airline,13 reviewsK Garmann,2018-08-20,Keflavik to Dresden Germania isnt a great airline I barely fit in the seatIm  Check in starts  hours before departure which sucked because all the shops were after security Online Checkin didnt work But the staff was nice and the ticket was cheap I recommend if you are under  feet tall and plan accordingly,7.0,Positive,Positive,Positive,Positive,Positive,3/3,,1.0
Guilin Liangjiang,airport,J Drolet,2010-11-01,A fairly small airport by Chinese standards but then again so is Guilin At checkin they waved me over to check in at the VIP line even though I was flying economy nice of them Despite being small this airport has a nice decor  is clean Going through security quite smooth  efficient My main complaint is at departures gates many people smoking  not much in the way of snacks unless you like strange looking Chinese treats that have no English,4.0,Positive,Positive,Positive,Positive,Positive,3/3,,1.0
LC Perú,airline,Jochem Vreugdenhil,2017-10-31,Flew with LC Peru from Cusco to Lima H flight Small Boeing  old Lufthansa Legroom was limited but okay for the duration of the flight They offered one drink and a small snack two cookies Flight was smooth the price for the ticket was low included one piece of bagage of KG Crew friendly and efficient Plane was old it was ok Overall good value for money Short flights are ok plaen looks good and seats were ok Dont expect to much but I would recommend this airline for domestic flights in Peru,7.0,Positive,Positive,Positive,Positive,Positive,3/3,,1.0
Brasilia,airport,John Ryan,2008-03-25,This is a nice airport people are friendly check in efficient It is a clean airport and it has a nice building with plants and water fonts Brasilia is a modern City and it is airport is like the city just fantastic,4.0,Positive,Positive,Positive,Positive,Positive,3/3,,1.0
Murcia San Javier,airport,P Sumner,2015-01-14,Great airport small and friendly Not too bothered about duty free shops its an airport for quick in and out like most should be  flights seem to be moving to Alicante but lets support this little airport and its staff Car hire very easy,10.0,Positive,Positive,Positive,Positive,Positive,3/3,,1.0
Iran Aseman Airlines,airline,Pieter van Buul,2011-08-15,AZDMHD Aseman is one of the only airlines that provides domestic flights between Yazd and Mashad Tickets are cheap and service is ok There was a delay of  hr which feels endless waiting at a small domestic airport Despite the delay the flight was comfortable on a Fokker  aircraft Not much legroom but fine for a flight of about  mins Some snacks were included and that was ok Friendly staff,7.0,Positive,Positive,Positive,Positive,Positive,3/3,,1.0
Anchorage,airport,M McManus,2011-10-16,Went to Anchorage in late  Airport has some restaurants on the security side of the airport but not a good choice and the quality was not too good The gift shops on the other hand are excellent especially if you are looking for Native American art Be warned that quite a few souvenirs are like snow shakers with water which will be taken off you by security if you need to pass through them again Information screens were useful Plenty of seating and quite a view out of the terminal window,6.0,Positive,Positive,Positive,Positive,Positive,3/3,,1.0
Luxair,airline,Richard Vines,2023-10-26,The flight took off and landed on time boarding was efficient and the crew were friendly I have no complaints I ignored an offered opportunity to upgrade to business class but did take up the chance to block off the next seat for  which was great So often I have watched Luxair planes at London City and wondered how the flights would be Turns out I was impressed,8.0,Positive,Positive,Positive,Positive,Positive,3/3,,1.0
Mauritius,airport,S Koh,2023-04-24,Overall a great airport with great facilities and ample outlets to eatdrinkshop The only issue about this airport is the queues at immigration and security which is serious For instance immigration at arrival took  minutes although there were only  people in front of me and this was because only  windows were open for processing,5.0,Positive,Positive,Positive,Positive,Positive,3/3,,1.0
KM Malta Airlines,airline,28 reviewsRobert Watson,2024-10-31,I like KM Malta airlines Between a faulty departure screen and me not paying attention I panicked when I saw my flight status on screen said gate closed Ran to the gate in  minutes and it was indeed closed Much to my obvious delight and surprise they still let me board and ordered a bus to take me to the aircraft where having boarded they shut the doors and we departed No persuasion was necessary and I cant imagine any other airline being this reasonable Onboard service and food excellent,9.0,Positive,Positive,Positive,Positive,Positive,3/3,,1.0
Virgin Australia,airline,178 reviewsJohn Curtain,2025-03-27,Despite a delay of about  minutes  overall it was a good flight Check in was easy the flight attendants were friendly and efficient and the plane was clean and comfortable The only free beverage was water which was no issue on such a short flight,7.0,Positive,Positive,Positive,Positive,Positive,3/3,,1.0
Skymark Airlines,airline,E Krakowski,2013-12-23,Very pleasant flight from OKA to ISG Relaxed but very professional and friendly staff At least one member spoke English Maybe the least full flight I have ever experienced  in a B I was quite surprised that they use such a big plane for this route but it seems they only use this model on this airline I had to buy a luggage allowance since my checked bag exceeded kg but the fee was quite decent yen Same as for the drinks service I remember coffee is only a yen  nothing to be angry at,10.0,Positive,Positive,Positive,Positive,Positive,3/3,,1.0
Wings Air,airline,47 reviewsW Garner,2019-12-11,Kaimana to Manokwari Plane left  and arrived  minutes late  really on time in this part of the world The check in staff were very flexible about cabin luggage size On board seats were reasonably comfortable and crew pleasant,7.0,Positive,Positive,Positive,Positive,Neutral,3/3,,0.19599999999999998
Air Italy,airline,Nicola Ruggeri,2019-09-12,Verona to Mahon Flight at full hour aircraft slightly dated but maintained better than others very comfortable seats In mid flight we were served a very good snack nice and elegant and above all professional hostesses volo in pieno orarioaereo leggermente datato ma tenuto meglio di altri sedili molto comodi a met volo ci  stato servito lo spuntino molto buono hostess carine e eleganti e soprattutto professionali,7.0,Positive,Positive,Positive,Positive,Positive,3/3,,1.0
AirAsia Zest,airline,1 reviewsIshmael Fusilero,2015-09-12,My AirAsia Zest flight was a short flight from Manila to Cebu but a good trip I arrived  minutes earlier than scheduled my seats were upgraded for free and my check in luggage arrived on time in the baggage claim Everything was good but unfortunately during my flight they took off the headrest covers on the seats and the head rest looks unclean For money I paid for and the service I got I was satisfied,9.0,Positive,Positive,Positive,Positive,Positive,3/3,,1.0
Venice Marco Polo,airport,G Parlyne,2024-02-10,I am writing to express my heartfelt gratitude to the staff of Lost  Found at the Venice airport At arrival at Venice Marco Polo airport my suitcase was lost The staff there was very helpful throughout the process in my application and delivery of my suitcase to my home address The luggage was delivered within  hours So I was delighted with the service and want to give credit to staff and delivery Thank you,10.0,Positive,Positive,Positive,Positive,Positive,3/3,,1.0
Berjaya Air,airline,S Grigoriev,2011-08-07,SZBRDNSZB Return trip from Subang Skypark secondary airport in KL to Redang Island ATR looked in good condition could not have been very old  minute flight a bottle of water and a refresher towel offered service punctual and friendly both flights on time A small airline but felt very safe flying with them,9.0,Positive,Positive,Positive,Positive,Positive,3/3,,1.0
Antwerp Deurne,airport,Michael Newport,2005-08-16,Great airport not many flights so no hassle From check in to take off  minutes Car parking also free,0.0,Positive,Positive,Positive,Positive,Positive,3/3,,0.8
Stockholm Vasteras,airport,David Jackson,2015-01-21,Superb airport Small Friendly service No queuing went through security in under  minutes Fast free wifi with constant connection and no connectivity issues Burger and chips SEK  cl beer SEK  Decent viewing facility but minimal air traffic to view,10.0,Positive,Positive,Positive,Positive,Neutral,3/3,,0.20925
Alliance Air,airline,K Dorsen,2024-10-11,Excellent flight left on time and arrived on time Amritsar to Kullu Small aircraft which was about  full Great price  no complaints from me and would happily fly with them again,10.0,Positive,Positive,Positive,Positive,Positive,3/3,,0.576
Germanwings,airline,S Lueth,2016-04-11,My boyfriend and I booked the basic fare from Hamburg to Rome Fiumicino I didnt expect much because Germanwings is a low cost airline but it was great The staff were friendly when boarding was completed the pilot welcomed us all on board and although we had just booked the basic fare the stewardess gave us drinks for free Departed and arrived on time The first time I was in Rome I waited nearly  minutes for my bag but this time they were really fast Would recommend flying with Germanwings,10.0,Positive,Positive,Positive,Positive,Positive,3/3,,1.0
flybe,airline,190 reviewsJonathan Rodden,2022-08-20,Flew Flybe on the Belfast to Amsterdam route and was pleasantly surprised on the CheckIn Boarding and inflight service The inflight service is just Tea Coffee Juice and some biscuits however the overall service was very good For such a small aircraft there were  cabin crew onboard The overall ambience of the aircraft was very good and clean The cabin crew kept cleaning toilet after anyone had used it I was very happy with the flight and service,10.0,Positive,Positive,Positive,Positive,Positive,3/3,,1.0
Shannon,airport,Joseph Bailey,2023-10-08,Small airport in the West of Ireland People and staff very friendly New bathrooms in lounge Food expensive Duty free was very big but there are no bargains for people travelling to US as items like perfumes are actually more expensive than sites in US  We used to get bargains in duty free but not any more,3.0,Positive,Positive,Positive,Positive,Positive,3/3,,1.0
Orlando Sanford,airport,M Steve,2017-12-13,Absolutely love this airport Easy in and easy out Not jammed with people like the zoo at MCO Orlando Adequate places to get something quick to eat and comfortable seats to wait Only  min from our place in Oviedo I just wish more domestic carriers other than just Allgiant flew into SFB Maybe international travelers dont care for it because its not a large airport but its great for us and I do recommend it,10.0,Positive,Positive,Positive,Positive,Positive,3/3,,1.0
Guangzhou,airport,Yu-Hsiu Chang,2023-05-20,It is clean modern and spacious There are many restaurants and shops Passengers would not be bored during the waiting time Employees are friendly and helpful Signposts are clear,7.0,Positive,Positive,Positive,Positive,Neutral,3/3,,0.173
Thai Airways,airline,81 reviewsRichard Laycock,2025-02-11,First time the flight left on time and even earlier for the first time in  years I thought we were going to be landing way in advance Unfortunately we were then in a holding pattern in Bangkok for mins You win some you loose some It was a ten year old Boeing  The first meal service was lovely the breakfast was poor I didnt eat that The recline on my seat was broke which isnt a deal breaker for me anyway Crew were great I still think they can improve but the convenience is the key with a direct flight,8.0,Positive,Positive,Positive,Positive,Positive,3/3,,1.0
Barbados Grantley Adams,airport,A Bristow,2019-01-31,I had arrived two weeks ago had cruises then returned to airport for return to UK Plane had a technical fault so going nowhere for  hrs The check in immigration security shop staff cleaners handling agents were brilliant So helpful and cheerful food pretty good as well All in all an experience that they helped to make easier and I appreciate that very much thank you Grantley Adams Airport Barbados,9.0,Positive,Positive,Positive,Positive,Positive,3/3,,1.0
Cathay Dragon,airline,Felix Jiaxin ZHU,2020-04-26,Nanjing to Hong Kong Nice airline good food Seat quality maybe not as nice as a Boeing  Aircraft looked pretty clean flight crew was kind  not a star airline but it must be a star The TV was not in such a good condition,8.0,Positive,Positive,Positive,Positive,Positive,3/3,,1.0
Aerosur,airline,A Gathercoal,2007-10-08,Santa Cruz Bolivia to Sao Paulo Brazil  a saving of about US over GOL At the airport checkin was easy I recommend that you arrive early to avoid the impending line The counter staff was as friendly and they did not charge me for my extra luggage weight I was impressed by the  that AeroSur is using on this international flight do note that most AeroSur flights use aging s The flight attendants served a box meal and drinks on this two hours flight and we arrived on time,0.0,Positive,Positive,Positive,Positive,Positive,3/3,,1.0
SATA International,airline,M Warlen,2022-04-01,On time departure Excellent value and they gave a meal on a  hour flight  We arrived  mins early Staff was professional Bags delivered in a normal amount of time,10.0,Positive,Positive,Positive,Positive,Neutral,3/3,,0.49499999999999994
Caracas,airport,Fernando Moibani,2005-08-28,I guess Mr E Bernal hasnt been to CCS Intl recently This airport has been totally renewed since June a brand new arrival area was opened with about  desks and very friendly staff Deplane go through immigration and picking up your luggage takes about  minutes So I recommend you to save those US  and continuing to fly through Caracas By the way I did not know that there were flights from Maracaibo to Aruba,0.0,Positive,Positive,Positive,Positive,Positive,3/3,,1.0
Airlink,airline,Frank Rispin,2024-04-29,Nice flight on time Smooth check in Nice cafe after formalities at Windhoek Only minor complaint is that email ticket confirmation says you must print out that document which is  or  pages so I did for  people These  pages were NOT required at Windhoek check in,9.0,Positive,Positive,Positive,Positive,Positive,3/3,,1.0
Binter Canarias,airline,J Lamire,2020-02-19,Tenerife Norte to Gran Canaria Excellent airline clean and new plane They offer a chocolate snack and a glass of water and a candy just before landing all this in a  minute flight There is even a wifi entertainment system on board The best airline I have used,10.0,Positive,Positive,Positive,Positive,Positive,3/3,,1.0
Lao Airlines,airline,40 reviewsStephan Stegner,2019-12-13,Luang Prabang to Vientiane CheckIn was fast well organized and the staff friendly The departure  arrival was on time and the aircraft made a very well maintained impression During the flight despite the short flight time of only  minutes there were small bites and drinks The seat absorbency was slightly larger than other airlines Overall a good surprising experience,9.0,Positive,Positive,Positive,Positive,Positive,3/3,,1.0
Krabi,airport,M Agarwal,2020-03-02,A very pleasant experience Its a small airport with limited number of flights being operated daily  Very clean Airport  Very trained staff  Clean washrooms  Nicely organized being small in size  Few no of shops not exorbitantly priced  Waiting area also very smooth Overall a very good experience,8.0,Positive,Positive,Positive,Positive,Positive,3/3,,1.0
Sapporo Chitose,airport,Shige Matsui,2008-05-27,Shinchitose airport is really effective A lot of souvenir shops and wonderful musiam in the airport A brand new international terminal will be open in  Great hotels and various amusement things are worth of expecting,5.0,Positive,Positive,Positive,Positive,Positive,3/3,,0.8454545454545453
Rimini,airport,H Anderson,2009-11-23,I fly into Rimini Airport at least  times a year to visit family It is a small airport and the restaurant and shops are expensive I love this airport You cant get lost and the best bit is you can go outside on a very large balcony and watch the planes land take off etc Also great if you smoke You are allowed to smoke only outside I would recommend this airport it is still small and friendly,5.0,Positive,Positive,Positive,Positive,Positive,3/3,,1.0
Sunan Pyongyang,airport,Martin Borland,2012-12-28,The airport was not busy when we arrived but this did not stop it taking  minutes to pass through immigration and collect bags Facilities are what you expect from an airport about  years out of date and did not expect anything different I guess Found the staff to be unfriendly and there were no painted on smiles available here,1.0,Positive,Positive,Positive,Positive,Positive,3/3,,1.0
Gran Canaria,airport,2 reviewsM Durton,2022-05-08,Arrival was easy and bags arrived quickly waived through health control and landside within    minutes departing again no issues although the airport was busy with the evening departures there was plenty of security checkpoints open and plenty of staff each employee at the airport I encountered was helpful and friendly once through security there is a excellent Duty Free and several restaurantsbars along with a small selection of shops,9.0,Positive,Positive,Positive,Positive,Positive,3/3,,1.0
Yangon,airport,1 reviewsMin Htet,2017-12-07,Yangon International Airport has  Terminals  and  for International Flights and  for Domestic Flights This is the review for Terminal  Domestic This Terminal  is a new build and many upgraded from the old terminal The airport is very clean and you can find the checkin counter very easily After checkin the nd floor is for departure and the rd floor is for lounges The departure hall is very large and can buy goods and many restaurants which already open early morning  am The gates numbers are easily to find,10.0,Positive,Positive,Positive,Positive,Positive,3/3,,1.0
Doncaster Sheffield,airport,R Heath,2019-05-28,This is a great airport us my wife and self We fly from it twice a year We have just returned from Lanzarote We had no problems at all until we arrived back at  hrs  mins late There was a full plane load of passengers and only  Border Control Officers on duty We were stood in a snakelike queue for nearly half an hour in a room that was like a shed I think that Border Control can do a lot better and should be doing so After saying this we are flying from Doncaster again in Sept,9.0,Positive,Positive,Positive,Positive,Positive,3/3,,1.0
Shenzhen Baoan,airport,A Abril,2014-12-18,Excellent new terminal spacious and with lots of checkin counters Flew China Southern to Nanjing and the checkin was swift as was security All passengers get patted down regardless of whether you beep or not which was a bit of a nuisance Beyond security good amenities and restaurants We had an early morning departure and the terminal was very busy but it is definitely large enough to handle the number of people One downside is we got a bus to the plane which took  minutes,9.0,Positive,Positive,Positive,Positive,Positive,3/3,,1.0
Aigle Azur,airline,N Vitoux,2018-04-20,Berlin to Paris Flight on time clean and modern plane It was impossible to buy any drinks due to an issue with their visa machine The crew was ok but they could smile a bit more At Orly airport we had to disembark by bus which took  minutes to finally be at the south terminal,8.0,Positive,Positive,Positive,Positive,Positive,3/3,,0.8610749999999998
Malmo Aviation,airline,Mikka Harkonen,2007-06-29,UMEBMA economy This little Swedish airline brings back what flying used to be in the good old days The flight was an  hour short hop between Umea a small city up north and Bromma a tiny central airport of Stockholm in an Avro RJ Plane was clean and flight attendants nice  free newspapers Aftonbladet and some inflight magazine followed by a coffee service a free meal sandwich fresh orange juice and chocolate cake Before landing we were given hot towels and sweets,5.0,Positive,Positive,Positive,Positive,Positive,3/3,,1.0
LIAT,airline,H Wachtel,2018-08-27,Piarco to Grenada A nofrills airline though efficient Staff at check in at arrivaldeparture were polite very helpful and efficient I experienced difficulty in accessing and using the online check in service though this proved to be no obstacle at the check in desk The aircraft while obviously wellused and aging somewhat allowed reasonable legroom Im  and was comfortable enough to doze through the flight,9.0,Positive,Positive,Positive,Positive,Positive,3/3,,1.0
Luanda,airport,L Vaynes,2024-10-20,Airport was much better than expected In the general area are a few food options  incl coffee shop  icecream bar and a few fast food choices They even have a small duty free We were in the TAAG lounge  called the Pearl lounge  Clean comfortable with basic drinks  food  Staff are very friendly  Did not see showers  Internet is available but weak  Other than internet this lounge is better than many US lounges I have visited  I was expecting something much worse,7.0,Positive,Positive,Positive,Positive,Positive,3/3,,1.0
Memphis,airport,A Karlsson,2016-08-13,Departure from Memphis The airport was ok I regard it as the best airport I experienced during my trip  much better than Newark EWR and better than Chicago OHare ORD The stores and restaurants was plentiful but the airport is quite small The staff was friendly and efficient It was also quite clean much better than the other airports I passed through this trip in the USA It was easy to navigate through too Many small airports are better than their reputation,6.0,Positive,Positive,Positive,Positive,Positive,3/3,,1.0
Dundee,airport,K Ojha,2010-08-22,Excellent airport having recently done a roundtrip from Dundee to Birmingham It is really convenient for those working in and around Dundee with reliable flights from both Flybe and Cityjet Air France If you need to get away from Dundee Birmingham and London are ideal for onward connections and you dont have the hassle of having to drive to Edinburgh pay for parking and the long check in times Here you can checkin  mins prior to your flight,5.0,Positive,Positive,Positive,Positive,Positive,3/3,,1.0
China Southern Airlines,airline,18 reviewsN Siotto,2025-01-18,Made three flights in a week with three different aircrafts The aircraft is clean and so are the toilets Decent food Comfortable seat No WiFi on the last flight The service on board is amazing  All flights punctual Would fly them again anytime,9.0,Positive,Positive,Positive,Positive,Positive,3/3,,1.0
Bahrain,airport,Tony Williams,2024-06-03,I enjoyed  lengthy stop overs here on a recent flight to BKK in Biz class with Gulf Air The airport is amazing clean and transit was smooth The lounge was fantastic and food and drinks were excellent Staff throughout the airport were amenable and friendly Overall it is a much less stress free and agreeable experience in comparison to transit through Doha or Dubai,10.0,Positive,Positive,Positive,Positive,Positive,3/3,,1.0
Mann Yadanarpon Airlines,airline,F Keene,2017-02-05,Flew the short  minute flight from Yangon to Thandwe Ngapali Beach in January  One class cabin with economy seats in a  setup Despite the short flight service was excellent with a breakfast snack mainly pastries and teacoffee served as well as lollies on descent Having flown Air China the day before on two flights of    hours Mann Yadanarpon Airlines were in a different league Smooth flight good views though given the still developing infrastructure in the country flights were expensive,9.0,Positive,Positive,Positive,Positive,Positive,3/3,,1.0
Pau,airport,Philip Woolford,2005-12-11,What a fantastic little airport  after leaving Paris CDG behind and all its filth it was such a welcome sight to arrive in a clean modern organized airport What a shame that more airlines dont fly into Pau The staff in the airport were also extremely helpful and polite Much nicer airport than Toulouse which is not far away,0.0,Positive,Positive,Positive,Positive,Positive,3/3,,1.0
Wroclaw,airport,1 reviewsKacper Kielbaska,2015-08-26,Ive been to Wroclaw Airport  times Its fast convenient beautiful airport doesnt matter if it is arrival or departure The variety of shops and restaurants is adequate and the prices are normal airport prices A very clean terminal that is one of the prettiest terminals Ive been to Toilets are very clean Only problem is absence of air conditioning in buses between terminal and airplane its very disappointing and uncomfortable in summer,9.0,Positive,Positive,Positive,Positive,Positive,3/3,,0.7652219999999996
Surat Thani,airport,Glyn Francis,2017-11-05,We had a very pleasant experience at Surat Thani Airport Queuing time was slow but staff were helpful The airport is very far from the city and the port Food was good and you can buy a small bottle of water for  baht and a packet of chocolate for  baht It is a cheaper advantage instead of flying into Koh Samui I highly recommend Surat Thani Airport,8.0,Positive,Positive,Positive,Positive,Positive,3/3,,1.0
Royal Brunei Airlines,airline,H Khazin,2025-02-20,I would like to sincerely thank flight Stewardess Irdina from royal brunei BI dubai to london  for her excellent hospitality She was very attentive cheerful friendly helpful and professional Other crew members also giving excellent service to the passengers Thank you for making our flight more enjoyable meaningful and memorable Looking forward to fly RB again soon,8.0,Positive,Positive,Positive,Positive,Positive,3/3,,1.0
Utair Aviation,airline,P Sprumont,2014-06-08,I returned this week from Tyumen to Munich Another B this time with vintage business cabin and seats As I was alone in the section I missed the Europeanstyle seats that would have allowed me to completely lie down instead of sitting with a  recline Crew were smiling and helping with more polyglot aptitudes than during my preceding flight Excellent tasty lunch with Sardinian I checked red wine Takeoff and landing right on time I shall not hesitate to fly with UTair again,8.0,Positive,Positive,Positive,Positive,Positive,3/3,,1.0
Turkmenistan Airlines43 Reviews,airline,Sudarshan Sharma,2018-12-09,Birmingham to Amritsar via Ashkabat No nonsense air line Great Indian vegetarian food There was no flight screens no seat screens We stopped at Ashgabat for one hour its nice modern airport with all facilities The good thing was that the time at Ashgabat and time in India is only  minute difference,8.0,Positive,Positive,Positive,Positive,Positive,3/3,,1.0
Iloilo,airport,O Maeder,2012-09-19,Used this airport frequently this last year last time September  It is a very nice airport small manageable Cleanliness this time was improved compared to last time facilities are good True checkin area is rather small but with enough time before departure I could just wander to the counter and checkin straight away There are rumours that some international airlines might consider direct flights to and from Iloilo I wish nothing more than that just to bypass Manilas terminal,9.0,Positive,Positive,Positive,Positive,Positive,3/3,,1.0
Cyprus Airways,airline,Kuriaki Fasouliotou,2025-03-26,I am beyond happy with the assistance I received from this airline and staff I had back pain and an injury before my flight and walking at the airport was very difficult for me They immediately provided me with a wheelchair and a wonderful staff member who took care of me all the way until I boarded the plane The ground staff the crew and the entire experience were absolutely perfect I cant believe how kind helpful and professional everyone was  I feel truly blessed Thank you so much,10.0,Positive,Positive,Positive,Positive,Positive,3/3,,1.0
Nordavia,airline,2 reviewsDmitrii Egorov,2018-10-18,Saint Petersburg to Samara The airline is very good The cabin is clean and comfortable and with this always promised food and friendly staff As for the baggage allowance things are even better the baggage allowance is  kilograms,10.0,Positive,Positive,Positive,Positive,Neutral,3/3,,0.4154399999999999
StarFlyer,airline,2 reviewsCamden Fujimoto,2016-01-25,We flew the wonderful StarFlyer aircraft from Kansai to Tokyo Haneda The checkin staff was extremely friendly and quick and their security line had nobody in it The boarding was speedy we timed it and we got on and took off within  minutes We were dissatisfied by the fact that we could not redeem United miles as the airline is partly owned by ANA overall the flight was above and beyond,10.0,Positive,Positive,Positive,Positive,Positive,3/3,,1.0
Dresden,airport,40 reviewsH Richards,2022-02-11,A small but efficiently operating airport Arrival was smooth and fast even when there was an additional covid document check There are enough small shops and food and beverages available Transportation is best done by train which will cost only  euro,8.0,Positive,Positive,Positive,Positive,Positive,3/3,,1.0
Lahore,airport,3 reviewsMuhammad Tahir Hanif,2019-12-08,Nice airport but needs modification  I have been travelling through this Airport for some time and it is not the best but it is being upgraded and work is going on right now so hopefully it will be a very nice and beautiful Air port with a lot of new facilities Airport need better management in dealing with multiple flights and improving the cleanliness,7.0,Positive,Positive,Positive,Positive,Positive,3/3,,1.0
Canadian North,airline,Martin Svatoň,2019-03-10,Family trip from Montral to Edmonton Boeing  Canadian North is a nice airline Food great No inflight Entertainment Beverages and Cabin Service nice It was a calm nonturbulent flight,9.0,Positive,Positive,Positive,Positive,Positive,3/3,,1.0
Brussels Airlines,airline,L Desmet,2024-10-23,Flight SN on the st of October  Efficient boarding welcoming crew and comfortable seats The flight left with a slight delay of  but arrived  earlier in Stockholm The highlight was the crew Charming well groomed cheerful and carried out an excellent cabin bag management during boarding The seemed to be enjoying their jobs and their enthusiasm was contagious It was a pleasure to fly them,9.0,Positive,Positive,Positive,Positive,Positive,3/3,,1.0
Kent,airport,Mark McFerran,2005-02-04,Even though it is small this is one of my favourite airports Its a  minute walk from the plane to the terminal baggage is normally on the belt as soon as you arrive in and the best part is the cafe not only is it cheap but they have excellent hot bacon rolls and the fresh cakes are excellent too If only public transport links were better though I have been told the National Express service to London will soon call at Kent International,0.0,Positive,Positive,Positive,Positive,Positive,3/3,,1.0
Humberside,airport,R Rouse,2011-07-06,Whilst small and basic its the perfect option for a frequent traveller No queues at check in or security Friendly staff even the security guys are nice No long walks to find your gate Arrive  mins before departure travel stress free without the crowds and connect to the world via Schiphol Baggage claim takes minutes Would recommend this airport over flying via Manchester any day unless you enjoy arriving  hrs early and shopping,5.0,Positive,Positive,Positive,Positive,Positive,3/3,,1.0
Pakistan Intl Airlines,airline,Syed Muhammad Sohaib Tariq,2020-10-05,Karachi to Gwadar Travelled with this airline after I had travelled on a short a domestic flight early September  Flight in general was smooth and scenic Ground staff were also pleasant and helpful I see some betterment in overall operations particularly in terms of punctuality,5.0,Positive,Positive,Positive,Positive,Positive,3/3,,1.0
Air Niugini,airline,17 reviewsGlenn Mcgee,2023-05-02,Flew Air Niugini because of the B very nice cabin in a xx configuration Took seat A bulkhead seat very comfortable with heaps of leg room Staff were amazing and very attentive food was OK entertainment was enough for this flight of approx  hrs,7.0,Positive,Positive,Positive,Positive,Positive,3/3,,1.0
Corfu,airport,30 reviewsAndre Souza,2023-09-04,As most of people here state the airport is brand new and clean but they schedule most of flights at the same time in other words the arrival hall becomes a nightmare We had to wait airborne for some  minutes before we were allowed to land due lack of ramp space The airport is well connected with buses to town On departure everything was pretty much smooth but they let you wait outside waiting on the heat During peak summer season I would avoid Corfu if I were you,5.0,Positive,Positive,Positive,Positive,Positive,3/3,,1.0
Bloemfontein,airport,Abraham Faure,2011-01-11,The improvements I mentioned in  were completed on schedule and have given this airport a new and modern feel Unfortunately the upper level is no longer a viewing deck area However a new restaurant with a view of the airfield was installed on the ground floor Facilities are top class considering the size of the airport A brand new baggage retrieval area was added to the airport The layout of the airport works well Staff are still just as friendly,4.0,Positive,Positive,Positive,Positive,Positive,3/3,,1.0
Air Bagan,airline,Rob Boyce,2009-12-16,Yangon to Lashio in November  ATR  plane Allocated seating and good snack served with excellent customer service Would fly with them again any time,5.0,Positive,Positive,Positive,Positive,Positive,3/3,,1.0
Gothenburg-landvetter,airport,W Ellis,2018-12-15,Excellent small airport  clean spacious good restaurant  airline lounges collectively available to a great many airlines Arrival was to jetway  Departure was by bus to plane from gate E the gates  uses buses to go to aircraft The departure flight needed deicing since the aircraft was not parked at a gate it could be deiced in place before taxiing Frequent reliable bus service tofrom city Security personnel on departure efficient and courteous Time in security line   minutes,10.0,Positive,Positive,Positive,Positive,Positive,3/3,,1.0
Taipei,airport,1 reviewsA Marton,2024-04-13,This airport is very nice clean and efficient The staff at the airport are also very kind and welcoming I remember I was a little late to my flight and only had around half an hour to the flight from the checkin area They really got me in and out very fast and I had around  minutes to spare Very thankful for that,9.0,Positive,Positive,Positive,Positive,Positive,3/3,,1.0
Tontouta,airport,S Lorang Grimaldi,2013-03-27,I passed through this airport in July  They had done a lot of improvements since the first time I flew through in  and I know that its not totally finished now The price of food and beverages is pretty expensive The airport looks good and clean The staff are professional,9.0,Positive,Positive,Positive,Positive,Positive,3/3,,1.0
Hamad  Doha,airport,Mohamed Abbas,2025-02-19,I came from Bangkok to Doha and transited for  hrs and then to my homeland Cairo I was frustrated to stay that long transit time but once i stayed there I enjoyed it so much The internet coverage and speed is awesome Perfect atmosphere perfect cleaning perfect toilets Unforgettable experience Thanks to each and everyone who participated at this huge well maintained entity,10.0,Positive,Positive,Positive,Positive,Positive,3/3,,1.0
Dubai,airport,40 reviewsH Meijer,2025-04-01,A huge airport with multiple terminals and layers thereby distances are big Large lifts and automated people movers do help a lot Border control was fast and efficient they hand out a sim card for free on arrival Security was efficiently organized too Staff is mostly friendly and helpful Transport to town can be by metro busses or taxi It easily takes  hour or more,10.0,Positive,Positive,Positive,Positive,Positive,3/3,,1.0
Darwin Airline,airline,Florian Wissmann,2016-02-08,Zurich to Geneva return with Darwin Airline Booking and checkin was smooth online checkin was not available Boarding was quick maybe due to light load factors on both segments Both flights were on time arrival even early Very nice cabin crew comfortable seats with huge seat pitch s style on the Saab  I can recommend them at least for flights from and to Geneva I am aware that Darwin Airline has some punctuality issues But that never happened to me Great value for money,8.0,Positive,Positive,Positive,Positive,Positive,3/3,,1.0
Westchester County,airport,Henry Osserman,2006-03-09,Great restaurant upstairs that serves main course meals and happy to work in your time frame for your flight Modern building and brilliant to depart and arrive from if you live anywhere nearby Just make sure you check the kind of aircraft being used for your flight If you do NOT want to be on a small regional or propeller plane your choices are limited Nothing better than arriving at HPN and getting home locally in under  minutes,0.0,Positive,Positive,Positive,Positive,Positive,3/3,,1.0
Gothenburg City,airport,James Williamson,2010-10-30,Have used this airport twice in the last year and found it very smooth From plane arriving at terminal only ten minutes to clear border control collect bags and exit airport Bus to Gothenburg outside terminal to meet each flight and in to city in about  minutes  quicker than from the main Gothenburg airport Adequate facilities in airport and an outside area airside for smokers to sit in the sun with a drink,5.0,Positive,Positive,Positive,Positive,Positive,3/3,,1.0
Cairo,airport,N Kalinentov,2024-02-26,One of the best African airports that i have ever been to I had worries at first before going through terminal  but to my surprise the whole experience was stressfree and enjoyable The airport atmosphere was very pleasant the checkin was quick and courteous the duty free shops had some good and reasonably priced items and there were also some decent looking food outlets the washrooms are well maintained and staff were friendly despite their limited proficiency of English language,10.0,Positive,Positive,Positive,Positive,Positive,3/3,,1.0
Canadian North,airline,Martin Svatoň,2019-03-10,Family trip from Montral to Edmonton Boeing  Canadian North is a nice airline Food great No inflight Entertainment Beverages and Cabin Service nice It was a calm nonturbulent flight,9.0,Positive,Positive,Positive,Positive,Positive,3/3,,1.0
Poznan,airport,P Kowalski,2014-04-22,We arrived from Rome with Ryanair bussed quickly to the terminal which is new bright and clean Luggage arrived almost in a blink of an eye Easy navigation to the exit with a stop in a clean toilet several ATMs very convenient  mins from the moment we landed to the car pick up Highly recommended airport nice experience,10.0,Positive,Positive,Positive,Positive,Positive,3/3,,1.0
Guayaquil,airport,Ian Flynn,2011-04-21,Friendly of the staff a new huge mall had been opening Mall del Soll This is the modern and fully functional airport with the biggest mall of the country and four hotels between    stars,2.0,Positive,Positive,Positive,Positive,Positive,3/3,,0.38140909090909086
Acapulco,airport,Pieter Boone,2022-06-06,This newish airport is compact clean spacious bright and well designed I arrived from Dallas Plane docked at a jet bridge Quick and short walk to fast and friendly immigration followed by customs less than  minutes plane door to curb Well managed  safe taxi service with no lines On the return a similar smooth experience The airside offers a nice choice of shops restaurant and lounges Certainly the small scale makes this airport a joy to use for limited international travel Nice friendly staff everywhere,10.0,Positive,Positive,Positive,Positive,Positive,3/3,,1.0
LIAT,airline,H Wachtel,2018-08-27,Piarco to Grenada A nofrills airline though efficient Staff at check in at arrivaldeparture were polite very helpful and efficient I experienced difficulty in accessing and using the online check in service though this proved to be no obstacle at the check in desk The aircraft while obviously wellused and aging somewhat allowed reasonable legroom Im  and was comfortable enough to doze through the flight,9.0,Positive,Positive,Positive,Positive,Positive,3/3,,1.0
Aircalin,airline,Andrew Eckel,2023-05-17,Fantastic flight Despite a delay departing Narita due to weather I really enjoyed my flight on Air Calin The crew were fantastic  very friendly and helpful Excellent onboard service great food a very comfortable seat and the cabin was clean I would fly them again,10.0,Positive,Positive,Positive,Positive,Positive,3/3,,1.0
CSA Czech Airlines,airline,Pavel Němeček,2020-02-04,Surprisingly smooth flight on board Czech Airlines checkin was smooth and flight departed on time from Paris and as I had Plus fare they did not bother me about my cabin bag and backpack during boarding On board offer was OK and prices were low  the beer which I ordered was cold which is perfect They also offered a water after the paid service so for the price I paid I was more than happy Flight arrived  minutes early only downside of the trip was the long wait for the bags in Prague,9.0,Positive,Positive,Positive,Positive,Positive,3/3,,1.0
Warsaw-Radom,airport,T Wójcik,2025-02-21,A very pleasant airport Modern spacious very quiet  the building has good acoustics to dampen internal and external noise Tasty food free drinking water  you need to bring your own bottle Also interesting in the general area of the terminal you can spend time in the Flyport  an interesting educational area about aerospace Efficient service smiling and helpful staff All in all highly recommended,10.0,Positive,Positive,Positive,Positive,Positive,3/3,,1.0
Estonian Air,airline,C Ten,2013-07-09,TallinnAmsterdam is a short flight but crew were nice helpful and were able to understand at least  languages they helped my Dutch Grandmother who speaks no English Amenities not normally provided but because flight was near empty they gave out snacks plus complementary tea and coffee They also allowed us to sit in vacant seats which was nice In general a nice trip and much more than was expected for basically a regional airline,10.0,Positive,Positive,Positive,Positive,Positive,3/3,,1.0
Malmo Aviation,airline,Toomas Käbin,2013-03-12,Flight TF Gothenburg  Stockholm Bromma Attentive professional FAs comfortable seats papers for free good in flight magazine on time clean plane smooth boarding and disembarkation clear safety announcements good sound system Best of all a small meal for free with coffeeteasoda and a chocolate candy,10.0,Positive,Positive,Positive,Positive,Positive,3/3,,1.0
Eastern Airlines,airline,Ann Allen,2024-02-15,I had a wonderful flight experience with Eastern Airlines Aircraft was clean well maintained and most importantly comfortable and on time The staff was well trained and very friendly  professional We need an alternative passenger airline I think everyone agrees with that Lets think of Eastern Airlines for our travel needs when they begin destination and set route service,10.0,Positive,Positive,Positive,Positive,Positive,3/3,,1.0
Ottawa,airport,R Rivera,2014-03-05,We  adults  kids came here about a year ago YOWPUJ nothing bad but nothing good Very clean and a lot of Sunwing Workers are nice and there is a great viewing area for kids But the downside is long waiting times for everything Otherwise it was pretty good and we will be using it again on Mar  for a flight to London UK then Warsaw Poland and back Will review it again then,8.0,Positive,Positive,Positive,Positive,Positive,3/3,,1.0
FlyGabon,airline,6 reviewsMichael Powell,2025-02-18,Apart from the usual lateness which one comes to expect from some regional airlines this was an excellent flight The aircraft was practically brand new and the cabin crew were professional Between booking and the actual flights it had changed its name from Afrijet to FlyGabon,9.0,Positive,Positive,Positive,Positive,Positive,3/3,,1.0
Air Koryo,airline,25 reviewsAlain Kupferman,2019-05-19,Beijing to Pyongyang Comparing an intraEuropean flight of  hours and this flight practically no differences clean aircraft nice stewardesses punctual simple food good and attentive service a normal standard,7.0,Positive,Positive,Positive,Positive,Neutral,3/3,,0.22799999999999992
Binter Canarias,airline,4 reviewsDaniel Souwer,2016-05-14,Lanzarote to Lisbon via Gran Canaria with Binter Canarias Great airline First flight with an ATR later a CRJ to Lisbon Checkin easy and smooth Connection LPA easy Both flights great staff Nice smile Service on the first flight water and a cookie second flight a chooice of a snackbox sweet  tapas  mix We had the tapas served with canarian red wine water and later a coffee Second glass of wine served Great FA nice plane as seated  and uneventfull flight Would fly them anytime,10.0,Positive,Positive,Positive,Positive,Positive,3/3,,1.0
Queenstown,airport,M Mathew,2020-01-24,There is a need for some chairs and a table to sit and reorganise after the security check This is especially important for people with knee  other implants requiring putting on the shoes Cannot do this in standing position I kept the bag on the only one table and was putting on the shoes in standing position One security lady officer showed her displeasure and asked me to remove the bag from the table Not very helpful,3.0,Positive,Positive,Positive,Positive,Positive,3/3,,1.0
Air Transat,airline,Michael Bryant,2024-11-04,Both legs of my flight were much better than expected The aircraft was clean and fresh The cabin crew were pleasant and efficient Check in was a breeze on both legs Flights departed and arrived as scheduled The seat was just fine for a  hour flight I am a normalsized person I would certainly fly with them again given the overall experience,10.0,Positive,Positive,Positive,Positive,Positive,3/3,,1.0
Manchester,airport,Janette Grundy,2024-12-14,I recently flew out of Manchester Terminal  A great experience from leaving the car at the pre booked car park No queues at bag drop off or security even though I had bought a fast track pass The terminal is clean bright and well appointed Within  minutes of arrival I was eating breakfast in San Carlo My return trip was as efficient within one hour of landing I had collected my car and was at home Terminal  is a revelation after the dire experiences of Terminal  Well done from me,10.0,Positive,Positive,Positive,Positive,Positive,3/3,,1.0
Kaohsiung,airport,B Blanchard,2010-07-27,I have used this airport a lot over the past two years and find it amazingly efficient and the staff friendly from checkin to immigration and security Its hardly ever busy and normally you can get from the plane to the MRT station within about  minutes even when arriving on a packed A from HKG Sure the shopping and food options are not great but KHH is so close to downtown on the wonderful new MRT that this is not really an issue All KHH needs now are more international flights,5.0,Positive,Positive,Positive,Positive,Positive,3/3,,1.0
Jetstar Pacific,airline,Anders Pedersen,2020-01-04,Hong Kong to Hanoi Regional flight Hong Kong toHanoi  January  on an A aircraft Ticket included free services and luggage Hot meal given was OK Flight full on time Nice clean aircraft Seats were good but space to front seat was horrible and extremely tiny small de facto painful to knees CheckIn in Hong Kong was quick and easy though my handluggage was double the limit Checked in luggage arrived smoothly checked by customs in Hong Kong who had left a note inside the bag Airbridge provided at both ends,7.0,Positive,Positive,Positive,Positive,Negative,3/3,,1.0
Alice Springs,airport,Alastair Finch,2014-11-12,Beautiful new terminal with excellent check in security and facilities  very impressed,10.0,Positive,Positive,Positive,Positive,Positive,3/3,,0.5263636363636365
Linz,airport,James Maglo,2004-11-25,Linz is indeed a very small airport however it serves its purpose Facilities are limited and flying in at pm I found the few shops were almost all shut The hourly bus is excellent value for money at EUR compared to the  I paid in London approx EUR and only takes  minutes non stop to the city centre Beware there is only ONE medium sized duty free shop after passport control,0.0,Positive,Positive,Positive,Positive,Positive,3/3,,1.0
Guangzhou,airport,M Gong,2020-04-05,This airport is great It has all the necessities that an airport should have I dont get how it is placed  in the world It should be a top  airport All the staff are very helpful and friendly,8.0,Positive,Positive,Positive,Positive,Positive,3/3,,1.0
Coimbatore,airport,Sharon Wilson,2006-04-27,Contrary to what I had expected to find at a small domestic airport the terminal was beautifully clean well laid out with the benefit of some shops friendly staff who helped us through the security and check in process Ladies toilets both Indian and Western style were acceptably clean AC was okay if you were standing under it I would have no hesitation in travelling through this airport again on future visits to India Well done to those who maintain the Airport  keep up the good work,0.0,Positive,Positive,Positive,Positive,Positive,3/3,,1.0
Montevideo,airport,Enrique Simeone,2013-07-15,Brilliant Airport  new clean clear spacious Shame so few airlines do fly into MVD,8.0,Positive,Positive,Positive,Positive,Neutral,3/3,,0.10094545454545457
Caribbean Airlines,airline,Radha Banjoo,2023-05-13,I traveled with Caribbean airlines flying out of Toronto Canada into Trinidad and Tobago I havent flown with this airline in about twenty years I must say I was totally happy with the service they provided Staff was very welcoming The pilot was amazing with the way he took of and landed  I was very hesitant about flying with them because of what negative reviews and experiences I heard Thanks for making my trip a great one to the team and staff at Caribbean airlines,10.0,Positive,Positive,Positive,Positive,Positive,3/3,,1.0
Turkish Airlines,airline,123 reviewsMichael Schade,2025-04-06,Checkin was very slow with just three counters open for the full flight Boarding was unorganized and chaotic with just two gate agents being overwhelmed controlling the crowd There were no boarding groups and at the end they gave up and it was free for all As a result the flight took off  minutes late Seats on the A were comfortable with a responsible seat pitch Service was good with ok food,7.0,Positive,Positive,Positive,Positive,Positive,3/3,,1.0
Luleå,airport,Claudio Buzzi,2016-08-22,Small but good airport I visited it two weeks ago and I found it to be clean Its true that there not many people  principally fligths of SAS and Norwegian  but I liked it especially the after control zone where two barrestaurants The checkin zone is clean and well organized with an active information point Positive general impression from this airport,8.0,Positive,Positive,Positive,Positive,Positive,3/3,,1.0
Orient Thai Airlines,airline,David Ruiz,2016-02-08,Hong Kong to Bangkok and my first time with Orient Thai Airlines and I am very satisfied with both the price and service Orient Thai was cheaper than Air Asia and the Boeing  was very spacious with comfortable seats Also they served breakfast airline meal with drinks that tasted ok,9.0,Positive,Positive,Positive,Positive,Positive,3/3,,1.0
Funchal,airport,Andry M Castro,2020-04-01,It is a very clean airport and very easy to move around Departures and arrivals are well defined and separate It is very safe and there are good shopping areas in the departures My experience at this airport is  flights all without problems at the airport and the last flight was in January  Nice views from airport we can see Desertas Islands and the sea sunrise and sunset,9.0,Positive,Positive,Positive,Positive,Positive,3/3,,1.0
Gulf Air,airline,Anthony Geddes,2024-10-22,Checkin at Cairo went smoothly Both flights on time First sector to Bahrain on a very full A Cabin crew did an excellent job Transit in Bahrain was easy Second sector to Singapore on a  which had plenty of spare seats allowing passengers to spread out after takeoff Good meal service and very attentive cabin crew Would definitely recommend,10.0,Positive,Positive,Positive,Positive,Positive,3/3,,1.0
Sligo,airport,David Conway,2006-02-10,Outstanding views when arriving in on a fair weather day Pass through Airport in little time due to size of airport Friendly staff and facilities need to step up with any increase in flightpassenger numbers Sligo City is only  miles form the airport or Euro taxi Journey Area beside airport is popular for running golf surfing and sea sports with international surf competitions held regularly,0.0,Positive,Positive,Positive,Positive,Positive,3/3,,1.0
Aircalin,airline,Andrew Eckel,2023-05-17,Fantastic flight Despite a delay departing Narita due to weather I really enjoyed my flight on Air Calin The crew were fantastic  very friendly and helpful Excellent onboard service great food a very comfortable seat and the cabin was clean I would fly them again,10.0,Positive,Positive,Positive,Positive,Positive,3/3,,1.0
Bandung,airport,Henri Bemelmans,2018-05-20,Not Verified The new airport is much better than the old but the issue with taxis remains The military controls the airport and hence which taxis are used No meters and extortionate fares Better off walking  minutes south on road outside arrivals right angle to airport terminal and pickup a bluebird or AA cab from there Clean and metered Pity the Government does not stop in and do something about this as it is a horrible welcome to what is otherwise a friendly and interesting city and region,7.0,Positive,Positive,Positive,Positive,Negative,3/3,,1.0
Jersey,airport,Julie Myatt,2019-08-01,Lots of seating Not enough electric plugs or charge points WiFi was hopeless  it didnt work Tannoy too loud Staff seem nice enough Appeared clean,4.0,Positive,Positive,Positive,Positive,Neutral,3/3,,0.15359999999999996
Middle East Airlines,airline,41 reviewsG Jackson,2024-08-07,Im very fond of this airline  this was my fifth time flying on the BeirutLondon flight and there is a real consistency in terms of service food and comfort The plane is very new the seats spacious and the IFE is good Flight was ontime Crew were friendly and polite and the meal was satisfying there was a choice between  mains Wine and beer was offered and I had no problem at all getting some additional topups during the  hour flight A good flight on a very nice and littleknown airline,8.0,Positive,Positive,Positive,Positive,Positive,3/3,,1.0
LAN Colombia,airline,S Donnelly,2010-02-06,BOGMZLBOG I took them from Bogota to Manizales when I was visiting Colombia in December The crew was fantastic airport staff was polite The planes were new comfortable and service was great Tickets were very reasonable but book them early through the website to take advantage of the promotional fares which could equal  US round trip depending on where you are going and how early you book,9.0,Positive,Positive,Positive,Positive,Positive,3/3,,1.0
Meridiana,airline,F Roberts,2018-02-27,IG  Milan Malpensa to Cairo  Comfortable aircraft outstandingly attentive and polite cabin crew considerate to all passengers Competitive price delivered safely to Cairo All good Based on this first experience with Meridiana I have booked two more flights with with them No complaints whatsoever and no hesitation in offering a recommendation,10.0,Positive,Positive,Positive,Positive,Positive,3/3,,1.0
Horizon Air,airline,Greg Bell,2014-01-29,Seattle to Edmonton  returning  Bombardier Q  plane small but with comfortable seating even for a sixfooter as I am Great cabin crew and nice free drinks An inflight snack might have been nice but overall a pleasant experience,8.0,Positive,Positive,Positive,Positive,Positive,3/3,,0.9605000000000001
Utair Aviation,airline,P Sprumont,2014-06-02,Flew last week from Munich to Tyunmen TJM  Siberia B with Europeanstyle business cabin middle seat free Smooth checkin my coat was taken by a smiling attendant but no help to put my kg luggage in the locker No entertainment during the   hours journey redeye but more than decent meal with appetisers and good Chilean wine I hope that my return flight in two days will be at least as peaceful although the linguistic capacities of the crew should be improved,8.0,Positive,Positive,Positive,Positive,Positive,3/3,,1.0
Maldivian,airline,R Corden,2018-07-19,Older Dash  but comfortable and good leg room  but very noisy Departed on time  friendly sole flight attendant  juice and water on offer and great views of the Atolls  they were organised  friendly and have pride in their brand and country  cant ask for more than that A bit pricey but no competition I guess,8.0,Positive,Positive,Positive,Positive,Positive,3/3,,1.0
Shenzhen Baoan,airport,1 reviewsEdoardo Agamennone,2016-01-26,Brand new airport On the positive side for Chinese standards it certainly is welldesigned and wellconnected Bright and clean checkin area Good choice of restaurants and cafes both before and after security controls As to the negatives the security controls are quite inefficient and slow the airline lounges are all quite poor and certain gates from  upward are very far up to min walking,6.0,Positive,Positive,Positive,Positive,Positive,3/3,,1.0
Blackpool,airport,Paul Cox,2014-10-13,Flew to Dublin yesterday th October after catching train from Preston where I had been working for a few days to Squires Gate which is about a  minute walk  ADF was a bit of a disappointment but checkin and security a breeze Staff friendly and efficient Depatures lounge was a bit oldfashioned not necessarily a bad thing quite nostalgic really but was very clean and the cafe was good Aer Lingus as always a joy to travel with,9.0,Positive,Positive,Positive,Positive,Positive,3/3,,1.0
Nuremburg,airport,Klaus Wy,2015-05-31,Due to the relatively low number of flights planes dont have to wait circling around in the air or on the tarmac The airport itself is perfectly connected to the inner city and the central station trains from there take you to Munich Wrzburg and Regensburg in about  hour to Frankfurt and Stuttgart in  hours by a  minutes metro ride Passport and security checks as well as baggage handling are a breeze Staff is very friendly and helpful,10.0,Positive,Positive,Positive,Positive,Positive,3/3,,1.0
Tokyo Haneda,airport,2 reviewsChristopher Yang,2025-01-16,I could not believe this was the first time I had arrived and departed from Tokyo Haneda Airport When I first arrived immigration was straightforward and I was very impressed When I was leaving checkin was also pretty straightforward and the whole Terminal  was massive with great lounges shops and food Plus I got to do plenty of plane spotting from lounges,10.0,Positive,Positive,Positive,Positive,Positive,3/3,,1.0
Olympic Air,airline,Georgios Vrontos,2024-03-30,What a great flight of  hour and  minutes Aircraft was clean departure was on time and crew was very friendly Legroom is reasonable for such a small plane No IFE or wifi but inflight service was very good with  options of sandwiches juices coffee and chocolate,10.0,Positive,Positive,Positive,Positive,Positive,3/3,,1.0
Aerosur,airline,B Crowley,2007-10-04,La Paz  Sucre in an exMexicana  Ticketing process is manual and very slow  beware and get your tickets before the airport We were handed a little snack bag as we boarded then served drinks on board  a great way to provide good service on a short flight,0.0,Positive,Positive,Positive,Positive,Positive,3/3,,1.0
fastjet,airline,G Foster,2023-09-26,Perfect experience After having read the reviews on Fastjet I was very nervous despite friends reinsurance that the airline had improved dramatically in recent years Well everything was perfect The ticket was very reasonably priced Checkin online and baggage drop off were easy The flight left on time and arrived  minutes early The air hostess was charming The snacks though not fancy were good and our chairs were comfortable The baggage was on the carousel by the time we arrived Very happy customers,10.0,Positive,Positive,Positive,Positive,Positive,3/3,,1.0
S7 Siberia Airlines,airline,L Hankovic,2021-07-07,Excellent safe clean on time and we got a hot meal on board which I did not expect given the fact that during the ticket purchase I was prompted to buy a meal which I did not want to do They are a little bit expensive but  the flight took a long time  hrs Excellent service thank you,10.0,Positive,Positive,Positive,Positive,Positive,3/3,,1.0
Mexico City,airport,Christopher Branski,2024-06-30,MEX consists of two terminals with Aeromexico Delta Copa and LATAM taking up the newer Terminal  and everyone else essentially taking up Terminal  Terminal  is definitely more userfriendly with Terminal  being well over capacity This honestly I dont think will change given that its proximity to the center of Mexico City makes it quite convenient in spite of its shortcomings,5.0,Positive,Positive,Positive,Positive,Positive,3/3,,1.0
Dublin,airport,Michael Haugh,2024-11-12,Had an excellent experience travelling through Dublin airport to Miami The security was efficient We precleared US customs and immigration which took  minutes saving us from having to do it through Miami There was a good choice of food and drink but very limited once you enter the US zone,8.0,Positive,Positive,Positive,Positive,Positive,3/3,,1.0
Guadalajara,airport,1 reviewsGilberto Sing,2016-05-12,At Guadalajara airport the main hallway is completely renovated but its still very crowded during morning hours as this is the busiest time and lines can be long Staff are helpful and friendly There are  or  VIP lounges  I have used the Aeromexico Salon Premier which is brand new and the BanamexCiti Salon Beyond which is the best for me Many restaurants many stores and duty free,8.0,Positive,Positive,Positive,Positive,Positive,3/3,,1.0
Air Bagan,airline,G Becque,2015-01-19,RGNSNW Quick boarding with allocated seating for  minute flight in ATR to Ngapali Beach Good safety briefing before time take off and light snack and drink en route Pleasant FAs smooth flight and great landing over the surf and through the palm trees to this small exRAF WW strip on the Bay of Bengal Luggage is delivered by handcart to the entrance gatesexpect to pay kyat per piece,7.0,Positive,Positive,Positive,Positive,Positive,3/3,,1.0
Dakar,airport,Jo Dur,2019-07-11,A brand new airport opened for Dakar in  called Blaise Diagne Its infinitely better than the old one mentioned in other reviews on this page which is no longer in use The new airport is clean and modern with helpful staff Once inside I felt like I was already in Europe I had no problems with security or checked baggage,8.0,Positive,Positive,Positive,Positive,Positive,3/3,,1.0
Jersey,airport,T Olliver,2017-09-26,The arrivals area is pretty shabby but from disembarking the plane to getting on the bus to St Helier took less than  minutes We departed from Jersey late afternoon on a Saturday when it was very quiet and so it was a very pleasant experience The staff at security and in the shops were all helpful and charming For the size of the airport the selection of shops and food were decent although there did seem to be a lack of seating after security however there was plenty at the gate,8.0,Positive,Positive,Positive,Positive,Positive,3/3,,1.0
Rimini,airport,H Anderson,2009-11-23,I fly into Rimini Airport at least  times a year to visit family It is a small airport and the restaurant and shops are expensive I love this airport You cant get lost and the best bit is you can go outside on a very large balcony and watch the planes land take off etc Also great if you smoke You are allowed to smoke only outside I would recommend this airport it is still small and friendly,5.0,Positive,Positive,Positive,Positive,Positive,3/3,,1.0
Accra Kotoka,airport,13 reviewsAlain Kupferman,2017-01-30,Old airport but reconstruction going on Very efficient immigration on the way in with separate lane for business class Fast delivery of luggage as well took me less than  minutes to be out of the airport Departure wise a little bit slower but acceptable friendly immigration and security people very basic business lounge Departure procedure efficient despite lack of discipline of Chinese passengers always trying to jump queues,6.0,Positive,Positive,Positive,Positive,Positive,3/3,,1.0
Easyfly,airline,2 reviewsDiego Florez,2016-03-27,Matecaa to Enrique Olaya Herrera Medellin with Easyfly The flight was a little delayed but not too much They have a nice staff the flight was very quiet and comfortable They bring a little catering but the flight just takes  minutes so its a really nice detail the plane was clean the price is very atractive I have the best opinion about this airline,9.0,Positive,Positive,Positive,Positive,Positive,3/3,,1.0
Naples Municipal,airport,Johannes Schunter,2012-10-09,The airport has a quick checkin counter right outside where you arrive with the taxi This led to a checkin time for our Delta flight including one checked in luggage of just  minutes after I got out of the taxi Security was fast too never experienced such a comfortable on boarding on any flight,10.0,Positive,Positive,Positive,Positive,Positive,3/3,,1.0
Baku,airport,Mohamed Roshan Arakkal,2018-09-17,Free WiFi cleanliness and planning are good Queue for security and immigration took around  minutes Should deploy more staff for this purposes Restaurants after check in are less and with no good choice,5.0,Positive,Positive,Positive,Positive,Neutral,3/3,,0.156
Kiev Zhulyany,airport,Linke Klaus-Dieter,2013-06-10,Since Zhulyany Airport had opened the new Terminal I have flown  times from there Everything was nice clean and efficient and friendly service I really can recommend this airport to be used for a visit in Kiev,10.0,Positive,Positive,Positive,Positive,Neutral,3/3,,0.2896363636363636
Airlink,airline,Frank Rispin,2024-04-29,Nice flight on time Smooth check in Nice cafe after formalities at Windhoek Only minor complaint is that email ticket confirmation says you must print out that document which is  or  pages so I did for  people These  pages were NOT required at Windhoek check in,9.0,Positive,Positive,Positive,Positive,Positive,3/3,,1.0
Valencia,airport,40 reviewsR Kersin,2024-02-26,A moderate sized airport with fast security processing times decent dutyfree shopping and enough seats with a power socket Signaling isnt the clearest however as the airport was build in  steps Half of the gates are bus boarding only It has a convenient metro connection to the city center Wifi was quite good and staff friendly and helpful,7.0,Positive,Positive,Positive,Positive,Positive,3/3,,1.0
Westchester County,airport,Henry Osserman,2006-03-09,Great restaurant upstairs that serves main course meals and happy to work in your time frame for your flight Modern building and brilliant to depart and arrive from if you live anywhere nearby Just make sure you check the kind of aircraft being used for your flight If you do NOT want to be on a small regional or propeller plane your choices are limited Nothing better than arriving at HPN and getting home locally in under  minutes,0.0,Positive,Positive,Positive,Positive,Positive,3/3,,1.0
Yangon Airways,airline,25 reviewsMark Ellwood,2017-09-26,Bagan to Heho Very short flight again another ATR aircraft as a nervous passenger I was not looking forward to the flight but it was great Seating was  no seat numbers given as only a few passengers on this flight No Inflight snack but coffee or cold drinks were supplied All in all a good flight and would travel again,8.0,Positive,Positive,Positive,Positive,Positive,3/3,,1.0
Pittsburgh,airport,Sharon Walker,2021-10-20,I have flown from Charlotte NC to Pittsburgh many times in the past  yrs Today I lost my wallet I was very fortunate to be called informing me someone had turned in my wallet They kindly sent an employee up to gate B to return it to me just minutes before my flight took off That is excellent customer service and I will be forever grateful for their kindness I will never forget this Thanks for such a wonderful and caring staff You guys rock,10.0,Positive,Positive,Positive,Positive,Positive,3/3,,1.0
Honolulu,airport,Steve Craig,2023-02-24,This airport is old inefficiently designed lacking courteous employees more interested in chatting with each other Waited in a line  ft long OUTSIDE I know Hawaii is nice but that tells you that the line was long prior to getting inside the terminal to go through security They are just lucky that people tolerate this in order to be in Hawaii I would have given less than a  if the guy at Starbucks wasnt so great,3.0,Positive,Positive,Positive,Positive,Positive,3/3,,1.0
Volotea,airline,Frantz Hy,2025-04-06,The schedules are well respected and the staff is excellent Boarding and disembarkation are quick The plane is clean and the information is clear  Les horaires sont bien respects et le personnel est parfait Lembarquement se fait rapidement ainsi que le dbarquement Lavion est propre et les informations sont claires,9.0,Positive,Positive,Positive,Positive,Positive,3/3,,1.0
Saskatoon,airport,James Burke,2010-10-30,Small clean airport Close to the city centre If one arrives for a later flight in the evening arrive with a full stomach as nothing is open after  It is an efficient small airport with quick security The TV is still on at full volume in the departure area,3.0,Positive,Positive,Positive,Positive,Positive,3/3,,1.0
Brasilia,airport,John Ryan,2008-03-25,This is a nice airport people are friendly check in efficient It is a clean airport and it has a nice building with plants and water fonts Brasilia is a modern City and it is airport is like the city just fantastic,4.0,Positive,Positive,Positive,Positive,Positive,3/3,,1.0
Ottawa,airport,1 reviewsM James,2017-08-27,Small simple and clean everything you want in an airport Love coming home to this beautiful airport Pros  extremely clean  efficient great signage  short wait times  never any traffic to and from and never any plane traffic Cons  no lounges  not a lot of shopping very limited food choices  things close early  a bit far outside city centre  parking can be pricey,8.0,Positive,Positive,Positive,Positive,Positive,3/3,,1.0
Air KBZ,airline,B Lan,2020-03-01,Yangon to Nyaung My wife and me flew three routes with Air KBZ over our holiday in Myanmar and we got outstanding service every time The cabin crew all have excellent presentation and are very courteous and attentive We had a cold snack tea and coffee all of which were very tasty on all flights Its unusual to be given cream cakes at  am but they were very nice All aircraft used were very clean and in good condition and all flights departed and arrived exactly on time Air KBZ is way better than we expected,10.0,Positive,Positive,Positive,Positive,Positive,3/3,,1.0
TUI Airways,airline,Lynn St Louis,2024-06-16,Had a wonderful flight There was a female black flight attendant who looked after my pregnant daughter and I very well She went into depth about flight safety and when we arrived at our destination gave advice on how to manage the hot weather  She was pleasant and friendly to everyone,10.0,Positive,Positive,Positive,Positive,Positive,3/3,,1.0
Berjaya Air,airline,Lorenzo Pasquini,2009-09-23,Subang Airport to Redang The plane was a De Havilland Dash old but in good conditions The flight has been pleasant and crew did the best to offer us a pleasant flight  water towels and a little snack The check in area in Subang and the all airport are very nice and clean the service has been very good They will replace their old planes soon with new ATR,9.0,Positive,Positive,Positive,Positive,Positive,3/3,,1.0
Caribbean Airlines,airline,S Mahoney,2024-03-12,Wonderful crew on this very short flight The aircraft comfort better than the ATR which is the main BW commuter No service on this  minute hop but all in all great value and on time,10.0,Positive,Positive,Positive,Positive,Positive,3/3,,0.6071999999999999
Air KBZ,airline,B Lan,2020-03-01,Yangon to Nyaung My wife and me flew three routes with Air KBZ over our holiday in Myanmar and we got outstanding service every time The cabin crew all have excellent presentation and are very courteous and attentive We had a cold snack tea and coffee all of which were very tasty on all flights Its unusual to be given cream cakes at  am but they were very nice All aircraft used were very clean and in good condition and all flights departed and arrived exactly on time Air KBZ is way better than we expected,10.0,Positive,Positive,Positive,Positive,Positive,3/3,,1.0
InterSky,airline,-,2008-03-02,FDHTHF Friendly staff clean aircraft with comfortable leather seats Orders for drinks and snacks taken and served individualy Prices on their inflight menu are OK Landing in Berlins Tempelhof airport is a fantastic experience Too bad the airport is due to be closed soon Even with bags to claim aircraft to subway station took less than  Minutes Beat that,5.0,Positive,Positive,Positive,Positive,Positive,3/3,,1.0
Uzbekistan Airways,airline,45 reviewsJ Lupu,2023-09-18,Checkin prolonged because their system was not updated concerning visa regulations Boarding efficient with bus transfer Cabin crew  nice ladies with friendly approach Free drinks were served There was free wiif onboard Flight was on time Entertainment without headsets,9.0,Positive,Positive,Positive,Positive,Neutral,3/3,,0.36749999999999994
TAM Airlines,airline,Stefan Horne,2016-04-04,Frankfurt to Sao Paulo with TAM Airlines Service was attentive friendly and acceptable for economy class Food is as good or less good as with other airlines Seat is standard and what you get for economy The IFE is rather slow and not as quickly responding as for example in the  of LAN Overall a good and pricewise interesting way to travel to South America Luggage was damaged upon return at FRA but ground staff not interested in being friendly or understanding,7.0,Positive,Positive,Positive,Positive,Positive,3/3,,1.0
Dragonair,airline,1 reviewsS Lee,2016-09-07,Hong Kong to Beijing with Cathay Dragon My seat was at the middle of the aircraft  One meal was served and the total flight time was about  hours The meal service was good  The crew were friendly and nice Nevertheless the inflight entertainment system was not quite updated and the legroom of the economy class seat was not quite enough The area of the restrooms could also be improved In total it was enjoyable flight,7.0,Positive,Positive,Positive,Positive,Positive,3/3,,1.0
Cairo,airport,E Marsani,2024-09-02,Went through Cairo airport during my recent trip arriving from Emirates and leaving to the UK both in terminal  Despite the long queues in departure being a bit of a hassle the coordinators were incredibly helpful They did their best to address any issues and kept things moving as smoothly as possible The terminal itself is pretty modern and clean the lounge is amazing and while it could use a few more amenities i would say it was an overall satisfying experience a solid  out of,9.0,Positive,Positive,Positive,Positive,Positive,3/3,,1.0
Porter Airlines,airline,Harry Aronowicz,2024-12-23,Pleasant and easy check in Perfectly organized boarding Clean and new aircraft Spacious seat distance however seat width not as wide as other carrier on this route Pleasant crew Very good food which however was served a bit late At arrival fast border control and bag arrived rather soon  however priority sticker did not give the bag priority delivery,9.0,Positive,Positive,Positive,Positive,Positive,3/3,,1.0
Milwaukee,airport,Kevin Milner,2015-07-26,Big enough to serve all of your needs yet small enough and easy enough to get in and out of What a contrast when compared to Kansas City and Atlanta where my journey originated They have a childrens play area great local restaurants beers coffee etc  It is about the same airfare to fly into Milwaukee often times as it is to fly into Chicago with a lot less hassle,9.0,Positive,Positive,Positive,Positive,Positive,3/3,,1.0
easyJet,airline,S Peale,2025-03-07,An excellent short flight with great onboard service from a friendly  attentive cabin crew Leg room was ok and the seats were comfortable enough for a short flight Overall a good experience and good value,9.0,Positive,Positive,Positive,Positive,Positive,3/3,,0.5924999999999999
Nashville,airport,S Palen,2023-10-31,Had a great experience Going through security was fast had no wait time They had great local beers on tap and even a smoking section It costs  bucks to enter but considering I havent been in an airport that had one in  years it made the wait SO much better  will layover in,10.0,Positive,Positive,Positive,Positive,Positive,3/3,,1.0
Bahrain,airport,Tony Williams,2024-06-03,I enjoyed  lengthy stop overs here on a recent flight to BKK in Biz class with Gulf Air The airport is amazing clean and transit was smooth The lounge was fantastic and food and drinks were excellent Staff throughout the airport were amenable and friendly Overall it is a much less stress free and agreeable experience in comparison to transit through Doha or Dubai,10.0,Positive,Positive,Positive,Positive,Positive,3/3,,1.0
SriLankan Airlines,airline,Lea Reinold,2024-08-18,We booked our return flight as a direct flight which was canceled and then simply staying in Paris We started more than  hours later missed our connecting train were poorly provided with drinks unfortunately not a great experience Our direct flight to Colombo from Frankfurt was great very nice staff super on time,7.0,Positive,Positive,Positive,Positive,Positive,3/3,,1.0
Chongqing Jiangbei,airport,Will Lee,2018-03-29,Chongqing Airport is one of the biggest in Southwest China The new terminal  is just km away from the old terminal  and is well connected by metro line  The airport terminal is very spacious and well designed that incorporates with many new technologies Mine was a direct flight by Hainan Airline to JFK The departure area has all sort of restaurants and shops which makes the last minute shopping possible Facilities are very clean and well put My only concern is the long waiting time at the border control,10.0,Positive,Positive,Positive,Positive,Positive,3/3,,0.9317196694214878
Pittsburgh,airport,Vineet Bapat,2006-03-18,Agree with all the positive comments  only in transit at Pittsburgh International recently and found it to be a very pleasnt experience due in large part to the variety of shops and restaurants An uncrowded spacious layout adds to the comfort level Also agree with a previous comment regarding the downside of this airport being the near monopoly of US Airways a greater presence by competing carriers would be a real plus,0.0,Positive,Positive,Positive,Positive,Positive,3/3,,1.0
Virgin Australia,airline,178 reviewsJohn Curtain,2025-01-30,I enjoyed the flight Check in was easy and the flight departed on time The staff were friendly and efficient The seat was comfortable too  Only tea   coffee and water is available free of charge which is no big deal given its such a short flight,8.0,Positive,Positive,Positive,Positive,Positive,3/3,,1.0
T'Way Air,airline,Merlynn Koh,2023-11-08,I flew on TWay from Seoul Incheon to Singapore I was a bit surprised to find a usb charging port on my seat for a low cost carrier and free of charge some more The tray table included a personal electronic device holder which allowed me to use as a stand for my phone Seat was very comfortable on A in a  seating configuration with leather padding for a low cost carrier Flight landed early in Singapore didnt feel so much turbulence also not very strong turbulence so quite a smooth flight,8.0,Positive,Positive,Positive,Positive,Positive,3/3,,1.0
Turkish Airlines2739 Reviews,airline,123 reviewsMichael Schade,2025-04-06,Checkin was very slow with just three counters open for the full flight Boarding was unorganized and chaotic with just two gate agents being overwhelmed controlling the crowd There were no boarding groups and at the end they gave up and it was free for all As a result the flight took off  minutes late Seats on the A were comfortable with a responsible seat pitch Service was good with ok food,7.0,Positive,Positive,Positive,Positive,Positive,3/3,,1.0
Air KBZ,airline,5 reviewsNeil Reckers,2019-04-12,I took the flight K from Mandalay to Heho to get to Inle Lake as it is the quickest way to get there This was my first time flying with Air KBZ and it was a pleasant flight Checkin and boarding was very efficient The flight left Mandalay about  minutes before the scheduled time and arrived about  minutes earlier The cabin was very clean and seats were comfortable Cabin crew were friendly I will not hesitate to fly again with Air KBZ,9.0,Positive,Positive,Positive,Positive,Positive,3/3,,1.0
Regional Express,airline,G Warlen,2021-12-13,I really rate Rex airlines On time both ways Helpful staff Free snack and comfy seats All for  return Very pleased with the experience  would choose to fly with Rex again,9.0,Positive,Positive,Positive,Positive,Neutral,3/3,,0.41699999999999987
Aerosur,airline,Allan Gathercoal,2007-09-29,Santa Cruz Bolivia to Sao Paulo Brazil At the airport checkin was easy It pays to arrive early and avoid the impending line The counter staff was friendly and they did not charge me for my extra weight about  kilos I was impressed by the new  that Aerosur used on this leg  most AeroSur flights use older  The flight attendants served a box meal and drinks on a  hours flight and we arrived on time I would use them again for this route,0.0,Positive,Positive,Positive,Positive,Positive,3/3,,1.0
Buta Airways,airline,81 reviewsRichard Laycock,2019-11-09,Tbilisi to Baku Everything went smoothly here Boarding was quick and on time We were pushed back on time which also meant the flight left on time It was only a short hop of mins I will see how they are again when I fly  hours plus on my next flight Overall No issues Airline very smooth and would recommend,8.0,Positive,Positive,Positive,Positive,Positive,3/3,,1.0
T'Way Air,airline,Merlynn Koh,2023-11-08,I flew on TWay from Seoul Incheon to Singapore I was a bit surprised to find a usb charging port on my seat for a low cost carrier and free of charge some more The tray table included a personal electronic device holder which allowed me to use as a stand for my phone Seat was very comfortable on A in a  seating configuration with leather padding for a low cost carrier Flight landed early in Singapore didnt feel so much turbulence also not very strong turbulence so quite a smooth flight,8.0,Positive,Positive,Positive,Positive,Positive,3/3,,1.0
Washington National,airport,52 reviewsMahmud Noormohamed,2024-11-02,This review is limited to Terminal  This terminal is very convenient as all of Southwests gates are in one location which means connection times of  minutes is more than enough to catch connecting flight As I had a very short layover I did not access WiFi The terminal was crowded midmorning but theres plenty of seating The bathrooms are very clean,8.0,Positive,Positive,Positive,Positive,Positive,3/3,,1.0
Shenzhen Baoan,airport,A Abril,2014-12-18,Excellent new terminal spacious and with lots of checkin counters Flew China Southern to Nanjing and the checkin was swift as was security All passengers get patted down regardless of whether you beep or not which was a bit of a nuisance Beyond security good amenities and restaurants We had an early morning departure and the terminal was very busy but it is definitely large enough to handle the number of people One downside is we got a bus to the plane which took  minutes,9.0,Positive,Positive,Positive,Positive,Positive,3/3,,1.0
Belize,airport,K Gates,2014-01-03,Small minimal facilities not much to do while you wait Staff are friendly and efficient The day we arrived there was live music playing in the customs area  nice touch We walked out of the terminal to be greeted immediately by our tour arranger,7.0,Positive,Positive,Positive,Positive,Positive,3/3,,1.0
Jazz,airline,Richard Leclerc,2015-12-02,Friendly flight attendant who take care of the passengers efficiently Excellent flight but the cabin of the Dash  needs a very serious refresh and more confortable seats The flight time was respected On the gate the employees of Air Canada Jazz offer a good service,8.0,Positive,Positive,Positive,Positive,Positive,3/3,,1.0
Titan Airways,airline,Michelle Algar,2022-06-19,Went on holiday in May flights where changed by TUI so we ended up flying with Titan Airways I must say they were fabulous beautiful planes and the staff were friendly and great with my little girl who is  years Would love to fly with them again,10.0,Positive,Positive,Positive,Positive,Positive,3/3,,1.0
Lucky Air,airline,G Price,2008-03-16,Used this airline for an internal flight in China last October from Kunming to Lijiang and just had to take some photos etc but not a joke  crisp new airline with latest Boeings smart logos etc Short flight but adequate English used and friendly crew,4.0,Positive,Positive,Positive,Positive,Positive,3/3,,1.0
Virgin Atlantic,airline,M Sopal,2025-01-05,I am grateful to the staff at DEL airport for the cooperation on th Jan  Flt noVS I had a problem with my luggage as by mistake I had left a charger battery in my checked baggage One staff member helped me to a great extent to settle the issue The support given to me by her was exemplery,10.0,Positive,Positive,Positive,Positive,Positive,3/3,,1.0
Conviasa,airline,Manuel Kliese,2007-05-23,Barcelona BLA to Caracas CCS in Venezuela on a classic Boeing  aircraft I experienced Conviasa to be quite nice to fly with Anyhow they do not offer much more than the average European nofrills carriers A costfree nonalcoholic drink was served on that short domestic flight the aircraft was clean and fine despite its age we departed BLA about  minutes ahead schedule  not every airline in Venezuela manages that Since the ticket costed me less than EUR  I can call it a quite satisfying experience,0.0,Positive,Positive,Positive,Positive,Positive,3/3,,1.0
Stavanger,airport,Paul Jacobsen,2008-05-04,Stavanger is a comfortable and bright regional airport Arrival is hasslefree with short walking distances and quick luggage delivery Departure is easy too with selfservice checkin machines Although I flew on a busy Sunday afternoon waiting time to clear security control did not exceed  mins However the departure lounge clearly lacks seating areas An airport bus connects the airport with the city centre every  mins note that it only accepts cash and no credit cards,4.0,Positive,Positive,Positive,Positive,Positive,3/3,,1.0
Bismarck,airport,Bret Hammell,2015-07-09,A small but full service airport  Doesnt have some of the amenities of larger airports but you would not expect them Clean Great service Short wait times  Highly recommended,8.0,Positive,Positive,Positive,Positive,Neutral,3/3,,0.39874285714285707
Hamad  Doha,airport,Mohamed Abbas,2025-02-19,I came from Bangkok to Doha and transited for  hrs and then to my homeland Cairo I was frustrated to stay that long transit time but once i stayed there I enjoyed it so much The internet coverage and speed is awesome Perfect atmosphere perfect cleaning perfect toilets Unforgettable experience Thanks to each and everyone who participated at this huge well maintained entity,10.0,Positive,Positive,Positive,Positive,Positive,3/3,,1.0
Paderborn,airport,B Spreitzer,2009-10-30,Great regional airport Min check in time for Lufthansa flights is  mins Good connections via MUC to international destinations Reasonable amenities at the airport,3.0,Positive,Positive,Positive,Positive,Positive,3/3,,0.9299999999999998
Yangon Airways,airline,Jeff Nash,2013-05-01,Took the  tourist flights around Myanmar all flights departed and arrived ahead of schedule Planes clean with good leg room friendly and efficient cabin crew On the  longer flights a very pleasant snack was served and the best cup of airline coffee I have had in almost  years of air travel plus a choice of juice on the  small flights,10.0,Positive,Positive,Positive,Positive,Positive,3/3,,1.0
Easyfly,airline,2 reviewsDiego Florez,2016-03-27,Matecaa to Enrique Olaya Herrera Medellin with Easyfly The flight was a little delayed but not too much They have a nice staff the flight was very quiet and comfortable They bring a little catering but the flight just takes  minutes so its a really nice detail the plane was clean the price is very atractive I have the best opinion about this airline,9.0,Positive,Positive,Positive,Positive,Positive,3/3,,1.0
Omni Air International,airline,C Rowe,2023-11-12,We were originally booked in Premium Economy with Air Canada Due to a substitution of aircraft we were switched onto Omni in economy class While the aircraft was fairly old and we were delayed  hour in takeoff everything else was fine Seats were comfortable food was okay and cabin crew were very friendly and efficient Air Canada processed the promised refund due to us being downgraded We would be okay with flying Omni again but prefer flying on an aircraft with a premium economy cabin,8.0,Positive,Positive,Positive,Positive,Positive,3/3,,1.0
Yemenia,airline,Ian Howarth,2011-04-25,SanaaParis on A Ontime departure in spite of elaborate boarding procedures All pax bussed to aircraft Inflight fine choice of meal and range of nonalcoholic drinks Cabin crew courteous with passable English Economy cabin looked a real mess after meal service  not cleaned Limited inflight entertainment,5.0,Positive,Positive,Positive,Positive,Positive,3/3,,1.0
Kaohsiung,airport,Steven Cao,2013-07-09,Very nice regional airport convenient access to the city via metro clean and well organized not many shops and restaurants but only  minutes away from city and all flights are shorthaul who need to spend couple of hours at airport for shoppping Staff are all friendly and helpful,9.0,Positive,Positive,Positive,Positive,Positive,3/3,,1.0
Bilbao,airport,1 reviewsJayden Ansell,2019-09-04,A good airport Lots of places to eat including burger and many seats with places to charge you devices I sat there for  hrs just streaming Netflix on the wifi May I say the wifi Is great Highly recommend,10.0,Positive,Positive,Positive,Positive,Positive,3/3,,1.0
Airnorth,airline,M Barsin,2019-12-25,Sydney to Kununurra  Thank you for the great service rendered by the flight crew for the flight that left Kununurra at pm to Darwin on the rd December All credit goes to them as it was the best smooth landing I have ever experienced,10.0,Positive,Positive,Positive,Positive,Positive,3/3,,1.0
Carpatair,airline,J de Jong,2009-08-11,Duesseldorf  Timisoara return This airline has been a pleasant surprise The Saab  was comfortable seats very good and legspace excellent Food on board was among the best Ive seen The return from Timisoara was operated by an Air Nostrum CRJ Checkin counter at Timisoara opened only  minutes before scheduled departure but checkin smooth Cabin crew was Carpatair staff and they deserve a compliment On both flights they were friendly helpful and competent,4.0,Positive,Positive,Positive,Positive,Positive,3/3,,1.0
Port Moresby,airport,H Horas,2016-01-15,Domestic arrival was good canteen facilities are reasonably priced Toilet was clean in arrival hall International departure   money exchange facilities available The security check was not particularly friendly  boarding was smooth via gate  with Virgin Australia using an air bridge,2.0,Positive,Positive,Positive,Positive,Neutral,3/3,,0.19566666666666663
Royal Brunei Airlines,airline,A Hamallah,2025-03-30,A long but pleasant flight Cabin crew were kind and friendly gave me snacks when I walked to back of the plane to stretch my legs Food was good The only hiccup was the website has glitches on some of the pages for online checkin when accessed from mobile phone I had to use iPad to find a workaround in the end  hour call centre  hotline based in Brunei was very useful and answered the call with no queue You dont get that efficiency from many carriers these days,9.0,Positive,Positive,Positive,Positive,Positive,3/3,,1.0
Shaheen Air,airline,Mohammed Fiaz,2017-01-12,Islamabad to Manchester Very prompt check in for Shaheen Air No hassle Boarding very professional and well organised Friendly cabin staff Clean very aircraft Good quality food served lunch Asian style and evening dinner European style and plenty of cold drinks  coffee  tea Little treats like chocolates also served during flight Food served on time and promptly This flight had free Wifi which worked well Generally very happy with Shaheen Air I would definitely recommend and I would fly again with them,8.0,Positive,Positive,Positive,Positive,Positive,3/3,,1.0
SkyWest Airlines,airline,Jerry Krinsky,2015-07-20,The plane was a CRJ operated by Skywest I was warmly greeted at the door by a very nice FA Service was excellent The seating on the CRJ is  rather than  on the larger planes The plane was very comfortable and quiet No entertainment system due to the short flight,10.0,Positive,Positive,Positive,Positive,Positive,3/3,,1.0
Air Corsica,airline,L Kayne,2018-09-17,Stansted to Ajaccio Excellent all round On time drink and a snack served no hassle to board or have onboard bags Seats were comfy for a  hour flight  fare reasonable Would recommend,10.0,Positive,Positive,Positive,Positive,Neutral,3/3,,0.49199999999999994
Turkmenistan Airlines43 Reviews,airline,C Lee,2024-10-11,The seat was spacious but the recline function was lost on my seat Crew were friendly They offered one meal plus one snack for just  hours The onboard announcement was inaccurate that they claimed to be landing soon  hours before the actual landing Surprisingly personal onboard entertainment was offered,7.0,Positive,Positive,Positive,Positive,Positive,3/3,,1.0
Orient Thai Airlines,airline,David Ruiz,2016-02-08,Hong Kong to Bangkok and my first time with Orient Thai Airlines and I am very satisfied with both the price and service Orient Thai was cheaper than Air Asia and the Boeing  was very spacious with comfortable seats Also they served breakfast airline meal with drinks that tasted ok,9.0,Positive,Positive,Positive,Positive,Positive,3/3,,1.0
Surat Thani,airport,Glyn Francis,2017-11-05,We had a very pleasant experience at Surat Thani Airport Queuing time was slow but staff were helpful The airport is very far from the city and the port Food was good and you can buy a small bottle of water for  baht and a packet of chocolate for  baht It is a cheaper advantage instead of flying into Koh Samui I highly recommend Surat Thani Airport,8.0,Positive,Positive,Positive,Positive,Positive,3/3,,1.0
Antwerp Deurne,airport,Michael Newport,2005-08-16,Great airport not many flights so no hassle From check in to take off  minutes Car parking also free,0.0,Positive,Positive,Positive,Positive,Positive,3/3,,0.8
Minsk National,airport,18 reviewsGyan Fernando,2019-08-27,A modern stylish and clean airport with good facilities but rather small The checkin area in terminal  was rather crowded as were the departure gate areas Immigration was rather slow and unnecessarily complicated Customs were simple There wasnt enough seating in the gate area and the restaurant was busy There were plenty of Duty Free shops and in fact too many All in all a very nice airport,8.0,Positive,Positive,Positive,Positive,Positive,3/3,,1.0
Humberside,airport,R Rouse,2011-07-06,Whilst small and basic its the perfect option for a frequent traveller No queues at check in or security Friendly staff even the security guys are nice No long walks to find your gate Arrive  mins before departure travel stress free without the crowds and connect to the world via Schiphol Baggage claim takes minutes Would recommend this airport over flying via Manchester any day unless you enjoy arriving  hrs early and shopping,5.0,Positive,Positive,Positive,Positive,Positive,3/3,,1.0
Southwest Airlines,airline,38 reviewsMahmud Noormohamed,2024-11-02,Uneventful flight with on time departure and arrival Usual Southwest nofrill service Clean aircraft and friendly flight crew In Flight Entertainment was easy to log on and watch live TV NFL football Unusual for this particular aircraft the overhead cabins were not as large as other  aircraft,8.0,Positive,Positive,Positive,Positive,Positive,3/3,,1.0
Montevideo,airport,Enrique Simeone,2013-07-15,Brilliant Airport  new clean clear spacious Shame so few airlines do fly into MVD,8.0,Positive,Positive,Positive,Positive,Neutral,3/3,,0.10094545454545457
Venice Marco Polo,airport,G Parlyne,2024-02-10,I am writing to express my heartfelt gratitude to the staff of Lost  Found at the Venice airport At arrival at Venice Marco Polo airport my suitcase was lost The staff there was very helpful throughout the process in my application and delivery of my suitcase to my home address The luggage was delivered within  hours So I was delighted with the service and want to give credit to staff and delivery Thank you,10.0,Positive,Positive,Positive,Positive,Positive,3/3,,1.0
Lugano,airport,Riccardo Cerutti,2008-02-25,LuganoAgno is a little airport maybe the smallest in Switzerland but I think its the most efficient Its commercial says Youll be in the air in  minutes and its the truth I think its a great airport,4.0,Positive,Positive,Positive,Positive,Positive,3/3,,0.8017500000000001
Aircalin,airline,1 reviewsF Cantall,2019-01-06,Noumea to Tokyo in economy and it was a good experience for a  hrs flight The crew was warm and welcoming The seat was comfortable with a lot of space for my legs and the entertainment system was complete However the A cabin looked quiet old but these aircraft have to be replaced by mid  The food was correct but not exceptional Overall it was an appreciable flight,8.0,Positive,Positive,Positive,Positive,Positive,3/3,,1.0
Melbourne Avalon,airport,Tim Costello,2012-10-13,Living in Geelong this airport is great  mins from my parents place and traffic is rarely a problem Check in is quick quicker with no bags  check in online the night before stroll through security and a short walk onto the plane Only criticism is that the airport is small  gates and only  bar  cafe and  newsagents Hopefully with the new International terminal theyre cleared to build theyll upgrade the domestic terminal too,9.0,Positive,Positive,Positive,Positive,Positive,3/3,,1.0
Air Dolomiti,airline,1 reviewsLuciano Zaffarano,2023-09-18,Nice surprise as an Italian I appreciated a lot the food which could be bought on board Pasta alla Norma  Red wine Valpolicella Professional and friendly staff tasting and authentically Italian food Proud as Italian to feel these kind of attentions to flyers Strongly suggested,10.0,Positive,Positive,Positive,Positive,Positive,3/3,,1.0
AirAsia X,airline,35 reviewsT Morten,2025-02-02,AirAsia keeps getting better its hard to believe they are a budget airline The ground crew was efficient and accommodating the cabin crew was attentive and friendly and the seats were clean and comfy We chose the Thai vegetarian Penang Curry that was yummy Big tip for this flight Tokyo to Bangkok  book a window seat on the right side of the aircraft if you want to get an incredible aerial view of Mount Fuji,8.0,Positive,Positive,Positive,Positive,Positive,3/3,,1.0
Finnair,airline,Philippe Gimenez,2025-02-24,Smooth flight and comfortable seat Premium economy still a good value on Finnair The cabin chief was competent as I got a problem with only one choice of meal Im platinum and I was upset to see the poorest service during the dinner on board  he went to apologize so its good but when you pay  euros you expect a better service concerning the food The flight attendants have to be more smiley,8.0,Positive,Positive,Positive,Positive,Positive,3/3,,1.0
Hartford,airport,M Auerbach,2010-02-24,Security thorough and lines short  thrilled to find that one of the TV monitors at the Southwest gates showed the local PBS channel  a nice alternative to the usual cable news and sports programming Custodial staff cleaned gate areas twice in one hour Spacious naturally lit gate area was a nice oasis from usually crowded departure areas,5.0,Positive,Positive,Positive,Positive,Positive,3/3,,1.0
Singapore Changi,airport,A Dobbins,2024-12-16,My husband and I are transferring today to the USA We got off our plane from Bangkok and wanted to see the waterfall in the airport A wonderful kind and very helpful Changi Service Ambassador Tan Mey showed us the way to see the waterfall The train TT takes you past the waterfall You can see it after am,10.0,Positive,Positive,Positive,Positive,Positive,3/3,,1.0
Air Koryo,airline,25 reviewsAlain Kupferman,2019-05-19,Beijing to Pyongyang Comparing an intraEuropean flight of  hours and this flight practically no differences clean aircraft nice stewardesses punctual simple food good and attentive service a normal standard,7.0,Positive,Positive,Positive,Positive,Neutral,3/3,,0.22799999999999992
Guilin Liangjiang,airport,J Drolet,2010-11-01,A fairly small airport by Chinese standards but then again so is Guilin At checkin they waved me over to check in at the VIP line even though I was flying economy nice of them Despite being small this airport has a nice decor  is clean Going through security quite smooth  efficient My main complaint is at departures gates many people smoking  not much in the way of snacks unless you like strange looking Chinese treats that have no English,4.0,Positive,Positive,Positive,Positive,Positive,3/3,,1.0
Jetairfly,airline,R Kallenburg,2016-10-17,Brussels to Punta Cana with Jetairfly on Boeing  I was really surprised about this professional service and crew Very good entertainment decent food new plane and friendly service I was lucky to be on a plane which was not fully booked,8.0,Positive,Positive,Positive,Positive,Positive,3/3,,1.0
Jazz,airline,Richard Leclerc,2015-12-02,Friendly flight attendant who take care of the passengers efficiently Excellent flight but the cabin of the Dash  needs a very serious refresh and more confortable seats The flight time was respected On the gate the employees of Air Canada Jazz offer a good service,8.0,Positive,Positive,Positive,Positive,Positive,3/3,,1.0
Estonian Air,airline,U Robertinho,2013-09-02,Stockholm  Tallinn  Kiev and back Clean and nice Embraer on the first leg and a new CRJ on the second Overall a pleasant experience Transit at the small Lennart Meri ariport in Tallinn smooth and easy Staff rather dull but agreeable I would gladly fly with them again,7.0,Positive,Positive,Positive,Positive,Positive,3/3,,1.0
Barbados Grantley Adams,airport,A Bristow,2019-01-31,I had arrived two weeks ago had cruises then returned to airport for return to UK Plane had a technical fault so going nowhere for  hrs The check in immigration security shop staff cleaners handling agents were brilliant So helpful and cheerful food pretty good as well All in all an experience that they helped to make easier and I appreciate that very much thank you Grantley Adams Airport Barbados,9.0,Positive,Positive,Positive,Positive,Positive,3/3,,1.0
Iran Aseman Airlines,airline,Pieter van Buul,2011-08-15,AZDMHD Aseman is one of the only airlines that provides domestic flights between Yazd and Mashad Tickets are cheap and service is ok There was a delay of  hr which feels endless waiting at a small domestic airport Despite the delay the flight was comfortable on a Fokker  aircraft Not much legroom but fine for a flight of about  mins Some snacks were included and that was ok Friendly staff,7.0,Positive,Positive,Positive,Positive,Positive,3/3,,1.0
Hangzhou,airport,1 reviewsA Usman,2017-01-15,Landed at Hangzhou Airport around  using AirAsia X from Kuala Lumpur Immigration clearance was smooth and no hassle I claimed my luggage in just a few minutes Washroom services are as good as other airports in China The only lacking is the number of available seats on the departure floor at the checkin counters area,7.0,Positive,Positive,Positive,Positive,Positive,3/3,,1.0
Jacksonville,airport,Matthew Weaver,2023-09-05,The gate agents are great but they might have the most inefficient TSA security checkpoint Ive ever witnessed It took them around  minutes to scan  bags and only one was flagged out of the  They seem to be the only airport where the analogic machines have actually made the security checkpoint slower which is wild considering the technology of those things Everywhere else seems to have competent people to run them,1.0,Positive,Positive,Positive,Positive,Positive,3/3,,1.0
Colorado Springs,airport,Scott Franks,2016-01-09,Great airport to travel from and return to No great distances to walk easy access to check in counters TSA actually seems to care and think rather than defaulting to lowest level of acceptable service ie  Denver Early morning flights are great as the food court has great breakfast burritos and coffee The only problem seems to be the luggage getting from the plane back to you Once you have your bags the rest of the trip out is a breeze,9.0,Positive,Positive,Positive,Positive,Positive,3/3,,1.0
Medina,airport,P Morrison,2017-09-26,Convenient location  only  mins from the Mosque Excellent modern facilities Nice simple elegant layout with steelwork reflecting date palm trees Convenient location of cafetarias toilets and prayer rooms Friendly staff and security personnel Clean and tidy Ample seating facilities,10.0,Positive,Positive,Positive,Positive,Positive,3/3,,0.5913333333333333
HiSky,airline,C Keene,2025-03-03,Very impressed with HiSky The trip from JFK and back from OTP was on par with major airlines we had entertainment and good food I loved the breakfast Romanian sausages  crenwurst  The flight attendants were pleasant and helpful flight was on time each way It would be useful if they partnered with United or a US airline to connect flights Right now its a hassle to connect into JFK on two tickets,9.0,Positive,Positive,Positive,Positive,Positive,3/3,,1.0
Wings Air,airline,47 reviewsW Garner,2019-12-11,Kaimana to Manokwari Plane left  and arrived  minutes late  really on time in this part of the world The check in staff were very flexible about cabin luggage size On board seats were reasonably comfortable and crew pleasant,7.0,Positive,Positive,Positive,Positive,Neutral,3/3,,0.19599999999999998
Roland Garros,airport,19 reviewsLaurent Charpentier,2017-08-22,Arrival on Sunday morning  Apr Good airport quick luggage delivery clean airport Departure on Thursday evening  Apr Check in correct  no air conditioning very hot temperature more than C on the evening very crowded due to small boarding lounge and not enough seats Only one small bar in international area for more than  large aircraft B departing at the same time,7.0,Positive,Positive,Positive,Positive,Positive,3/3,,1.0
StarFlyer,airline,Olivier Ragu,2008-07-25,TokyoOsakaTokyo Starflyer has the best costperformance ratio of the market very comfortable leather seat in A Easy to get emergency exit at check in when requested but still at least  inch legroom Drink service PTV footrest for  hour flight and professional attendants At a unbeatable rate when booking a bit in advance even less than the Shinkansen The only drawbacks are the lack of frequency for Osaka comparing to JL or NH still OK with  flights per day,5.0,Positive,Positive,Positive,Positive,Positive,3/3,,1.0
Granada,airport,Henry Tib,2011-12-03,Arrived on the last evening flight from Barcelona tourist desk very helpful and received our luggage within  minutes No taxis available so took the airport bus driver was very helpful and even dropped us a short distance from our hotel,8.0,Positive,Positive,Positive,Positive,Neutral,3/3,,0.1632
QantasLink,airline,178 reviewsJohn Curtain,2024-08-18,A short but enjoyable flight Staff were friendly and helpful  Check in was easy and the plane left on time  A small snack was provided which is fine on so short a flight They also offered free beer and wine which was a nice surprise,8.0,Positive,Positive,Positive,Positive,Positive,3/3,,1.0
FlySafair,airline,M Halbene,2024-05-20,On December st  I had booked a flight for my dad and his brothers to Cape Town I joined them we were helped by Thabile Mchunu at Counter  and she was absolutely amazing My elders had never taken a flight before and he kindness and friendliness was amazing and helpful to calm the nerves,8.0,Positive,Positive,Positive,Positive,Positive,3/3,,1.0
Algiers,airport,Anes Haouar,2019-03-18,The Algiers airport terminal  was not so good because they dont have many shops or restaurants the toilet was not clean and design of the building was not good But the new Algiers airport terminal  was so big with a modern design and the second name of this terminal is the door of Africa that means it connects Africa with the world terminal  has so many shops or restaurants and it was comfortable in the vip lounge,9.0,Positive,Positive,Positive,Positive,Positive,3/3,,1.0
Martinair,airline,A Rochard,2008-11-06,YYZAMSYYZ Legroom was okay got the exit row on the way back Food decent for a charter Seat width normal unlike Air Transat they dont squeeze an extra row of seats in I didnt feel the need to upgrade to Economy plus The personal entertainment device portable hard drive with monitor was great Worth the  euro on the day flight back,4.0,Positive,Positive,Positive,Positive,Positive,3/3,,1.0
Birmingham-Shuttlesworth,airport,Don Orlando,2017-02-10,BirminghamShuttlesworth Airport is absolutely exceptional across the board Modern well laid out and astonishingly clean Good facilities throughout Parking easy and close to the terminal The modernization of all the facilities done smoothly I live  miles away close to another commercial airport but gladly drive the three hour round trip to fly from BHM as I will in April,10.0,Positive,Positive,Positive,Positive,Positive,3/3,,1.0
Montenegro Airlines,airline,Larry McElroy,2015-08-05,My son and I flew them in June  from Copenhagen to Podgorica It was an older F aircraft but quite comfortable In fact we commented on how far the seats reclined The flight attendants were nice and the cockpit crew did a nice job getting us there safely We departed on time and arrived on time No complaints,8.0,Positive,Positive,Positive,Positive,Positive,3/3,,1.0
Fukuoka,airport,7 reviewsTeng Yong Khoo,2018-05-30,Long immigration queues are the main factor why the Queuing Times section receives only  stars However the airport staff were polite and friendly which gives some merits on staff service,6.0,Positive,Positive,Positive,Positive,Positive,3/3,,0.19549999999999998
Tulsa International,airport,B Williams,2018-01-06,Tulsa International Airport is in my opinion one of the easiest airports to navigate Its not super large and everyone is very friendly We were able to ride a free shuttle to our car as it was about  degrees when we arrived The man driving the shuttle was very nice and took us all the way to our car It was very convenient and nice,10.0,Positive,Positive,Positive,Positive,Positive,3/3,,1.0
Air KBZ,airline,P Ryan,2016-03-25,Yangon to Thandwe and pleasantly surprised by Air KBZ Snacks served onboard  seats generally comfortable Organisational issues with boarding and a slight delay in departure from Yangon Check in at RGN was not very organised however once inside the departure terminal  ground staff were more helpful They give you a coloured sticker to put on your shirt to ensure you get on the correct flight Would use again,8.0,Positive,Positive,Positive,Positive,Positive,3/3,,1.0
Ellinair,airline,G Stoykovich,2019-06-14,Mykonos to Thessaloniki  A short super enjoyable flight  Everything went well on both flights the planes were nice and clean crew presentable professional and helpful and the flights on time short and so enjoyable  I kept looking through the windows at the islands we were flying over beautiful Both flights were under  minutes long we even got a small bottle of water coffee a cookie and a wet towel I can totally recommend Ellinair,10.0,Positive,Positive,Positive,Positive,Positive,3/3,,1.0
Alderney,airport,J Tydeman,2013-07-20,Flew into Alderney from Southampton A lovely little airport Very relaxed friendly staff and a good shop and cafe very good considering the airport is tiny Taxis waiting right outside the main entrance and it only takes about  minutes if that to get from the aircraft to the terminal entrance Very good all round,9.0,Positive,Positive,Positive,Positive,Positive,3/3,,1.0
Cusco,airport,19 reviewsM García,2017-01-11,Cusco airport is not big but it is very organized and does have boarding bridges This airport m high from sea level Excellent view from aircrafts This airport is always busy There are some shops and staff are helpful However it does need more seating because I saw many passengers standing up Free wifi is only available for  minutes,9.0,Positive,Positive,Positive,Positive,Positive,3/3,,1.0
Bassaka Air,airline,S Mahoney,2018-01-24,Flew Phnom Penh to Siem Reap with Bassaka Air Nice short domestic flight with a very courteous B crew nothing but smiles and the Best of Cambodian hospitality during this  minute flight Was the cheapest option at  incl baggage and an onboard refreshment and everything went smoothly througout Would definitely recommend,10.0,Positive,Positive,Positive,Positive,Positive,3/3,,1.0
Blue Islands,airline,M A Collie,2023-11-01,Comfortable enough flight which was fairly on time We were surprised that there was no catering on this flight of about  hours Only took hand baggage,7.0,Positive,Positive,Positive,Positive,Neutral,3/3,,0.1728
Turkmenistan Airlines,airline,C Lee,2024-10-11,The seat was spacious but the recline function was lost on my seat Crew were friendly They offered one meal plus one snack for just  hours The onboard announcement was inaccurate that they claimed to be landing soon  hours before the actual landing Surprisingly personal onboard entertainment was offered,7.0,Positive,Positive,Positive,Positive,Positive,3/3,,1.0
Vnukovo,airport,Eric Meyer,2014-02-17,Excellent security Left my laptops by mistake at security and went to my plane I noticed once in the plane While I couldnt deboard the staff and pilot called security and they were found and brought to lost and found A friend picked them up  days later,10.0,Positive,Positive,Positive,Positive,Positive,3/3,,1.0
Cairo,airport,N Kalinentov,2024-02-26,One of the best African airports that i have ever been to I had worries at first before going through terminal  but to my surprise the whole experience was stressfree and enjoyable The airport atmosphere was very pleasant the checkin was quick and courteous the duty free shops had some good and reasonably priced items and there were also some decent looking food outlets the washrooms are well maintained and staff were friendly despite their limited proficiency of English language,10.0,Positive,Positive,Positive,Positive,Positive,3/3,,1.0
Air Dolomiti,airline,1 reviewsLuciano Zaffarano,2023-09-18,Nice surprise as an Italian I appreciated a lot the food which could be bought on board Pasta alla Norma  Red wine Valpolicella Professional and friendly staff tasting and authentically Italian food Proud as Italian to feel these kind of attentions to flyers Strongly suggested,10.0,Positive,Positive,Positive,Positive,Positive,3/3,,1.0
InterSky,airline,-,2008-03-02,FDHTHF Friendly staff clean aircraft with comfortable leather seats Orders for drinks and snacks taken and served individualy Prices on their inflight menu are OK Landing in Berlins Tempelhof airport is a fantastic experience Too bad the airport is due to be closed soon Even with bags to claim aircraft to subway station took less than  Minutes Beat that,5.0,Positive,Positive,Positive,Positive,Positive,3/3,,1.0
Mauritius,airport,S Koh,2023-04-24,Overall a great airport with great facilities and ample outlets to eatdrinkshop The only issue about this airport is the queues at immigration and security which is serious For instance immigration at arrival took  minutes although there were only  people in front of me and this was because only  windows were open for processing,5.0,Positive,Positive,Positive,Positive,Positive,3/3,,1.0
Karthago Airlines,airline,Jim Vincent,2009-09-07,The food wasnt that great and theres no inflight entertainment but we were comfortable and had our iPods With regards to the cleanliness of the aircraft weve been on worse We found the cabin crew to be friendly their English is not great and they all had smiles I think if you expect high standards from a  star airline youre bound to come home and write negative reviews Overall we were happy with what we got,6.0,Positive,Positive,Positive,Positive,Positive,3/3,,1.0
Santo Domingo,airport,E Williams,2014-03-04,Excellent both coming and going Good selection of shops and restaurants Layout easy to navigate Well signposted in both Spanish and English Clean throughout Ample restroom facilities Best of all the passportcustoms control personnel both incoming and outgoing are courteous efficient and multilingual They smile  I hope they can give US officers the basic lesson  Corners of mouth go up not down,10.0,Positive,Positive,Positive,Positive,Positive,3/3,,1.0
Dundee,airport,Janet Smith,2008-10-12,Beautiful views on takeoff free longterm parking nice friendly efficient staff and so convenient if you live between Edinburgh and Aberdeen But does it really have to be so prohibitively costly for the nonbusiness and small business traveler The dreary trek to Edinburgh by train and bus or even car adds  hours but saves hundreds of pounds Whens Easyjet coming to Leuchars Air France needs some competition,4.0,Positive,Positive,Positive,Positive,Positive,3/3,,1.0
Xiamen Airlines,airline,Mohammad Jawhar,2024-11-08,Highly recommended airline offering excellent value for money I booked my flight from Bali to Doha via Xiamen and received three full meals a hour entry permit to explore Xiamen during my hour transit a free single hotel room and a free shuttle from airport to hotel all for  It is simply incredible to believe that you can fly from Bali to China to Doha for only,10.0,Positive,Positive,Positive,Positive,Positive,3/3,,1.0
Southwest Airlines,airline,38 reviewsMahmud Noormohamed,2025-02-14,On time departure and arrival for all  flights Flights were relatively smooth Aircraft clean with friendly flight crew providing the usual no frills service IFE worked flawlessly with a good selection of movies DALHOU CUNBNA and BNADAL were on B aircraft This type of aircraft has no power ports to charge personal devices Further there are no trays in the armrest in row  HOUCUN was BMAX This is a gorgeous aircraft with large overhead bins and mood lighting,7.0,Positive,Positive,Positive,Positive,Positive,3/3,,1.0
Volotea,airline,Jokiñe Moragues,2025-03-22,Es una aerolnea fantstica el personal es muy amable el precio muy asequible Me gustara que hubiera vuelos a ms lugares A Gran Canaria solamente hay dos vuelos a la semana desde mi lugar de residencia estara mejor que hubiera mas  Its a fantastic airline the staff is very friendly and the prices are very affordable I wish there were flights to more places There are only two flights a week to Gran Canaria from where I live more would be better,10.0,Positive,Positive,Positive,Positive,Positive,3/3,,1.0
LAN Peru,airline,E Dannell,2017-05-29,Los Angeles to Cusco via Lima We were pleasantly surprised when Lan Airlines delivered our luggage  hour from the airport the day after we landed American Airlines in the US didnt tell us sbout collecting our luggage in Lima before flying to Cusco must go through Customs so it never arrived in Cusco Lan Airlines Personnel were very helpful to fill the forms out and to deliver was unexpected Thanks for helping make our trip great,10.0,Positive,Positive,Positive,Positive,Positive,3/3,,1.0
Ryanair,airline,E Klein,2025-01-26,Love Ryanair efficiency Does what is says on the packet nothing pretentious Crew were great and even managed to go down with aisle with the trolley on a  minute flight My th flight with them just wish they flew to Frankfurt theyd get all my euro business,8.0,Positive,Positive,Positive,Positive,Positive,3/3,,1.0
Valencia,airport,40 reviewsR Kersin,2024-02-26,A moderate sized airport with fast security processing times decent dutyfree shopping and enough seats with a power socket Signaling isnt the clearest however as the airport was build in  steps Half of the gates are bus boarding only It has a convenient metro connection to the city center Wifi was quite good and staff friendly and helpful,7.0,Positive,Positive,Positive,Positive,Positive,3/3,,1.0
Malta,airport,Robin Bramhall,2022-10-19,Great Airport We travelled from Manchester and from landing to leaving the airport it only took us  minutes For the return flight we checked our bags in  minutes and took just another  to get through security etc The departure lounge is bright and welcoming and boarding just took a few minutes Good experience I wish more airports were like this,10.0,Positive,Positive,Positive,Positive,Positive,3/3,,1.0
Pakistan Intl Airlines,airline,Syed Muhammad Sohaib Tariq,2020-10-05,Karachi to Gwadar Travelled with this airline after I had travelled on a short a domestic flight early September  Flight in general was smooth and scenic Ground staff were also pleasant and helpful I see some betterment in overall operations particularly in terms of punctuality,5.0,Positive,Positive,Positive,Positive,Positive,3/3,,1.0
Malta,airport,N Valine,2022-07-20,Great airport no time waiting In  minutes we were out with our check in luggage Professional personnel Thumbs up Signage very good and easy accessible to everyone,10.0,Positive,Positive,Positive,Positive,Positive,3/3,,1.0
Malta,airport,Robin Bramhall,2022-10-19,Great Airport We travelled from Manchester and from landing to leaving the airport it only took us  minutes For the return flight we checked our bags in  minutes and took just another  to get through security etc The departure lounge is bright and welcoming and boarding just took a few minutes Good experience I wish more airports were like this,10.0,Positive,Positive,Positive,Positive,Positive,3/3,,1.0
Brussels Airlines,airline,Jeffrey Tannenbaum,2024-09-10,Surprisingly good experience Cabin staff were unbelievably attentive and helpful Food and beverages were excellent for airline food Boarding and deboarding were well organized Only downside was business configuration was  and flat bed was not as comfortable as on other airlines,8.0,Positive,Positive,Positive,Positive,Positive,3/3,,1.0
Brussels Airlines,airline,Jeffrey Tannenbaum,2024-09-10,Surprisingly good experience Cabin staff were unbelievably attentive and helpful Food and beverages were excellent for airline food Boarding and deboarding were well organized Only downside was business configuration was  and flat bed was not as comfortable as on other airlines,8.0,Positive,Positive,Positive,Positive,Positive,3/3,,1.0
Darwin Airline,airline,Florian Wissmann,2016-02-08,Zurich to Geneva return with Darwin Airline Booking and checkin was smooth online checkin was not available Boarding was quick maybe due to light load factors on both segments Both flights were on time arrival even early Very nice cabin crew comfortable seats with huge seat pitch s style on the Saab  I can recommend them at least for flights from and to Geneva I am aware that Darwin Airline has some punctuality issues But that never happened to me Great value for money,8.0,Positive,Positive,Positive,Positive,Positive,3/3,,1.0
Small Planet Airlines,airline,I Parker,2017-11-13,On time departure from Larnaca to Leipzig Very friendly crew I was surprised that  of them including first officer was from Greece and Cyprus Very nice and colorful aircraft that makes your day Wind in Leipzig was not calm it was about  kts Perfect landing,8.0,Positive,Positive,Positive,Positive,Positive,3/3,,1.0
Granada,airport,Paul Harvey,2009-05-15,A very easy airport to use Arriving on an evening Ryanair flight deplaning was quick passport control almost friendly and the airport bus was immediately outside to speed us to town for only  Return was just as easy the security staff were friendly plenty of seating in both the main airport and the gate area No WIFI but one rarely gets everything,5.0,Positive,Positive,Positive,Positive,Positive,3/3,,1.0
Robert L Bradshaw St Kitts,airport,Mike Sargent,2010-05-26,Arriving here is a potential nightmare especially at the weekends They are just not geared up to handle more than one jet the size of  at a time Queues at passport control can stretch almost out to the tarmac and although very friendly and courteous they are so slow Baggage reclaim takes forever and it is just a scrum to try and get through customs On the last trip we were in a queue for customs clearance and the officer in charge of our line just disappeared We had to start all over again,1.0,Positive,Positive,Positive,Positive,Positive,3/3,,1.0
Cambodia Angkor Air,airline,40 reviewsStephan Stegner,2019-12-13,Phnom Penh to Siem Reap The check in was fast and the staff friendly The departure  arrival were punctual and the aircraft made an average good maintained impression The seat distance was sufficiently good Despite the short flight there was a small bite and water Overall a good experience,7.0,Positive,Positive,Positive,Positive,Positive,3/3,,1.0
Nordwind Airlines,airline,G Kostov,2021-07-20,No frills quick easy safely and clean flights from Dagestan to Moscow The airplane was clean the staff in nice uniforms professional They packed us quickly flew us safely the baggage was out sooner than I made it to the carousel Only a glass of water for the whole flight but it is only  hours Nothing to complain about would fly again and recommend,10.0,Positive,Positive,Positive,Positive,Positive,3/3,,1.0
Alliance Airlines,airline,Paula Hatcher,2024-01-03,Today we flew on VA Brisbane to Townsville I usually fly Jetstar as it suits my time requirements This flight was perfect the seats were much more comfortable and the staff were the best I have experienced they could not have been more helpful I could not fault Alliance in any way and I would always be happy with them  We had just flown from Perth and we were both pretty tired so thankyou so much,10.0,Positive,Positive,Positive,Positive,Positive,3/3,,1.0
Palm Springs,airport,J Marshall,2011-10-29,Great little airport Everything in one location  baggage belts next to car hire desks and you walk out into the car park and collect your car Will be my preferred choice now rather than coming in via LAX or SAN and facing a  hour drive,10.0,Positive,Positive,Positive,Positive,Positive,3/3,,1.0
Kaohsiung,airport,Steven Cao,2013-07-09,Very nice regional airport convenient access to the city via metro clean and well organized not many shops and restaurants but only  minutes away from city and all flights are shorthaul who need to spend couple of hours at airport for shoppping Staff are all friendly and helpful,9.0,Positive,Positive,Positive,Positive,Positive,3/3,,1.0
Royal Air Maroc,airline,Charles Roberts,2024-07-15,Ground staff at JFK could have been better I had a great deal of luggage and needed a special staff member to handle tagging It was hard to find him  and found out he hadnt been informed for several minutes Seats comfortable to Casablanca good flight crew good catering Casablanca to Lagos had an excellent crew and the best airline catering Ive had in decades of traveling Id definitely fly them again,9.0,Positive,Positive,Positive,Positive,Positive,3/3,,1.0
Cagliari,airport,Federico Muscogiuri,2005-04-25,Clean and efficient I was very impressed with Elmas airport Staff are friendly and the airport is very well connected to the city centre by bus The fare is only   Only one negative point once youre past the international departures hall there are no shops only one small cafe near gate  otherwise this is one of the best regional airports I have visited so far,0.0,Positive,Positive,Positive,Positive,Positive,3/3,,1.0
Lusaka,airport,Keith Mwanalushi,2005-05-10,In the last  years Lusaka International Airport has been going through a re development programme which has seen an upgrade in its infrastructure The old  style check in counters have been replaced and updated The airport has received new ground handling equipment escalators and lifts Having been invited on a press tour of the facility i got to see first hand what is happening The airport is very clean cleaner than some more developed airports I have seen in my travels,0.0,Positive,Positive,Positive,Positive,Positive,3/3,,1.0
Palma de Majorca,airport,2 reviewsOliver Rosik,2024-01-20,Really excellent airport I flew to and from Palma De Mallorca airport for a weeks holiday There was absolutely no queues But it was am so it was expected But even when I arrived at about pm the queues were short and went very fast Definitely a great experience No delays or inconvenience except for most of the shops being closed on departure but as stated earlier it was  in the morning Highly recommend,10.0,Positive,Positive,Positive,Positive,Positive,3/3,,1.0
Volotea,airline,Jokiñe Moragues,2025-03-22,Es una aerolnea fantstica el personal es muy amable el precio muy asequible Me gustara que hubiera vuelos a ms lugares A Gran Canaria solamente hay dos vuelos a la semana desde mi lugar de residencia estara mejor que hubiera mas  Its a fantastic airline the staff is very friendly and the prices are very affordable I wish there were flights to more places There are only two flights a week to Gran Canaria from where I live more would be better,10.0,Positive,Positive,Positive,Positive,Positive,3/3,,1.0
Binter Canarias,airline,Colin Pay,2014-03-03,TFNGMZ return on ATR Very good  minute flights Served cup of water and chocolate bar Great views of a snow capped Mt Teide on left going and right returning,10.0,Positive,Positive,Positive,Positive,Positive,3/3,,1.0
Pula,airport,Dora Reis,2019-09-05,Really small airport but everything went fine Fast check in and fast security check Theres only one coffee shop   kuna for a cappuccino and  kuna for water is a decent price People speak English and are friendly The WiFi works fine but you have to get the password from the personnel I asked a girl from the duty free shop Taking  points away only because the WiFi password is not available somewhere and you have to ask and there are no nice seating areas,8.0,Positive,Positive,Positive,Positive,Positive,3/3,,1.0
Cairo,airport,E Marsani,2024-09-02,Went through Cairo airport during my recent trip arriving from Emirates and leaving to the UK both in terminal  Despite the long queues in departure being a bit of a hassle the coordinators were incredibly helpful They did their best to address any issues and kept things moving as smoothly as possible The terminal itself is pretty modern and clean the lounge is amazing and while it could use a few more amenities i would say it was an overall satisfying experience a solid  out of,9.0,Positive,Positive,Positive,Positive,Positive,3/3,,1.0
AirAsia Zest,airline,Mark Landingin,2015-08-21,The ground staff in Puerto Princesa Airport and air crew of flight Z  were so kind and understanding I have traveled via AirAsia Philippines  times and I havent encountered any problems with them I always find their crew friendly The online booking is easier to navigate and payment process is smooth compared to the trouble I experienced with the other local airline,10.0,Positive,Positive,Positive,Positive,Positive,3/3,,1.0
Wroclaw,airport,Z Domagala,2015-05-20,I travelled all around the world I saw many regional airports WroclawBreslau was excellent Everything went quickly Staff were really helpful no queues Brilliant seats before departure No problem with luggage One minus  no good access to the city transport You must take a taxi to drive to the center,10.0,Positive,Positive,Positive,Positive,Positive,3/3,,1.0
Aerocaribbean,airline,Philip Jensen,2010-12-31,Havana  Cayo Coco return A one hour flight with an old ATR turboprop Seats surprisingly comfortable and we were offered a free drink plus candy onboard Nothing special but we arrived on time,8.0,Positive,Positive,Positive,Positive,Neutral,3/3,,0.22628571428571426
Air China,airline,O Odin,2024-12-05,Pros The flight attendants were kind and helped us with the wifi for  minutes Very helpful mindful and demure The food was great I was not expecting that Legroom was wonderful Me being m there was easily lots of legroom Theseat was hard IFE sucked and dirty floors,7.0,Positive,Positive,Positive,Positive,Positive,3/3,,1.0
Orient Thai Airlines,airline,M Sun,2012-11-01,HKGBKK I booked with them because it was the only airline available Check in took  hr in HKG and plane was a  year old B Entertainment was pretty much nothing and seats were the most uncomfortable Ive ever experienced Plane and bathroom were unclean I booked a seat in the upper deck and it was quiet Food was horrible Only good thing was the value because I you pretty much get everything for that cheap price,3.0,Positive,Positive,Positive,Positive,Negative,3/3,,1.0
Gulf Air,airline,13 reviewsA Davidson,2024-10-02,A very shortened Flight due to favourable Tail Winds saw us arrive  minutes early into Bangkok  excellent My goal was just to sleep on this overnight flight That goal was achieved and a comfortable  hours sleep was enjoyed The actual Seat was looking shabby  old No Food or Drink were taken so I can not comment on the service Would fly Gulf Air again if going to the UK,8.0,Positive,Positive,Positive,Positive,Positive,3/3,,1.0
Kansai International,airport,Waree Ploypetmanee,2024-06-16,Cleanliness of Terminal  toilets and food section must be improved Toilets seems to be unattended for ages floor is full of tissues and stains Bins are full Food court tables and chairs are under the same condition which is quite surprising as per Japan standard Air Conditioning is not cool enough seats at he waiting area are also not enough However I still love to come back to visit Japan again,4.0,Positive,Positive,Positive,Positive,Positive,3/3,,1.0
Paderborn,airport,Fabio Tröster,2018-01-27,The airport and their airlines offer a wide range of European and North African leisure destinations but also large German cities such as Frankfurt or Munich Nice little shops and restauantscafes Staff are very friendly and the waiting times as well as the walking times are unbeatable Love flying fromto the Airport,10.0,Positive,Positive,Positive,Positive,Positive,3/3,,1.0
Richmond,airport,Tim Buntin,2012-02-23,My experiences have always been pleasant Security lines are extremely short and there is a lot of open space Checking in is never a hasslewe have been able to pass by the checkin desk in  minutes or less on the worst of days Bathrooms are clean and theres always a cafe or news store open Delta seems to have the largest concentration of flights at the airport most of them being on their regional affiliates running under Delta Connection Overall the airport is very good clean and friendly,9.0,Positive,Positive,Positive,Positive,Negative,3/3,,1.0
Luxair,airline,Richard Vines,2023-10-26,The flight took off and landed on time boarding was efficient and the crew were friendly I have no complaints I ignored an offered opportunity to upgrade to business class but did take up the chance to block off the next seat for  which was great So often I have watched Luxair planes at London City and wondered how the flights would be Turns out I was impressed,8.0,Positive,Positive,Positive,Positive,Positive,3/3,,1.0
Wroclaw,airport,1 reviewsKacper Kielbaska,2015-08-26,Ive been to Wroclaw Airport  times Its fast convenient beautiful airport doesnt matter if it is arrival or departure The variety of shops and restaurants is adequate and the prices are normal airport prices A very clean terminal that is one of the prettiest terminals Ive been to Toilets are very clean Only problem is absence of air conditioning in buses between terminal and airplane its very disappointing and uncomfortable in summer,9.0,Positive,Positive,Positive,Positive,Positive,3/3,,0.7652219999999996
Tokyo Haneda,airport,12 reviewsK Huang,2024-05-05,Departing from Terminal  for a domestic flight The airport was well connected with the public bus and train The terminal in general was clean modern and efficient Check in was fast and completely automatic via machines with ground staff was ready to help Surprising no long queue at the security and everything was smooth There were numerous comfy seats available for passengers Shopping and dining were also really good and at reasonable price,10.0,Positive,Positive,Positive,Positive,Positive,3/3,,1.0
Iran Aseman Airlines,airline,M Kleine,2014-04-06,An old Fokker  departure and arrival on time very smooth landing proficient bilingual staff and excellent food omelette with herbs coleslaw and chicken,9.0,Positive,Positive,Positive,Positive,Neutral,3/3,,0.4835999999999999
VLM Airlines,airline,M Fitzgerald,2015-06-11,Excellent flight more leg room than other airlines  cabin stewardess who was excellent and  tended to all passenger requirements served all passengers with  complimentary food with drink which is unknown nowadays Good old fashioned service and customers do count Flight from Waterford VG th June,10.0,Positive,Positive,Positive,Positive,Positive,3/3,,1.0
Golden Myanmar Airlines,airline,5 reviewsNeil Reckers,2019-04-07,Yangon to Mandalay with Golden Myanmar Airlines was very pleasant and positive The airline online booking system was good checkin counter staff very friendly and the checkin was easy The flight left the gate as per schedule and the flight was comfortable Cabin crew were friendly and efficient Passengers were served with light snacks during the approx  hrs flight,8.0,Positive,Positive,Positive,Positive,Positive,3/3,,1.0
Wideroe,airline,Andrew Davies,2023-05-19,Wonderful customer service Great staff at the airport and on the plane Even better we needed to make changes to our flight and the customer service centre responded to a web enquiry within  minutes at  oclock at night on a Friday Simple and easy to deal with and a very comfortable clean aircraft,8.0,Positive,Positive,Positive,Positive,Positive,3/3,,1.0
Helvetic Airways,airline,107 reviewsMichel Perrin,2019-04-03,Marseille to Zurich A lazy checkin not Helvetic employee who did not want to check my luggage through its final destination neither to release a lounge voucher Star Alliance Gold I finally had a great trip in this old Fokker  Crew was extremely attentive flight on time and aircraft clean as snow,8.0,Positive,Positive,Positive,Positive,Positive,3/3,,1.0
Colorado Springs,airport,William Swain,2017-12-01,I have flown into and out of the Colorado Springs twice a year since  Each time check in has been efficient and pleasant the TSA agents have been very nice and observant the airport has been clean and refreshment options have been pretty good I was last there in October of  and liked the fact that the piped in music in the waiting area was classic rock I have a high opinion of the COS airport and dont mind at all flying in and out of it,10.0,Positive,Positive,Positive,Positive,Positive,3/3,,1.0
Kunming,airport,Robert Walbeek,2015-07-13,Nice modern clean airport with plenty of checkin rows Food options fine with a McD and noodle shops WiFi not always present The only nuissance in this airport on departure is the number of times you have to show your boarding pass and passport  times yes,8.0,Positive,Positive,Positive,Positive,Positive,3/3,,1.0
Dubai World Central,airport,3 reviewsjohn tegean,2017-01-01,A wonderful airport very cosy and friendly The only drawback as it is vast it has very long walking distances The design is very Dubai in style  elegant with an affordable Duty Free You can buy almost everything in very low prices Definitely a very nice airport,10.0,Positive,Positive,Positive,Positive,Positive,3/3,,1.0
Helvetic Airways,airline,107 reviewsMichel Perrin,2019-04-03,Marseille to Zurich A lazy checkin not Helvetic employee who did not want to check my luggage through its final destination neither to release a lounge voucher Star Alliance Gold I finally had a great trip in this old Fokker  Crew was extremely attentive flight on time and aircraft clean as snow,8.0,Positive,Positive,Positive,Positive,Positive,3/3,,1.0
Jetairfly,airline,R Kallenburg,2016-10-17,Brussels to Punta Cana with Jetairfly on Boeing  I was really surprised about this professional service and crew Very good entertainment decent food new plane and friendly service I was lucky to be on a plane which was not fully booked,8.0,Positive,Positive,Positive,Positive,Positive,3/3,,1.0
HOP!,airline,R Stack,2016-09-04,Brive to ParisOrly with HOP Seamless reservations through Air France Brive is a tiny airport and very easy to manage On time departure for Paris Both ground and cabin staff very pleasant Aircraft was aging but clean and seemed well maintained Inflight service was beverage and snack fine for a  hour flight Only drawback is the limited schedule between Orly and Brive which means I usually have to fly via Bordeaux Fares occasionally high but generally very reasonable Will certainly fly them again,8.0,Positive,Positive,Positive,Positive,Positive,3/3,,1.0
Nashville,airport,S Palen,2023-10-31,Had a great experience Going through security was fast had no wait time They had great local beers on tap and even a smoking section It costs  bucks to enter but considering I havent been in an airport that had one in  years it made the wait SO much better  will layover in,10.0,Positive,Positive,Positive,Positive,Positive,3/3,,1.0
Air Berlin,airline,Kannan Pazhayedath,2017-09-19,Frankfurt to Berlin our first flight was cancelled but they arranged me other flight Next day I use Air Berlin also this time their service was on time and good service and cabin crew  they are very friendly and helpful I was very happy their service,10.0,Positive,Positive,Positive,Positive,Positive,3/3,,1.0
Thai Airways,airline,81 reviewsRichard Laycock,2025-02-11,First time the flight left on time and even earlier for the first time in  years I thought we were going to be landing way in advance Unfortunately we were then in a holding pattern in Bangkok for mins You win some you loose some It was a ten year old Boeing  The first meal service was lovely the breakfast was poor I didnt eat that The recline on my seat was broke which isnt a deal breaker for me anyway Crew were great I still think they can improve but the convenience is the key with a direct flight,8.0,Positive,Positive,Positive,Positive,Positive,3/3,,1.0
Saskatoon,airport,James Burke,2010-10-30,Small clean airport Close to the city centre If one arrives for a later flight in the evening arrive with a full stomach as nothing is open after  It is an efficient small airport with quick security The TV is still on at full volume in the departure area,3.0,Positive,Positive,Positive,Positive,Positive,3/3,,1.0
Durham/tees Valley,airport,Dave Booth,2006-05-24,I use this little airport for flights between northern England and SE Asia via AMS on KLM I find it a very convenient feeder airport to the AMS hub and the small size of the terminal ensures that arrivals are swift and painless  Im on the road within  mins of hitting the tarmac in most cases Staff are generally friendly and helpful By contrast nearby NCL  which used to be very quick and efficient  is much more hassle with some of the most miserable ground staff in Europe,0.0,Positive,Positive,Positive,Positive,Positive,3/3,,1.0
Aalborg,airport,Paul Van Alsten,2011-05-22,AMSAAL and quite satisfied with this regional airport Only a few flights per day so baggage reclaim understandably very quick Bus line  connects with downtown Aalborg every  minutes weekdays but only hourly during the weekend  travel time is  mins and costs DKK Checkin efficient and hasslefree using selfservice kiosks Free Internet computers are available landside  a nice touch Security staff very friendly Boarding area is rather cramped with limited seating  do not go airside too early,5.0,Positive,Positive,Positive,Positive,Positive,3/3,,1.0
EVA Air,airline,John Wagner,2024-11-08,Excellent service  very good meals and plenty of fresh coffee I have flown EVA several times in the past but this trip was the best and most efficient by far far better than that so called new luxury carrier from Taiwan that I used in  EVAs flight attendants are very professional and interact with passengers with a big smile and speedy service best in the industry,10.0,Positive,Positive,Positive,Positive,Positive,3/3,,1.0
Mann Yadanarpon Airlines,airline,F Keene,2017-02-05,Flew the short  minute flight from Yangon to Thandwe Ngapali Beach in January  One class cabin with economy seats in a  setup Despite the short flight service was excellent with a breakfast snack mainly pastries and teacoffee served as well as lollies on descent Having flown Air China the day before on two flights of    hours Mann Yadanarpon Airlines were in a different league Smooth flight good views though given the still developing infrastructure in the country flights were expensive,9.0,Positive,Positive,Positive,Positive,Positive,3/3,,1.0
Ekaterinburg Koltsovo,airport,Serge Plyshevski,2012-11-21,Used to be very busy in the Soviet times since then reduced the traffic by at least  At the same time the new terminal was built with more adequate waiting spaces It is rather modern and clean Food service is kind of slow Public transportation to the city is not on top and I used parknfly only once,5.0,Positive,Positive,Positive,Positive,Positive,3/3,,1.0
Da Nang,airport,D Huang,2024-02-21,First and only visit to a Nang on a transit back in Oct  No complaints overall  easy navigation not crowded amenities were up to expectations considering it to be only rd largest airport in Vnam Immigration was surprisingly nice asked me for a CS survey which I was delighted to do Staff was also friendly put me on priority queue to my connecting flight international to domestic Fast and efficient everything was done quickly Would love to fly there again as soon as I get the chance,8.0,Positive,Positive,Positive,Positive,Positive,3/3,,1.0
PLAY,airline,Georgios Vrontos,2024-05-22,Boarded by bus on an distant location AN on a very good condition crew was young people friendly and eager to help passengers to place carryons to the bins Legroom was tight I was lucky my next seat was left empty and the flight was barer able We departed on time  min after departure they served coffee no free and  hours within the flight they served lunch from Buy on board Menu Flight was  full and almost all passengers transferring to North American destinations,7.0,Positive,Positive,Positive,Positive,Positive,3/3,,1.0
Israir Airlines,airline,5 reviewsDaniel Cohen,2017-03-26,Eilat to Tel Aviv The plane arrived  minutes late but that was ok The boarding  was quick and nice The cabin crew was good nice and helpful  minutes on the flight and we got some snacks I love Israirs snacks Of course you could get some water with it The landing was pretty shaky,8.0,Positive,Positive,Positive,Positive,Positive,3/3,,1.0
Felix Airways,airline,Numan Mousa,2015-07-30,It was my first time in Yemen and flying Felix Airways The flight was only  min but it was enjoyable The staff were friendly and the plane was in a good shape in addition to a comfortable seat and a nice route,8.0,Positive,Positive,Positive,Positive,Positive,3/3,,1.0
Read more,airline,C Lee,2024-10-11,The seat was spacious but the recline function was lost on my seat Crew were friendly They offered one meal plus one snack for just  hours The onboard announcement was inaccurate that they claimed to be landing soon  hours before the actual landing Surprisingly personal onboard entertainment was offered,7.0,Positive,Positive,Positive,Positive,Positive,3/3,,1.0
Tallin,airport,Mark Evans,2014-07-31,A nicely laidout airy and spacious airport with excellent facilities and courteous staff a proper Estonian showpiece With TLL only  km from the city centre taxi fares are very reasonable Security was efficient and from a UK perspective refreshingly unofficious,9.0,Positive,Positive,Positive,Positive,Positive,3/3,,0.9754285714285715
Southwest Airlines,airline,38 reviewsMahmud Noormohamed,2024-11-02,Uneventful flight with on time departure and arrival Usual Southwest nofrill service Clean aircraft and friendly flight crew In Flight Entertainment was easy to log on and watch live TV NFL football Unusual for this particular aircraft the overhead cabins were not as large as other  aircraft,8.0,Positive,Positive,Positive,Positive,Positive,3/3,,1.0
Weeze,airport,6 reviewsMax Meijer,2023-07-12,It is an efficiently run small low cost carrier hub As long as you consider it as such it is appropriate and convenient I see it more as a kind of bus stop for airplanes to a limited number of countries Parking is great and affordable an in walking distance to the terminal Guess total distance from car door to plane door is appx  metres Services are limited and foodshops overpriced Big airport prices here on this small airfield Boarding procedures check in and security OK Kind staff,7.0,Positive,Positive,Positive,Positive,Positive,3/3,,1.0
Nordica,airline,7 reviewsBarnabas Heincz,2017-12-06,Warsaw to Tallinn Our flight was in codeshare with LOT Polish Airlines Between our arrival and departure there were  minutes gate opens  mins before departure the ground crew worked very well so we could catch our Nordica flight to Tallinn with ease The seats are comfortable the legroom is more than okay Bigger meals and drinks are available on purchase but they serve complementary drinks coffee tea water and snacks chocolate bar The cabin crew was kind and the cabin was clean,7.0,Positive,Positive,Positive,Positive,Positive,3/3,,1.0
Maldivian,airline,R Corden,2018-07-19,Older Dash  but comfortable and good leg room  but very noisy Departed on time  friendly sole flight attendant  juice and water on offer and great views of the Atolls  they were organised  friendly and have pride in their brand and country  cant ask for more than that A bit pricey but no competition I guess,8.0,Positive,Positive,Positive,Positive,Positive,3/3,,1.0
Shanghai Airlines,airline,N Ong,2023-11-26,Overnight flight from KL to Shanghai on their relatively new B plane Was impressed on the cabin cleanliness and seat was pretty comfortable But would preferred to be on a wide body aircraft for a flight time longer than  hrs Cabin crew were polite Food was ok But for the price I paid for it was cheaper than some low cost carrier Would not hesitate to fly with them again,7.0,Positive,Positive,Positive,Positive,Positive,3/3,,1.0
Washington National,airport,52 reviewsMahmud Noormohamed,2023-10-27,This review applies to Terminal  only American Airlines Transited through a rather busy Reagan National There are great views for the airfield from the D concourse terminal building and E concourse The walk from the end of D concourse to the end of E concourse is rather long and with only a  minutes connection I made it to the connecting gate in E concourse with  minutes to spare Overall a good airport and terminal to transit through,8.0,Positive,Positive,Positive,Positive,Positive,3/3,,1.0
Havana,airport,Marc Verburgh,2018-10-27,Dont understand all negative reviews yes you can not compare this airport to a modern European or US one but short lines friendly people despite unfriendly behaving tourists enough seating to wait Smooth entry into the country expect to enter a country that is  years back in time and you will enjoy your trip,9.0,Positive,Positive,Positive,Positive,Positive,3/3,,1.0
Kiev Zhulyany,airport,Linke Klaus-Dieter,2013-06-10,Since Zhulyany Airport had opened the new Terminal I have flown  times from there Everything was nice clean and efficient and friendly service I really can recommend this airport to be used for a visit in Kiev,10.0,Positive,Positive,Positive,Positive,Neutral,3/3,,0.2896363636363636
Stockholm Vasteras,airport,David Jackson,2015-01-21,Superb airport Small Friendly service No queuing went through security in under  minutes Fast free wifi with constant connection and no connectivity issues Burger and chips SEK  cl beer SEK  Decent viewing facility but minimal air traffic to view,10.0,Positive,Positive,Positive,Positive,Neutral,3/3,,0.20925
Orient Thai Airlines,airline,M Sun,2012-11-01,HKGBKK I booked with them because it was the only airline available Check in took  hr in HKG and plane was a  year old B Entertainment was pretty much nothing and seats were the most uncomfortable Ive ever experienced Plane and bathroom were unclean I booked a seat in the upper deck and it was quiet Food was horrible Only good thing was the value because I you pretty much get everything for that cheap price,3.0,Positive,Positive,Positive,Positive,Negative,3/3,,1.0
Bremen,airport,9 reviewsD Andrews,2016-10-29,Bremen Airport Terminal E is a big shed with Ryanair inside No doubt noisy in a hail storm its open and breezy Staff efficient Plenty of natural light skylights in the roof The light rail service line  service from the station is great too Beware it does not take credit cards or bank notes over  Euros  functional,3.0,Positive,Positive,Positive,Positive,Positive,3/3,,1.0
Hancock County-bar Harbor,airport,Paul Whiteley,2013-07-20,Checkingin for a  seat flight without any other flights at the same time was never going to be busy Checkin staff who was also baggage handler flight dispatcher and Im sure other things was very friendly and efficient The small terminal had good restroom facilities car hire drinks and food dispensing machine Surprisingly large number of security personnel for a tiny airport  I counted at least  security staff Nice experience,8.0,Positive,Positive,Positive,Positive,Positive,3/3,,1.0
Eastern Airlines,airline,Ann Allen,2024-02-15,I had a wonderful flight experience with Eastern Airlines Aircraft was clean well maintained and most importantly comfortable and on time The staff was well trained and very friendly  professional We need an alternative passenger airline I think everyone agrees with that Lets think of Eastern Airlines for our travel needs when they begin destination and set route service,10.0,Positive,Positive,Positive,Positive,Positive,3/3,,1.0
Vnukovo,airport,Eric Meyer,2014-02-17,Excellent security Left my laptops by mistake at security and went to my plane I noticed once in the plane While I couldnt deboard the staff and pilot called security and they were found and brought to lost and found A friend picked them up  days later,10.0,Positive,Positive,Positive,Positive,Positive,3/3,,1.0
Guangzhou,airport,Yu-Hsiu Chang,2023-05-20,It is clean modern and spacious There are many restaurants and shops Passengers would not be bored during the waiting time Employees are friendly and helpful Signposts are clear,7.0,Positive,Positive,Positive,Positive,Neutral,3/3,,0.173
Qantas Airways,airline,Peter Drysdale,2024-12-08,Out on QF  on Premium Economy back on QF Business Class Premium economy very good and business class great Cabin crew really good and service superb,9.0,Positive,Positive,Positive,Positive,Positive,3/3,,1.0
Subang Kuala Lumpur,airport,K Li,2017-07-07,This is my second trip using this Airport This is a far superior experience when compared to the main international airport KLIA especially at the immigration Department The staff are friendly and helpful It took us less than  minutes to clear immigration and custom The airport is clean and free wifi is provided I would highly recommend this airport if you are travelling within Malaysia or South East Asia,8.0,Positive,Positive,Positive,Positive,Positive,3/3,,1.0
Tweed New Haven,airport,K Wissler,2023-09-18,Small super convenient airport Its small but efficient Has one food counter with the really good food Better than most airports Have to walk out on tarmac to plane Arrival and exiting are quick and easy Wait about  minutes to  minutes for bag and out the front door in  steps Outside attendant are great The give directions and keep pick up lines organized enough Gets a  for Convenience,10.0,Positive,Positive,Positive,Positive,Positive,3/3,,1.0
Jetairfly,airline,Patrick Asselberghs,2015-12-01,Miami to Brussels On this Boeing  plane Jetairfly has a separate cabin called comfort class and I was able to book seats there for an extra fee Only  seats in this cabin with  FAs doing a great job Seats configuration in xx while regular economy is xx Legroom was very good After take off we were offered Champagne followed by a hot meal together with  wine coffee and digestif Before landing breakfast was served I would recommend this airline if you can get seats in this cabin,9.0,Positive,Positive,Positive,Positive,Positive,3/3,,1.0
Havana,airport,Marc Verburgh,2018-10-27,Dont understand all negative reviews yes you can not compare this airport to a modern European or US one but short lines friendly people despite unfriendly behaving tourists enough seating to wait Smooth entry into the country expect to enter a country that is  years back in time and you will enjoy your trip,9.0,Positive,Positive,Positive,Positive,Positive,3/3,,1.0
AirAsia X,airline,35 reviewsT Morten,2025-02-02,AirAsia keeps getting better its hard to believe they are a budget airline The ground crew was efficient and accommodating the cabin crew was attentive and friendly and the seats were clean and comfy We chose the Thai vegetarian Penang Curry that was yummy Big tip for this flight Tokyo to Bangkok  book a window seat on the right side of the aircraft if you want to get an incredible aerial view of Mount Fuji,8.0,Positive,Positive,Positive,Positive,Positive,3/3,,1.0
Forli (bologna),airport,Dave Slater,2004-12-29,This airport is so small First time I flew into It I came off the Plane and was out into the car park in around  minute  seconds only hand luggage with me This airport is quite a way from Bologna so you need to catch a Taxi to the station in the town for around  Euros Coming back the airport has a couple of nice bars and a cafe The Taxi driver from Forli railway station to the airport was very friendly Forli itself is very s Italian  dont expect any real culture,0.0,Positive,Positive,Positive,Positive,Positive,3/3,,1.0
Iberia Express,airline,P Cermak,2024-11-11,Absolute and stunning perfection in everything Crew are the best wonderful and polite people who are there to make your journey a great part of your day Please treat your crew nicely they are literally one of the best and I fly a lot  times a month,10.0,Positive,Positive,Positive,Positive,Positive,3/3,,1.0
StarFlyer,airline,2 reviewsCamden Fujimoto,2016-01-25,We flew the wonderful StarFlyer aircraft from Kansai to Tokyo Haneda The checkin staff was extremely friendly and quick and their security line had nobody in it The boarding was speedy we timed it and we got on and took off within  minutes We were dissatisfied by the fact that we could not redeem United miles as the airline is partly owned by ANA overall the flight was above and beyond,10.0,Positive,Positive,Positive,Positive,Positive,3/3,,1.0
Mallam Aminu Kano Intl,airport,Montgomery Burns,2008-02-17,Time warp but in a positive sense I guess this is how a small town airport must have looked and felt  years ago Sleepy atmosphere old building completely unorganised staff but friendly and quick We got through immigration baggage collection and customs within  minutes all without any tips Enjoyed the experience Return flight checkin was quick no hassle The best airports are those in which you dont spend any time If it wasnt for the complete lack of any facilities Id give it four stars,0.0,Positive,Positive,Positive,Positive,Positive,3/3,,1.0
Cathay Pacific Airways,airline,123 reviewsMichael Schade,2025-02-17,Check in in Bangkok swift and friendly lounges and boarding in Bangkok and Hong Kong always top notch Service and catering on both flights good What  annoys me with flying economy on CX is their unwillingness to credit any Avios in non CX One World programs I was willing to pay a higher fare to get my points but there isnt any which credits points in Economy That is the reason to make me think twice to fly Cathay again in Y in the future,5.0,Positive,Positive,Positive,Positive,Positive,3/3,,1.0
Victoria Intl,airport,Ed Smith,2011-08-01,Excellent small regional airport spotlessly clean with very friendly staff  slight oddity that the baggage reclaim belts are in the arrivals hall but I was out within th mins of the plane touching down and you cant get much better than that,5.0,Positive,Positive,Positive,Positive,Positive,3/3,,1.0
Ottawa,airport,1 reviewsM James,2017-08-27,Small simple and clean everything you want in an airport Love coming home to this beautiful airport Pros  extremely clean  efficient great signage  short wait times  never any traffic to and from and never any plane traffic Cons  no lounges  not a lot of shopping very limited food choices  things close early  a bit far outside city centre  parking can be pricey,8.0,Positive,Positive,Positive,Positive,Positive,3/3,,1.0
Hunnu Air,airline,25 reviewsP Heizel,2019-08-29,Domestic  h flight from Ulaanbaatar to Dalandzadgad in South Mongolia on Hunnu Air in July Checkin and security clearance at the old ULN Chengis Khan Airport reasonably swift Departure and arrival on time Very pleasantly appointed ATR  in good state of repair Friendly flight attendants Coffee water snacks All announcements in Mongolian and Russian I guess Cabin crew also speaks no English,9.0,Positive,Positive,Positive,Positive,Positive,3/3,,1.0
Damascus,airport,Ralph Loehner,2009-09-14,It is not the most beautiful airport in the world but not the worst I always found it OK  speed to checkin pass passport control is OK Shopping cheap and wide range of products  VIP Lounge comfortable but old fashioned The information system is getting better and friendliness of officials is good,3.0,Positive,Positive,Positive,Positive,Negative,3/3,,1.0
Doncaster Sheffield,airport,R Heath,2019-05-28,This is a great airport us my wife and self We fly from it twice a year We have just returned from Lanzarote We had no problems at all until we arrived back at  hrs  mins late There was a full plane load of passengers and only  Border Control Officers on duty We were stood in a snakelike queue for nearly half an hour in a room that was like a shed I think that Border Control can do a lot better and should be doing so After saying this we are flying from Doncaster again in Sept,9.0,Positive,Positive,Positive,Positive,Positive,3/3,,1.0
LAN Peru,airline,Frank Sherwin,2008-12-15,LAN Peru LIMLAX economy flight filled to capacity FAs friendly and competent  new with the standard LAN seatback VOD Uusually for a Boeing standard size carryon luggage now actually fits in the overhead compartments  noisy as usual but reasonably comfortable flight apart from the  seats which have no footrest and dont recline very much good food and drinks service Booked as part of a flight from SJC to SCL the LAN booking system seems to work better now and was cheaper than booking through AAs system,4.0,Positive,Positive,Positive,Positive,Positive,3/3,,1.0
Aerosur,airline,B Crowley,2007-10-04,La Paz  Sucre in an exMexicana  Ticketing process is manual and very slow  beware and get your tickets before the airport We were handed a little snack bag as we boarded then served drinks on board  a great way to provide good service on a short flight,0.0,Positive,Positive,Positive,Positive,Positive,3/3,,1.0
El Al Israel Airlines,airline,B Korem,2024-07-02,Thank you so much for a wonderful service Nurit and her great teamstaff were professional attentive friendly and very helpful I was traveling with my mom and they made it easier for me and took care of her needs Id like to thank you all for being so nice and giving such a great service Youre awesome Arzo Diana Chen and special thanks to Mara  In addition the food was great,8.0,Positive,Positive,Positive,Positive,Positive,3/3,,1.0
Evelop Airlines,airline,C Broseta,2016-10-15,Madrid to Punta Cana Long queues to check in Only  counters for  people Aircraft clean and well maintained Standard seats with no PTV only overhead screens with English  Spanish movies They offer a free hot meal with two options of main course and a snack  breakfast before landing Flight on time and friendly crew Considering they have packages with child for free and good prices and airplanes are newer than other Spanish charter airlines I would recommend Evelop,6.0,Positive,Positive,Positive,Positive,Positive,3/3,,1.0
Shenzhen Baoan,airport,Andrew Chan,2015-09-01,Modern and clean airport The transit is really strange like you have to get into China and leave China again Came from Beijing to Singapore via Shenzhen Convenient airport lot of shops reasonable price airports many eateries Western Chinese Easy to find your way to the  gate Ground staff do not smile,9.0,Positive,Positive,Positive,Positive,Positive,3/3,,1.0
VLM Airlines,airline,O De Block,2015-08-10,Why do we always want to fly the big airlines VLM has the efficiency of a budget airline the service of a high value airline and the punctuality of a German airline They have friendly staff and after landing you are out of the airport in  minutes Moreover book well in advance and you have a very attractive fare,10.0,Positive,Positive,Positive,Positive,Positive,3/3,,1.0
Myanmar National Airlines,airline,4 reviewsMin Htet,2017-12-08,Yangon to Mandalay Lounge photo and In flight meal photo are added We can access Lounge at Yangon International Airport for all Business Class traveler variety of Breakfast Lounge is located at the rd floor of Yangon International Airport Terminal  for domestic In flight meal is great but simple because it is just a  hour short flight,10.0,Positive,Positive,Positive,Positive,Positive,3/3,,1.0
Pacific Airlines,airline,M Evans,2023-03-28,Return leg of my round trip Again the great thing about this airline is the departure from Bangkoks main airport rather than the budget terminal across town Check in was done smoothly and boarding is by passenger ramp instead of being bussed about the airfield so is very convenient and quick Flight departed on time and was fairly uneventful Flight arrived  minutes ahead of scheduled time The only let down of the journey was deplaning at Ha Noi was by ground service ramp and bus to the terminal,8.0,Positive,Positive,Positive,Positive,Positive,3/3,,1.0
Cambodia Airways,airline,N Keele,2025-03-05,Good flight Turbulence was handled well Landing a bit quick and rough Food service was on the ball neither delicious or gross somewhere Im the middle Stewardesses were polite Bathroom clean Unfortunately no entertainment system or phone charging outlet At the check in at Singapore I could not check in until  hours before the flight and there was no online checkin available due to the agency booking,7.0,Positive,Positive,Positive,Positive,Positive,3/3,,1.0
SmartLynx Airlines,airline,B Roberts,2024-07-27,Booked with TUI and we were informed the flight had been changed to SmartLynx I was initially nervous about this change as I had not heard of them But it was an excellent flight and service Pilot was great communication throughout the flight adding extras  talking about places we were flying over and could spot etc Just put us all at ease more I felt The plane was clean and comfortable and had more room than any previous TUI planes I had been on One of my best flights,10.0,Positive,Positive,Positive,Positive,Positive,3/3,,1.0
Dundee,airport,K Ojha,2010-08-22,Excellent airport having recently done a roundtrip from Dundee to Birmingham It is really convenient for those working in and around Dundee with reliable flights from both Flybe and Cityjet Air France If you need to get away from Dundee Birmingham and London are ideal for onward connections and you dont have the hassle of having to drive to Edinburgh pay for parking and the long check in times Here you can checkin  mins prior to your flight,5.0,Positive,Positive,Positive,Positive,Positive,3/3,,1.0
Yangon Airways,airline,Jeff Nash,2013-05-01,Took the  tourist flights around Myanmar all flights departed and arrived ahead of schedule Planes clean with good leg room friendly and efficient cabin crew On the  longer flights a very pleasant snack was served and the best cup of airline coffee I have had in almost  years of air travel plus a choice of juice on the  small flights,10.0,Positive,Positive,Positive,Positive,Positive,3/3,,1.0
Virgin Australia,airline,178 reviewsJohn Curtain,2025-03-27,Despite a delay of about  minutes  overall it was a good flight Check in was easy the flight attendants were friendly and efficient and the plane was clean and comfortable The only free beverage was water which was no issue on such a short flight,7.0,Positive,Positive,Positive,Positive,Positive,3/3,,1.0
Subang Kuala Lumpur,airport,K Li,2017-07-07,This is my second trip using this Airport This is a far superior experience when compared to the main international airport KLIA especially at the immigration Department The staff are friendly and helpful It took us less than  minutes to clear immigration and custom The airport is clean and free wifi is provided I would highly recommend this airport if you are travelling within Malaysia or South East Asia,8.0,Positive,Positive,Positive,Positive,Positive,3/3,,1.0
BH Air,airline,D Wilson,2011-09-21,DSA to BOJ Balkan Holidays airlines have got better and better prices onboard are expensive and prices are not in seirling Leg room is great and the newer aeroplanes are comfortable for  hours Cabin crew helpful and friendly,8.0,Positive,Positive,Positive,Positive,Positive,3/3,,0.883
Yangon Airways,airline,25 reviewsMark Ellwood,2017-09-26,Bagan to Heho Very short flight again another ATR aircraft as a nervous passenger I was not looking forward to the flight but it was great Seating was  no seat numbers given as only a few passengers on this flight No Inflight snack but coffee or cold drinks were supplied All in all a good flight and would travel again,8.0,Positive,Positive,Positive,Positive,Positive,3/3,,1.0
Columbus,airport,C Barlow,2017-06-27,John Glenn International is a great midsized airport for easy travel The terminal was recently  renovated and is very clean bright and modern There are many dining options now that werent present just a few years ago One of the best things about it is the free WiFi and charging plugs for every seat in the waiting areas Overall this is one of the best airports Ive traveled through,9.0,Positive,Positive,Positive,Positive,Positive,3/3,,1.0
Bergerac,airport,Richard Lindsay,2013-06-24,This airport is small so whilst access is good facilities are very limited Airside there are only  vending machine so if you want anything to eat or drink best use the bar Landside Do not carry tins eg Duck Confit Pate etc that are greater than g in hand luggage  they will be confiscated at security,5.0,Positive,Positive,Positive,Positive,Positive,3/3,,1.0
Cochin,airport,Marco Maguire,2025-01-27,Why do you need a passport to enter the damm airport and you need a boarding pass Fun fact they usualy print your boarding pass in the airport There was no signage to tell me where to drop my bag thats so ridiculous This guy doing security checked around  bag every  minutes and before mine just walks off the job The security is horrible There is no way I will be coming back to kochi airport your better off just taking the train,1.0,Negative,Negative,Negative,Negative,Negative,3/3,,1.0
Maastricht Aachen,airport,G Gossen,2022-06-21,There is no smoking area in the airport and very little waiting room space If your plane gets delayed as it happens to me and you smoke  you are stuck Personnel here not going to help you anyhow they will just be sorry for the inconvenience and smile Also you cant buy any normal food here just some bread with cheese People working here extremely slowly while having just  planes in the day Horrible experience,1.0,Negative,Negative,Negative,Negative,Negative,3/3,,1.0
Dubai,airport,M Maier,2024-12-07,Awful airport  hour trip by bus from the aircraft to the arrival terminal Then another hour to get through passport control Automated passport control did not work in  of all passengers Then queueing again for the manual passport control Worst airport I have ever been,2.0,Negative,Negative,Negative,Negative,Negative,3/3,,1.0
Air Tanzania,airline,Kerapetsi Moyo,2024-12-13,Was utterly disappointed with the luggage delay left Dubai on the  December  Today its the th still havent received my luggage and Im supposed to connect to Zimbabwe the inconveniences are expensive on my end hotel stays and having to shop for clothes,3.0,Negative,Negative,Negative,Negative,Negative,3/3,,1.0
Bamboo Airways,airline,Chiara Iannace,2024-03-28,Avoid Bamboo Airways at all costs They cancelled my flight in August and owe me over  in refunds Despite chasing them weekly for seven months theyve failed to reimburse me Terrible service and total disregard for customers Steer clear,1.0,Negative,Negative,Negative,Negative,Negative,3/3,,0.84
John Wayne,airport,Carolyn M Willis,2018-03-27,I landed with wheels down at  PM I was the fifth person off the aircraft and it took till  to get my bag back That is horrible This airport is way too small to justify that laziness and tardiness in a frequently visited area I am a business traveler from Atlanta and Delta has bags up in  min at one of the busiest airports Get it together and build your quality,4.0,Negative,Negative,Negative,Negative,Negative,3/3,,1.0
East Midlands,airport,Andrew Smalley,2024-09-15,A truly awful dropoff and pick up area Its called a rapid drop off Its slow chaotic and pathetic And they have the cheek to charge  for it Which I wouldnt mind paying if it actually was rapid,1.0,Negative,Negative,Negative,Negative,Negative,3/3,,1.0
Mykonos,airport,I Farrow,2018-10-01,Abrupt and rude staff Departure lounge has  person serving in the cafe She makes the coffee gets the food takes the cash A guy smashed a bottle of wine and she went to mop it up Hence extremely slow service Rubbish place,1.0,Negative,Negative,Negative,Negative,Negative,3/3,,1.0
Salam Air,airline,Abderahim Smari,2024-09-08,My review is about the service provided by SalamAir My flight was delayed by  hours causing me to miss my connecting flight The company promised to reimburse me and claimed that the refund had been processed but I have not received any payment Furthermore they have stopped responding to my emails Overall a disappointing experience,1.0,Negative,Negative,Negative,Negative,Negative,3/3,,1.0
Phoenix Sky Harbor,airport,E Foster,2024-12-06,Encountered  very rude staff Terminal  is confusing and disorganized When asked for directions was spoken to disrespectfully twice The layout so very odd and the signs are confusing things are not where the signs indicate The restroom by Egates was not kept up out of paper towels,5.0,Negative,Negative,Negative,Negative,Negative,3/3,,1.0
Da Nang,airport,Nuno Carrao,2020-01-05,Too expensive  prices almost like Switzerland Cannot waiting in this airport with prices so high One coffee  dollars Customs services so bad and the tax is too much,4.0,Negative,Negative,Negative,Negative,Negative,3/3,,0.25199999999999995
Uganda Airlines,airline,C Blofield,2023-08-26,Pathetic airline not only does flights always get delayed I sat at the airport for  hours the first time but called to board multiple times and then sent back so cant even try to sleep Youre told to wait in the cafeteria for a meal voucher and when is a complete lie because they let you wait for hours and no meal voucher is ever given Pathetic airline,1.0,Negative,Negative,Negative,Negative,Negative,3/3,,1.0
Turkmenistan Airlines,airline,Muhammetali Nurgeldiyev,2020-01-24,I flew flight T  from Ashgabat to Istanbul  The plane is old The food is terrible There were no delays The staff is not bad The flight was not very comfortable The seats are uncomfortable Overall was not very satisfied because the priceperformance ratio is terrible,3.0,Negative,Negative,Negative,Negative,Negative,3/3,,1.0
Venice Treviso,airport,Nicola Delvino,2018-12-17,This was the worst airport ever Not enough seating people sit on the floor everywhere Ridiculously long queues So disorganised All flights are delayed by at least  minutes Definitely too loaded for its capacity,1.0,Negative,Negative,Negative,Negative,Negative,3/3,,0.744
Milan Bergamo,airport,O Mortensøn,2024-07-25,An airport for shopping and not for people Departing July  all planes delayed People everywhere and no seating capacity travellers had to sit or lay on the floor Absurdly there was a man playing a piano in a large room with no seats at all Avoid this place when travelling The total neglect of needs of passengers and especially those of children and elderly travellers is appalling,2.0,Negative,Negative,Negative,Negative,Negative,3/3,,1.0
SmartLynx Airlines,airline,Jeremy Schmith,2023-12-04,Very sad experience on Dec rd  in Berlin Airport They had to leave  people behind in Berlin because in the airplane there were a few seats that were not functioning properly apparently Regardless of our emotions or business duties we had going on in Dubai Of course money is going to be refunded but I still cant understand how badly a flight can be organised that you oversell tickets because of badly maintained seating in economy class Very poor management with high damage to us as passengers,1.0,Negative,Negative,Negative,Negative,Negative,3/3,,1.0
Freebird Airlines,airline,Magda Hayes,2024-08-16,Terrible after  mins we were diverted back to Turkey due to technical issues  hrs on plane  cup of water offered only after complaints made small pathetic cake given once airborne no compensation given as not part of EU Never have I been treated so badly I now know how being held hostage fells Never will I book a holiday that involves this company,1.0,Negative,Negative,Negative,Negative,Negative,3/3,,1.0
Istanbul Sabiha Gökçen,airport,Ahmad Dawood,2025-01-11,From the first minute you will find yourself struggling to breathe crowded rude angry faces distances between toilets and lifts and gates are crazy  Incredibly expensive around  euros for the smallest water bottle  food is very expensive queues everywhere  toilets are dirty it might look better definitely if less busy,2.0,Negative,Negative,Negative,Negative,Negative,3/3,,1.0
Kathmandu,airport,P Renarta,2024-07-21,Dirty Toilet seats also very dirty It is also very smelly I never review any airport ever in my  years of travels Only now because I am unable to use the toilet as it so smelly,1.0,Negative,Negative,Negative,Negative,Negative,3/3,,0.29942857142857143
Tehran Imam Khomeini,airport,Sodeh Hamzehlouyan,2023-09-08,Terrible management in this airport all European flights are during the nights the queues for luggage last at least h  Too few staff members in the middle of the night exhausted travellers Nobody to help I have never seen such a bad management Only the business lounge is great for usual travellers there is no consideration,2.0,Negative,Negative,Negative,Negative,Negative,3/3,,1.0
Small Planet Airlines,airline,Heidi Lee,2018-11-10,Stansted to Ivalo Flew with Small Planet to go and see Father Christmas  delayed by four hours coming back with no information or updates Claimed for food that we had to purchase it is a year ago now  I received an email stating they had received my complaint and would deal asap Have chased them three times now and never get a reply Staff were surly plane was dirty and there was no food available on the flight as they had run out of everything Avoid at all costs,1.0,Negative,Negative,Negative,Negative,Negative,3/3,,1.0
Onur Air,airline,S Malachi,2019-05-01,Beirut to Istanbul Worst company ever Flight was delayed  hours without prior notice and whenever asked why nobody responded Some passengers lost their other connection flights because of this delay,2.0,Negative,Negative,Negative,Negative,Negative,3/3,,0.87
Nouvelair,airline,M Maregere,2023-06-27,My flight was suppose to have departed at  from Gatwick however after checking in the flight information kept changing and finally departed at midnight No information was provided as to why the flight was delayed On board there was no space for my hand luggage and had to have it under my feet throughout the journey No apologies or any explanation was given I arrived in Tunisia early in the morning and missed a night of my holiday They have poor customer care and the stewards are so abrupt,2.0,Negative,Negative,Negative,Negative,Negative,3/3,,1.0
La Guardia,airport,Jane Lilja,2022-10-18,While arriving to La Guardia Terminal B from JFK after an international flight we were too early to check in There is no restaurant to relax in without going through security It was too early to check bags therefore could not go through security but had nowhere to have a drink  food  relax Very few seats Those that were provided were backless benches After a renovation it seems someone should have thought to provide food service for those arriving too early to check in Horrible experience,4.0,Negative,Negative,Negative,Negative,Negative,3/3,,1.0
Mumbai,airport,E Parter,2024-04-17,The staff is probably overworked The sentry  security at the gates are rude At the security area they speak to you rudely asking you to remove your watches put your bags in separate bags etc I think a lesson in speaking politely is needed We understand you deal with an immense load of people but this is hospitality sector,7.0,Negative,Negative,Negative,Negative,Negative,3/3,,1.0
Gdansk,airport,D Diana,2024-07-13,Horrible security staff who went on the power trip Rude unprofessional and very unpleasant person There is no need to act like that Please do better  Other staff members at the check in were fantastic,1.0,Negative,Negative,Negative,Negative,Negative,3/3,,0.252
Ho Chi Minh City,airport,Guang Rong Lee,2024-12-06,My horrendous experience with the airport staff means I would never Vietnam again The airport staff have the worst attitude I have ever seen compared to many other countries My family was travelling including  elderly and  baby We were short on time The airport staff were very rude and unsympathetic they couldnt be bothered if we missed our flight We caught our flight only because other passengers were understanding and allowed us to move ahead of them,1.0,Negative,Negative,Negative,Negative,Negative,3/3,,1.0
Seaborne Airlines,airline,B Keane,2019-04-07,San Juan to Anguilla This is the worst airline I ever flew Lost my baggage for  days and then did not answer any of dozens of calls and emails Fly directly to St Martin and take the ferry over it will save you headaches I am not the only one with bad experiences with this airline check the internet for all the people who have suffered because of them,1.0,Negative,Negative,Negative,Negative,Negative,3/3,,1.0
Super Air Jet,airline,Ben Prasetya,2025-03-28,Have a very bad ticketing management Super Air Jet always pushes the ticket sales beyond its limit and on the day of flight we were being cancelled without prior announcement The schedule was rescheduled three times with total delay time of  hours,1.0,Negative,Negative,Negative,Negative,Negative,3/3,,1.0
Vilnius,airport,G Zemaityte,2023-08-15,The security staff were extremely rude I travel through here often and always had a good experience before They were so blunt with everyone the way they were speaking to us when translated sounded like you will move along  you will open your bag for me No please not thank you  nothing Something has gone very wrong in their recruitment policy or internal affairs  the majority of staff were like this This reminded me how horrible customer service was used to be in Lithuania  years ago,5.0,Negative,Negative,Negative,Negative,Negative,3/3,,1.0
KLM Royal Dutch Airlines,airline,Ian Bolano,2025-02-23,I have flown a few times with KLM and each time the planning and connecting flight with KLM or connecting at Schiphol airport has been a nightmare There was always a delay either boarding or departing from the plane I also used KLM during a connecting flight and my luggage was lost KLM and connecting flight Transavia have been terrible to deal with after the fact whilst trying to get compensation for my lost luggage that still hasnt been received   days after my trip Will never again fly with KLM,3.0,Negative,Negative,Negative,Negative,Negative,3/3,,1.0
ASKY Airlines,airline,Adwoa Konadu,2022-12-13,This is by far the worst experience I have ever had with an airline I made a transit from Lome to Accra Dirty old plane I was afraid to touch anything onboard Got to Accra and all  of my luggages were missing  came two days later and now with over a week of going to the airport everyday to check my last luggage is still missing The company doesnt have anything on their site to report this The airline service desk at the airport was no help at all Still havent heard from them,1.0,Negative,Negative,Negative,Negative,Negative,3/3,,1.0
Stockholm Arlanda,airport,S Baine,2024-07-28,Absolutely awful No signage Contradictory instructions from the staff They took my liquids at a transit security desk We were then taken to terminal  and ended up in an area with no restaurants Chocolate and crisps and fizzy drinks in a vending machine Really appalling service Unacceptable,1.0,Negative,Negative,Negative,Negative,Negative,3/3,,1.0
Paris Orly,airport,Patrick Antonova,2024-09-26,Absolutely terrible experience at Orly in September  Until it improves I would advise people to avoid Upon Arrival the transfer from plane to Terminal and the ability to enter the correct Terminal for the transfer flight was a disaster Delays at every point in the journey Construction seems to have made a mess of airport movements Upon Departure the Security queue is quite simply HORRENDOUS,1.0,Negative,Negative,Negative,Negative,Negative,3/3,,1.0
Onur Air,airline,I Chaneva,2017-08-27,Samara to Antalya I rarely write reviews even if the service is bad but I had to review this airline for the sheer fact it seems they went out of their way to be terrible Firstly we booked a flight to depart at  but without telling us they moved this flight to  the next day  When we arrived for the flight at the new time the flight was delayed until  again without any information I called the airline to check on an update and they said they could see no problem Truly terrible service avoid at all costs,1.0,Negative,Negative,Negative,Negative,Negative,3/3,,1.0
Precision Air,airline,Muhumed Diriye,2024-05-24,I flew with Precision Air twice and I had a very bad experience I flew Nairobi to Dar es salaam they didnt specify there were two stops at Kilimanjaro and Zanzibar I only realised when I boarded There was  Hours layover for my next flight to Moroni Comoros There was no assistance no direction just standing in the arrival of Dar Es Salaam Airport The second from Moroni through Dar Es Salaam was the same Worst Airline I will never ever fly with them again,1.0,Negative,Negative,Negative,Negative,Negative,3/3,,1.0
East Midlands,airport,Andrew Smalley,2024-09-15,A truly awful dropoff and pick up area Its called a rapid drop off Its slow chaotic and pathetic And they have the cheek to charge  for it Which I wouldnt mind paying if it actually was rapid,1.0,Negative,Negative,Negative,Negative,Negative,3/3,,1.0
Air India1437 Reviews,airline,Anjely Rais,2025-03-09,Air India is the worst company ever They cancelled my flight from Paris to Mumbai which caused a  hour delay for my trip Then they changed my return direct flight into a stopover flight I spent hours in Delhi airport had to go through security twice,1.0,Negative,Negative,Negative,Negative,Negative,3/3,,1.0
Onur Air,airline,I Chaneva,2017-08-27,Samara to Antalya I rarely write reviews even if the service is bad but I had to review this airline for the sheer fact it seems they went out of their way to be terrible Firstly we booked a flight to depart at  but without telling us they moved this flight to  the next day  When we arrived for the flight at the new time the flight was delayed until  again without any information I called the airline to check on an update and they said they could see no problem Truly terrible service avoid at all costs,1.0,Negative,Negative,Negative,Negative,Negative,3/3,,1.0
Thai Lion Air,airline,T Miller,2025-02-05,Terrible experience with Lion Air First my flight from Bangkok to Phuket was delayed by an hour causing me to miss my bus To make things worse they broke my luggage and of course there was no accountability On the way back they overcharged me  THB for just  kg of extra luggage on a short onehour flightridiculous and a clear scam To top it off that flight was also delayed by  hour and  minutes This is by far the worst airline Ive ever used Unreliable overpriced and careless Avoid at all costs,1.0,Negative,Negative,Negative,Negative,Negative,3/3,,1.0
Princess Juliana Intl,airport,Suzanne Kenny,2023-12-15,Been coming here since  The airport has grown been destroyed in hurricanes and now  years after the last hurricane it is starting to recover However in the new and improved departure area gates there is only  bathroom  toilets in the womens and  family toilets This is crazy All kinds of fancy new fixtures but the hand dryers dont work Worse the staff is rude and doesnt care They are too busy chatting to each other Despite the repairs the airport is still dreadful,2.0,Negative,Negative,Negative,Negative,Negative,3/3,,1.0
Air Berlin,airline,Onur Selcuk Ciftci,2017-09-19,Berlin to Warsaw This is worst experience I had Staff are really rude They dont have enough information about flight I had three different information last  minutes I have been waiting for my flight over  hours and flight is delayed And Airberlins staff still cant give any information about flight  I dont recommend it at all,1.0,Negative,Negative,Negative,Negative,Negative,3/3,,1.0
Heraklion,airport,Diane Cartwright,2023-09-13,Absolutely disgusting toilets  smelly dirty no locks on the ladies doors Security staff are the rudest most arrogant people I have ever met  euros for a bottle of water total rip off Never again,1.0,Negative,Negative,Negative,Negative,Negative,3/3,,0.75
CemAir,airline,J Janthan,2023-06-24,The worst customer service I have ever experienced My flight was cancelled at  on the th of June  Bloemfontein to Johannesburg I consulted with Cemair staff to rebook the flight but they had no earlier running flights I was in a panic because I had connecting flights to catch Cemair staff was rude and indifferent I still have not received my refund after paying for a flight that did not happen After countless emails which have been ignored I am certain this is the worst airline available Avoid at all costs,1.0,Negative,Negative,Negative,Negative,Negative,3/3,,1.0
Yeti Airlines,airline,1 reviewsD Karmer,2024-11-24,Worst Customer service ever they delay flight without even mentioning proper reason they dont even bother apologies or any customer support And when customer needs to reschedule a flight there is  customer support and airport staff behaving rude as well,1.0,Negative,Negative,Negative,Negative,Negative,3/3,,0.94
Gdansk,airport,John Charles Riblanc,2021-11-27,Again a negative experience at this airport Security is of a low level there is a negligence on the part of the security body The Xray control is shameful to see how a policeman without being well uniformed rumbling in a chair says a lot about himself Pressure to pass the trays with hardly any passengers Workers from the airport without masks in this time with the Coronavirus Rising Up again Today is  First flight of the morning with LOT horrible company too Dont take except if you dont have other choice,3.0,Negative,Negative,Negative,Negative,Negative,3/3,,1.0
TAROM Romanian,airline,Moldovan Dragos,2024-12-18,Baggage drop waiting time was  minutes even with  drop lines and no crowd Only  persons operate there and they were just talking with each other The departure was delayed h with no specific reason  I will never fly with Tarom again,1.0,Negative,Negative,Negative,Negative,Negative,3/3,,1.0
Air Cairo,airline,S Keale,2023-04-29,Worst airline experience Ive ever had Ruined my last day in Egypt Spent a total of  hours in airport due to delays then when arrived in Cairo baggage was also delayed  Aircraft dirty seats uncomfortable I booked a tour and this was the flight they sent me on Never book with this airline It will ruin your holiday,1.0,Negative,Negative,Negative,Negative,Negative,3/3,,1.0
Avior Airlines,airline,Jules van de Ven,2019-01-14,Caracas to Curacao Worst company ever Delay of  hours and therefor we missed the flight to Amsterdam and had to buy a new ticket No announcement was made of the delay No excuses nothing I cannot recommend this airline to anybody,1.0,Negative,Negative,Negative,Negative,Negative,3/3,,1.0
Turkmenistan Airlines43 Reviews,airline,Muhammetali Nurgeldiyev,2020-01-24,I flew flight T  from Ashgabat to Istanbul  The plane is old The food is terrible There were no delays The staff is not bad The flight was not very comfortable The seats are uncomfortable Overall was not very satisfied because the priceperformance ratio is terrible,3.0,Negative,Negative,Negative,Negative,Negative,3/3,,1.0
Clark,airport,Paul Roberts,2015-12-07,Clark Philippines Domestic  The Domestic airport formerly inside the luxurious international terminal is now an awful tin shed at the side of the airport  it only services a handful of flights to Cebu One shop selling coffee and no other food yet Cebu Pacific can be up to  hours late when it comes in delayed from Singapore The toilets are filthy and smell  no cleaners No Flight Information The secret is to sit in the Check in zone outside until the last second before entering,1.0,Negative,Negative,Negative,Negative,Negative,3/3,,1.0
Tame Línea Aérea Del Ecuador,airline,G Dorlan,2018-06-09,Galapagos to Quito The worst airline ever We had to pay  more for the ticket at Galapagos because we were not a Ecuadorian citizen All the international travelers had to pay extra The police were involved but they didnt do anything Customers service is terrible and nobody wants to talk to you in English,1.0,Negative,Negative,Negative,Negative,Negative,3/3,,1.0
Jacksonville,airport,Chris Dickmann,2022-12-30,Lousy baggage claim Actually the worst ever  And its consistently bad An hour for the baggage belt to even turn on is completely unacceptable  pitiful,2.0,Negative,Negative,Negative,Negative,Negative,3/3,,0.5543999999999999
Jin Air,airline,Joyce Cayanan,2020-02-01,Seoul to Manila Clark I am traveling with my disabled husband and the front desk who print our boarding pass was terrible  she gave us a terrible bad service She didnt care about all my request for my husband like wheelchair and seat assignment In short they dont care about those disabled passenger they just gonna do what they want Very poor service,1.0,Negative,Negative,Negative,Negative,Negative,3/3,,1.0
Paris Orly Airport119 Reviews,airport,Patrick Antonova,2024-09-26,Absolutely terrible experience at Orly in September  Until it improves I would advise people to avoid Upon Arrival the transfer from plane to Terminal and the ability to enter the correct Terminal for the transfer flight was a disaster Delays at every point in the journey Construction seems to have made a mess of airport movements Upon Departure the Security queue is quite simply HORRENDOUS,1.0,Negative,Negative,Negative,Negative,Negative,3/3,,1.0
Mexico City,airport,J Wataon,2024-04-03,Ive been through this airport a dozen times and it is a disaster Its hot dirty disorganized and always late They broadcast the departure times on screens that have dozens of advertising so you have to wait you til the carousel finishes advertising to you before you can run to your gate I have never taken a flight here that has arrived or left on time Having traveled to  countries in the world and at least  airports in Mexico this one is the absolute worst,1.0,Negative,Negative,Negative,Negative,Negative,3/3,,1.0
Air Tanzania,airline,Kerapetsi Moyo,2024-12-13,Was utterly disappointed with the luggage delay left Dubai on the  December  Today its the th still havent received my luggage and Im supposed to connect to Zimbabwe the inconveniences are expensive on my end hotel stays and having to shop for clothes,3.0,Negative,Negative,Negative,Negative,Negative,3/3,,1.0
New York JFK,airport,R Monique,2025-01-31,Worst airport ever specifically Terminal  There arent any restaurants unless you eat Dunkin Donuts No bars No Priority Pass lounge Trash on the floor Dirty tabletops Disgusting I have a long layover  there is nothing to eat,1.0,Negative,Negative,Negative,Negative,Negative,3/3,,1.0
Mango Airlines,airline,N Laws,2021-06-01,Worst airline ever We had a  hour delay without any warning Terrible service worst experience ever They offered no compensation and no explanation as to why there is a six hour delay,1.0,Negative,Negative,Negative,Negative,Negative,3/3,,1.0
Biarritz,airport,Nicholas Davenport,2017-04-16,Is Biarritz the worst airport in Europe Customs staff rude and inefficient both on arrival  hour to clear one Ryanair flight and departure One queue for all checkin with earlier flight people told to overtake others in the queue No visible Ryanair personnel at all,1.0,Negative,Negative,Negative,Negative,Negative,3/3,,1.0
Finnair,airline,N Kaulsen,2025-01-23,Worst airline I have ever flown with Such a bad selection of food and drinks Cramped seats Will never fly with them again My flight got delayed almost  hours and they lie and refuse to pay compensation which they are required by European law,1.0,Negative,Negative,Negative,Negative,Negative,3/3,,1.0
Kaohsiung,airport,Jeremy Chan,2012-11-26,Awful airport no facilities at all no stores and the airport is small and old Very dirty and messy horrible ground services My flight delayed was delayed  hours and I didnt want to spend that at this airport,1.0,Negative,Negative,Negative,Negative,Negative,3/3,,1.0
Catania,airport,Suzanne Jones,2024-05-15,Catania Airport on the  May  was chaotic But what really annoyed me were the toilets there were only two toilets by Gate  and both were very dirty and there was no toilet paper Also when washing our hands very little water was dispensed and then the hand dryer didnt work I had enjoyed my stay in Sicily but Catania Airport really lets it down,1.0,Negative,Negative,Negative,Negative,Negative,3/3,,1.0
Air Seychelles,airline,S Lewis,2024-12-15,Absolutely awful across the board Flight took off an hour late because there was some issue with the cargo Service on the flight itself was poor crew treating passengers like a burden all flight long and seats are absurdly narrow Finally upon landing late after  hour of waiting at baggage collection Air Seychelles reveals they offloaded  suitcases before take off they delivered the message with a total dont care attitude Never fly with this airline,1.0,Negative,Negative,Negative,Negative,Negative,3/3,,1.0
Faro,airport,S Haynes,2024-08-19,Terrible arrival experience  minute queue to get through passport control No queue discipline Terrible airport staff Rude and not doing their job Stressful Avoid,1.0,Negative,Negative,Negative,Negative,Negative,3/3,,1.0
Air Europa,airline,P Harlea,2024-12-29,Incompetent and rude checkin agent at Bogotas Air Europa counter She refused to issue my boarding pass despite having all documentation necessary Her inability to recognize my return ticket on Spanish airline World  fly and confusing it repetitively with Brazilian Gol was outrageous After I requested assistance of her supervisor the problem was solved It caused me a lot of stress and I almost missed the flight despite being  hours before departure at the counter No apologies were given,3.0,Negative,Negative,Negative,Negative,Negative,3/3,,1.0
Tunis Carthage,airport,Ilias Galanopoulos,2019-01-05,Terrible staff We were  people waiting for baggage after a flight from Dakar We had been waiting for two hours trying to ask them where is our luggage They were smoking looking annoyed for being disrupted Luggage arrived two hours and half later Would never choose this airport for my flights again Try to avoid it,2.0,Negative,Negative,Negative,Negative,Negative,3/3,,1.0
Cebu Pacific,airline,S Bertallo,2025-01-19,This is the worst airline I have flown on Delayed by hrs The word from staff at the gate we are waiting on the pilot approval at the office at time of departure time later we were waiting on a plane then bus transportation to the plane After being transported to the plane we waited on the bus packed like sardines for  minutes on the tarmac If I can avoid it I will never fly on Cebu Pacific again This airline is totally unorganized,1.0,Negative,Negative,Negative,Negative,Negative,3/3,,1.0
Greater Bay Airlines,airline,S Gan,2023-12-12,Worst flying experience ever My flight got delayed  hours with no explanation They only notified us about the delay when we check in our baggage and told us that we may depart at pm But then at the boarding gate they told us that it will be delayed again I spent my whole day in the airport,1.0,Negative,Negative,Negative,Negative,Negative,3/3,,1.0
Nouvelair,airline,M Maregere,2023-06-27,My flight was suppose to have departed at  from Gatwick however after checking in the flight information kept changing and finally departed at midnight No information was provided as to why the flight was delayed On board there was no space for my hand luggage and had to have it under my feet throughout the journey No apologies or any explanation was given I arrived in Tunisia early in the morning and missed a night of my holiday They have poor customer care and the stewards are so abrupt,2.0,Negative,Negative,Negative,Negative,Negative,3/3,,1.0
Heraklion,airport,M Simmons,2024-08-16,Worst airport ever experienced  lets Greek islands down big time Dirty grotty no AC awful toilets rubbish everywhere sick on the floor at arrival Greek Police  border control on roids wondering around like its a Holiday Camp Puts us off going back to Crete,1.0,Negative,Negative,Negative,Negative,Negative,3/3,,1.0
Sun Country Airlines,airline,L Kinnock,2024-06-13,We were  minutes late for first departure and almost  hours late for the return trip Attendants dont quite cross the line to rude but customer service is non existent Planes feel like they will fall apart mid flight Plane was filthy If at all possible I will never fly this airline again Biggest warningDO NOT BOOK RENTAL WITH THEM They do not include taxes or incidentals from the rental agency I prepaid and our rental was almost TWICE as much once we got to airport Horrible airline AVOID whenever possible,1.0,Negative,Negative,Negative,Negative,Negative,3/3,,1.0
Venice Marco Polo,airport,H Gidwani,2024-01-18,It took  hours  mins to clear immigration For over  passengers there were only  immigration officers This is a joke They want us to come and spend money and give us such a horrible experience from the time we land In this horrible immigration area there was no place to eat or have a coffee or smoke We stood in the line for  minutes Then when we came out our bags were not yet there on the belt and we had to wait another  mins for the bags Furthermore the free wifi never worked,1.0,Negative,Negative,Negative,Negative,Negative,3/3,,1.0
Air Berlin,airline,D Gemmen,2017-10-17,Berlin to Prague Worst experience Ive had for a while They announce  hour delay then no info until we understand that once they have a plane they must wait for a new crew Very bad organisation and communication Definitely avoid if you can lost my time and couldnt make my meetings,1.0,Negative,Negative,Negative,Negative,Negative,3/3,,1.0
Houston Hobby,airport,G Diarto,2021-09-07,Wifi here is awful at least near Gate  Multiple tries and fails occasionally get the splash screen to connect After all of that frequently disconnected Start again,5.0,Negative,Negative,Negative,Negative,Negative,3/3,,0.6749999999999999
flybondi,airline,3 reviewsE Lanerez,2023-10-15,Local low cost airline from Argentina Delayed thrice changed airports  hours before departure All designed to cheat passenger of more money The planes were filthy And worst of all in flight service glasses are made of polystyrene Pay for Aerolneas is worth it,3.0,Negative,Negative,Negative,Negative,Negative,3/3,,1.0
Edelweiss Air,airline,Miruna Buliga,2024-04-13,Worst transatlantic company In Economy the seats are comparable with a low cost company but youre travelling long haul   tiny seats both on width and leg space Poor selection of entertainment on board and my food was disgusting I couldnt touch the breakfast The flight to Puerto Plata from Copenhagen had a layover in Zurich airport Also on the short haul no complimentary tea or coffee  just water in tiny bottles I would not recommend this company to even travel for  h worst ever service and rude staff,1.0,Negative,Negative,Negative,Negative,Negative,3/3,,1.0
FLYONE,airline,Raluca Lucut,2024-07-28,I do not recommend this airline to any traveler we flew from ClujNapoca to Antalya and back and each time we had a  hour delay The condition of the aircraft was extremely poor the staff extremely rude I will never fly with them again for sure,1.0,Negative,Negative,Negative,Negative,Negative,3/3,,1.0
Toulouse,airport,G Simpson,2018-09-17,mins to get through passport control in a non air conditioned hall  truly a bad welcome worse than JFK and thats saying something Departure hall being renovated so one restaurant only selling the worst airport food Ive seen for a long time at stupid prices Departure experience matches arrival  uncaring and not at all customer focused Needs to do better,2.0,Negative,Negative,Negative,Negative,Negative,3/3,,1.0
Istanbul Sabiha Gökçen,airport,Ahmad Dawood,2025-01-11,From the first minute you will find yourself struggling to breathe crowded rude angry faces distances between toilets and lifts and gates are crazy  Incredibly expensive around  euros for the smallest water bottle  food is very expensive queues everywhere  toilets are dirty it might look better definitely if less busy,2.0,Negative,Negative,Negative,Negative,Negative,3/3,,1.0
Liverpool,airport,David Clare,2024-07-28,This is my home airport and I hate it The traffic controls and parking options are an absolute scam Terrible trying to make revenue and dressing it up as safety I always choose to drive to Manchester since Liverpool Airport stole  from me with their lying and manipulation of video evidence Disgrace to the city,1.0,Negative,Negative,Negative,Negative,Negative,3/3,,1.0
Houston IAH,airport,K Micherda,2024-09-01,Worst TSA experience ever  booths and only  open Had  hours to catch my connection and missed it because of horrible organization of this airport Staff kept on saying everyone has a flight to catch  well they were not ones to miss the flight due lack of urgency on their part Cost me  to get a hotel to catch another flight the next morning not even counting my lost time Never again will I fly by that airport,1.0,Negative,Negative,Negative,Negative,Negative,3/3,,1.0
Avianca,airline,Jimmy Egas,2025-04-05,Absolute worst experience in my life First time flying Avianca because of the times of the flights worked well for me but it was the worst mistake Ive ever made Horrible customer service wanted to charge me  for carry on bags Horrible WhatsApp and phone service They are unethical Delays on flights cancellations Added so much stress to my travels I will never ever fly with this terrible company and I will never recommend it to anyone,1.0,Negative,Negative,Negative,Negative,Negative,3/3,,1.0
Avianca Ecuador,airline,P Harter,2025-02-18,Horrible airline with terrible customer service they cant do anything without having you call general customer support I had a  hour delay and I got given a juicebox while I slept in the airport,1.0,Negative,Negative,Negative,Negative,Negative,3/3,,1.0
WOW air,airline,G Hallam,2019-03-27,Detroit to London via Keflavik Absolutely awful  Cancels flights delayed flights atrocious customer service Every single thing about this experience was awful I will never fly WOW air again,1.0,Negative,Negative,Negative,Negative,Negative,3/3,,1.0
Hartford,airport,Catalin Fotache,2018-05-08,Not Verified  Departure ok but Hartford is awful at baggage claim When you come from a late or long flight the last thing you want is to wait half hour an hour or more at the belt Which is what always happened to me How hard can it be to improve this even a little,4.0,Negative,Negative,Negative,Negative,Negative,3/3,,1.0
Kenya Airways,airline,C Herson,2025-01-23,Terrible experience  hrs stuck in Nairobi Getting emails about flight delay due to technical fault but none of the staff in the airport aware No real life support provided Terrible service from this airline Avoid if possible,1.0,Negative,Negative,Negative,Negative,Negative,3/3,,0.7585714285714286
Warsaw Modlin,airport,C Martin,2023-08-05,Worst airport I have ever flown from Its tiny not fit for purpose they had to build a restaurant outside not enough seating area staff especially security are not trained to do their job they cant speak English they are rude and arrogant and will shout at you in Polish  Airport is equipped with outdated security tools it feels like  just after WTC attacks be prepared to take off your shoes belts jewellery take out your laptops phones keys throw away all your drinks and get shouted at in Polish,1.0,Negative,Negative,Negative,Negative,Negative,3/3,,1.0
Dubai,airport,J Hozee,2025-01-27,No air conditioning  its terribly hot Worst airport in my life The heat is unbearable I have never experienced something so bad I do not recommend to do do Dubai just because of this airport,1.0,Negative,Negative,Negative,Negative,Negative,3/3,,0.9749999999999999
US-Bangla Airlines,airline,Mohammed Imran Hussain,2018-01-18,Sylhet to Dhaka Absolutely awful probably the worst airline very rude very unprofessional dont know how they can be so rude towards customers I was at Sylhet  at am and had a domestic flight at pm we had to wait  hours We ended up missing our international flight and they put us in a very nasty hotel,1.0,Negative,Negative,Negative,Negative,Negative,3/3,,1.0
Air Arabia,airline,Amira Hashi,2025-03-05,Terrible service still waiting for delay compensation  months later My flight was delayed by  hours No staff at Gatwick airport to provide information or refreshments Terrible service over the phone upon returning Take weeksmonths for a response and still waiting,1.0,Negative,Negative,Negative,Negative,Negative,3/3,,1.0
Marrakech,airport,Alastair Havers,2024-11-08,Really poorly organised with loads peple doing nothing Queue after queue check after check and people q jumping and nothing done about it Once you are through if you had any time left the shops looked ok but allow up to  hours to get there The tannoy system is so muffled that no one can understand a word of it wifi awful,1.0,Negative,Negative,Negative,Negative,Negative,3/3,,1.0
American Airlines,airline,Carol Shepherd,2025-03-17,Overnight flight was delayed twice for not enough crew and then no crew Still no guarantee it will take off Had to buy blankets  and kids sleeping on the disgustingly dirty floor Trying to get to a family member before they pass How can you stay in business with this poor customer service Your company needs a major overhaul Someone has to be held accountable,1.0,Negative,Negative,Negative,Negative,Negative,3/3,,1.0
Bluebird Airways,airline,E Savin,2025-04-01,Terrible experience with BlueBird Airways At checkin for flight BZ from Rome to Tel Aviv on  I was forced to pay an additional fee for my trolley even though it met all carryon requirements for size and weight and was paid for with my ticket The checkin agent didnt measure my luggage just visually assessed it This was completely unjustified and caused me financial loss and stress I will never fly with BlueBird Airways again and do not recommend this airline to anyone,1.0,Negative,Negative,Negative,Negative,Negative,3/3,,1.0
Luxembourg,airport,M Vernon,2025-01-05,Awful experience Lufthansa informed me that my luggage was at the airport however none of the personnel had the capacity or the patience to locate it especially the lost and found service that they could not complete their job since they were supposed to leave at  Lufthansa informed me that the luggage was as the airport at  despite my pleading and informing them that I had important stuff such as some pills,1.0,Negative,Negative,Negative,Negative,Negative,3/3,,1.0
Batumi,airport,S Kalemchuk,2021-05-08,Terrible service Waiting in line for half hour to screen luggage with very few people in line Then searching the bag for no reason Unpleasant On top of it I had a bottle of wine fell off the shelve in the Duty free shop The bottles are very poorly located and are likely to fall with any move Thee demanded that to pay  euro for the broken bottle Overall bad experience at this airport,1.0,Negative,Negative,Negative,Negative,Negative,3/3,,1.0
Yeti Airlines,airline,S Handush,2021-10-18,First of all thanks to the team for on time flight experience I am deeply disappointed by the behaviour of air hostess I was traveling with my  yr kid who is inquisitive about surroundings so he was standing on the seat to see around in a minute air hostess came to us and with rude pitch uttered very harsh words to my child  sit down on your seat otherwise i will lock you in the bathroom I request the airline to teach their members to behave properly,2.0,Negative,Negative,Negative,Negative,Negative,3/3,,0.9296685714285715
Brussels Zaventem,airport,L Miller,2024-09-02,Utterly terrible worst arrivals security Ive ever had the misfortune of transiting Staff care nothing queues are horrendous Its actually quicker to arrive at Charleroi and walkcrawl to Brussels Should be ashamed of themselves  centre of Europe Centre of ignorance is more appropriate Zero out of ten,1.0,Negative,Negative,Negative,Negative,Negative,3/3,,1.0
Catania,airport,Asher Fernandez,2025-02-27,Catania Airport is possibly the worst airport The toilets are dirty and security takes forever There are only  restrooms in Terminal A in  restroom in Terminal C Barely any restaurants in Terminal A and one cafe in Terminal C Not recommended because there are always no seats and blaring speakers Catania is my home airport and they need to improve on such things,3.0,Negative,Negative,Negative,Negative,Negative,3/3,,1.0
Yeti Airlines,airline,S Handush,2021-10-18,First of all thanks to the team for on time flight experience I am deeply disappointed by the behaviour of air hostess I was traveling with my  yr kid who is inquisitive about surroundings so he was standing on the seat to see around in a minute air hostess came to us and with rude pitch uttered very harsh words to my child  sit down on your seat otherwise i will lock you in the bathroom I request the airline to teach their members to behave properly,2.0,Negative,Negative,Negative,Negative,Negative,3/3,,0.9296685714285715
Biman Bangladesh Airlines,airline,Tahmina Binta Anowar,2024-05-07,Had my worst experience while travelling with Biman Bangladesh First of all my flight got delayed for four hours I was supposed to fly on  but they failed to provide the flight Then provided us the flight at  and that was also late,2.0,Negative,Negative,Negative,Negative,Negative,3/3,,1.0
Biman Bangladesh Airlines,airline,18 reviewsZiauddin Ahmed,2023-04-19,I was traveling from Bangkok to Dhaka I purchased the one way ticket online from Bangladesh one month back prior my journey and received  discount Ground service was good Food was very poor in quality and taste Entertainment was bad,5.0,Negative,Negative,Negative,Negative,Neutral,3/3,,0.07487999999999997
Iran Air,airline,1 reviewsS Halshamsi,2017-12-29,Tehran to Hamburg Iran Air is one of the worst airlines in the world Crew behave badly to passengers and dont respect passengers food was awful delay for flight was eternal in this airline I dont suggest this airline at all After  hours delayed without any food without any apology waiting at transit is not acceptable at all I never fly this airline again,1.0,Negative,Negative,Negative,Negative,Negative,3/3,,1.0
Malaga,airport,Rak Meghoe,2023-08-30,What a nightmare It starts with the fact that they do not try to speak English and if they can do it its very bad Customs certainly dont know what they are doing  all in all very bad,2.0,Negative,Negative,Negative,Negative,Negative,3/3,,0.4817142857142856
Stockholm-skavsta,airport,S Vaughan,2017-09-02,Stockholmskavsta is an absolutely appalling airport At least  to get to Stockholm Staff are rude Takes ages to get through security Dont bother with the airport lounge You are offered a bag of crisps and revolting coffee The whole thing is a nightmare from beginning to end Use one of the other airports,1.0,Negative,Negative,Negative,Negative,Negative,3/3,,1.0
Owen Roberts International,airport,Todd Wermerson,2019-04-05,The airport was recently rebuilt and opened The design is terrible  no place to sit very hot waited in line  minutes for two bottles of water There are no restaurants just a concession stand We will not return to Grand Cayman next year This airport is one of the worst airports I have traveled through Time to go back to Aruba or St Thomas,1.0,Negative,Negative,Negative,Negative,Negative,3/3,,1.0
Kiev Borispol,airport,Shweta Priyadarshani,2019-11-19,Pathetic airport there is no facility for water The only option you have is to buy a bottle which is costly in itself Half a litre for  euros Been to many international airports nowhere found unavailability of free drinking water Ukraine airlines also pathetic and extremely dirty,1.0,Negative,Negative,Negative,Negative,Negative,3/3,,1.0
Titan Airways,airline,David Maynard,2022-08-04,Nice cabin crew poor food offering Arms on seats broken No entertainment screens or radio available Spent nearly  on holiday and felt like we were given the cheapest flight going Also window was in a stupid position couldnt look out of it unless you leaned forward Seat belt buckles full of grime terrible considering the Covid situation,3.0,Negative,Negative,Negative,Negative,Negative,3/3,,1.0
Antalya,airport,Ruben Turner,2024-09-01,So expensive Yes I know that airports are known to be expensive but this was astonishingly expensive  euros for a cab of beer The restaurant we ate at was unpleasantly busy and when we finally got our food when we were about to sit down this random woman and came and took our chairs and then other people had to give their chairs to us which quite frankly is disgusting behaviour The queues are massive and the landing from the flight wasnt the best Its a pretty bad airport,2.0,Negative,Negative,Negative,Negative,Negative,3/3,,1.0
Rome Fiumicino,airport,Gerdi Papa,2024-07-15,Arrived at  from Tirana Flight from Tirana took  minutes approximately Been waiting at passport control for  minutes where out of  control booths only  work Horrible airport who looks like it tries to be completely irritating to travelers,2.0,Negative,Negative,Negative,Negative,Negative,3/3,,0.5256
New York JFK,airport,T Miller,2024-10-04,I was passing through security at JFK terminal  on Saturday Sept th  between pm I have never seen a more incompetent and dysfunctional group of airport staff in charge of security in my whole life The staff was rude lazy and by far the slowest group of people I have ever seen put together Its clear that they all hate their jobs and they want nothing more than to pass their misery to everyone around them It was such a bad experience that I vow to never fly through JFK ever again,1.0,Negative,Negative,Negative,Negative,Negative,3/3,,1.0
Catania,airport,Asher Fernandez,2025-02-27,Catania Airport is possibly the worst airport The toilets are dirty and security takes forever There are only  restrooms in Terminal A in  restroom in Terminal C Barely any restaurants in Terminal A and one cafe in Terminal C Not recommended because there are always no seats and blaring speakers Catania is my home airport and they need to improve on such things,3.0,Negative,Negative,Negative,Negative,Negative,3/3,,1.0
El Al Israel Airlines,airline,Daniel Argo,2024-03-02,Such a bad service Changing flight time and no response from service at all Been waiting now for  days to get a response Just stay away Always some bad experience with them,1.0,Negative,Negative,Negative,Negative,Negative,3/3,,0.5599999999999998
Singapore Airlines,airline,Venkatesh Srinivasan,2025-02-05,Pretty disappointed on this trip on SQ Initially from Seattle the entertainment system was not working for over an hour Wifi on board even after I logged in with my Kris flyer ac could not connect Flight attendant did try to help but she could not figure out nd flight SQ from SIN to BLR delayed over an  hour  minsJust a series of frustrating experiences on SQ this time as I have traveled at least  to  times in last few years Lots of my friends suggested Qatar which probably will be my next choice,2.0,Negative,Negative,Negative,Negative,Negative,3/3,,1.0
Munich,airport,J Tomas,2024-10-01,One of the worst airports Ive been to and Ive travelled quite a bit to third world countries and all over The xray staff had no idea what they were doing were only serving  person at a time took ages Then passport control to leave was a huge queue and they only had a few counters half of them walked off smug and arrogantly leaving a queue of  people to be served by  people Absurd Terrible airport avoid it if you can,1.0,Negative,Negative,Negative,Negative,Negative,3/3,,1.0
Airnorth,airline,Alex MCKinley,2024-01-02,Horrible customer service waited for an hour and they just hang up on me after a  minute conversation without resolving my problem with a refund Call them again after another hour of waiting time and they hang up on me again when they felt too lazy to follow the conversation I hope the worst future for this company and these people,1.0,Negative,Negative,Negative,Negative,Negative,3/3,,1.0
Air Austral,airline,V Meilner,2019-05-18,La Runion to Paris We missed our connection flight because of the delay of the the first flight with Air Austral The worst thing about was the service of the staff at the airport at CDG At first they denied to speak English and booked us for a flight  hours later but other travelers were book on an earlier flight with the same destination Vouchers for food or drinks were also denied although it is EU law It was the impoliteness and ignorance of the staff that made the experience with Air Austral this bad,2.0,Negative,Negative,Negative,Negative,Negative,3/3,,1.0
Dubai World Central,airport,Bogdan Balaban,2017-03-29,Worst airport in over  airports I have been It is incredible we spent over one hour when arriving and almost  hours  hr  to be precise when departing The staff are awful they have no respect even for parents with infants or people with disabilities A young girl in a wheelchair had to wait for over one hour at the checkin counter alone One reason we will never come to Dubai again is this airport,1.0,Negative,Negative,Negative,Negative,Negative,3/3,,1.0
Gibraltar,airport,J Burns,2018-12-23,We landed from Manchester about pm on the  Dec I went to the ladies but wished l hadnt as they were in a very poor state and smelt very bad There are not many flights landing in a day so why they are that bad I dont know The airport management must take the blame as it would not take long to check them and the manager is not over run with work are they A mop and some bleach go a long way,4.0,Negative,Negative,Negative,Negative,Negative,3/3,,1.0
Greater Bay Airlines,airline,S Gan,2023-12-12,Worst flying experience ever My flight got delayed  hours with no explanation They only notified us about the delay when we check in our baggage and told us that we may depart at pm But then at the boarding gate they told us that it will be delayed again I spent my whole day in the airport,1.0,Negative,Negative,Negative,Negative,Negative,3/3,,1.0
Singapore Changi,airport,Gerhard Kutt,2024-11-08,Electronic passport control did not work at T Staff were slow to rectify Phone charge and electrical sockets did not work Christmas music only  bars repeated nov  with bad Jazz chords Very annoying and frustrating all around,3.0,Negative,Negative,Negative,Negative,Negative,3/3,,0.576
Jin Air,airline,Alessandro Giugia,2024-06-25,Really bad experience One hour late  minutes in a bus waiting to enter in the plane never again Avoid this Company the customer Is not important for them,1.0,Negative,Negative,Negative,Negative,Negative,3/3,,0.47999999999999987
Curacao,airport,Francis Verdun,2019-02-08,The security check is very over zealous threw my liquids away because I had no zip lock plastc bag in spite of the fact that I came back witha zip lock plastic bag bought  USD  at Britshop I had thus my medicine put in the trash Is there any frustration from this people No lounge for business travelers because of construction A coupon instead so you can have a beer Very bad experience,1.0,Negative,Negative,Negative,Negative,Negative,3/3,,1.0
MIAT Mongolian Airlines,airline,C Han,2019-08-18,Hong Kong to Ulannbator Overall quality of flight is very bad upon Value to money Firstly business class seat has no entertainment at all Nothing Secondly the seat was almost not able to recline And Front to back space is still tight Thirdly food was just okay if it is economy class but for business class it was actually not good  The toilet was horrible and not clean and toilet seat is always cant hold straight up,1.0,Negative,Negative,Negative,Negative,Negative,3/3,,1.0
Heraklion,airport,M Simmons,2024-08-16,Worst airport ever experienced  lets Greek islands down big time Dirty grotty no AC awful toilets rubbish everywhere sick on the floor at arrival Greek Police  border control on roids wondering around like its a Holiday Camp Puts us off going back to Crete,1.0,Negative,Negative,Negative,Negative,Negative,3/3,,1.0
SpiceJet,airline,H Reddy,2025-03-02,Poor chaotic boarding No crowd control and boarding was like cattle are being herded Inside flight no AC till aircraft was  feet above ground and the aircraft inside was humid and sweaty Poor show Magazine bags were disorganised and dirty seats Inflight service was slow and substandard First time saw trash clearance bag placed over the serving trolley Worst flight experience of the last  years Hire me to head your flight service for a year and Ill set the system right,2.0,Negative,Negative,Negative,Negative,Negative,3/3,,1.0
Khartoum,airport,Ruud Vermalen,2020-01-03,The most filthy and chaotic airport I have ever visited Very much corrupt Toilets are very dirty For women impossible work to visit the toilets Ill never come here again  De meest smerige en chaotisch airport die ik ooit heb aangedaan Zeer veel corruptie aanwezig Toiletten zijn erg smerig Voor vrouwen onbegonnen werk om de toiletten te bezoeken Ik kom hier nooit meer,1.0,Negative,Negative,Negative,Negative,Negative,3/3,,1.0
Firefly,airline,L Lee,2024-11-15,Terrible airline which has done multiple reschedules on the same day itself I have encountered this situation multiple times and no action taken This year been worst as their flights have never been on time and keep pushing out the time every  hours till max  hours we are hanging in the airport with nothing This is truly big impact if you are on business or even vacay which it will definitely spoil your mood on it This is truly the last time I will take this flight we have had enough of delays,3.0,Negative,Negative,Negative,Negative,Negative,3/3,,1.0
Kahului Maui,airport,C Robles,2022-04-10,The worst TSA experience we have ever had All three TSA agents were incredibly rude even to my  year old son They lacked any customer service skills at all I have never seen such a rude security staff,3.0,Negative,Negative,Negative,Negative,Negative,3/3,,0.7799999999999999
Thomson Airways,airline,H Quinn,2017-11-20,Manchester to Hurghada Checkin at Manchester was horrible line was massive Our flight was around  hour delayed and was not informed about the reason although requested The flight had no IFE and therefore was boring Was instructed by cabin crew to fill in a form for when we arrived in Egypt no pen was handed out so had to ask other passengers to borrow one which we thought was not acceptable Would only fly shorter routes with TUI in the future unless we were on a Boeing,7.0,Negative,Negative,Negative,Negative,Negative,3/3,,1.0
Air India,airline,Anjely Rais,2025-03-09,Air India is the worst company ever They cancelled my flight from Paris to Mumbai which caused a  hour delay for my trip Then they changed my return direct flight into a stopover flight I spent hours in Delhi airport had to go through security twice,1.0,Negative,Negative,Negative,Negative,Negative,3/3,,1.0
Onur Air,airline,Eddy Youssef,2019-07-06,Antalya to Beirut the worst ever The plane was supposed to depart  am there was a delay without informing us Delay till  but there was a delay more than  Will never book again with them,1.0,Negative,Negative,Negative,Negative,Negative,3/3,,0.432
Air Seychelles,airline,S Lewis,2024-12-15,Absolutely awful across the board Flight took off an hour late because there was some issue with the cargo Service on the flight itself was poor crew treating passengers like a burden all flight long and seats are absurdly narrow Finally upon landing late after  hour of waiting at baggage collection Air Seychelles reveals they offloaded  suitcases before take off they delivered the message with a total dont care attitude Never fly with this airline,1.0,Negative,Negative,Negative,Negative,Negative,3/3,,1.0
Queenstown,airport,G Marton,2024-01-25,Seriously wanting Facilities airside for international departures are very poor food and beverage is practically nonexistent seating is woeful and there are no charging ports I can forgive the lack of an airbridge in summer at least  I hate to think what its like in winter This isnt helped by Virgin Australia not having any international lounges and the terminal barely large enough to cope maybe a new airport at Taras wouldnt be such a bad idea,3.0,Negative,Negative,Negative,Negative,Negative,3/3,,1.0
Dalaman Airport129 Reviews,airport,Gar Pross,2024-09-07,Worst airport ever Rude staff at passport control and at security Cost of food is extortionate  for basic MacDonalds I paid  for four basic drinks and small snacks I am well travelled and this is by far the worst airport I have ever had the misfortune to depart from It has put me off returning to Turkey I am not surprised that tourism is on the decline,1.0,Negative,Negative,Negative,Negative,Negative,3/3,,1.0
Faro,airport,S Haynes,2024-08-19,Terrible arrival experience  minute queue to get through passport control No queue discipline Terrible airport staff Rude and not doing their job Stressful Avoid,1.0,Negative,Negative,Negative,Negative,Negative,3/3,,1.0
Phuket,airport,S Keare,2025-02-09,Almost every very store in the airport I purchased souvenirs was a very unpleasant experience No one smiles they are talking to you like you are a criminal No explanations no thank you They all stand behind the counter like soldiers with uniform and their heads covered Very unpleasant experience We were group of  friends we simply stop shopping after going through  different stores Bad business I would change the system or management to make the experiance more pleasant and exciting for tourist,2.0,Negative,Negative,Negative,Negative,Negative,3/3,,0.9870909090909084
Sunwing Airlines,airline,Lusy Khach,2024-08-19,Extremely awful slow service hourly waits and no internet These people hold us up about their microphone and then say they resolved it  hours later when they just keep adding  minutes to their issues I cant believe flying with them when I know I couldve been on my vacation already but Im still dealing with their problems,1.0,Negative,Negative,Negative,Negative,Negative,3/3,,1.0
Boutique Air,airline,Geoffrey Wolf,2022-09-10,Cortez to Denver My flight was cancelled  hours ago There was no customer service available at the gate as of  hours later no one answers their phone number or my emails nor returns any of my messages I was unable to rebook my flight take my trip or even speak with anyone And they still have my money This is an awful experience,1.0,Negative,Negative,Negative,Negative,Negative,3/3,,1.0
Belavia,airline,H Marshan,2019-12-05,Gatwick to Minsk I had to change ticket and they charged  euro for per ticket but never gave me back the price difference Its not only that I had sent them  emails but no reply from customer service Very bad reputation  Avoid this airline by any cost,1.0,Negative,Negative,Negative,Negative,Negative,3/3,,1.0
Lynx Air,airline,E Karsanu,2024-02-23,Never again will I use this airline and will not recommend to anyone Rude mannerless staff speak with people with absolutely no respect Charged  for a small carry on box and when I emailed them about it they came up with two different stories that made no sense whatsoever,1.0,Negative,Negative,Negative,Negative,Negative,3/3,,1.0
SmartWings,airline,J Muran,2024-06-23,Absolutely terrible service lowcost for the price of a regular airline old and uncomfortable seats  hour delay took another hour and a half to recieve our baggage in Prague Overpriced bevarages Definetly cannot reccomend,2.0,Negative,Negative,Negative,Negative,Negative,3/3,,0.4775999999999999
Gibraltar,airport,J Burns,2018-12-23,We landed from Manchester about pm on the  Dec I went to the ladies but wished l hadnt as they were in a very poor state and smelt very bad There are not many flights landing in a day so why they are that bad I dont know The airport management must take the blame as it would not take long to check them and the manager is not over run with work are they A mop and some bleach go a long way,4.0,Negative,Negative,Negative,Negative,Negative,3/3,,1.0
Small Planet Airlines,airline,Heidi Lee,2018-11-10,Stansted to Ivalo Flew with Small Planet to go and see Father Christmas  delayed by four hours coming back with no information or updates Claimed for food that we had to purchase it is a year ago now  I received an email stating they had received my complaint and would deal asap Have chased them three times now and never get a reply Staff were surly plane was dirty and there was no food available on the flight as they had run out of everything Avoid at all costs,1.0,Negative,Negative,Negative,Negative,Negative,3/3,,1.0
Phu Quoc,airport,Deborah Stothert,2020-01-23,Travelling there in April was awful It is brand new but loads of problems  Upon arrival it took two hours to get through visa control  Leaving it took two hours to check in  Four coffees in departures US Hardly anything to buy  no tobacco and spirits more than in the UK,2.0,Negative,Negative,Negative,Negative,Negative,3/3,,1.0
Cambodia Angkor Air,airline,M Alserda,2020-02-09,Ho Chi Minh to Siem Reap Horrible The price does not justify what you get This trip of h  min was as expensive as half my fare from Europe to Asia Was asked to pay  USD for a  kilo bag Not even premium airlines charge this amount The leg space also the smallest I have ever seen To get from gate to plane we were crammed in a bus like animals instead of providing  buses Should not be that hard to arrange Fortunately they did depart on time,2.0,Negative,Negative,Negative,Negative,Negative,3/3,,1.0
Shandong Airlines,airline,1 reviewsW Han,2019-12-14,Yantai to Taipei A bad experience and the cabin crew were very ordinary The flight was delayed over  hour Boarding process was chaotic the meal was very poor,4.0,Negative,Negative,Negative,Negative,Negative,3/3,,0.37079999999999996
Alitalia,airline,D Cullus,2021-09-20,Ive never seen such a bad company Rude people No service at all They lost my luggage Well it has been on delivery for the last  days Terrible choice,1.0,Negative,Negative,Negative,Negative,Negative,3/3,,0.8999999999999999
HiSky,airline,Oana Voicu,2024-06-27,Awful crew very bad experience zero customer service never again They treated us very poorly not even with decency to let us use the toilets during the flight They seatbelt sign was on whole h flight and had to fight with the flight assistant to go to the toilet no assistance for luggage to be handled flight delayed  hrs,2.0,Negative,Negative,Negative,Negative,Negative,3/3,,1.0
Finnair,airline,Serene Mathew,2025-01-11,They promise international flights with a slightly less price option Do not fall for that The service is really bad When visiting US for just  days I didnt receive my baggage when I arrived They sent the bag to a totally different state From there the bag never made it to my destination There I was stranded in a foreign land with no luggage Their customer service is so bad They do not even bother to update the status or trace your bag,1.0,Negative,Negative,Negative,Negative,Negative,3/3,,1.0
La Guardia,airport,Jane Lilja,2022-10-18,While arriving to La Guardia Terminal B from JFK after an international flight we were too early to check in There is no restaurant to relax in without going through security It was too early to check bags therefore could not go through security but had nowhere to have a drink  food  relax Very few seats Those that were provided were backless benches After a renovation it seems someone should have thought to provide food service for those arriving too early to check in Horrible experience,4.0,Negative,Negative,Negative,Negative,Negative,3/3,,1.0
Seattle,airport,Anthony Johnson,2024-10-05,Horrible rental service Avis had  person for over  customers Enterprise had no one at the counter  budget was closed Had a reservation and still had to wait an hour in line after my flight F  was delayed mins Horrible trip to the airport,1.0,Negative,Negative,Negative,Negative,Negative,3/3,,1.0
Alitalia,airline,T Ellison,2021-09-24,A terrible experience A disgrace From the wifi not working not as advertised to the lack of service on flight for over  hours we were left without drinks no juices nor any other drink was served except for water that you had to get up and go ask for to the  hostesses at the checkin making sexist comments about my husband being  years older than me They literally gossiped in my face in Italian while checking my documents unaware that I speak Italian too Needless to say this happens only with Alitalia,1.0,Negative,Negative,Negative,Negative,Negative,3/3,,1.0
Ho Chi Minh City,airport,Guang Rong Lee,2024-12-06,My horrendous experience with the airport staff means I would never Vietnam again The airport staff have the worst attitude I have ever seen compared to many other countries My family was travelling including  elderly and  baby We were short on time The airport staff were very rude and unsympathetic they couldnt be bothered if we missed our flight We caught our flight only because other passengers were understanding and allowed us to move ahead of them,1.0,Negative,Negative,Negative,Negative,Negative,3/3,,1.0
Sky Airline,airline,E Malarita,2024-07-13,Terrible in every single sense No water offered in a  hours flight Arrogant people in the checkin in LIMA I offered to pay for a small guitar my son was bringing and they prohibited him to get in the plane with that He ended up losing that Seats are horrible No space for your legs and they charge you for everything,1.0,Negative,Negative,Negative,Negative,Negative,3/3,,1.0
Poznan,airport,A Wilson,2024-07-22,This has to be the worst airport I have flown from And I am travelling around the world on a regular basis Lack of food options the only two extremely expensive Disgusting unclean toilets no cleaning to be seen over flowing bins rubbish spilling onto the floor No air conditioning in an over crowded terminal with  degree heat An awful airport be hard to get any worse Terrible just terrible,1.0,Negative,Negative,Negative,Negative,Negative,3/3,,1.0
Denver,airport,H Oatman,2024-12-21,Layout is horrible and constantly under construction You cannot walk to most gates from the terminal  have to wait and take a train And on top of that checked bags take  minute to travel from airplane to chat claim area Just a horrible place to spend your travel dollars  go anywhere else if you can avoid it,2.0,Negative,Negative,Negative,Negative,Negative,3/3,,1.0
Ho Chi Minh City,airport,David Egglestone,2024-11-24,Terrible arrival process  minutes Departure was  minutes Requirement to take shoes off including flip flops Overwhelmed by passenger numbers but inadequate staff for immigration and security as not all counters open,1.0,Negative,Negative,Negative,Negative,Negative,3/3,,1.0
Clark,airport,Paul Roberts,2015-12-07,Clark Philippines Domestic  The Domestic airport formerly inside the luxurious international terminal is now an awful tin shed at the side of the airport  it only services a handful of flights to Cebu One shop selling coffee and no other food yet Cebu Pacific can be up to  hours late when it comes in delayed from Singapore The toilets are filthy and smell  no cleaners No Flight Information The secret is to sit in the Check in zone outside until the last second before entering,1.0,Negative,Negative,Negative,Negative,Negative,3/3,,1.0
AnadoluJet,airline,M Yunis,2024-07-21,I have booked the seats for me and my daughter and the staff changed the seats which made me  and my daughter  When I asked the staff to keep our seats she said its system and when I asked at least put my daughter next to me she said its not my job The surprise that the seat next to me in  was empty Really rude and disrespectful staff,1.0,Negative,Negative,Negative,Negative,Negative,3/3,,0.8971199999999999
Coimbatore,airport,2 reviewsHJJarim,2018-04-22,The airport international departure section was very bad The waiting area is very dirty The security check will begin only  hour before departure and you will have to wait outside until that time The money exchange there is a loot They charged us  inr for one usd which is almost  rs more,4.0,Negative,Negative,Negative,Negative,Negative,3/3,,1.0
Aruba Reina Beatrix,airport,Helen Mondeo,2025-01-14,Lines are backed up at this airport with only  luggage scanners working We stood in a hardly not moving line for  hrs and almost missed our flight The staff seems to work hard but doesnt explain anything as to what is causing the backed up lines Not looking forward to travelling to Aruba because of the horrible departure,1.0,Negative,Negative,Negative,Negative,Negative,3/3,,1.0
Riga,airport,Manfred Marunge,2024-06-17,The worst airport I have ever seen No overview where to find I found myself in a labyrinth of parfum shops I was looking for a Restaurant run up and down There are no  acceptable signs only fast food or bad convenience shops No quiet place where I can make my work and make a phone call with a customer There is rock music everywhere No noise reducing walls etc Security check absolutely overdone,1.0,Negative,Negative,Negative,Negative,Negative,3/3,,1.0
Cambodia Angkor Air,airline,M Alserda,2020-02-09,Ho Chi Minh to Siem Reap Horrible The price does not justify what you get This trip of h  min was as expensive as half my fare from Europe to Asia Was asked to pay  USD for a  kilo bag Not even premium airlines charge this amount The leg space also the smallest I have ever seen To get from gate to plane we were crammed in a bus like animals instead of providing  buses Should not be that hard to arrange Fortunately they did depart on time,2.0,Negative,Negative,Negative,Negative,Negative,3/3,,1.0
Cancun,airport,Sebastien de Dianous,2023-01-05,Worst airport in the world Bad signage bad logistics circle road system Traffic outside the airport is crazy took us over  hours to get to the main highway But theres worse a local mafia is running the TAXI business outside the airport They charge you  just to take you to the hotel area of the airport which is barely  min away More expensive than Paris or London A complete ripoff,1.0,Negative,Negative,Negative,Negative,Negative,3/3,,1.0
Avianca,airline,Jimmy Egas,2025-04-05,Absolute worst experience in my life First time flying Avianca because of the times of the flights worked well for me but it was the worst mistake Ive ever made Horrible customer service wanted to charge me  for carry on bags Horrible WhatsApp and phone service They are unethical Delays on flights cancellations Added so much stress to my travels I will never ever fly with this terrible company and I will never recommend it to anyone,1.0,Negative,Negative,Negative,Negative,Negative,3/3,,1.0
Passaredo,airline,Andre Moreira,2023-12-07,Terrible airline Flew roundtrip CGHIZACGH and on my first flight NOV Z  LA we had a delay of over  hour because one of the crew members did not show up to work In the meantime we had to wait inside the aircraft with AC off and not even a glass of water was offered On the return flight NOV flight Z  LA was on time but AC wasnt working properly seats had broken armchairs broken tray and ac fully of dust Nasty and dirty aircraft Dont fly PassaredoVOEPASS,1.0,Negative,Negative,Negative,Negative,Negative,3/3,,1.0
Los Angeles LAX,airport,S Morris,2024-06-17,To be a premium passenger at Tom Bradley Terminal is deplorable for  The line for a k ticket in business class is always horrible They need a separate line so passengers can enter and start spending money You lose so much revenue people standing in a line and not buying food or drinks Or retail Some things just never change and keep LAX in the bottom of airports on the world,1.0,Negative,Negative,Negative,Negative,Negative,3/3,,1.0
Rome Ciampino,airport,Valentina Contofan,2019-11-24,It was terrible We arrived at the airport at midnight and the airport was closed It was very cold and rainy we were wet from the rain and sat in the cold stairs with many others for hours until  am when they open the doors It was crowded and all of us didnt expect that the airport was closed especially in a big city like Rome,1.0,Negative,Negative,Negative,Negative,Negative,3/3,,1.0
Ontario,airport,Jeannie A Gephart,2021-05-25,This is the rudest airport I have ever been to Nothing but issues Issues with going through security with a  yr old and all they did was yell and did not seem to understand or even help I will never fly to or from this airport again and I will be letting family and friends know how the experience was Also the place is very dirty and disgusting,1.0,Negative,Negative,Negative,Negative,Negative,3/3,,1.0
VietJet Air,airline,W Brissie,2025-03-11,hours delayed Truly horrible food No in seat power No airbridge used  hour in passport control No online checkin when flying out of HCM so check in takes hours Book at your own peril,1.0,Negative,Negative,Negative,Negative,Negative,3/3,,0.396
Basel Mulhouse,airport,Leeann Olivier,2023-10-02,Absolutely shocking experience Ive travelled for over  years and this is the worst experience Ive had Unbelievable in a country like Switzerland I went through  passport controls It was like a rabbit warren Flight delayed by  hours and zero communication up until  minutes before flight We were given  euro food vouchers but only one cafe which had no food Never again Embarrassing,1.0,Negative,Negative,Negative,Negative,Negative,3/3,,1.0
Super Air Jet,airline,Patrick Hityahubessy,2024-10-09,We had a flight from Bali to Jakarta IU  Plane had technical difficulties We are waiting already  hours No information or drinks anything I never had such a bad service,2.0,Negative,Negative,Negative,Negative,Negative,3/3,,0.2799999999999999
Hyderabad,airport,1 reviewsN Rajashekhar,2024-07-07,Travelling from Bangalore to Nashik via Hyderabad Worst airport experience at Hyderabad Airport  For domestic transfers they have single line security check queue was very very long Domestic transfers passengers were under pressure of catching next flight but no one were assisting them Security staff CISF people are very rude Gates are extremely scattered,2.0,Negative,Negative,Negative,Negative,Negative,3/3,,1.0
Ravn Alaska,airline,Diana Hutt,2015-11-20,I have flown out of Homer  times this year to Anchorage and Ravn Alaska was never on time One time it was so late we missed our connectung flight This is our only choice in Homer If you take that flight make your connecting flights a few hours out and expect a delay Then you wont be dissapointed,5.0,Negative,Negative,Negative,Negative,Negative,3/3,,1.0
Ernest Airlines,airline,S Ward,2019-08-17,Venice to Tirana Avoid like the plague Absolutely horrible service at check in Arrived  hours early and had to dash to security because of lack of signage and terribly slow service at check in lines Baggage policy is very strictkg limit and  euros for every kg over Agents were outwardly hostile,1.0,Negative,Negative,Negative,Negative,Negative,3/3,,1.0
Seattle,airport,Anthony Johnson,2024-10-05,Horrible rental service Avis had  person for over  customers Enterprise had no one at the counter  budget was closed Had a reservation and still had to wait an hour in line after my flight F  was delayed mins Horrible trip to the airport,1.0,Negative,Negative,Negative,Negative,Negative,3/3,,1.0
El Al Israel Airlines,airline,Daniel Argo,2024-03-02,Such a bad service Changing flight time and no response from service at all Been waiting now for  days to get a response Just stay away Always some bad experience with them,1.0,Negative,Negative,Negative,Negative,Negative,3/3,,0.5599999999999998
Spirit Airlines,airline,P Sudeep,2025-04-01,Worst airline experience Flight delayed by  hours No refund no out of pocket expenses and the staff was extremely rude in responding to any requests One day prior to this I had same experience with spirit when flight was delayed by  hours Never flying these guys again,3.0,Negative,Negative,Negative,Negative,Negative,3/3,,1.0
Princess Juliana Intl,airport,Suzanne Kenny,2023-12-15,Been coming here since  The airport has grown been destroyed in hurricanes and now  years after the last hurricane it is starting to recover However in the new and improved departure area gates there is only  bathroom  toilets in the womens and  family toilets This is crazy All kinds of fancy new fixtures but the hand dryers dont work Worse the staff is rude and doesnt care They are too busy chatting to each other Despite the repairs the airport is still dreadful,2.0,Negative,Negative,Negative,Negative,Negative,3/3,,1.0
Skytrans Airlines,airline,Jennifer Stockdale,2024-02-01,Our flights were delayed and delayed and then finally cancelled They expressed we would get a refund and  months later still no refund I called  months ago and the woman on the other line expressed that it had been approved and has now gone to the accounts team for action  months later and not a peep Im infuriated Another airline needs to take up this small route gap because the one that does are horrible and unreliable,1.0,Negative,Negative,Negative,Negative,Negative,3/3,,1.0
Bourgas,airport,P Spencer,2019-06-30,Terrible every step of the way Arrivals was a complete shambles with no queues marked out and a free for all at the gates Departure was equally bad with over an hour queue getting through security etc  the airport is completely overwhelmed by numbers and cannot organise a thing,1.0,Negative,Negative,Negative,Negative,Negative,3/3,,1.0
SmartLynx Airlines,airline,Jeremy Schmith,2023-12-04,Very sad experience on Dec rd  in Berlin Airport They had to leave  people behind in Berlin because in the airplane there were a few seats that were not functioning properly apparently Regardless of our emotions or business duties we had going on in Dubai Of course money is going to be refunded but I still cant understand how badly a flight can be organised that you oversell tickets because of badly maintained seating in economy class Very poor management with high damage to us as passengers,1.0,Negative,Negative,Negative,Negative,Negative,3/3,,1.0
Dalaman,airport,Gar Pross,2024-09-07,Worst airport ever Rude staff at passport control and at security Cost of food is extortionate  for basic MacDonalds I paid  for four basic drinks and small snacks I am well travelled and this is by far the worst airport I have ever had the misfortune to depart from It has put me off returning to Turkey I am not surprised that tourism is on the decline,1.0,Negative,Negative,Negative,Negative,Negative,3/3,,1.0
Lyon,airport,Bob Penn,2023-04-16,After some bad experiences whilst the new terminal was built I thought I would give it another go I will not be making that mistake again Arrived  hours before flight home on  Got to gate hours later  thankfully plane had been delayed or we and pretty well everyone else due to travel would have missed it Inadequately staffed and managed and thoroughly unpleasant end to our holiday Oh and WiFi not working,1.0,Negative,Negative,Negative,Negative,Negative,3/3,,1.0
Munich,airport,J Tomas,2024-10-01,One of the worst airports Ive been to and Ive travelled quite a bit to third world countries and all over The xray staff had no idea what they were doing were only serving  person at a time took ages Then passport control to leave was a huge queue and they only had a few counters half of them walked off smug and arrogantly leaving a queue of  people to be served by  people Absurd Terrible airport avoid it if you can,1.0,Negative,Negative,Negative,Negative,Negative,3/3,,1.0
Omni Air International,airline,M Garner,2021-08-06,I am military so I am constantly flying and I have got to say this is the worst airline I have ever flown without question The seats were incredibly uncomfortable the staff was very rude We were delayed  hours because our radars stopped working midair and we had to turn around and come back As soon as there is an issue instead of resolving it they delay a whole day so the crew can get their per diem money Food wasnt bad though,2.0,Negative,Negative,Negative,Negative,Negative,3/3,,1.0
Frankfurt Hahn,airport,Isabella Ferrari,2024-09-14,Worst airport I have ever been to The location is terrible h mins from Frankfurt reason why I think it shouldnt be called Frankfurt airport The facilities are few some are closed The staff is unqualified they are blinded by the rules they are the slowest security checks I have ever experienced There were like  flights tonight almost everyone of them was delayed mine included and lot of people missed their flight I am  that I wont come back,1.0,Negative,Negative,Negative,Negative,Negative,3/3,,1.0
Air India,airline,Anjely Rais,2025-03-09,Air India is the worst company ever They cancelled my flight from Paris to Mumbai which caused a  hour delay for my trip Then they changed my return direct flight into a stopover flight I spent hours in Delhi airport had to go through security twice,1.0,Negative,Negative,Negative,Negative,Negative,3/3,,1.0
AnadoluJet,airline,M Yunis,2024-07-21,I have booked the seats for me and my daughter and the staff changed the seats which made me  and my daughter  When I asked the staff to keep our seats she said its system and when I asked at least put my daughter next to me she said its not my job The surprise that the seat next to me in  was empty Really rude and disrespectful staff,1.0,Negative,Negative,Negative,Negative,Negative,3/3,,0.8971199999999999
VietJet Air,airline,B Bard,2025-04-02,Awful service Delayed for  hours and no information offered Left standing at the gate with no details or staff to advise what was happening Such poor service And this is not the first time I have never had a smooth experience with this awful airline Every time I have booked with them there has been an issue,2.0,Negative,Negative,Negative,Negative,Negative,3/3,,1.0
Precision Air,airline,Henrik Rausch,2023-11-06,I have been travelling with Precision Air a dozens of times on the route Dar Es Salaam  Mtwara About  of the flights are either cancelled or heavily delayed  hours easily Unfortuntely there is no alternativ carrier on this route In case of cancelled flights or if you miss your connection flight be prepared to fight about  months with them to get at least your paid money refunded It is a nightmare airline the worst in Tanzania,1.0,Negative,Negative,Negative,Negative,Negative,3/3,,1.0
Lynx Air,airline,Pieternella Toering,2024-02-19,Have flown Lynx at least  times in the last  years and Im done Never again Apart from the endless delays spent one time  hours waiting for my flight to leave without any compensation whatsoever the fact that you now get charged for a backpack is ridiculous It is no longer a low cost airline if you start adding every thing up plus the ridiculous flying times Going back to the traditional airlines Certainly a lot less hassle,1.0,Negative,Negative,Negative,Negative,Negative,3/3,,1.0
Brussels Zaventem,airport,W Cooper,2024-06-28,Line to passport control was an hour and  minutes Very poor line control People were jumping the queue constantly Horrible experience Ill fly into CDG from now on,1.0,Negative,Negative,Negative,Negative,Negative,3/3,,0.786
Brussels Zaventem,airport,W Cooper,2024-06-28,Line to passport control was an hour and  minutes Very poor line control People were jumping the queue constantly Horrible experience Ill fly into CDG from now on,1.0,Negative,Negative,Negative,Negative,Negative,3/3,,0.786
Belavia,airline,H Marshan,2019-12-05,Gatwick to Minsk I had to change ticket and they charged  euro for per ticket but never gave me back the price difference Its not only that I had sent them  emails but no reply from customer service Very bad reputation  Avoid this airline by any cost,1.0,Negative,Negative,Negative,Negative,Negative,3/3,,1.0
VietJet Air,airline,W Brissie,2025-03-11,hours delayed Truly horrible food No in seat power No airbridge used  hour in passport control No online checkin when flying out of HCM so check in takes hours Book at your own peril,1.0,Negative,Negative,Negative,Negative,Negative,3/3,,0.396
Bangkok Airways,airline,H Steikel,2024-04-05,Bangkok Airways was delayed over  hour on flight PG Due to the delay I missed my ferry Bangkok Airways refuses any compensation,1.0,Negative,Negative,Negative,Negative,Neutral,3/3,,0.09
Houston IAH,airport,K Micherda,2024-09-01,Worst TSA experience ever  booths and only  open Had  hours to catch my connection and missed it because of horrible organization of this airport Staff kept on saying everyone has a flight to catch  well they were not ones to miss the flight due lack of urgency on their part Cost me  to get a hotel to catch another flight the next morning not even counting my lost time Never again will I fly by that airport,1.0,Negative,Negative,Negative,Negative,Negative,3/3,,1.0
Naples,airport,S Parton,2024-08-26,Worst airport too few seats for so much people and just a few toilets Totally crowded All flights are delayed mine to Vienna they are still postponing now more than  hours and  minutes,1.0,Negative,Negative,Negative,Negative,Negative,3/3,,0.5599999999999999
Karachi,airport,Naheed Auranzeb,2024-02-21,Very bad experience I thought Islamabad had a bad service but this one is the worst I reached  hour before my flight time at the check in counter very rude attendees I had a connecting flight Karachi  Doha Doha to Italy they didnt want to issue my nd boarding pass  I fought but with no results I had to board my plane at  and we managed just few minutes before the closing of the doors Bad service  bad infrastructure bad organization worst management,1.0,Negative,Negative,Negative,Negative,Negative,3/3,,1.0
Dubai World Central,airport,Bogdan Balaban,2017-03-29,Worst airport in over  airports I have been It is incredible we spent over one hour when arriving and almost  hours  hr  to be precise when departing The staff are awful they have no respect even for parents with infants or people with disabilities A young girl in a wheelchair had to wait for over one hour at the checkin counter alone One reason we will never come to Dubai again is this airport,1.0,Negative,Negative,Negative,Negative,Negative,3/3,,1.0
Dublin,airport,Ilham Mouharam,2024-09-15,Terrible treatment for wheel chair assistance passenger I was locked in the lift for  minutes with no air circulation and no customer support with me All passengers boarded the flight before me Although wheel chair assisted passengers always board first to allow enough time but no at this airport  We had to bang on the walls to get the attention of customer service When we finally boarded there was no space for our bags,1.0,Negative,Negative,Negative,Negative,Negative,3/3,,1.0
Biman Bangladesh Airlines,airline,Tahmina Binta Anowar,2024-05-07,Had my worst experience while travelling with Biman Bangladesh First of all my flight got delayed for four hours I was supposed to fly on  but they failed to provide the flight Then provided us the flight at  and that was also late,2.0,Negative,Negative,Negative,Negative,Negative,3/3,,1.0
Air Busan,airline,Secil Eda Gumus Ilgun,2024-06-11,They took us in to the plane at  pm After closing the doors they announced that there is problem we have to wait  hour After  hour they said there will be additional  hours There is no food in the plane they expect us to sit here for long times and starve We came here for travel I understand that it is not the airplanes fault but we lost our whole day and now starving in the plane I had never have such bad experience with plane How hard to get some snacks from the head office or somewhere else,1.0,Negative,Negative,Negative,Negative,Negative,3/3,,1.0
Stockholm Arlanda,airport,Nicole Grichting,2025-03-29,Very rude security employees at terminal  Never have I ever been treated the way I was by the lady She was unprofessional rude and just horrible,1.0,Negative,Negative,Negative,Negative,Negative,3/3,,1.0
Brussels Charleroi,airport,Buse Tuncer,2024-06-13,Access to the airport was very difficult on Wednesday June   due to asphalt work Signage or diversion to the airport via alternative roads was very poorly indicated I think this is a very bad thing for such an international airport,1.0,Negative,Negative,Negative,Negative,Negative,3/3,,0.4409999999999999
Nouvelair,airline,Hamdi Chahdi,2023-05-01,I had a terrible experience with Nouvelair on the flight BJ  I booked a flight for AM  on the  I received an email they reschedule the flight to be  PM without given any options After the flight a  hours  minutes delay so instead of arriving at am I arrived at pm Better to avoid this company whatever the cost,1.0,Negative,Negative,Negative,Negative,Negative,3/3,,1.0
Brussels Charleroi,airport,Marleen Hansen,2024-07-21,Poor accommodation few seats only  toilets for all those guests We got coupons because the flight was delayed but they didnt work either,4.0,Negative,Negative,Negative,Negative,Negative,3/3,,0.24000000000000005
Sal,airport,Michael Hew,2023-02-26,Almost a shambles Wait an hour a half for boarding pass  to check in luggage a further hour through customs  flights going out only two desks open then a further  minutes in passport control So badly managed and very badly understaffed,2.0,Negative,Negative,Negative,Negative,Negative,3/3,,1.0
Adria Airways,airline,D Bole,2019-09-06,Ljubljana to Zrich Firstly Ljubljana airport is terrible Badly trained staff unfriendly Toilets are very dirty Flight  hours delayed without any information There is no Information desk so questions arent possible Never again will use this airline Its even worse than the budget airlines and thats difficult,1.0,Negative,Negative,Negative,Negative,Negative,3/3,,1.0
Comair,airline,Mohammed Hakan,2019-07-22,Upon recent travel from Durban to Johannesburg on Sunday th July  it is  disappointing to find that we were welcomed aboard by rude flight attendants,1.0,Negative,Negative,Negative,Negative,Negative,3/3,,0.36
Brindisi,airport,Alan Smith,2023-04-07,Hundreds of passengers all having to sit on the floor as little seating absolute juke terrible airport One high restaurant with around  people in it,1.0,Negative,Negative,Negative,Negative,Negative,3/3,,0.66825
Westchester County,airport,P Larton,2025-03-25,The worst airport in America Even the basics are impossible Flights delayed only to be cancelled  rebooked on a flight with no chance of getting your bags Incompetency from this airport and its staff,1.0,Negative,Negative,Negative,Negative,Negative,3/3,,0.6519999999999998
Salt Lake City,airport,E Leigh,2024-10-12,Bring your sneakers because you will be walking forever to get anywhere in this airport Horrible experience both arrival and departure I couldnt find gate B for JetBlue walked so far I almost missed my flight Horrible design No signage or help to get to the right gate No employees to help answer questions  I will avoid this airport at all costs  a mile to get from TSA to my gate Insanity,1.0,Negative,Negative,Negative,Negative,Negative,3/3,,1.0
Brussels Charleroi,airport,John Gibb,2024-08-20,There were  planes delayed at the same gate with very little seating for the  plane loads of customers No info provided  no updates Very poor customer service all round,1.0,Negative,Negative,Negative,Negative,Negative,3/3,,0.289125
Salt Lake City,airport,E Leigh,2024-10-12,Bring your sneakers because you will be walking forever to get anywhere in this airport Horrible experience both arrival and departure I couldnt find gate B for JetBlue walked so far I almost missed my flight Horrible design No signage or help to get to the right gate No employees to help answer questions  I will avoid this airport at all costs  a mile to get from TSA to my gate Insanity,1.0,Negative,Negative,Negative,Negative,Negative,3/3,,1.0
Kathmandu,airport,P Renarta,2024-07-21,Dirty Toilet seats also very dirty It is also very smelly I never review any airport ever in my  years of travels Only now because I am unable to use the toilet as it so smelly,1.0,Negative,Negative,Negative,Negative,Negative,3/3,,0.29942857142857143
Hamburg,airport,David Cormier,2023-06-13,We had the most horrible experience at Hamburg airport Little to no signage regarding where to check in Kiosks for check in did not work and referred us to agent At Lufthansa that means one agent with long lines We were then sent to machine baggage check in  half not working One agent to assist for  seconds then leaves It took  minutes to submit  bags Then the  minute line for security Just awful,1.0,Negative,Negative,Negative,Negative,Negative,3/3,,1.0
Sun Country Airlines,airline,L Kinnock,2024-06-13,We were  minutes late for first departure and almost  hours late for the return trip Attendants dont quite cross the line to rude but customer service is non existent Planes feel like they will fall apart mid flight Plane was filthy If at all possible I will never fly this airline again Biggest warningDO NOT BOOK RENTAL WITH THEM They do not include taxes or incidentals from the rental agency I prepaid and our rental was almost TWICE as much once we got to airport Horrible airline AVOID whenever possible,1.0,Negative,Negative,Negative,Negative,Negative,3/3,,1.0
Jacksonville,airport,Chris Dickmann,2022-12-30,Lousy baggage claim Actually the worst ever  And its consistently bad An hour for the baggage belt to even turn on is completely unacceptable  pitiful,2.0,Negative,Negative,Negative,Negative,Negative,3/3,,0.5543999999999999
Casablanca,airport,Camille Morgan,2024-02-24,The worst airport I have been to Dirty outdated poor signage lack of staff and lack of amenities Waited  hours for baggage claim Unloaded on the tarmac and crowded on to a dirty over crowded bus Once outside swarmed by peddlers who were quite persistent A very unpleasant experience after a very long flight If I never go there again it will be too soon Travelers beware,1.0,Negative,Negative,Negative,Negative,Negative,3/3,,1.0
Avianca,airline,Judy Deonarine,2025-02-12,Very dissatisfied They are expensive and treat passenger like animal We flew  hours with nothing to eat or drink Air hostesses are very rude Travel with passenger with mobility problems and they do not care We have to lift my mom off the aircraft onto a bus and everyone from the crew looking as they do not care,2.0,Negative,Negative,Negative,Negative,Negative,3/3,,1.0
Bluebird Airways,airline,E Savin,2025-04-01,Terrible experience with BlueBird Airways At checkin for flight BZ from Rome to Tel Aviv on  I was forced to pay an additional fee for my trolley even though it met all carryon requirements for size and weight and was paid for with my ticket The checkin agent didnt measure my luggage just visually assessed it This was completely unjustified and caused me financial loss and stress I will never fly with BlueBird Airways again and do not recommend this airline to anyone,1.0,Negative,Negative,Negative,Negative,Negative,3/3,,1.0
Comair,airline,Mohammed Hakan,2019-07-22,Upon recent travel from Durban to Johannesburg on Sunday th July  it is  disappointing to find that we were welcomed aboard by rude flight attendants,1.0,Negative,Negative,Negative,Negative,Negative,3/3,,0.36
Toulouse,airport,G Simpson,2018-09-17,mins to get through passport control in a non air conditioned hall  truly a bad welcome worse than JFK and thats saying something Departure hall being renovated so one restaurant only selling the worst airport food Ive seen for a long time at stupid prices Departure experience matches arrival  uncaring and not at all customer focused Needs to do better,2.0,Negative,Negative,Negative,Negative,Negative,3/3,,1.0
Paris Orly,airport,Patrick Antonova,2024-09-26,Absolutely terrible experience at Orly in September  Until it improves I would advise people to avoid Upon Arrival the transfer from plane to Terminal and the ability to enter the correct Terminal for the transfer flight was a disaster Delays at every point in the journey Construction seems to have made a mess of airport movements Upon Departure the Security queue is quite simply HORRENDOUS,1.0,Negative,Negative,Negative,Negative,Negative,3/3,,1.0
Read more,airport,Patrick Antonova,2024-09-26,Absolutely terrible experience at Orly in September  Until it improves I would advise people to avoid Upon Arrival the transfer from plane to Terminal and the ability to enter the correct Terminal for the transfer flight was a disaster Delays at every point in the journey Construction seems to have made a mess of airport movements Upon Departure the Security queue is quite simply HORRENDOUS,1.0,Negative,Negative,Negative,Negative,Negative,3/3,,1.0
Air Dolomiti,airline,Josiane Zakhia Douaihy,2023-06-17,The worst experience ever Flight FlorenceFrankfurt was canceled half an hour before departure We were already on the gate Had to go back and wait  hours at the airport until the airline rerouted the flight They decided to fly us from Verona We waited hours for the bus then they book us a cheap ugly dirty hotel where they put us in the rooms a bag with disgusting sandwiches They didnt arrange for our transfer from hotel to airport next day We had to pay for the taxi Never again with this airline,1.0,Negative,Negative,Negative,Negative,Negative,3/3,,1.0
Buenos Aires,airport,T Lane,2024-02-06,Absolutely terrible Standing inline for almost  hours and could miss our flight If the cruise lines stop using BA as a point to start your holiday Argentina will lose a massive contribution to their economy,1.0,Negative,Negative,Negative,Negative,Negative,3/3,,1.0
Air Tanzania,airline,Olivia Dhas,2024-12-19,Terrible trip Flight from Lusaka was delayed over an hour so we were rushed onto the connecting flight to Mumbai All our baggage remained in Dar es Salaam for some days finally reached Mumbai and another  days delay for their airline staff to get them cleared by customs and couriered We were told it will reach us after another  days  week after the flight and no compensation or response to emails,1.0,Negative,Negative,Negative,Negative,Negative,3/3,,1.0
Avianca Ecuador,airline,P Harter,2025-02-18,Horrible airline with terrible customer service they cant do anything without having you call general customer support I had a  hour delay and I got given a juicebox while I slept in the airport,1.0,Negative,Negative,Negative,Negative,Negative,3/3,,1.0
Amritsar,airport,Karan Bedi,2017-11-09,Very bad welcome due to lack of organised system in particular long queues at immigration when you have infants No special privileges and consideration for families with infants  bad experiences in a row Rude staff Very poor structural organisation Wont be travelling again to or from this airport Its a nightmare and a digrace to holy city of Punjab,1.0,Negative,Negative,Negative,Negative,Negative,3/3,,1.0
Ural Airlines,airline,Wei Chen,2019-12-12,Moscow to Bishkek Avoid this airline Our flight was delayed and moved from one airport to another No explanation or compensation for transportation The staff attitude was absolutely terrible The flight we took was postponed three times and finally took off after  hours of waiting And while we were waiting we saw on the panel that every flight from Ural was delayed for at least  hours and every delayed flight was from Ural Please avoid,1.0,Negative,Negative,Negative,Negative,Negative,3/3,,1.0
SunExpress,airline,Solmaz Nouri,2024-09-03,I had flight from Manchester to Antalya both side is delayed and also both is damaged baggage I applied in airport for damaged baggage but they didnt accept it after  months I recive an email just this sorry we are unable to pay you also you need apply in airport,2.0,Negative,Negative,Negative,Negative,Negative,3/3,,1.0
Beijing Capital,airport,Ivan Stacy,2024-10-06,The airport seems to get worse every time I use it  long queues at check in immigration and delays at baggage reclaim Check in at T is particularly slow because for some reason they insist on having large numbers of passengers reopen their checked baggage at the counter Flightside food and drink options are awful and almost nonexistent in T  most of the floor space seems to have been given over to luxury handbags and perfumes,3.0,Negative,Negative,Negative,Negative,Negative,3/3,,1.0
Avior Airlines,airline,Jules van de Ven,2019-01-14,Caracas to Curacao Worst company ever Delay of  hours and therefor we missed the flight to Amsterdam and had to buy a new ticket No announcement was made of the delay No excuses nothing I cannot recommend this airline to anybody,1.0,Negative,Negative,Negative,Negative,Negative,3/3,,1.0
Air Tanzania,airline,Olivia Dhas,2024-12-19,Terrible trip Flight from Lusaka was delayed over an hour so we were rushed onto the connecting flight to Mumbai All our baggage remained in Dar es Salaam for some days finally reached Mumbai and another  days delay for their airline staff to get them cleared by customs and couriered We were told it will reach us after another  days  week after the flight and no compensation or response to emails,1.0,Negative,Negative,Negative,Negative,Negative,3/3,,1.0
Bristol,airport,Roger Howard Cornfoot,2024-09-19,Ryanair flight delayed for over  hours No announcements or explanations over tannoy No enquiry desk or staff Eventually found someone who directed me to an unsigned phone enquiry point operated by Swissport  phonesone out of order Took  attempts and  minutes for them to pick up and reply Pathetic response had to suggest contacting Ryanair staff for explanation Insufficient seating for passengers at departure gate,2.0,Negative,Negative,Negative,Negative,Negative,3/3,,1.0
Air India1437 Reviews,airline,Anjely Rais,2025-03-09,Air India is the worst company ever They cancelled my flight from Paris to Mumbai which caused a  hour delay for my trip Then they changed my return direct flight into a stopover flight I spent hours in Delhi airport had to go through security twice,1.0,Negative,Negative,Negative,Negative,Negative,3/3,,1.0
Warsaw Modlin,airport,C Martin,2023-08-05,Worst airport I have ever flown from Its tiny not fit for purpose they had to build a restaurant outside not enough seating area staff especially security are not trained to do their job they cant speak English they are rude and arrogant and will shout at you in Polish  Airport is equipped with outdated security tools it feels like  just after WTC attacks be prepared to take off your shoes belts jewellery take out your laptops phones keys throw away all your drinks and get shouted at in Polish,1.0,Negative,Negative,Negative,Negative,Negative,3/3,,1.0
Salzburg,airport,C Larendes,2023-01-21,I purchased a fast track for security as it makes the journey easier I bought one at the airport as stated online no problem however was then told there was no fast track in terminal  Also no staff to help out Very bad experience and will be avoiding this airport in the future,1.0,Negative,Negative,Negative,Negative,Negative,3/3,,1.0
Regent Airways,airline,M Hallana,2019-12-14,Terrible experience with Regent Air I booked a round trip ticket from Singapore to Dhaka The departing flight was delayed for  hours without any prior notice The return flight was canceled without minimal effort to make an alternative arrangement The staff are rude and abusive in attitude No sign of apology in their faces despite creating so much inconvenience,1.0,Negative,Negative,Negative,Negative,Negative,3/3,,1.0
Kuwait,airport,Aslam Ansar,2024-02-12,They are rude they dont care about other country people When I get my emigration seal on my boarding pass she just throw away my boarding pass after seal it That lady shout at me without any reason Is how you are treating the people who visit your country  Kuwait is my worst experience ever,1.0,Negative,Negative,Negative,Negative,Negative,3/3,,1.0
Xiamen,airport,Luke Hunt,2018-08-20,Horrible airport with no options Rude uncaring and pushy staff No padded seating Random bag searches aimed to make you buy a new ticket  NO wifi,1.0,Negative,Negative,Negative,Negative,Negative,3/3,,0.919090909090909
Precision Air,airline,Muhumed Diriye,2024-05-24,I flew with Precision Air twice and I had a very bad experience I flew Nairobi to Dar es salaam they didnt specify there were two stops at Kilimanjaro and Zanzibar I only realised when I boarded There was  Hours layover for my next flight to Moroni Comoros There was no assistance no direction just standing in the arrival of Dar Es Salaam Airport The second from Moroni through Dar Es Salaam was the same Worst Airline I will never ever fly with them again,1.0,Negative,Negative,Negative,Negative,Negative,3/3,,1.0
Rome Ciampino,airport,P Lee,2019-07-08,This airport has much potential but its so badly managed that it totally destroyed the customer experience The queues to board the plane were horribly long with no attendants to manage The busses were slow and actually ferried passengers for a later flight prior to ours which was  minutes to boarding There were no seats for everyone The staff were rude and unfriendly Overall one of the worst airports I have seen Very surprising for an European country,1.0,Negative,Negative,Negative,Negative,Negative,3/3,,1.0
Nouvelair,airline,Hamdi Chahdi,2023-05-01,I had a terrible experience with Nouvelair on the flight BJ  I booked a flight for AM  on the  I received an email they reschedule the flight to be  PM without given any options After the flight a  hours  minutes delay so instead of arriving at am I arrived at pm Better to avoid this company whatever the cost,1.0,Negative,Negative,Negative,Negative,Negative,3/3,,1.0
Central Mountain Air,airline,M Robinson,2024-01-31,Brutal airline Will never fly again or recommend them Over  day delay on my flight down to Vancouver with  trips to airport because they failed to contact me No compensation of courseI mean why would they Now on flight home same thing No warning no heads up nothing Again now sitting around Airport for hours and this is not a weather thing either Again no compensation I WILL NEVER GET ON ANOTHER CMA FLIGHT AGAIN Paid a premium for service without getting the service Hope this airline gets shutdown,2.0,Negative,Negative,Negative,Negative,Negative,3/3,,1.0
SmartWings,airline,J Muran,2024-06-23,Absolutely terrible service lowcost for the price of a regular airline old and uncomfortable seats  hour delay took another hour and a half to recieve our baggage in Prague Overpriced bevarages Definetly cannot reccomend,2.0,Negative,Negative,Negative,Negative,Negative,3/3,,0.4775999999999999
Nepal Airlines,airline,Rojina Giri,2023-09-30,Its my first time using Nepal Airlines from Dubai to Kathmandu and this is the worst experience ever for me because of flight delays Its already been  hrs but still they didnt give us any specific reason why the flight got delayed or cancelled and when we asked one of the employee from Nepal airlines he said no idea,1.0,Negative,Negative,Negative,Negative,Negative,3/3,,1.0
Tivat,airport,S Hayle,2024-08-17,Its fine to arrive at this airport but departing from it is horrendous We arrived  hours early for our flight and only just made the flight due to horrible crowds no staff or organisation absolutely no visible system in place The airport had far too many flights than it can actually cope with so its a dreadful experience Try to avoid by flying from a different airport,1.0,Negative,Negative,Negative,Negative,Negative,3/3,,1.0
Virgin America,airline,Darby Childress,2018-03-23,San Francisco to Nashville Horrible customer service Booked this flight months ago and upgraded to exit row at extra fee  hours before flight my seats were given away My party was disbursed throughout plane Rude attendants I have extreme anxiety and other health issues and those were not considered,1.0,Negative,Negative,Negative,Negative,Negative,3/3,,1.0
Lynx Air,airline,Pieternella Toering,2024-02-19,Have flown Lynx at least  times in the last  years and Im done Never again Apart from the endless delays spent one time  hours waiting for my flight to leave without any compensation whatsoever the fact that you now get charged for a backpack is ridiculous It is no longer a low cost airline if you start adding every thing up plus the ridiculous flying times Going back to the traditional airlines Certainly a lot less hassle,1.0,Negative,Negative,Negative,Negative,Negative,3/3,,1.0
Hyderabad,airport,Savita John,2023-10-30,Airport isnt organized well  Staff at the airport asks for money Ladies washroom and buggy operator  Mumbai Street Food pav bhaji is terrible in taste  Airport cleaning staff are not efficient enough table  Vending machines sell water for  rupees shops sell for   Zoodles shopkeeper didnt know where the water dispensing machine was Not did he wish to help us figure it out  Customer service  proactive spirit  pride for Hyderabad is totally missing at the airport,3.0,Negative,Negative,Negative,Negative,Negative,3/3,,1.0
Denver,airport,Patricia Lyles,2023-09-14,The concourse shuttles were terrible I arrived at concourse A and every stop to baggage was  minutes Then luggage did not arrive until over an   hours later My flight with Southwest Airlines was very good But I have never had such a bad experience at Denver airport as I did this time,2.0,Negative,Negative,Negative,Negative,Negative,3/3,,1.0
Dallas Love Field,airport,Harry Adams,2024-09-28,Im adding to all of the other reviews on the horrible ride share  taxi pickup location A poorly signed disorganized  minute brisk walk without luggage from luggage pickup to the pickup spot Horrible airport experience and I wont come back Southwest just lost my Dallas travel to United at DFW,1.0,Negative,Negative,Negative,Negative,Negative,3/3,,1.0
TUS Airways,airline,Ashira Darwish,2023-08-04,The duration of thr flight is  minutes the flight has been delayed for  hours and we have been at the airport since the delay was not reported to us by the airline not an email has been sent I have been trying to contact customer service via email WhatsApp and messenger and no one has responded There are no staff at the service desk they just keep delaying without any notice We want to cancel the flight instead of spending  hours waiting for a one hour flight but no one is responding Horrible service,1.0,Negative,Negative,Negative,Negative,Negative,3/3,,1.0
Milan Bergamo,airport,O Mortensøn,2024-07-25,An airport for shopping and not for people Departing July  all planes delayed People everywhere and no seating capacity travellers had to sit or lay on the floor Absurdly there was a man playing a piano in a large room with no seats at all Avoid this place when travelling The total neglect of needs of passengers and especially those of children and elderly travellers is appalling,2.0,Negative,Negative,Negative,Negative,Negative,3/3,,1.0
Omaha,airport,Joe Critser,2021-02-16,Absolutely terrible customer service again with Delta Could not locate my flight and made my employee late for his flight today twice in one day once at Omaha and once at Minneapolis Both employees were there  hours before flight time and still didnt make their flight because of the incompetent employees at the Delta check in Flights were rebooked at no charge because Delta was at fault but I am not reimbursed for the time lost at the job site for these two employees Will not be using Delta again,1.0,Negative,Negative,Negative,Negative,Negative,3/3,,1.0
Tivat,airport,S Hayle,2024-08-17,Its fine to arrive at this airport but departing from it is horrendous We arrived  hours early for our flight and only just made the flight due to horrible crowds no staff or organisation absolutely no visible system in place The airport had far too many flights than it can actually cope with so its a dreadful experience Try to avoid by flying from a different airport,1.0,Negative,Negative,Negative,Negative,Negative,3/3,,1.0
London City,airport,M Salvi,2023-05-24,Waiting for my flight  minutes before departure The plane clearly isnt even in the gate the LED screen still shows it on time and boarding Not one message over the public address system Terrible communication,1.0,Negative,Negative,Negative,Negative,Negative,3/3,,0.4679999999999999
Kuwait,airport,Tanveer Ahmad Bhat,2023-01-07,Worst airport The bad airport service  they are dropping too far from gate and the facility There was very bad toilets seating stairs everything worst They have the moving stairs but they are closed you have to walk up by stairs all over,1.0,Negative,Negative,Negative,Negative,Negative,3/3,,1.0
Batumi,airport,S Kalemchuk,2021-05-08,Terrible service Waiting in line for half hour to screen luggage with very few people in line Then searching the bag for no reason Unpleasant On top of it I had a bottle of wine fell off the shelve in the Duty free shop The bottles are very poorly located and are likely to fall with any move Thee demanded that to pay  euro for the broken bottle Overall bad experience at this airport,1.0,Negative,Negative,Negative,Negative,Negative,3/3,,1.0
SA Express,airline,K Mokwena,2019-03-11,Bloemfontein to Johannesburg The service i got at Bloemfontein airport was horrible Im not happy at all I arrive at the airport at  and they told me i cant check in for a flight that departs at  Every time their flight gets delayed i dont complain but when i arrive at  i was told to book another flight,2.0,Negative,Negative,Negative,Negative,Negative,3/3,,1.0
Silver Airways,airline,1 reviewsD Markham,2024-05-20,The flight from Tampa to Pensacola was so delayed we couldnt wait It was more than  and a half hours late They would delay it an hour at a time so you had to stay at the gate They said it was a mechanical issue and had no word about anything Another flight from the same place made it there faster than we did They did not give a voucher refund or anything Horrible communication and terrible planning,1.0,Negative,Negative,Negative,Negative,Negative,3/3,,1.0
Frankfurt Hahn,airport,E O'Connor,2024-05-11,One of the worst airports Ive been to in ages  So bad felt compelled to review  queues were endless not enough staff no wifi not enough places to sit had to walk miles to the plane And its over an hour from Frankfurt Do not fly here,2.0,Negative,Negative,Negative,Negative,Negative,3/3,,1.0
Hanoi,airport,P Hoang,2024-02-22,Frequent user of the services at Noi Bai airport here its one of the worst designed and managed airports in SE Asia No signage to get you from domestic to international Airport bus to the city takes roughly  mins to depart Food at gates are expensive and taste bad Restrooms hard to find Immigration customs occasionally ask you for tips upon arrival Avoid if you can,3.0,Negative,Negative,Negative,Negative,Negative,3/3,,1.0
Billund,airport,Clément Marquis,2023-06-14,Worst location ever The airport is far from any city as if it was a lowcost like Beauvais or Charleroi  minutes to reach Aahrus with your car or  minutes with a bus  minutes to reach Esbjerg with you car or  minutes with a bus The airport is often dirty,2.0,Negative,Negative,Negative,Negative,Negative,3/3,,1.0
Davao,airport,V Guzman,2024-05-08,The worst airport I have been in  this is the th time I visited Davao in  and the city has been great BUT THE AIRPORT IS THE WORST EVER Not enough seats in terminals dirty and unorganized Airconditioning are not working flights are ALWAYS delayed and I dont think its the airlines fault but how the airport and air traffic is managed Avoid using this airport both for domestic and international travel if you can,3.0,Negative,Negative,Negative,Negative,Negative,3/3,,1.0
Dallas Love Field,airport,Harry Adams,2024-09-28,Im adding to all of the other reviews on the horrible ride share  taxi pickup location A poorly signed disorganized  minute brisk walk without luggage from luggage pickup to the pickup spot Horrible airport experience and I wont come back Southwest just lost my Dallas travel to United at DFW,1.0,Negative,Negative,Negative,Negative,Negative,3/3,,1.0
Valencia,airport,Milena Mazzoli,2023-03-28,Beware of the awful Ryanair hostesses The airport is small but fine The real hustle are the Ryanair hostesses at the gate Truly horrible experience Make sure you stuff your pockets with any excess item they will charge you almost  euros for a tiny purse without giving you the time to reorganize your backpack Even threatening that you will miss your flight if you dont pay Terrible,2.0,Negative,Negative,Negative,Negative,Negative,3/3,,1.0
Wideroe,airline,M Hayes,2024-12-14,The airline cancelled our am flight  hours before takeoff we had already arrived at the airport The flight was still leaving at  the airline decided to downgrade the size of the plane They offered  euros voucher for a  hour wait until the next flight was leaving The customer service was terrible avoid flying with this airline wherever you can,1.0,Negative,Negative,Negative,Negative,Negative,3/3,,1.0
Air Panama,airline,G Vanatech,2019-04-18,Panama City to David This airline is terrible They made my lbs Yorkie go in the luggage area They wanted me to buy one of their containers At security they took my tweeter and very small scissors Mind you I traveled with my pet in cabin and these  items from USA to Costa Rica and Costa Rica to Panama but in a domestic flight from Albrook to David it wasnt allowed,1.0,Negative,Negative,Negative,Negative,Negative,3/3,,1.0
Virgin America,airline,Darby Childress,2018-03-23,San Francisco to Nashville Horrible customer service Booked this flight months ago and upgraded to exit row at extra fee  hours before flight my seats were given away My party was disbursed throughout plane Rude attendants I have extreme anxiety and other health issues and those were not considered,1.0,Negative,Negative,Negative,Negative,Negative,3/3,,1.0
Westchester County,airport,P Larton,2025-03-25,The worst airport in America Even the basics are impossible Flights delayed only to be cancelled  rebooked on a flight with no chance of getting your bags Incompetency from this airport and its staff,1.0,Negative,Negative,Negative,Negative,Negative,3/3,,0.6519999999999998
CemAir,airline,J Janthan,2023-06-24,The worst customer service I have ever experienced My flight was cancelled at  on the th of June  Bloemfontein to Johannesburg I consulted with Cemair staff to rebook the flight but they had no earlier running flights I was in a panic because I had connecting flights to catch Cemair staff was rude and indifferent I still have not received my refund after paying for a flight that did not happen After countless emails which have been ignored I am certain this is the worst airline available Avoid at all costs,1.0,Negative,Negative,Negative,Negative,Negative,3/3,,1.0
Fiji Airways,airline,E Schayle,2024-10-09,What a horrible first impression of a country Apparently Fiji Airways doesnt count a backpack as a personal item like every other airline on the face of the Earth so be prepared to shell out  USD for the privilege of bring it on board Their service is nothing special and definitely doesnt make up for that outrageous charge Will definitely never be flying them again They just felt money hungry Lots of other tropical islands you can visit and not get ripped off,2.0,Negative,Negative,Negative,Negative,Negative,3/3,,1.0
Washington Dulles,airport,K Steen,2023-06-27,Worst airport WiFi Has been the same since   no improvements No cell coverage so WiFi is the only option  and its horrible Plan on no connectivity and if you get it  its a bonus Bring a hard cover or paperback book or a pillow and you will be happy Plan on answering email or making a call  you will be sadly disappointed If I could give a negative  rating I would This is the st century WiFi is cheap  use the surcharges to fund an upgrade Your customers employees and vendors will be thrilled,1.0,Negative,Negative,Negative,Negative,Negative,3/3,,1.0
Singapore Changi,airport,Gerhard Kutt,2024-11-08,Electronic passport control did not work at T Staff were slow to rectify Phone charge and electrical sockets did not work Christmas music only  bars repeated nov  with bad Jazz chords Very annoying and frustrating all around,3.0,Negative,Negative,Negative,Negative,Negative,3/3,,0.576
Stockholm Arlanda,airport,S Baine,2024-07-28,Absolutely awful No signage Contradictory instructions from the staff They took my liquids at a transit security desk We were then taken to terminal  and ended up in an area with no restaurants Chocolate and crisps and fizzy drinks in a vending machine Really appalling service Unacceptable,1.0,Negative,Negative,Negative,Negative,Negative,3/3,,1.0
euroAtlantic Airways,airline,Tanmay Trivedi,2021-08-31,Flying from Male to Toronto Flight was  hours late from Male Very bad inflight services We have been served food only once since last  hours No snack tea or coffee Lights were turned off throughout No infotainment on the plan Not even charging ports,1.0,Negative,Negative,Negative,Negative,Negative,3/3,,1.0
Yeti Airlines,airline,S Handush,2021-10-18,First of all thanks to the team for on time flight experience I am deeply disappointed by the behaviour of air hostess I was traveling with my  yr kid who is inquisitive about surroundings so he was standing on the seat to see around in a minute air hostess came to us and with rude pitch uttered very harsh words to my child  sit down on your seat otherwise i will lock you in the bathroom I request the airline to teach their members to behave properly,2.0,Negative,Negative,Negative,Negative,Negative,3/3,,0.9296685714285715
Davao,airport,V Guzman,2024-05-08,The worst airport I have been in  this is the th time I visited Davao in  and the city has been great BUT THE AIRPORT IS THE WORST EVER Not enough seats in terminals dirty and unorganized Airconditioning are not working flights are ALWAYS delayed and I dont think its the airlines fault but how the airport and air traffic is managed Avoid using this airport both for domestic and international travel if you can,3.0,Negative,Negative,Negative,Negative,Negative,3/3,,1.0
Bratislava,airport,T Calidis,2022-05-27,Avoid this airport The police in this airport is the rudest I have ever encountered  Please dont call it an international airport The Slovak police is dangerous,1.0,Negative,Negative,Negative,Negative,Negative,3/3,,0.36
ASKY Airlines,airline,N Garner,2022-11-02,Check in with rude staff Boarding chaotic On board the food served was utterly inedible  stale bread Inadequate drink selection Dirty aircraft despite it not being that old Rude cabin staff Uncomfortable business class seat Only positive was good ground handling of business class passengers on arrival in Lome,1.0,Negative,Negative,Negative,Negative,Negative,3/3,,1.0
euroAtlantic Airways,airline,K Madden,2023-07-17,Worst flight ever The airline told us lies over and over Our flight was to take off at  pm their equipment has issues and terminal services is awful They should have a negative  rating,1.0,Negative,Negative,Negative,Negative,Negative,3/3,,1.0
Silver Airways,airline,1 reviewsD Markham,2024-05-20,The flight from Tampa to Pensacola was so delayed we couldnt wait It was more than  and a half hours late They would delay it an hour at a time so you had to stay at the gate They said it was a mechanical issue and had no word about anything Another flight from the same place made it there faster than we did They did not give a voucher refund or anything Horrible communication and terrible planning,1.0,Negative,Negative,Negative,Negative,Negative,3/3,,1.0
Tianjin Binhai,airport,K Sams,2017-07-21,All flights are delayed from Tianjin airport No information about departure time Lounges are uncomfortable Checkin for International bad design and only open  hours before a flight Would recommend to go to Beijing although as most Chinese airlinesairports they will have delays but at least you have something to look at there,1.0,Negative,Negative,Negative,Negative,Negative,3/3,,0.8009999999999998
Nepal Airlines,airline,Rojina Giri,2023-09-30,Its my first time using Nepal Airlines from Dubai to Kathmandu and this is the worst experience ever for me because of flight delays Its already been  hrs but still they didnt give us any specific reason why the flight got delayed or cancelled and when we asked one of the employee from Nepal airlines he said no idea,1.0,Negative,Negative,Negative,Negative,Negative,3/3,,1.0
Dubai,airport,J Hozee,2025-01-27,No air conditioning  its terribly hot Worst airport in my life The heat is unbearable I have never experienced something so bad I do not recommend to do do Dubai just because of this airport,1.0,Negative,Negative,Negative,Negative,Negative,3/3,,0.9749999999999999
Yeti Airlines,airline,1 reviewsD Karmer,2024-11-24,Worst Customer service ever they delay flight without even mentioning proper reason they dont even bother apologies or any customer support And when customer needs to reschedule a flight there is  customer support and airport staff behaving rude as well,1.0,Negative,Negative,Negative,Negative,Negative,3/3,,0.94
Singapore Airlines,airline,Venkatesh Srinivasan,2025-02-05,Pretty disappointed on this trip on SQ Initially from Seattle the entertainment system was not working for over an hour Wifi on board even after I logged in with my Kris flyer ac could not connect Flight attendant did try to help but she could not figure out nd flight SQ from SIN to BLR delayed over an  hour  minsJust a series of frustrating experiences on SQ this time as I have traveled at least  to  times in last few years Lots of my friends suggested Qatar which probably will be my next choice,2.0,Negative,Negative,Negative,Negative,Negative,3/3,,1.0
Super Air Jet,airline,Patrick Hityahubessy,2024-10-09,We had a flight from Bali to Jakarta IU  Plane had technical difficulties We are waiting already  hours No information or drinks anything I never had such a bad service,2.0,Negative,Negative,Negative,Negative,Negative,3/3,,0.2799999999999999
Catania,airport,Suzanne Jones,2024-05-15,Catania Airport on the  May  was chaotic But what really annoyed me were the toilets there were only two toilets by Gate  and both were very dirty and there was no toilet paper Also when washing our hands very little water was dispensed and then the hand dryer didnt work I had enjoyed my stay in Sicily but Catania Airport really lets it down,1.0,Negative,Negative,Negative,Negative,Negative,3/3,,1.0
Berlin Tegel,airport,1 reviewsW Edwards,2020-09-18,Treat the travellers terribly Insisted on one bag per person on your journey on the plane Even when you paid for  on your outward journey They have everyone queuing outside the airport to get in yet the departures lounge is the size of a parrots cage They offer very little duty free and have one unit selling hot drinks and food resulting in rip off prices Overall the staff are bullish and downright rude,1.0,Negative,Negative,Negative,Negative,Negative,3/3,,1.0
China Airlines,airline,Yh Neoh,2025-04-02,Very bad Small plane and the seat is super tight Seat has no inclination Suffer for the entire  hours of flight I thought EVA was bad due to their arrogance but this is worse in terms of comfort,1.0,Negative,Negative,Negative,Negative,Negative,3/3,,0.3345357142857142
Brussels Charleroi,airport,Buse Tuncer,2024-06-13,Access to the airport was very difficult on Wednesday June   due to asphalt work Signage or diversion to the airport via alternative roads was very poorly indicated I think this is a very bad thing for such an international airport,1.0,Negative,Negative,Negative,Negative,Negative,3/3,,0.4409999999999999
Avianca,airline,Judy Deonarine,2025-02-12,Very dissatisfied They are expensive and treat passenger like animal We flew  hours with nothing to eat or drink Air hostesses are very rude Travel with passenger with mobility problems and they do not care We have to lift my mom off the aircraft onto a bus and everyone from the crew looking as they do not care,2.0,Negative,Negative,Negative,Negative,Negative,3/3,,1.0
San Diego,airport,Nelson Garcia,2024-03-04,Connected thru SAN on my way to HNL The terminal is so small and crowded that one has to exit to baggage claim and reenter thru TSA check in order to change gates Once I made it to the gate area it looked like a refugee crisis Each gate only had  seats and there were  gates arrange in a circle around a restaurant I stood for an hour of my  hour layover I would recommend not reentering thru TSA until the last minute I thought LGA and PHL were bad this is worse,1.0,Negative,Negative,Negative,Negative,Negative,3/3,,1.0
Penang,airport,J Porter,2024-11-18,Standing queue of  hrs with back problems Very bad for tourism industry This happened in KL in  I thought Malaysia might have improved over the years,2.0,Negative,Negative,Negative,Negative,Negative,3/3,,0.5459999999999998
Wings Air,airline,Kyaw Kyaw Tun,2023-11-08,Our flight is initially scheduled to leave on am that was delayed and changed to  pm and it was dealyed again to pm They packed all the passengers into the aircraft before it took off and the AC was not on i feel extremely suffocated and hot inside the plane with very poor ventilation inside This is inhumane and also we have lost the whole day of our time in Lombok due to their flight delay I will never fly again with them,1.0,Negative,Negative,Negative,Negative,Negative,3/3,,1.0
US-Bangla Airlines,airline,Mohammed Imran Hussain,2018-01-18,Sylhet to Dhaka Absolutely awful probably the worst airline very rude very unprofessional dont know how they can be so rude towards customers I was at Sylhet  at am and had a domestic flight at pm we had to wait  hours We ended up missing our international flight and they put us in a very nasty hotel,1.0,Negative,Negative,Negative,Negative,Negative,3/3,,1.0
Finnair,airline,N Kaulsen,2025-01-23,Worst airline I have ever flown with Such a bad selection of food and drinks Cramped seats Will never fly with them again My flight got delayed almost  hours and they lie and refuse to pay compensation which they are required by European law,1.0,Negative,Negative,Negative,Negative,Negative,3/3,,1.0
Air Greenland,airline,Tonny Rosing,2019-04-06,Copenhagen to Maniitsoq One of the worst airlines Very bad customer service both on board and at the airports They dont take of you or your luggage and they dont take responsibility for anything  it is always the others responsibility,1.0,Negative,Negative,Negative,Negative,Negative,3/3,,1.0
Pacific Airlines,airline,Rakesh Arora,2024-07-25,The counter staff and staff at gate is non coperative No system of boarding Politeness missing The Staff told us to stand in que as shown by them and we were allowed to board at last Why they put us in that que they could not give any reply No one to supervise It was a bad experience Flight VN  dated th july,1.0,Negative,Negative,Negative,Negative,Negative,3/3,,1.0
Los Angeles LAX,airport,S Morris,2024-06-17,To be a premium passenger at Tom Bradley Terminal is deplorable for  The line for a k ticket in business class is always horrible They need a separate line so passengers can enter and start spending money You lose so much revenue people standing in a line and not buying food or drinks Or retail Some things just never change and keep LAX in the bottom of airports on the world,1.0,Negative,Negative,Negative,Negative,Negative,3/3,,1.0
Air Berlin,airline,D Gemmen,2017-10-17,Berlin to Prague Worst experience Ive had for a while They announce  hour delay then no info until we understand that once they have a plane they must wait for a new crew Very bad organisation and communication Definitely avoid if you can lost my time and couldnt make my meetings,1.0,Negative,Negative,Negative,Negative,Negative,3/3,,1.0
Super Air Jet,airline,Kashif khan,2024-11-08,One of the worst airlines Ive ever come across We were late so we booked another flight with the same airline but they didnt inform us about the delayed time that was  hours during our booking and we missed our flight from indigo which was from Jakarta to Bangalore We did inform them about our urgency to reach Jakarta as we had another flight Their carelessness costed us a lot of money and I hope no one ever chooses this airlines ever again,1.0,Negative,Negative,Negative,Negative,Negative,3/3,,1.0
Incheon,airport,HJ Lee,2024-09-10,Check in had only  counters and they were averaging  minutes for a single check in unprofessional staff causing unnecessary delays Signs were also useless had a sign leading to the tax refund station but ended up in front of the departure hall and couldnt find any other signs,1.0,Negative,Negative,Negative,Negative,Negative,3/3,,1.0
Kenya Airways,airline,Mamduh Mohamed Taib,2025-02-05,Last  flights in  weeks have had cancelation and delays exceeding the flight time itself its ridiculous unprofessional and demeaning What a horrible experience especially when even customer care nor do the staff care Inflight entertainment doesnt work but they are very keen to give you headphones They actually customise their efforts in failing and let you down,1.0,Negative,Negative,Negative,Negative,Negative,3/3,,1.0
Read more,airport,Gar Pross,2024-09-07,Worst airport ever Rude staff at passport control and at security Cost of food is extortionate  for basic MacDonalds I paid  for four basic drinks and small snacks I am well travelled and this is by far the worst airport I have ever had the misfortune to depart from It has put me off returning to Turkey I am not surprised that tourism is on the decline,1.0,Negative,Negative,Negative,Negative,Negative,3/3,,1.0
Fly540.com,airline,S Walemba,2019-08-19,Eldoret to Nairobi Horrible airline My first flight with them was from NBO to ELD which was delayed by  hours My return flight has again been delayed by  hours with a silly explanation  Unless you want to be wasting your time at the airport with delays There are better more reliable local airlines Awful experience,1.0,Negative,Negative,Negative,Negative,Negative,3/3,,1.0
Thai Lion Air,airline,C Palino,2024-01-25,First they delayed the flight but I see that this is the norm for Thai Lion Air I was charged k THB for the luggage at the counter youll think why dont you take online before going to airport  because I checked on the website under manage your booking and the only options was to buy an insurance no seat selection or baggage allowance Please avoid if not necessary is really a very bad managed company,2.0,Negative,Negative,Negative,Negative,Negative,3/3,,1.0
St Petersburg,airport,S Jansen,2019-10-01,Absolute terrible experience with this airport it takes ages to get through customs We have been in a queue of  hrs in order to transfer to the next flight It took  hrs to check the passports of  people they did not check the luggage All in all a massive let down when you arrive at am and you have to stand for  hrs just to get in,1.0,Negative,Negative,Negative,Negative,Negative,3/3,,1.0
Incheon,airport,HJ Lee,2024-09-10,Check in had only  counters and they were averaging  minutes for a single check in unprofessional staff causing unnecessary delays Signs were also useless had a sign leading to the tax refund station but ended up in front of the departure hall and couldnt find any other signs,1.0,Negative,Negative,Negative,Negative,Negative,3/3,,1.0
Regent Airways,airline,M Hallana,2019-12-14,Terrible experience with Regent Air I booked a round trip ticket from Singapore to Dhaka The departing flight was delayed for  hours without any prior notice The return flight was canceled without minimal effort to make an alternative arrangement The staff are rude and abusive in attitude No sign of apology in their faces despite creating so much inconvenience,1.0,Negative,Negative,Negative,Negative,Negative,3/3,,1.0
Iberia Express,airline,J Gaughran,2024-08-19,flights cancelled and more than  hours late No communication rude customer service telephone line and pathetic attempt at compensation Dont use this airline,1.0,Negative,Negative,Negative,Negative,Negative,3/3,,0.33
Hewanorra Intl,airport,K Cooke,2017-06-29,Arriving into St Lucia Hewanorra airport was no problem except they make you deplane on a lot of steps down to the tarmac Leaving this airport to come home is awful Extremely hot with tons of people crammed into a small space The food is outrageous We had  burgers  fries and  diet sodas and it was  or  US money Its not even that good We will not go back to St Lucia because of the bad experiences we had leaving to come back to the States,4.0,Negative,Negative,Negative,Negative,Negative,3/3,,1.0
Kahului Maui,airport,C Robles,2022-04-10,The worst TSA experience we have ever had All three TSA agents were incredibly rude even to my  year old son They lacked any customer service skills at all I have never seen such a rude security staff,3.0,Negative,Negative,Negative,Negative,Negative,3/3,,0.7799999999999999
Aer Lingus,airline,Lawrence Lentz,2025-03-26,Absolutely terrible customer service Tried to upgrade from economy to business Impossible to reach a person who could help let phone ring for  minutes and gave up Chat was just as bad as the AI could not help Fortunately will never have to fly them again,2.0,Negative,Negative,Negative,Negative,Negative,3/3,,1.0
GoAir,airline,M Gupta,2021-07-25,Worst service ever Rerouted my direct flight to Lucknow made my journey  hours longer add to that another  hour for operational delays Charged for web check in done online or at the airport both Bad service No professionalism at all No COVID safety precautions Sprayed disinfectants right next to where passengers were seated Never flying with GoAir again,2.0,Negative,Negative,Negative,Negative,Negative,3/3,,1.0
Blu-express,airline,O Vuigner,2010-08-11,MXPSAW on an extremely old and very badly kept  Seats in terrible condition Toilet too Cabin crew were very friendly and accommodating,3.0,Negative,Negative,Negative,Negative,Negative,3/3,,0.6973999999999999
Kuwait,airport,Aslam Ansar,2024-02-12,They are rude they dont care about other country people When I get my emigration seal on my boarding pass she just throw away my boarding pass after seal it That lady shout at me without any reason Is how you are treating the people who visit your country  Kuwait is my worst experience ever,1.0,Negative,Negative,Negative,Negative,Negative,3/3,,1.0
Georgian Airways,airline,Neil Houghton,2024-10-11,Georgian Airways are just the worst I bought a refundable ticket I had to cancel my return flight they said they would refund it once I landed There would be a processing cost to refund this is OK They have kept my money and not honoured the promise to refund my return ticket value I have chased for over  months and nothing They ignore you  In addition the service onboard is just awful The plane is very old in poor condition and dirty It is also quite expensive in terms of value for money,1.0,Negative,Negative,Negative,Negative,Negative,3/3,,1.0
Orlando Sanford,airport,Diane Stayton,2018-06-29,TSA agent asked if I was over  years old and they would allow me to keep shoes on Being  and not overweight or gray haired I feel quite upset about this Instead of picking out old folks they should have a sign and recording about the shoes Do not individually pick out people to ask Its a horrible experience,2.0,Negative,Negative,Negative,Negative,Negative,3/3,,1.0
Phoenix Sky Harbor,airport,E Foster,2024-12-06,Encountered  very rude staff Terminal  is confusing and disorganized When asked for directions was spoken to disrespectfully twice The layout so very odd and the signs are confusing things are not where the signs indicate The restroom by Egates was not kept up out of paper towels,5.0,Negative,Negative,Negative,Negative,Negative,3/3,,1.0
Central Mountain Air,airline,M Robinson,2024-01-31,Brutal airline Will never fly again or recommend them Over  day delay on my flight down to Vancouver with  trips to airport because they failed to contact me No compensation of courseI mean why would they Now on flight home same thing No warning no heads up nothing Again now sitting around Airport for hours and this is not a weather thing either Again no compensation I WILL NEVER GET ON ANOTHER CMA FLIGHT AGAIN Paid a premium for service without getting the service Hope this airline gets shutdown,2.0,Negative,Negative,Negative,Negative,Negative,3/3,,1.0
Lynx Air,airline,Patrice Florestal,2024-02-26,The flight itself wasnt awful My main problem with Lynx Air is their lack of customer service I was supposed to receive two refunds from them  one for a changed flight and one for a carryon item that was charged by mistake I havent received either refund and Im going to have to eat those costs Im not the least bit surprised this company is shutting its doors,2.0,Negative,Negative,Negative,Negative,Negative,3/3,,1.0
Blue Panorama Airlines,airline,D mealen,2019-07-08,Santorini to Rome Worst experience Ive had what a money grab was early to the airport after checking in online and my flight was delayed and then I finally was ready to board and they made me go back through security just to change my name because you have to pay to put your middle name on your ticket so I almost missed my flight and had to pay  euros to change my name Absolutely ridiculous will never fly with blue panorama again This is a money grab,2.0,Negative,Negative,Negative,Negative,Negative,3/3,,1.0
Alicante,airport,Mats Hemmingsson,2023-09-11,Absolutely terrible Obsolete information and hard to find your way around When we came to return our rental car it was very difficult to understand were to go and we went the wrong way twice And we were not alone Then no restaurant except Burger K before you come to the gates And they made the entrance to the gates long by forcing everyone to go trough the tax free shopping area  In the gate area there was very late info of witch gate to go to,2.0,Negative,Negative,Negative,Negative,Negative,3/3,,1.0
Read more,airline,Anjely Rais,2025-03-09,Air India is the worst company ever They cancelled my flight from Paris to Mumbai which caused a  hour delay for my trip Then they changed my return direct flight into a stopover flight I spent hours in Delhi airport had to go through security twice,1.0,Negative,Negative,Negative,Negative,Negative,3/3,,1.0
Berjaya Air,airline,D Michel,2013-07-11,June  from Singapore to Tioman and back Airplane was a Dash Interior of the plane was in horrible condition dirty walls sticky arm rests The arm rest of a seat was fixed with glue Flight took about min The cabin crew served a bottle of water and some nuts I can recommend the airline if you can ignore the obvious lack of cleaning inside the plane,6.0,Negative,Negative,Negative,Negative,Negative,3/3,,1.0
KLM Royal Dutch Airlines,airline,Ian Bolano,2025-02-23,I have flown a few times with KLM and each time the planning and connecting flight with KLM or connecting at Schiphol airport has been a nightmare There was always a delay either boarding or departing from the plane I also used KLM during a connecting flight and my luggage was lost KLM and connecting flight Transavia have been terrible to deal with after the fact whilst trying to get compensation for my lost luggage that still hasnt been received   days after my trip Will never again fly with KLM,3.0,Negative,Negative,Negative,Negative,Negative,3/3,,1.0
Da Nang,airport,C Wong,2025-01-04,Large crowds Information Center gave misleading information as to where to que Waited  minutes in wrong The nd time she gave us the wrong que and had to double check with her Long queue for Security Check Immigration officer rude and dismissive Not wanting to assist One of the worst airport I have come across Almost missed our plane,1.0,Negative,Negative,Negative,Negative,Negative,3/3,,1.0
Iran Air,airline,1 reviewsS Halshamsi,2017-12-29,Tehran to Hamburg Iran Air is one of the worst airlines in the world Crew behave badly to passengers and dont respect passengers food was awful delay for flight was eternal in this airline I dont suggest this airline at all After  hours delayed without any food without any apology waiting at transit is not acceptable at all I never fly this airline again,1.0,Negative,Negative,Negative,Negative,Negative,3/3,,1.0
Arajet,airline,Ghaidaa Arbash,2025-04-05,The worst airline I have ever used They charged me double for my return baggage compared to the price I paid on my outbound flight They claim its cheaper to check in bags online but their website is absolutely terrible  I spent two hours at the airport trying to explain the issue to their staff All they kept saying was Pay now and well refund you later The refund came in the form of a voucher forcing me to use their airline again which I absolutely will not do Terrible experience from start to finish,1.0,Negative,Negative,Negative,Negative,Negative,3/3,,1.0
Ontario,airport,Jeannie A Gephart,2021-05-25,This is the rudest airport I have ever been to Nothing but issues Issues with going through security with a  yr old and all they did was yell and did not seem to understand or even help I will never fly to or from this airport again and I will be letting family and friends know how the experience was Also the place is very dirty and disgusting,1.0,Negative,Negative,Negative,Negative,Negative,3/3,,1.0
Avior Airlines,airline,Manuel Kliese,2007-05-23,PMVBLA recently on a Beech  aircraft I can call it an intensive flying experience in this small turboprop plane Anyhow the cabin appeared to be as a bit filthy and quite dirty All in all not really remarkable,0.0,Negative,Negative,Negative,Negative,Negative,3/3,,0.48599999999999993
Read more,airline,Muhammetali Nurgeldiyev,2020-01-24,I flew flight T  from Ashgabat to Istanbul  The plane is old The food is terrible There were no delays The staff is not bad The flight was not very comfortable The seats are uncomfortable Overall was not very satisfied because the priceperformance ratio is terrible,3.0,Negative,Negative,Negative,Negative,Negative,3/3,,1.0
JetSmart,airline,P Rayire,2024-07-27,The flight was correct but the checkin was horrible very slow  disagreeable people especially at Santa Marta airport The staff on board was agreeable and the plane was on Time,2.0,Negative,Negative,Negative,Negative,Negative,3/3,,0.5856
Gol Transportes Aéreos,airline,R Calemo,2022-10-01,The worst airline I traveled shares flights with American Airlines business class codes do not match between airlines Poor service  hours standing expecting  people in San Pablo waiting for a Gol employee trip  days ago I still claim my frequent flyer miles They do not credit them they say they do not know if I flew incredible very bad do not use,1.0,Negative,Negative,Negative,Negative,Negative,3/3,,1.0
Red Wings Airlines,airline,R Marenko,2022-06-24,The worst experience of my life Flight delayed by over  hours no information no one notified me ahead of time Ive been in the airport since  am No compensation Airline staff incredibly rude and unhelpful Never ever ever use it,1.0,Negative,Negative,Negative,Negative,Negative,3/3,,1.0
Luxair,airline,N Girrin,2024-03-22,Luxair   very poor quality of service  I paid for an upfront seat and even though I made the checkin and had the seat assigned together with my husband it was changed by hazard by the system  minutes before flying The staff was rude without offering any solution saying that if I do not accept the seat I cannot travel Bad experience and rude attitude not a recommended airline,1.0,Negative,Negative,Negative,Negative,Negative,3/3,,1.0
San Juan,airport,Emory Zimmer,2024-07-28,Terrible airport no food on Sunday folks working everywhere are lazy with a slow pace If you want any food cant find it until  unbelievable Bring your own food,3.0,Negative,Negative,Negative,Negative,Negative,3/3,,0.7080000000000001
Karachi,airport,Naheed Auranzeb,2024-02-21,Very bad experience I thought Islamabad had a bad service but this one is the worst I reached  hour before my flight time at the check in counter very rude attendees I had a connecting flight Karachi  Doha Doha to Italy they didnt want to issue my nd boarding pass  I fought but with no results I had to board my plane at  and we managed just few minutes before the closing of the doors Bad service  bad infrastructure bad organization worst management,1.0,Negative,Negative,Negative,Negative,Negative,3/3,,1.0
Hyderabad,airport,Savita John,2023-10-30,Airport isnt organized well  Staff at the airport asks for money Ladies washroom and buggy operator  Mumbai Street Food pav bhaji is terrible in taste  Airport cleaning staff are not efficient enough table  Vending machines sell water for  rupees shops sell for   Zoodles shopkeeper didnt know where the water dispensing machine was Not did he wish to help us figure it out  Customer service  proactive spirit  pride for Hyderabad is totally missing at the airport,3.0,Negative,Negative,Negative,Negative,Negative,3/3,,1.0
Pakistan Intl Airlines,airline,Misha Majid,2024-04-05,Worst airline ever Changed flight  times and even after finalizing time they again delayed flight This has been happening very often,2.0,Negative,Negative,Negative,Negative,Negative,3/3,,0.8999999999999999
Egyptair,airline,Sandy Khouzam,2024-11-09,The entertainment screens didnt work during the whole round trip the going and the return flights in our both seats my husband and mine  Very dirty airplane  rude and unprofessional crew in the going flight Worst experience not worthy at all the ticket price Will not fly with Egyptair again Waiting for compensation from their side for thefour non working screens,1.0,Negative,Negative,Negative,Negative,Negative,3/3,,1.0
Georgian Airways,airline,Neil Houghton,2024-10-11,Georgian Airways are just the worst I bought a refundable ticket I had to cancel my return flight they said they would refund it once I landed There would be a processing cost to refund this is OK They have kept my money and not honoured the promise to refund my return ticket value I have chased for over  months and nothing They ignore you  In addition the service onboard is just awful The plane is very old in poor condition and dirty It is also quite expensive in terms of value for money,1.0,Negative,Negative,Negative,Negative,Negative,3/3,,1.0
Timimoun,airport,Lukasz Kalinowski,2016-05-09,Timimoun airport is a small terminal serving a very small number of flights daily but this does not explain the lack of any facilities for passengers apart from dirty toilets You can not buy anything here  no food no drink not even a bottle of water Stock up on food and water as the Air Algerie flight will likely be delayed for a couple of hours or cancelled altogether No shop No kiosk No cafeteria  nothing The town is  minutes away Hard metal seats will add to the long waiting hours,1.0,Negative,Negative,Negative,Negative,Negative,3/3,,1.0
Openskies,airline,N Langan,2017-11-06,Paris Orly to New York JFK The worst airline company Please do not travel with Openskies  British Airways The customer service is poor quality and the food is horrible We had a  hours delays and they did not worry about making accommodations for people who missed their connecting flight,1.0,Negative,Negative,Negative,Negative,Negative,3/3,,1.0
Pakistan Intl Airlines,airline,Misha Majid,2024-04-05,Worst airline ever Changed flight  times and even after finalizing time they again delayed flight This has been happening very often,2.0,Negative,Negative,Negative,Negative,Negative,3/3,,0.8999999999999999
Denver,airport,Patricia Lyles,2023-09-14,The concourse shuttles were terrible I arrived at concourse A and every stop to baggage was  minutes Then luggage did not arrive until over an   hours later My flight with Southwest Airlines was very good But I have never had such a bad experience at Denver airport as I did this time,2.0,Negative,Negative,Negative,Negative,Negative,3/3,,1.0
Thai Lion Air,airline,T Miller,2025-02-05,Terrible experience with Lion Air First my flight from Bangkok to Phuket was delayed by an hour causing me to miss my bus To make things worse they broke my luggage and of course there was no accountability On the way back they overcharged me  THB for just  kg of extra luggage on a short onehour flightridiculous and a clear scam To top it off that flight was also delayed by  hour and  minutes This is by far the worst airline Ive ever used Unreliable overpriced and careless Avoid at all costs,1.0,Negative,Negative,Negative,Negative,Negative,3/3,,1.0
Firefly,airline,L Lee,2024-11-15,Terrible airline which has done multiple reschedules on the same day itself I have encountered this situation multiple times and no action taken This year been worst as their flights have never been on time and keep pushing out the time every  hours till max  hours we are hanging in the airport with nothing This is truly big impact if you are on business or even vacay which it will definitely spoil your mood on it This is truly the last time I will take this flight we have had enough of delays,3.0,Negative,Negative,Negative,Negative,Negative,3/3,,1.0
Air Austral,airline,Gowtham Thangavel,2019-05-01,Reunion to Chennai We were really disappointed in this Air austral Around  hrs delay they dint provide lounge and food to still for  hours and then all complaint the ground staff and then they issue a burger and one drinks All ground staff is not at all responding Its really bad service,1.0,Negative,Negative,Negative,Negative,Negative,3/3,,1.0
Read more,airline,Anjely Rais,2025-03-09,Air India is the worst company ever They cancelled my flight from Paris to Mumbai which caused a  hour delay for my trip Then they changed my return direct flight into a stopover flight I spent hours in Delhi airport had to go through security twice,1.0,Negative,Negative,Negative,Negative,Negative,3/3,,1.0
Finnair,airline,Serene Mathew,2025-01-11,They promise international flights with a slightly less price option Do not fall for that The service is really bad When visiting US for just  days I didnt receive my baggage when I arrived They sent the bag to a totally different state From there the bag never made it to my destination There I was stranded in a foreign land with no luggage Their customer service is so bad They do not even bother to update the status or trace your bag,1.0,Negative,Negative,Negative,Negative,Negative,3/3,,1.0
Mumbai,airport,E Parter,2024-04-17,The staff is probably overworked The sentry  security at the gates are rude At the security area they speak to you rudely asking you to remove your watches put your bags in separate bags etc I think a lesson in speaking politely is needed We understand you deal with an immense load of people but this is hospitality sector,7.0,Negative,Negative,Negative,Negative,Negative,3/3,,1.0
Gdansk,airport,John Charles Riblanc,2021-11-27,Again a negative experience at this airport Security is of a low level there is a negligence on the part of the security body The Xray control is shameful to see how a policeman without being well uniformed rumbling in a chair says a lot about himself Pressure to pass the trays with hardly any passengers Workers from the airport without masks in this time with the Coronavirus Rising Up again Today is  First flight of the morning with LOT horrible company too Dont take except if you dont have other choice,3.0,Negative,Negative,Negative,Negative,Negative,3/3,,1.0
Air Arabia,airline,Far Akh,2024-07-23,You cant imagine how bad their customer service is It was about  hours delayed and I was travelling with my  little daughters    and they refused my compensation They even didnt even serve the food for my small daughters I knew how difficult my day was with this long delay and with my  little daughters,2.0,Negative,Negative,Negative,Negative,Negative,3/3,,1.0
Super Air Jet,airline,Kashif khan,2024-11-08,One of the worst airlines Ive ever come across We were late so we booked another flight with the same airline but they didnt inform us about the delayed time that was  hours during our booking and we missed our flight from indigo which was from Jakarta to Bangalore We did inform them about our urgency to reach Jakarta as we had another flight Their carelessness costed us a lot of money and I hope no one ever chooses this airlines ever again,1.0,Negative,Negative,Negative,Negative,Negative,3/3,,1.0
Manchester–Boston Regional,airport,Vincent Watts,2018-07-14,Dunkin donuts coffee shop closing at pm on a Saturday night Ridiculous Flight gets delayed  hour and nowhere to go Just wrong You can get alcohol no problem Wonder why there are issues on fights There it is,3.0,Negative,Negative,Negative,Negative,Negative,3/3,,0.49999999999999994
Dortmund,airport,L Martin,2019-12-22,Terrible airport Queue outside for over  minutes to get into the terminal despite only  aircraft in the entire airport Another  min wait inside People queue jumping moving barriers and simply walking around the queues Dirty toilets Horrendous experience Avoid if at all possible,1.0,Negative,Negative,Negative,Negative,Negative,3/3,,1.0
Omni Air International,airline,T Deane,2021-07-12,The worst airline Ive ever flown on The airplane was shabby and dirty inside The flight crew was inattentive and rude They couldnt be bothered to do a thing for anyone got aggressive and rude if anyone dared bothered them or go against their will  This was a military charter flight every passenger was respectful well behaved and obedient to begin with not just random members of the public yet the flight crew treated us like trash from the first minute of the flight till the last,1.0,Negative,Negative,Negative,Negative,Negative,3/3,,1.0
Washington Dulles,airport,K Steen,2023-06-27,Worst airport WiFi Has been the same since   no improvements No cell coverage so WiFi is the only option  and its horrible Plan on no connectivity and if you get it  its a bonus Bring a hard cover or paperback book or a pillow and you will be happy Plan on answering email or making a call  you will be sadly disappointed If I could give a negative  rating I would This is the st century WiFi is cheap  use the surcharges to fund an upgrade Your customers employees and vendors will be thrilled,1.0,Negative,Negative,Negative,Negative,Negative,3/3,,1.0
Vilnius,airport,G Zemaityte,2023-08-15,The security staff were extremely rude I travel through here often and always had a good experience before They were so blunt with everyone the way they were speaking to us when translated sounded like you will move along  you will open your bag for me No please not thank you  nothing Something has gone very wrong in their recruitment policy or internal affairs  the majority of staff were like this This reminded me how horrible customer service was used to be in Lithuania  years ago,5.0,Negative,Negative,Negative,Negative,Negative,3/3,,1.0
Xi'an,airport,Bin Liu,2014-07-06,Flight from Xian to Beijing T is huge but only few entertainment facilities and shops A long queue in security check only  passageways are available Staff in security check are rude and impolite After the security check my paper bag was broken and no any staff apologized for it The toilets are extremely dirty Very bad experience and I will not go to Xianyang airport anymore,3.0,Negative,Negative,Negative,Negative,Negative,3/3,,1.0
Onur Air,airline,Eddy Youssef,2019-07-06,Antalya to Beirut the worst ever The plane was supposed to depart  am there was a delay without informing us Delay till  but there was a delay more than  Will never book again with them,1.0,Negative,Negative,Negative,Negative,Negative,3/3,,0.432
Basel Mulhouse,airport,Leeann Olivier,2023-10-02,Absolutely shocking experience Ive travelled for over  years and this is the worst experience Ive had Unbelievable in a country like Switzerland I went through  passport controls It was like a rabbit warren Flight delayed by  hours and zero communication up until  minutes before flight We were given  euro food vouchers but only one cafe which had no food Never again Embarrassing,1.0,Negative,Negative,Negative,Negative,Negative,3/3,,1.0
San Juan,airport,Emory Zimmer,2024-07-28,Terrible airport no food on Sunday folks working everywhere are lazy with a slow pace If you want any food cant find it until  unbelievable Bring your own food,3.0,Negative,Negative,Negative,Negative,Negative,3/3,,0.7080000000000001
TransNusa,airline,Philip Maaskant,2025-02-05,They cancelled multiple flights and promise to refund within  business days approximately half a year They refunded one flight but the other has never been paid Customer service is terrible and does not respond or responds that they will check with another department This airline is a scam and should always be avoided,1.0,Negative,Negative,Negative,Negative,Negative,3/3,,1.0
Sitia,airport,T Delikanakis,2021-07-19,One of the worst airports Ive ever visited Our flight was delayed  hours and we were left to sit at the gate without any air conditioning nor beverages nor food We werent even allowed to get something to drink This is unacceptable and I would not recommend Sitia airport to anyone,1.0,Negative,Negative,Negative,Negative,Negative,3/3,,1.0
Phoenix Sky Harbor,airport,V Mailen,2025-01-11,This is the worst airport I have ever traveled in the world When you are in terminal  there are no signs to get to the sky traxs to terminal  I must have had to stop to ask  people only four knew how to get there Most of the people were very rude Also with having CLEAR they put us in regular TSA security lines,1.0,Negative,Negative,Negative,Negative,Negative,3/3,,1.0
Sky Express Airlines,airline,K Areti,2024-06-22,Terrible experience huge delays Its the third time flying with this airline and the service is unacceptable The staff was completely unable to inform us regarding the delays or deal with any of the comments of the frustrated passengers who waited over  hours and another  minutes into the still not moving transfer bus Definately would not recommend,1.0,Negative,Negative,Negative,Negative,Negative,3/3,,1.0
Jordan Aviation,airline,M Gasam,2024-08-11,The worst airline I ever dealt with We had constant delays  hours back and forth where we were stuck at the airport the entire time without proper communication The airplanes were in bad condition as half of the seats are broken The customer service is terrible as they stop responding to your messages after your trip and refuse to provide you any reason for the delays nor paperwork requested by insurance Zero compensation given,1.0,Negative,Negative,Negative,Negative,Negative,3/3,,1.0
Adria Airways,airline,D Bole,2019-09-06,Ljubljana to Zrich Firstly Ljubljana airport is terrible Badly trained staff unfriendly Toilets are very dirty Flight  hours delayed without any information There is no Information desk so questions arent possible Never again will use this airline Its even worse than the budget airlines and thats difficult,1.0,Negative,Negative,Negative,Negative,Negative,3/3,,1.0
flyadeal,airline,A Hadi,2022-03-14,Worst airline ever  You cant carry a laptop bag unless you pay for it  You cant get your drink on board you have to throw it  So much delay waiting to be seated  All flights from Dammam airport go through gates directly to the aircraft without using a bus except for this airline  So much delay waiting in the bus to get into the aircraft,1.0,Negative,Negative,Negative,Negative,Negative,3/3,,1.0
Alitalia,airline,D Cullus,2021-09-20,Ive never seen such a bad company Rude people No service at all They lost my luggage Well it has been on delivery for the last  days Terrible choice,1.0,Negative,Negative,Negative,Negative,Negative,3/3,,0.8999999999999999
Tunis Carthage,airport,Ilias Galanopoulos,2019-01-05,Terrible staff We were  people waiting for baggage after a flight from Dakar We had been waiting for two hours trying to ask them where is our luggage They were smoking looking annoyed for being disrupted Luggage arrived two hours and half later Would never choose this airport for my flights again Try to avoid it,2.0,Negative,Negative,Negative,Negative,Negative,3/3,,1.0
Read more,airline,Muhammetali Nurgeldiyev,2020-01-24,I flew flight T  from Ashgabat to Istanbul  The plane is old The food is terrible There were no delays The staff is not bad The flight was not very comfortable The seats are uncomfortable Overall was not very satisfied because the priceperformance ratio is terrible,3.0,Negative,Negative,Negative,Negative,Negative,3/3,,1.0
Frankfurt Hahn,airport,Isabella Ferrari,2024-09-14,Worst airport I have ever been to The location is terrible h mins from Frankfurt reason why I think it shouldnt be called Frankfurt airport The facilities are few some are closed The staff is unqualified they are blinded by the rules they are the slowest security checks I have ever experienced There were like  flights tonight almost everyone of them was delayed mine included and lot of people missed their flight I am  that I wont come back,1.0,Negative,Negative,Negative,Negative,Negative,3/3,,1.0
SA Express,airline,K Mokwena,2019-03-11,Bloemfontein to Johannesburg The service i got at Bloemfontein airport was horrible Im not happy at all I arrive at the airport at  and they told me i cant check in for a flight that departs at  Every time their flight gets delayed i dont complain but when i arrive at  i was told to book another flight,2.0,Negative,Negative,Negative,Negative,Negative,3/3,,1.0
TransNusa,airline,Philip Maaskant,2025-02-05,They cancelled multiple flights and promise to refund within  business days approximately half a year They refunded one flight but the other has never been paid Customer service is terrible and does not respond or responds that they will check with another department This airline is a scam and should always be avoided,1.0,Negative,Negative,Negative,Negative,Negative,3/3,,1.0
Salam Air,airline,Abderahim Smari,2024-09-08,My review is about the service provided by SalamAir My flight was delayed by  hours causing me to miss my connecting flight The company promised to reimburse me and claimed that the refund had been processed but I have not received any payment Furthermore they have stopped responding to my emails Overall a disappointing experience,1.0,Negative,Negative,Negative,Negative,Negative,3/3,,1.0
San Diego,airport,Nelson Garcia,2024-03-04,Connected thru SAN on my way to HNL The terminal is so small and crowded that one has to exit to baggage claim and reenter thru TSA check in order to change gates Once I made it to the gate area it looked like a refugee crisis Each gate only had  seats and there were  gates arrange in a circle around a restaurant I stood for an hour of my  hour layover I would recommend not reentering thru TSA until the last minute I thought LGA and PHL were bad this is worse,1.0,Negative,Negative,Negative,Negative,Negative,3/3,,1.0
Moscow Sheremetyevo,airport,Karolis Ven,2020-02-04,I never thought I would experience such a horrible transit in an international airport I had  hours for a transit onto another and I just made it to another flight on final call I saw people that were supposed to be on the same flight but they never made it Im not going to repeat what other reviews say about the lines for passport checks the heat etc because its absolutely horrible Never again,1.0,Negative,Negative,Negative,Negative,Negative,3/3,,1.0
Salzburg,airport,C Larendes,2023-01-21,I purchased a fast track for security as it makes the journey easier I bought one at the airport as stated online no problem however was then told there was no fast track in terminal  Also no staff to help out Very bad experience and will be avoiding this airport in the future,1.0,Negative,Negative,Negative,Negative,Negative,3/3,,1.0
Montréal,airport,N Keele,2024-10-13,It is dirty and nasty First stop was the bathroom after going trans pacific for  hours  The toilets all had poop streaks and water or urine seemed to cover every inch of the bathroom There was no toilet paper or bassinet and dirty sinks without hot water or soap  Imagine all the people in the airport who havent washed their hands The customs staff were smart mouths and wanted to strip search me because of my premium katmandoo adventure bag which apparently had marijuana concealed because its a katmadoo,2.0,Negative,Negative,Negative,Negative,Negative,3/3,,1.0
Rwandair,airline,Barry Ross,2024-11-19,Disappointing delayed Kigali to London by  hours thus losing London train fares Not refundable No offer of meals accomodation no response to e mails Eventually responded with vague promise of accommodation Seem to happen often,3.0,Negative,Negative,Negative,Negative,Negative,3/3,,0.66
Bristol,airport,Roger Howard Cornfoot,2024-09-19,Ryanair flight delayed for over  hours No announcements or explanations over tannoy No enquiry desk or staff Eventually found someone who directed me to an unsigned phone enquiry point operated by Swissport  phonesone out of order Took  attempts and  minutes for them to pick up and reply Pathetic response had to suggest contacting Ryanair staff for explanation Insufficient seating for passengers at departure gate,2.0,Negative,Negative,Negative,Negative,Negative,3/3,,1.0
Vienna,airport,D Barlon,2024-09-02,The worst airport and the most confusing one I used for transfer The layout is really bad and signage so confusing When we came out of an airplane to transit and catch another airplane we had to go again thru security and we had to discard the water we had The worst thing is they know about this issue and dont do anything about it as this has happened before  The lounges are so far away you just dont bother,3.0,Negative,Negative,Negative,Negative,Negative,3/3,,1.0
British Airways,airline,Luis De Jesus,2025-03-16,Another awful experience by British Airways This flight was delayed nearly  hour British Airways charges an extortionate amount for their tickets but the service is bad for me,1.0,Negative,Negative,Negative,Negative,Negative,3/3,,0.8039999999999999
Philippine Airlines,airline,Gilbert Anie,2024-11-12,November   PR RUHMNL Premium economy K Assigned crew was very rude He didnt even do a water service can you imagine  hours flight without water service Except during meal We are expecting very high quality of customer service in PAL but I think I choose wrong airline even Im a Filipino you are very far among the middle east airlines service Food portion is very small you have coffee cup in food tray but you didnt offer even coffee or tea very bad service I will not fly with PAL again,2.0,Negative,Negative,Negative,Negative,Negative,3/3,,1.0
Bremen,airport,Eoin Jones,2017-07-17,This Airport is very small and convenient however when the weather gets bad you can expect a delay of up to  hours Inside a small waiting room with no facilities including toilets Ryanair terminal has limited seating so you could end up standing or sitting on the floor,6.0,Negative,Negative,Negative,Negative,Negative,3/3,,1.0
Sky Airline,airline,E Malarita,2024-07-13,Terrible in every single sense No water offered in a  hours flight Arrogant people in the checkin in LIMA I offered to pay for a small guitar my son was bringing and they prohibited him to get in the plane with that He ended up losing that Seats are horrible No space for your legs and they charge you for everything,1.0,Negative,Negative,Negative,Negative,Negative,3/3,,1.0
Birmingham,airport,N Jamous,2024-10-07,Queues are snaking before the departure gates past the lifts all the way downstairs snaking all the way up to marks and Spencer  mins before you get to security gates and another  mins past the gates security staff just rude and shout at passengers all the time needless to say I was not involved in any shouting just observations the way they were talking to passengers who were understandably worried missing their flights Utterly disgraceful and disgusting place,1.0,Negative,Negative,Negative,Negative,Negative,3/3,,1.0
Onur Air,airline,S Malachi,2019-05-01,Beirut to Istanbul Worst company ever Flight was delayed  hours without prior notice and whenever asked why nobody responded Some passengers lost their other connection flights because of this delay,2.0,Negative,Negative,Negative,Negative,Negative,3/3,,0.87
Tunisair,airline,Mehdi Bani,2025-02-03,Flight has been delayed for at least  hours with no information Am still front of the boarding gate need to wait another  hours Even we dont know the reason of the delay Disgusting,2.0,Negative,Negative,Negative,Negative,Negative,3/3,,1.0
Buenos Aires,airport,T Lane,2024-02-06,Absolutely terrible Standing inline for almost  hours and could miss our flight If the cruise lines stop using BA as a point to start your holiday Argentina will lose a massive contribution to their economy,1.0,Negative,Negative,Negative,Negative,Negative,3/3,,1.0
Air Busan,airline,Secil Eda Gumus Ilgun,2024-06-11,They took us in to the plane at  pm After closing the doors they announced that there is problem we have to wait  hour After  hour they said there will be additional  hours There is no food in the plane they expect us to sit here for long times and starve We came here for travel I understand that it is not the airplanes fault but we lost our whole day and now starving in the plane I had never have such bad experience with plane How hard to get some snacks from the head office or somewhere else,1.0,Negative,Negative,Negative,Negative,Negative,3/3,,1.0
Venice Marco Polo,airport,H Gidwani,2024-01-18,It took  hours  mins to clear immigration For over  passengers there were only  immigration officers This is a joke They want us to come and spend money and give us such a horrible experience from the time we land In this horrible immigration area there was no place to eat or have a coffee or smoke We stood in the line for  minutes Then when we came out our bags were not yet there on the belt and we had to wait another  mins for the bags Furthermore the free wifi never worked,1.0,Negative,Negative,Negative,Negative,Negative,3/3,,1.0
Da Nang,airport,C Wong,2025-01-04,Large crowds Information Center gave misleading information as to where to que Waited  minutes in wrong The nd time she gave us the wrong que and had to double check with her Long queue for Security Check Immigration officer rude and dismissive Not wanting to assist One of the worst airport I have come across Almost missed our plane,1.0,Negative,Negative,Negative,Negative,Negative,3/3,,1.0
Jin Air,airline,Alessandro Giugia,2024-06-25,Really bad experience One hour late  minutes in a bus waiting to enter in the plane never again Avoid this Company the customer Is not important for them,1.0,Negative,Negative,Negative,Negative,Negative,3/3,,0.47999999999999987
Caribbean Airlines,airline,Illianna Smith,2023-09-25,This is by far the worst airline I have ever flown with The ticket agent who checked me in was extremely rude she made me take  lbs out of my carry on and continued to harass me at the boarding gate told me that I could not take the rum on board which I purchased in the airport that its an extra piece Also she seated me way in the back of the plane last row and it was not a full flight,1.0,Negative,Negative,Negative,Negative,Negative,3/3,,1.0
Nok Air,airline,P Karscher,2024-05-10,One of my flights were cancelled BangkokPhitsanulok and I am battling since several weeks to get my money back Several emails and they never sent proof that they refunded the money Really annoying Also the nd part of my flight was delayed for almost  hrs I do not recommend Nok Air,1.0,Negative,Negative,Negative,Negative,Negative,3/3,,1.0
euroAtlantic Airways,airline,K Madden,2023-07-17,Worst flight ever The airline told us lies over and over Our flight was to take off at  pm their equipment has issues and terminal services is awful They should have a negative  rating,1.0,Negative,Negative,Negative,Negative,Negative,3/3,,1.0
San Jose Intl,airport,Charles Burke,2023-03-03,Security has really gotten out of hand I dont mind waiting in line while they do their jobs but I simply do not understand why they have to be so rude and mean to people They yell like they are angry at everyone And they patted down this poor  year old grandma in front of I me Most people are polite to them why cant they at least be that back,1.0,Negative,Negative,Negative,Negative,Negative,3/3,,1.0
Gol Transportes Aéreos,airline,Kristofer Mansson,2025-03-08,Very bad experience We were there  hours before but they had so few people helping with check in somthey did not manage to chaeck us in After that they forced us to pay for another ticket,1.0,Negative,Negative,Negative,Negative,Negative,3/3,,0.564
Air Madagascar,airline,C Cussigne,2017-04-20,Antananarivo to Fort Dauphin I have flown multiple times on domestic flights with Air Madagascar over the past few years They are truly the worst airline I have ever had the misfortune of flying with Delays cancellations bad customer service dirty planes no inflight refreshments hugely overpriced In one instance I chose to travel for over  hours on a public bus to reach my destination rather than give any more money to them and I would probably do that again after yet another delay on my most recent flight,1.0,Negative,Negative,Negative,Negative,Negative,3/3,,1.0
Stockholm Arlanda,airport,Nicole Grichting,2025-03-29,Very rude security employees at terminal  Never have I ever been treated the way I was by the lady She was unprofessional rude and just horrible,1.0,Negative,Negative,Negative,Negative,Negative,3/3,,1.0
Phoenix Sky Harbor,airport,S Harson,2023-02-28,Phoenix Sky Harbor is not set up up to accommodate people with injuries or disabilities I flew in and out of there in January and February with an injury and had bad experiences In January I had to walk long ways to get from rental car return to Sky Train and then waited  minutes for wheelchair assistance In February walked long distances again There needs to be assistance provided from rental cars to airline ticket desk,2.0,Negative,Negative,Negative,Negative,Negative,3/3,,1.0
Buddha Air,airline,Nik Khadka,2023-02-02,Such a shameless worst service I have ever taken I have chosen Buddha Air  times up to now and Buddha Air is always delayed  hrs delayed and they kept us inside the bus for the whole  hrs in this heat They said they were maintaining the tire first and they said their airplanes door needed maintenance again February   is going to be my last flight with Buddha Air Worst service and worst passenger handling The crew members dont even know how to handle the crowd Buddha Air  never again,1.0,Negative,Negative,Negative,Negative,Negative,3/3,,1.0
Super Air Jet,airline,Ben Prasetya,2025-03-28,Have a very bad ticketing management Super Air Jet always pushes the ticket sales beyond its limit and on the day of flight we were being cancelled without prior announcement The schedule was rescheduled three times with total delay time of  hours,1.0,Negative,Negative,Negative,Negative,Negative,3/3,,1.0
KLM Royal Dutch Airlines,airline,E Geelen,2025-02-18,Terrible experience flight delays and cancellations meant we had to spend two days in Amsterdam in a bad airport hotel and arrived over  hours later than planned to our destination They also lost of childrens car seat which arrived a further two days later causing immense stress and inconvenience All of this and they refused any compensation or reimbursement besides the hotel and meals for the delay in Amsterdam Horrible customer service and one of the worst travel experiences Ive had,1.0,Negative,Negative,Negative,Negative,Negative,3/3,,1.0
New York JFK,airport,T Miller,2024-10-04,I was passing through security at JFK terminal  on Saturday Sept th  between pm I have never seen a more incompetent and dysfunctional group of airport staff in charge of security in my whole life The staff was rude lazy and by far the slowest group of people I have ever seen put together Its clear that they all hate their jobs and they want nothing more than to pass their misery to everyone around them It was such a bad experience that I vow to never fly through JFK ever again,1.0,Negative,Negative,Negative,Negative,Negative,3/3,,1.0
Heraklion,airport,Diane Cartwright,2023-09-13,Absolutely disgusting toilets  smelly dirty no locks on the ladies doors Security staff are the rudest most arrogant people I have ever met  euros for a bottle of water total rip off Never again,1.0,Negative,Negative,Negative,Negative,Negative,3/3,,0.75
Vienna,airport,Frederik Harder,2024-03-10,Its a maze if you want to miss you flight because of bad design and bad employee managment this is you airport The employees are nice and friendly enough but since i almost didnt get my flight  out of  times I cant say anything about the wifi food or shops The directions are horrible the number of employees are used the wrong way and all in all i am just happy i am leaving the airport and i will avoid it in the future,2.0,Negative,Negative,Negative,Negative,Negative,3/3,,1.0
Ural Airlines,airline,Wei Chen,2019-12-12,Moscow to Bishkek Avoid this airline Our flight was delayed and moved from one airport to another No explanation or compensation for transportation The staff attitude was absolutely terrible The flight we took was postponed three times and finally took off after  hours of waiting And while we were waiting we saw on the panel that every flight from Ural was delayed for at least  hours and every delayed flight was from Ural Please avoid,1.0,Negative,Negative,Negative,Negative,Negative,3/3,,1.0
Rwandair,airline,Barry Ross,2024-11-19,Disappointing delayed Kigali to London by  hours thus losing London train fares Not refundable No offer of meals accomodation no response to e mails Eventually responded with vague promise of accommodation Seem to happen often,3.0,Negative,Negative,Negative,Negative,Negative,3/3,,0.66
Frankfurt Hahn,airport,E O'Connor,2024-05-11,One of the worst airports Ive been to in ages  So bad felt compelled to review  queues were endless not enough staff no wifi not enough places to sit had to walk miles to the plane And its over an hour from Frankfurt Do not fly here,2.0,Negative,Negative,Negative,Negative,Negative,3/3,,1.0
Sharjah,airport,Talmeez Anwari,2022-03-19,I was travelling from Sharjah to Mumbai and staff at the checkin and screening process at gate no  were very rude to me They told me if I am pregnant its my problem and not theirs I am an idiot to travel and refused to help me at check in Also staff were asking me to pay extra for help my experience was really bad at Sharjah airport and wont recommend anyone to travel from Sharjah airport,1.0,Negative,Negative,Negative,Negative,Negative,3/3,,1.0
Avianca,airline,S Rene,2025-02-02,I have been Executive Platinum with American Airlines AA for at least  consecutive years and have flown close to  million miles with AA for the past two decades I have also flown with countless other Airlines across the world Avianca has to be the worst airline I have ever flown in my life Very low value for money and bad customer service Please avoid at all costs,1.0,Negative,Negative,Negative,Negative,Negative,3/3,,1.0
JetSmart,airline,P Rayire,2024-07-27,The flight was correct but the checkin was horrible very slow  disagreeable people especially at Santa Marta airport The staff on board was agreeable and the plane was on Time,2.0,Negative,Negative,Negative,Negative,Negative,3/3,,0.5856
Brindisi,airport,S Garmisi,2024-05-27,Sorry for the airport terrible experience they dont let you through with water I had a bottle with a medicine that I have to drink and I had to return to the bathroom and throw it away Bathroom were dirty no soap To wash Nowhere to seat at the gate and long long lines to buy expensive water   for a half a liter,5.0,Negative,Negative,Negative,Negative,Negative,3/3,,1.0
Nashville,airport,Bryan Blair,2024-03-22,Shuttle between terminals to get to bag claim takes forever Very poor design has shuttle bus  Absolutely no controls at ride share pickup Ubers double parried everywhere created  minute traffic jam delay If you come to Nashville airport plan to wait Everything takes three times longer than required Poor design and poor governance,3.0,Negative,Negative,Negative,Negative,Negative,3/3,,1.0
Salam Air,airline,Aly Kholousy,2025-01-04,Very bad experience both flights from Muscat to Salalah  Salalah to Muscat delayed more than  hours Without any consideration or pre announcement non response of customer care,1.0,Negative,Negative,Negative,Negative,Negative,3/3,,0.24599999999999989
Ernest Airlines,airline,S Ward,2019-08-17,Venice to Tirana Avoid like the plague Absolutely horrible service at check in Arrived  hours early and had to dash to security because of lack of signage and terribly slow service at check in lines Baggage policy is very strictkg limit and  euros for every kg over Agents were outwardly hostile,1.0,Negative,Negative,Negative,Negative,Negative,3/3,,1.0
Philadelphia,airport,H Rumpel,2024-12-31,Bathrooms were closed at a peak time  pm with  people in line When they did open they were dirty several doors did not lock and there were no paper towels and the dryers were broken The phone charging stations had limited usageavailability meaning they were not working There was food caked in the carpet at the E gate and the chairs were worn and dirty,1.0,Negative,Negative,Negative,Negative,Negative,3/3,,1.0
Sunwing Airlines,airline,Lusy Khach,2024-08-19,Extremely awful slow service hourly waits and no internet These people hold us up about their microphone and then say they resolved it  hours later when they just keep adding  minutes to their issues I cant believe flying with them when I know I couldve been on my vacation already but Im still dealing with their problems,1.0,Negative,Negative,Negative,Negative,Negative,3/3,,1.0
Thomson Airways,airline,H Quinn,2017-11-20,Manchester to Hurghada Checkin at Manchester was horrible line was massive Our flight was around  hour delayed and was not informed about the reason although requested The flight had no IFE and therefore was boring Was instructed by cabin crew to fill in a form for when we arrived in Egypt no pen was handed out so had to ask other passengers to borrow one which we thought was not acceptable Would only fly shorter routes with TUI in the future unless we were on a Boeing,7.0,Negative,Negative,Negative,Negative,Negative,3/3,,1.0
Africa World Airlines,airline,M Kusi,2019-02-10,Kumasi to Accra Very bad service my flight was delayed over hours and there was no communication from the staff as to the time we will board the flight Neither did they show any sense of sympathy towards our being delayed They completely ignored us knowing that theres not much we can do It mess up my business trip  I will surely not use this service again,1.0,Negative,Negative,Negative,Negative,Negative,3/3,,1.0
Ontario,airport,Victoria Norwich,2022-12-15,Its inconceivable that ONT International airport has to delay flight until the sun melts the ice off wings of planes Frontier Airlines should have left at  am and they could not de ice their plane ruining everyones connections Still sitting waiting for the sun to rise and maybe melt ice despite temperature will be the same at  am Incompetent and typical for California,1.0,Negative,Negative,Negative,Negative,Negative,3/3,,0.6621599999999997
Mihin Lanka,airline,R Perera,2016-08-09,Muscat to Madurai via Columbo with Mihin Lanka The worst airline I ever experienced Unexplained delay of  hours at Colombo At Madurai I received my baggage last even though I travelled in business class When I asked ground staff at Madurai to give complaint register they replied they they dont have such practice Food is another big hate They give menu card to select but they have only one type of food to serve,1.0,Negative,Negative,Negative,Negative,Negative,3/3,,1.0
Phoenix Sky Harbor,airport,S Harson,2023-02-28,Phoenix Sky Harbor is not set up up to accommodate people with injuries or disabilities I flew in and out of there in January and February with an injury and had bad experiences In January I had to walk long ways to get from rental car return to Sky Train and then waited  minutes for wheelchair assistance In February walked long distances again There needs to be assistance provided from rental cars to airline ticket desk,2.0,Negative,Negative,Negative,Negative,Negative,3/3,,1.0
Luxembourg,airport,M Vernon,2025-01-05,Awful experience Lufthansa informed me that my luggage was at the airport however none of the personnel had the capacity or the patience to locate it especially the lost and found service that they could not complete their job since they were supposed to leave at  Lufthansa informed me that the luggage was as the airport at  despite my pleading and informing them that I had important stuff such as some pills,1.0,Negative,Negative,Negative,Negative,Negative,3/3,,1.0
Xiamen,airport,Luke Hunt,2018-08-20,Horrible airport with no options Rude uncaring and pushy staff No padded seating Random bag searches aimed to make you buy a new ticket  NO wifi,1.0,Negative,Negative,Negative,Negative,Negative,3/3,,0.919090909090909
Olympic Air,airline,P Laws,2023-07-21,This flight might go down as the worst ever The flight was over  hours late That is not the bad part The bad part is that all passengers were brought outside and we had to wait at least  minutes in the BLAZING sun No water as we were thru security and there is no place to get water I seriously thought that I was going to faint from heat stroke The customer service from the time I booked my flight has been awful,2.0,Negative,Negative,Negative,Negative,Negative,3/3,,1.0
Sal,airport,Michael Hew,2023-02-26,Almost a shambles Wait an hour a half for boarding pass  to check in luggage a further hour through customs  flights going out only two desks open then a further  minutes in passport control So badly managed and very badly understaffed,2.0,Negative,Negative,Negative,Negative,Negative,3/3,,1.0
Read more,airport,Gar Pross,2024-09-07,Worst airport ever Rude staff at passport control and at security Cost of food is extortionate  for basic MacDonalds I paid  for four basic drinks and small snacks I am well travelled and this is by far the worst airport I have ever had the misfortune to depart from It has put me off returning to Turkey I am not surprised that tourism is on the decline,1.0,Negative,Negative,Negative,Negative,Negative,3/3,,1.0
Stockholm Arlanda,airport,B Allen,2024-07-28,Absolutely awful No signage Contradictory information from staff A transfer bus to terminal  that took us to an enclosed area with only chocolate fizzy drinks and coffee in a vending machine No restaurants Unacceptable,1.0,Negative,Negative,Negative,Negative,Negative,3/3,,0.612
St Petersburg,airport,S Jansen,2019-10-01,Absolute terrible experience with this airport it takes ages to get through customs We have been in a queue of  hrs in order to transfer to the next flight It took  hrs to check the passports of  people they did not check the luggage All in all a massive let down when you arrive at am and you have to stand for  hrs just to get in,1.0,Negative,Negative,Negative,Negative,Negative,3/3,,1.0
MIAT Mongolian Airlines,airline,C Han,2019-08-18,Hong Kong to Ulannbator Overall quality of flight is very bad upon Value to money Firstly business class seat has no entertainment at all Nothing Secondly the seat was almost not able to recline And Front to back space is still tight Thirdly food was just okay if it is economy class but for business class it was actually not good  The toilet was horrible and not clean and toilet seat is always cant hold straight up,1.0,Negative,Negative,Negative,Negative,Negative,3/3,,1.0
Rome Ciampino,airport,P Lee,2019-07-08,This airport has much potential but its so badly managed that it totally destroyed the customer experience The queues to board the plane were horribly long with no attendants to manage The busses were slow and actually ferried passengers for a later flight prior to ours which was  minutes to boarding There were no seats for everyone The staff were rude and unfriendly Overall one of the worst airports I have seen Very surprising for an European country,1.0,Negative,Negative,Negative,Negative,Negative,3/3,,1.0
Banjul,airport,David Taylor,2020-02-21,Terrible the airport is being redeveloped and is a mess Arrivals and departures are handled via a roughly constructed shed like entrance and exit which is hopelessly overcrowded Security on arrival is slow and visa is obtained at the entrance  staff reasonably efficient Baggage check on exit is slapdash and chaotic No airbridges  you are bussed to and from your flights,2.0,Negative,Negative,Negative,Negative,Negative,3/3,,1.0
WOW air,airline,G Hallam,2019-03-27,Detroit to London via Keflavik Absolutely awful  Cancels flights delayed flights atrocious customer service Every single thing about this experience was awful I will never fly WOW air again,1.0,Negative,Negative,Negative,Negative,Negative,3/3,,1.0
Denver,airport,Kim Davis,2024-08-06,Flight was delayed for weather completely understand the need for safety and rerouting for fuel in Salt Lake City postponing arrival by  hours however waiting another  minutes is horrible Baggage service agents are rude as if paying customers should just accept being at the airlines mercy,2.0,Negative,Negative,Negative,Negative,Negative,3/3,,1.0
Tailwind Airlines,airline,Blagica Ristova,2023-10-12,My review for this company is very bad their flights are late I have been waiting at the airport for  hours When I wanted to contact them for compensation it was not possible Very irresponsible of an airline A disaster,2.0,Negative,Negative,Negative,Negative,Negative,3/3,,0.30299999999999994
Biman Bangladesh Airlines,airline,18 reviewsZiauddin Ahmed,2023-04-19,I was traveling from Bangkok to Dhaka I purchased the one way ticket online from Bangladesh one month back prior my journey and received  discount Ground service was good Food was very poor in quality and taste Entertainment was bad,5.0,Negative,Negative,Negative,Negative,Neutral,3/3,,0.07487999999999997
Venice Treviso,airport,J Kuzminska,2017-07-11,Treviso airport is utterly chaotic Possibly the worst I have ever been through Staff impatient and rude exit to departure gates totally inadequate for the amount of people travelling at busy times We almost missed our plane despite the fact we were at the airport two hours before our flight left  the queue was simply at a standstill I will never ever go to this badly organised airport again in my life Marco Polo is much better,1.0,Negative,Negative,Negative,Negative,Negative,3/3,,1.0
Bremen,airport,Eoin Jones,2017-07-17,This Airport is very small and convenient however when the weather gets bad you can expect a delay of up to  hours Inside a small waiting room with no facilities including toilets Ryanair terminal has limited seating so you could end up standing or sitting on the floor,6.0,Negative,Negative,Negative,Negative,Negative,3/3,,1.0
Dortmund,airport,L Martin,2019-12-22,Terrible airport Queue outside for over  minutes to get into the terminal despite only  aircraft in the entire airport Another  min wait inside People queue jumping moving barriers and simply walking around the queues Dirty toilets Horrendous experience Avoid if at all possible,1.0,Negative,Negative,Negative,Negative,Negative,3/3,,1.0
Uganda Airlines,airline,C Blofield,2023-08-26,Pathetic airline not only does flights always get delayed I sat at the airport for  hours the first time but called to board multiple times and then sent back so cant even try to sleep Youre told to wait in the cafeteria for a meal voucher and when is a complete lie because they let you wait for hours and no meal voucher is ever given Pathetic airline,1.0,Negative,Negative,Negative,Negative,Negative,3/3,,1.0
Red Wings Airlines,airline,R Marenko,2022-06-24,The worst experience of my life Flight delayed by over  hours no information no one notified me ahead of time Ive been in the airport since  am No compensation Airline staff incredibly rude and unhelpful Never ever ever use it,1.0,Negative,Negative,Negative,Negative,Negative,3/3,,1.0
Aruba Reina Beatrix,airport,Helen Mondeo,2025-01-14,Lines are backed up at this airport with only  luggage scanners working We stood in a hardly not moving line for  hrs and almost missed our flight The staff seems to work hard but doesnt explain anything as to what is causing the backed up lines Not looking forward to travelling to Aruba because of the horrible departure,1.0,Negative,Negative,Negative,Negative,Negative,3/3,,1.0
Venice Treviso,airport,J Kuzminska,2017-07-11,Treviso airport is utterly chaotic Possibly the worst I have ever been through Staff impatient and rude exit to departure gates totally inadequate for the amount of people travelling at busy times We almost missed our plane despite the fact we were at the airport two hours before our flight left  the queue was simply at a standstill I will never ever go to this badly organised airport again in my life Marco Polo is much better,1.0,Negative,Negative,Negative,Negative,Negative,3/3,,1.0
Mango Airlines,airline,Jacob Gloy,2021-01-04,Worst airline in South Africa No communication about  mins flight delay Late boarding with no explanation  Mango has a poor and slow bookin process I will try to avoid flying with Mango again,1.0,Negative,Negative,Negative,Negative,Negative,3/3,,0.612
Primera Air,airline,Kevin Cusack,2018-09-22,Alicante to Stansted Terrible delay Delayed  hours and no information as to why Check their flight history all are delayed Soon to go out of business I think Booked because of the cost and the leg room was good Sat on the tarmac for  mins without AC,1.0,Negative,Negative,Negative,Negative,Negative,3/3,,1.0
Stockholm Arlanda,airport,F Alexandersson,2024-06-03,Worst arrival for a UK flight Took  min to go through the passport control as they only had two border checks open As soon as the EU passengers passed they just closed the other booth The whole plane had to wait for ridiculous delays with checks Easier to get into Hades,2.0,Negative,Negative,Negative,Negative,Negative,3/3,,1.0
Hyderabad,airport,1 reviewsN Rajashekhar,2024-07-07,Travelling from Bangalore to Nashik via Hyderabad Worst airport experience at Hyderabad Airport  For domestic transfers they have single line security check queue was very very long Domestic transfers passengers were under pressure of catching next flight but no one were assisting them Security staff CISF people are very rude Gates are extremely scattered,2.0,Negative,Negative,Negative,Negative,Negative,3/3,,1.0
Salam Air,airline,Aly Kholousy,2025-01-04,Very bad experience both flights from Muscat to Salalah  Salalah to Muscat delayed more than  hours Without any consideration or pre announcement non response of customer care,1.0,Negative,Negative,Negative,Negative,Negative,3/3,,0.24599999999999989
Jordan Aviation,airline,M Gasam,2024-08-11,The worst airline I ever dealt with We had constant delays  hours back and forth where we were stuck at the airport the entire time without proper communication The airplanes were in bad condition as half of the seats are broken The customer service is terrible as they stop responding to your messages after your trip and refuse to provide you any reason for the delays nor paperwork requested by insurance Zero compensation given,1.0,Negative,Negative,Negative,Negative,Negative,3/3,,1.0
Lyon,airport,Bob Penn,2023-04-16,After some bad experiences whilst the new terminal was built I thought I would give it another go I will not be making that mistake again Arrived  hours before flight home on  Got to gate hours later  thankfully plane had been delayed or we and pretty well everyone else due to travel would have missed it Inadequately staffed and managed and thoroughly unpleasant end to our holiday Oh and WiFi not working,1.0,Negative,Negative,Negative,Negative,Negative,3/3,,1.0
Kenya Airways,airline,C Herson,2025-01-23,Terrible experience  hrs stuck in Nairobi Getting emails about flight delay due to technical fault but none of the staff in the airport aware No real life support provided Terrible service from this airline Avoid if possible,1.0,Negative,Negative,Negative,Negative,Negative,3/3,,0.7585714285714286
Paramaribo,airport,8 reviewsS Gorton,2023-04-03,Very slow service at the immigration and at the luggage belt We spent  hours in the airport after arrival This is really bad given that here is like  flights a day only Airport is old and falling apart,1.0,Negative,Negative,Negative,Negative,Negative,3/3,,0.26159999999999994
Avianca Ecuador,airline,Jose Nunez,2022-08-23,Still waiting for a refund from September  Terrible customer service I am trying to reach out to someone and get help but it is impossible no body replies to my emails and if you call them you can not talk with the department in charge of refunds,1.0,Negative,Negative,Negative,Negative,Negative,3/3,,1.0
Cairo,airport,B Dias,2025-01-06,Worst airport ever Long queues for first security screening the checkin at the counter because Air Cairo doesnt allow electronic boarding passes then passport control Took  hours Then another long queue to get into departure gate since they ask again for security screening Our belongings have been put together with people shoes and fall on the floor everything then is dirty even the neck pillow Not enough staff or proper equipment Will not go via Cairo again,1.0,Negative,Negative,Negative,Negative,Negative,3/3,,1.0
Avianca,airline,S Rene,2025-02-02,I have been Executive Platinum with American Airlines AA for at least  consecutive years and have flown close to  million miles with AA for the past two decades I have also flown with countless other Airlines across the world Avianca has to be the worst airline I have ever flown in my life Very low value for money and bad customer service Please avoid at all costs,1.0,Negative,Negative,Negative,Negative,Negative,3/3,,1.0
flyadeal,airline,A Hadi,2022-03-14,Worst airline ever  You cant carry a laptop bag unless you pay for it  You cant get your drink on board you have to throw it  So much delay waiting to be seated  All flights from Dammam airport go through gates directly to the aircraft without using a bus except for this airline  So much delay waiting in the bus to get into the aircraft,1.0,Negative,Negative,Negative,Negative,Negative,3/3,,1.0
Hartford,airport,Catalin Fotache,2018-05-08,Not Verified  Departure ok but Hartford is awful at baggage claim When you come from a late or long flight the last thing you want is to wait half hour an hour or more at the belt Which is what always happened to me How hard can it be to improve this even a little,4.0,Negative,Negative,Negative,Negative,Negative,3/3,,1.0
Dubai,airport,M Maier,2024-12-07,Awful airport  hour trip by bus from the aircraft to the arrival terminal Then another hour to get through passport control Automated passport control did not work in  of all passengers Then queueing again for the manual passport control Worst airport I have ever been,2.0,Negative,Negative,Negative,Negative,Negative,3/3,,1.0
Volotea,airline,E Malesa,2025-03-24,A very decent company The service is up to par for a very reasonable price No delays on this Lille Barcelona Lille line which I used several times this year Une compagnie trs correcte Le service est  la hauteur pour un prix trs raisonnable  Pas de retard pour ce qui est de cette ligne lille Barcelone lille utilise plusieurs fois cette anne,10.0,Negative,Negative,Negative,Negative,Negative,3/3,,0.67818
Bamboo Airways,airline,Chiara Iannace,2024-03-28,Avoid Bamboo Airways at all costs They cancelled my flight in August and owe me over  in refunds Despite chasing them weekly for seven months theyve failed to reimburse me Terrible service and total disregard for customers Steer clear,1.0,Negative,Negative,Negative,Negative,Negative,3/3,,0.84
Curacao,airport,Francis Verdun,2019-02-08,The security check is very over zealous threw my liquids away because I had no zip lock plastc bag in spite of the fact that I came back witha zip lock plastic bag bought  USD  at Britshop I had thus my medicine put in the trash Is there any frustration from this people No lounge for business travelers because of construction A coupon instead so you can have a beer Very bad experience,1.0,Negative,Negative,Negative,Negative,Negative,3/3,,1.0
Stockholm Arlanda,airport,F Alexandersson,2024-06-03,Worst arrival for a UK flight Took  min to go through the passport control as they only had two border checks open As soon as the EU passengers passed they just closed the other booth The whole plane had to wait for ridiculous delays with checks Easier to get into Hades,2.0,Negative,Negative,Negative,Negative,Negative,3/3,,1.0
Blue Air,airline,G Barliti,2022-08-24,We had a terrible experience with this company Traveling with  small kids we were assigned different seats and also had to pay  euros check in tax beacuse it was impossible to make the check in online I understand that check in should happen at the airport when traveling with small kids but why the extra tax The staff at the check in counter and also inside the plane are very unprofessional I would not recommend traveling with this air company unless no other alternative,1.0,Negative,Negative,Negative,Negative,Negative,3/3,,1.0
Titan Airways,airline,David Maynard,2022-08-04,Nice cabin crew poor food offering Arms on seats broken No entertainment screens or radio available Spent nearly  on holiday and felt like we were given the cheapest flight going Also window was in a stupid position couldnt look out of it unless you leaned forward Seat belt buckles full of grime terrible considering the Covid situation,3.0,Negative,Negative,Negative,Negative,Negative,3/3,,1.0
Alicante,airport,Mats Hemmingsson,2023-09-11,Absolutely terrible Obsolete information and hard to find your way around When we came to return our rental car it was very difficult to understand were to go and we went the wrong way twice And we were not alone Then no restaurant except Burger K before you come to the gates And they made the entrance to the gates long by forcing everyone to go trough the tax free shopping area  In the gate area there was very late info of witch gate to go to,2.0,Negative,Negative,Negative,Negative,Negative,3/3,,1.0
Luxor,airport,A Watson,2015-01-19,Arrived at the airport from Gatwick Was pestered by touts selling visas Went to the visa  bank kiosk and got the visa there Queued at the passport control for it stamping then went to collect the baggage They are supposed to be random baggage checks but the customs men singled out the most vulnerable to look in their cases By that I mean the elderly and women travelling alone They take all your carefully packed stuff out then leave you to put it back They are rude,1.0,Negative,Negative,Negative,Negative,Negative,3/3,,1.0
Turkmenistan Airlines43 Reviews,airline,Muhammetali Nurgeldiyev,2020-01-24,I flew flight T  from Ashgabat to Istanbul  The plane is old The food is terrible There were no delays The staff is not bad The flight was not very comfortable The seats are uncomfortable Overall was not very satisfied because the priceperformance ratio is terrible,3.0,Negative,Negative,Negative,Negative,Negative,3/3,,1.0
Hewanorra Intl,airport,K Cooke,2017-06-29,Arriving into St Lucia Hewanorra airport was no problem except they make you deplane on a lot of steps down to the tarmac Leaving this airport to come home is awful Extremely hot with tons of people crammed into a small space The food is outrageous We had  burgers  fries and  diet sodas and it was  or  US money Its not even that good We will not go back to St Lucia because of the bad experiences we had leaving to come back to the States,4.0,Negative,Negative,Negative,Negative,Negative,3/3,,1.0
Tunisair,airline,Mehdi Bani,2025-02-03,Flight has been delayed for at least  hours with no information Am still front of the boarding gate need to wait another  hours Even we dont know the reason of the delay Disgusting,2.0,Negative,Negative,Negative,Negative,Negative,3/3,,1.0
Warsaw Chopin,airport,E Donayte,2024-04-20,Security guys did not speak English They were very unprofessional for one tool they took everything did a complete mess from the bag  times and did not let to show even that it was The tool was on the side pocket  min scanning the bag while the told was on the side pocket horrible Not even decent place to make the check on the middle of the line shouting on me for the skate tool like a committed the crime the tool was not even sharp,1.0,Negative,Negative,Negative,Negative,Negative,3/3,,1.0
Germanwings,airline,Karen Kirner,2016-08-16,I have been a frequent traveler for  years and have flown every distance and cabin from first class to budget Yet I have never been treated as badly as on todays Germanwings flight from Dsseldorf to Vienna The purser was outright cruel,1.0,Negative,Negative,Negative,Negative,Negative,3/3,,1.0
Phu Quoc,airport,Deborah Stothert,2020-01-23,Travelling there in April was awful It is brand new but loads of problems  Upon arrival it took two hours to get through visa control  Leaving it took two hours to check in  Four coffees in departures US Hardly anything to buy  no tobacco and spirits more than in the UK,2.0,Negative,Negative,Negative,Negative,Negative,3/3,,1.0
Thai Lion Air,airline,C Palino,2024-01-25,First they delayed the flight but I see that this is the norm for Thai Lion Air I was charged k THB for the luggage at the counter youll think why dont you take online before going to airport  because I checked on the website under manage your booking and the only options was to buy an insurance no seat selection or baggage allowance Please avoid if not necessary is really a very bad managed company,2.0,Negative,Negative,Negative,Negative,Negative,3/3,,1.0
Air Austral,airline,V Meilner,2019-05-18,La Runion to Paris We missed our connection flight because of the delay of the the first flight with Air Austral The worst thing about was the service of the staff at the airport at CDG At first they denied to speak English and booked us for a flight  hours later but other travelers were book on an earlier flight with the same destination Vouchers for food or drinks were also denied although it is EU law It was the impoliteness and ignorance of the staff that made the experience with Air Austral this bad,2.0,Negative,Negative,Negative,Negative,Negative,3/3,,1.0
GoAir,airline,M Gupta,2021-07-25,Worst service ever Rerouted my direct flight to Lucknow made my journey  hours longer add to that another  hour for operational delays Charged for web check in done online or at the airport both Bad service No professionalism at all No COVID safety precautions Sprayed disinfectants right next to where passengers were seated Never flying with GoAir again,2.0,Negative,Negative,Negative,Negative,Negative,3/3,,1.0
Jetblue Airways,airline,J Merson,2025-03-17,Having a delay is one thing But keep us informed when you do have a delay Sitting for over  hours while the intended flight crew goes to another airport They cobbled together a flight crew hours later We do get an apology as we waited even longer in the plane This discount experience wasnt worth it Next time Ill wait a few days and take Breeze Im tired of JetBlue taking its customers for granted Maybe offer us a drink for our hours long inconvenience I doubt it I just hope we get home,1.0,Negative,Negative,Negative,Negative,Negative,3/3,,1.0
Queenstown,airport,G Marton,2024-01-25,Seriously wanting Facilities airside for international departures are very poor food and beverage is practically nonexistent seating is woeful and there are no charging ports I can forgive the lack of an airbridge in summer at least  I hate to think what its like in winter This isnt helped by Virgin Australia not having any international lounges and the terminal barely large enough to cope maybe a new airport at Taras wouldnt be such a bad idea,3.0,Negative,Negative,Negative,Negative,Negative,3/3,,1.0
Sitia,airport,T Delikanakis,2021-07-19,One of the worst airports Ive ever visited Our flight was delayed  hours and we were left to sit at the gate without any air conditioning nor beverages nor food We werent even allowed to get something to drink This is unacceptable and I would not recommend Sitia airport to anyone,1.0,Negative,Negative,Negative,Negative,Negative,3/3,,1.0
Syracuse Hancock,airport,Scott Rabe,2021-06-23,Waited  minutes thru security yesterday and was closed out of my  to Charlotte after finally getting to the gate at  Get there  hrs early these days TSA painfully slow No sense of urgency or willingness to help Horrible Cost my company thousands in missed meetings Complete joke,2.0,Negative,Negative,Negative,Negative,Negative,3/3,,1.0
TUS Airways,airline,Ashira Darwish,2023-08-04,The duration of thr flight is  minutes the flight has been delayed for  hours and we have been at the airport since the delay was not reported to us by the airline not an email has been sent I have been trying to contact customer service via email WhatsApp and messenger and no one has responded There are no staff at the service desk they just keep delaying without any notice We want to cancel the flight instead of spending  hours waiting for a one hour flight but no one is responding Horrible service,1.0,Negative,Negative,Negative,Negative,Negative,3/3,,1.0
euroAtlantic Airways,airline,Tanmay Trivedi,2021-08-31,Flying from Male to Toronto Flight was  hours late from Male Very bad inflight services We have been served food only once since last  hours No snack tea or coffee Lights were turned off throughout No infotainment on the plan Not even charging ports,1.0,Negative,Negative,Negative,Negative,Negative,3/3,,1.0
Iberia Express,airline,J Gaughran,2024-08-19,flights cancelled and more than  hours late No communication rude customer service telephone line and pathetic attempt at compensation Dont use this airline,1.0,Negative,Negative,Negative,Negative,Negative,3/3,,0.33
Heraklion,airport,Andreia Restolho,2023-08-22,Horrible experience Unorganized Dirty very silo Disgusting bathrooms The smell of urine was so much It leaves very little desire to return  Experincia horrvel Desorganizado Sujo muito silo As casas de banho nojentas O cheiro a urina era tanto Deixa muito pouca vontade de voltar,1.0,Negative,Negative,Negative,Negative,Negative,3/3,,1.0
Turkmenistan Airlines,airline,Muhammetali Nurgeldiyev,2020-01-24,I flew flight T  from Ashgabat to Istanbul  The plane is old The food is terrible There were no delays The staff is not bad The flight was not very comfortable The seats are uncomfortable Overall was not very satisfied because the priceperformance ratio is terrible,3.0,Negative,Negative,Negative,Negative,Negative,3/3,,1.0
Mykonos,airport,I Farrow,2018-10-01,Abrupt and rude staff Departure lounge has  person serving in the cafe She makes the coffee gets the food takes the cash A guy smashed a bottle of wine and she went to mop it up Hence extremely slow service Rubbish place,1.0,Negative,Negative,Negative,Negative,Negative,3/3,,1.0
Varadero,airport,M Vaziri,2019-12-24,Flight was delayed  hours and representatives are running away from passengers asking for help They overprice necessities like bottles of water so everyone in this delayed flight is stranded here with no food or water and representatives are ignoring us No one speaks English and those who do refuse to help Very disappointing,1.0,Negative,Negative,Negative,Negative,Negative,3/3,,1.0
Ho Chi Minh City,airport,David Egglestone,2024-11-24,Terrible arrival process  minutes Departure was  minutes Requirement to take shoes off including flip flops Overwhelmed by passenger numbers but inadequate staff for immigration and security as not all counters open,1.0,Negative,Negative,Negative,Negative,Negative,3/3,,1.0
Southampton,airport,Sarah Clarke,2022-07-02,No information on website for arrival details of plane therefore cannot time arrival at airport to greet passengers arriving Telephone call to contact number on website    doesnt help automated service that despite what you say directs you to lost baggage I visit most airports on a daily basis greeting passengers Southampton is terrible no information and nowhere to get the information from Sort it out Southampton never experienced this in any other airport,1.0,Negative,Negative,Negative,Negative,Negative,3/3,,1.0
Timimoun,airport,Lukasz Kalinowski,2016-05-09,Timimoun airport is a small terminal serving a very small number of flights daily but this does not explain the lack of any facilities for passengers apart from dirty toilets You can not buy anything here  no food no drink not even a bottle of water Stock up on food and water as the Air Algerie flight will likely be delayed for a couple of hours or cancelled altogether No shop No kiosk No cafeteria  nothing The town is  minutes away Hard metal seats will add to the long waiting hours,1.0,Negative,Negative,Negative,Negative,Negative,3/3,,1.0
Pacific Airlines,airline,Rakesh Arora,2024-07-25,The counter staff and staff at gate is non coperative No system of boarding Politeness missing The Staff told us to stand in que as shown by them and we were allowed to board at last Why they put us in that que they could not give any reply No one to supervise It was a bad experience Flight VN  dated th july,1.0,Negative,Negative,Negative,Negative,Negative,3/3,,1.0
Air Arabia,airline,Far Akh,2024-07-23,You cant imagine how bad their customer service is It was about  hours delayed and I was travelling with my  little daughters    and they refused my compensation They even didnt even serve the food for my small daughters I knew how difficult my day was with this long delay and with my  little daughters,2.0,Negative,Negative,Negative,Negative,Negative,3/3,,1.0
Varadero,airport,M Vaziri,2019-12-24,Flight was delayed  hours and representatives are running away from passengers asking for help They overprice necessities like bottles of water so everyone in this delayed flight is stranded here with no food or water and representatives are ignoring us No one speaks English and those who do refuse to help Very disappointing,1.0,Negative,Negative,Negative,Negative,Negative,3/3,,1.0
Wideroe,airline,M Hayes,2024-12-14,The airline cancelled our am flight  hours before takeoff we had already arrived at the airport The flight was still leaving at  the airline decided to downgrade the size of the plane They offered  euros voucher for a  hour wait until the next flight was leaving The customer service was terrible avoid flying with this airline wherever you can,1.0,Negative,Negative,Negative,Negative,Negative,3/3,,1.0
Berlin Tegel,airport,1 reviewsW Edwards,2020-09-18,Treat the travellers terribly Insisted on one bag per person on your journey on the plane Even when you paid for  on your outward journey They have everyone queuing outside the airport to get in yet the departures lounge is the size of a parrots cage They offer very little duty free and have one unit selling hot drinks and food resulting in rip off prices Overall the staff are bullish and downright rude,1.0,Negative,Negative,Negative,Negative,Negative,3/3,,1.0
Orient Thai Airlines,airline,Bob Turnbull,2013-03-06,Flew from Phuket to Bangkok on th February When we arrived at airport were told flight was delayed  hour due to late arrival of incoming flight hours later when we did take off we were still none the wiser as to why the incoming aircraft was late,0.0,Negative,Negative,Negative,Negative,Negative,3/3,,1.0
Warsaw Chopin,airport,E Donayte,2024-04-20,Security guys did not speak English They were very unprofessional for one tool they took everything did a complete mess from the bag  times and did not let to show even that it was The tool was on the side pocket  min scanning the bag while the told was on the side pocket horrible Not even decent place to make the check on the middle of the line shouting on me for the skate tool like a committed the crime the tool was not even sharp,1.0,Negative,Negative,Negative,Negative,Negative,3/3,,1.0
Split,airport,Jonathan Miller,2023-08-14,Misleading and subpar My luggage got lost and at the counter where I reported it they told me that the luggage should arrive the day after They gave me a receipt with their contact phone number and a website address to check on the status What do you know  its been  hours after arrival already no sign of luggage the website address printed on the receipt doesnt exist and nobody is answering the phone Terrible service especially knowing that the local economy and peoples livelihoods rely on tourism,1.0,Negative,Negative,Negative,Negative,Negative,3/3,,1.0
Split,airport,Jonathan Miller,2023-08-14,Misleading and subpar My luggage got lost and at the counter where I reported it they told me that the luggage should arrive the day after They gave me a receipt with their contact phone number and a website address to check on the status What do you know  its been  hours after arrival already no sign of luggage the website address printed on the receipt doesnt exist and nobody is answering the phone Terrible service especially knowing that the local economy and peoples livelihoods rely on tourism,1.0,Negative,Negative,Negative,Negative,Negative,3/3,,1.0
Valencia,airport,Milena Mazzoli,2023-03-28,Beware of the awful Ryanair hostesses The airport is small but fine The real hustle are the Ryanair hostesses at the gate Truly horrible experience Make sure you stuff your pockets with any excess item they will charge you almost  euros for a tiny purse without giving you the time to reorganize your backpack Even threatening that you will miss your flight if you dont pay Terrible,2.0,Negative,Negative,Negative,Negative,Negative,3/3,,1.0
Air Mauritius,airline,Naser Alsu,2024-08-01,Do not fly Air Mauritius  go for South Africa Airlines This airline is so bad they canceled the flight  times I have to stay for  days in Mauritius I lost my hotel resvation in Johannesburg plus my business meeting and my transportation from airport Full of rubbish,1.0,Negative,Negative,Negative,Negative,Negative,3/3,,1.0
Nashville,airport,Bryan Blair,2024-03-22,Shuttle between terminals to get to bag claim takes forever Very poor design has shuttle bus  Absolutely no controls at ride share pickup Ubers double parried everywhere created  minute traffic jam delay If you come to Nashville airport plan to wait Everything takes three times longer than required Poor design and poor governance,3.0,Negative,Negative,Negative,Negative,Negative,3/3,,1.0
Avianca Ecuador,airline,G Garton,2022-08-05,Horrible experience we bought tickets for Galapagos and when me and my family arrived to the check in we were we need to pay  dollars more for every ticket we are a family of  because we are not Ecuador citizens This was not written anywhere on their siteon the ticket or while purchasing the ticket They argued there was a pop up screen when we bought the ticket which is just making no sense and is actually a blackmail Would not recommend flying with this horrible company,1.0,Negative,Negative,Negative,Negative,Negative,3/3,,1.0
Stockholm-skavsta,airport,S Vaughan,2017-09-02,Stockholmskavsta is an absolutely appalling airport At least  to get to Stockholm Staff are rude Takes ages to get through security Dont bother with the airport lounge You are offered a bag of crisps and revolting coffee The whole thing is a nightmare from beginning to end Use one of the other airports,1.0,Negative,Negative,Negative,Negative,Negative,3/3,,1.0
Mexico City,airport,J Wataon,2024-04-03,Ive been through this airport a dozen times and it is a disaster Its hot dirty disorganized and always late They broadcast the departure times on screens that have dozens of advertising so you have to wait you til the carousel finishes advertising to you before you can run to your gate I have never taken a flight here that has arrived or left on time Having traveled to  countries in the world and at least  airports in Mexico this one is the absolute worst,1.0,Negative,Negative,Negative,Negative,Negative,3/3,,1.0
Detroit,airport,Joe Alexander,2023-04-02,After arrival the departure roads were completely backed up so no shuttles could get in Didnt matter because my family has been waiting over  hours for our baggage Still waiting This airport is horrible,1.0,Negative,Negative,Negative,Negative,Negative,3/3,,0.96
Denver,airport,Kim Davis,2024-08-06,Flight was delayed for weather completely understand the need for safety and rerouting for fuel in Salt Lake City postponing arrival by  hours however waiting another  minutes is horrible Baggage service agents are rude as if paying customers should just accept being at the airlines mercy,2.0,Negative,Negative,Negative,Negative,Negative,3/3,,1.0
Paramaribo,airport,8 reviewsS Gorton,2023-04-03,Very slow service at the immigration and at the luggage belt We spent  hours in the airport after arrival This is really bad given that here is like  flights a day only Airport is old and falling apart,1.0,Negative,Negative,Negative,Negative,Negative,3/3,,0.26159999999999994
Dunedin,airport,Peter Dickinson,2018-11-29,The airport should be embarrassed A  min queue to get through the  security station that was open According to the cafe staff today was a small queue its normally worse Then everyone herded into an undersized overheated lounge and flight was delayed probably due to the queues This is despite the public announcement  mins prior that the flight was now boarding Please Dunedin airport get somebody who knows what they are doing,1.0,Negative,Negative,Negative,Negative,Negative,3/3,,1.0
Southampton,airport,Sarah Clarke,2022-07-02,No information on website for arrival details of plane therefore cannot time arrival at airport to greet passengers arriving Telephone call to contact number on website    doesnt help automated service that despite what you say directs you to lost baggage I visit most airports on a daily basis greeting passengers Southampton is terrible no information and nowhere to get the information from Sort it out Southampton never experienced this in any other airport,1.0,Negative,Negative,Negative,Negative,Negative,3/3,,1.0
Casablanca,airport,Camille Morgan,2024-02-24,The worst airport I have been to Dirty outdated poor signage lack of staff and lack of amenities Waited  hours for baggage claim Unloaded on the tarmac and crowded on to a dirty over crowded bus Once outside swarmed by peddlers who were quite persistent A very unpleasant experience after a very long flight If I never go there again it will be too soon Travelers beware,1.0,Negative,Negative,Negative,Negative,Negative,3/3,,1.0
Spirit Airlines,airline,W Smith,2025-03-21,Im so disappointed in Spirit Airlines They delayed my flight for over  hours and then offered me a  voucher for my inconvenience As customers approach the help desk they are not greeted at all the reps look at them angrily and they act like it is such a bother to answer customer questions,1.0,Negative,Negative,Negative,Negative,Negative,3/3,,1.0
Air Panama,airline,G Vanatech,2019-04-18,Panama City to David This airline is terrible They made my lbs Yorkie go in the luggage area They wanted me to buy one of their containers At security they took my tweeter and very small scissors Mind you I traveled with my pet in cabin and these  items from USA to Costa Rica and Costa Rica to Panama but in a domestic flight from Albrook to David it wasnt allowed,1.0,Negative,Negative,Negative,Negative,Negative,3/3,,1.0
flybondi,airline,3 reviewsE Lanerez,2023-10-15,Local low cost airline from Argentina Delayed thrice changed airports  hours before departure All designed to cheat passenger of more money The planes were filthy And worst of all in flight service glasses are made of polystyrene Pay for Aerolneas is worth it,3.0,Negative,Negative,Negative,Negative,Negative,3/3,,1.0
Alitalia,airline,T Ellison,2021-09-24,A terrible experience A disgrace From the wifi not working not as advertised to the lack of service on flight for over  hours we were left without drinks no juices nor any other drink was served except for water that you had to get up and go ask for to the  hostesses at the checkin making sexist comments about my husband being  years older than me They literally gossiped in my face in Italian while checking my documents unaware that I speak Italian too Needless to say this happens only with Alitalia,1.0,Negative,Negative,Negative,Negative,Negative,3/3,,1.0
Beijing Capital,airport,Ivan Stacy,2024-10-06,The airport seems to get worse every time I use it  long queues at check in immigration and delays at baggage reclaim Check in at T is particularly slow because for some reason they insist on having large numbers of passengers reopen their checked baggage at the counter Flightside food and drink options are awful and almost nonexistent in T  most of the floor space seems to have been given over to luxury handbags and perfumes,3.0,Negative,Negative,Negative,Negative,Negative,3/3,,1.0
Wings Air,airline,Kyaw Kyaw Tun,2023-11-08,Our flight is initially scheduled to leave on am that was delayed and changed to  pm and it was dealyed again to pm They packed all the passengers into the aircraft before it took off and the AC was not on i feel extremely suffocated and hot inside the plane with very poor ventilation inside This is inhumane and also we have lost the whole day of our time in Lombok due to their flight delay I will never fly again with them,1.0,Negative,Negative,Negative,Negative,Negative,3/3,,1.0
Colombo,airport,2 reviewsA Maylen,2024-01-04,Airport is badly organised and incompetent Delayed flight but no information what to do Bag drop was  desk and took hours for small number of passengers Refused to respect our bought and paid for extra leg room seats Restaurants very limited Wifi not functional Toilets filthy Not enough seating Security xray scanning a joke,1.0,Negative,Negative,Negative,Negative,Negative,3/3,,1.0
John Wayne,airport,Carolyn M Willis,2018-03-27,I landed with wheels down at  PM I was the fifth person off the aircraft and it took till  to get my bag back That is horrible This airport is way too small to justify that laziness and tardiness in a frequently visited area I am a business traveler from Atlanta and Delta has bags up in  min at one of the busiest airports Get it together and build your quality,4.0,Negative,Negative,Negative,Negative,Negative,3/3,,1.0
Egyptair,airline,Sandy Khouzam,2024-11-09,The entertainment screens didnt work during the whole round trip the going and the return flights in our both seats my husband and mine  Very dirty airplane  rude and unprofessional crew in the going flight Worst experience not worthy at all the ticket price Will not fly with Egyptair again Waiting for compensation from their side for thefour non working screens,1.0,Negative,Negative,Negative,Negative,Negative,3/3,,1.0
Omni Air International,airline,T Deane,2021-07-12,The worst airline Ive ever flown on The airplane was shabby and dirty inside The flight crew was inattentive and rude They couldnt be bothered to do a thing for anyone got aggressive and rude if anyone dared bothered them or go against their will  This was a military charter flight every passenger was respectful well behaved and obedient to begin with not just random members of the public yet the flight crew treated us like trash from the first minute of the flight till the last,1.0,Negative,Negative,Negative,Negative,Negative,3/3,,1.0
Copa Airlines,airline,Dario Bruno,2025-03-01,I got to the airport  hour before departure a quiet airport that wasnt busy They told me they couldnt accept my bags due to being  minutes late They offered me zero help It then cost  to change my flight What a terrible company,1.0,Negative,Negative,Negative,Negative,Negative,3/3,,1.0
Vienna,airport,Frederik Harder,2024-03-10,Its a maze if you want to miss you flight because of bad design and bad employee managment this is you airport The employees are nice and friendly enough but since i almost didnt get my flight  out of  times I cant say anything about the wifi food or shops The directions are horrible the number of employees are used the wrong way and all in all i am just happy i am leaving the airport and i will avoid it in the future,2.0,Negative,Negative,Negative,Negative,Negative,3/3,,1.0
Bhutan Airlines,airline,C Havary,2024-10-28,Worse ground handling staff  no system  bad behaviour with kids including pushing them Changed queue  times without any established support or system Dont travel if with kids and family,2.0,Negative,Negative,Negative,Negative,Negative,3/3,,0.6599999999999999
Fly540.com,airline,S Walemba,2019-08-19,Eldoret to Nairobi Horrible airline My first flight with them was from NBO to ELD which was delayed by  hours My return flight has again been delayed by  hours with a silly explanation  Unless you want to be wasting your time at the airport with delays There are better more reliable local airlines Awful experience,1.0,Negative,Negative,Negative,Negative,Negative,3/3,,1.0
Nepal Airlines,airline,Laxmi Nagarkoti,2023-07-19,Disappointed Booked the plane ticket  week before On the day of check in at night they informed that the flight has been delayed for  hrs I have to go for my duty on the same day but without any information they just said they will take me to a hotel take all the responsibility They should have informed us  hrs before about the delay so that we could do something Worst service Will never travel with this airline,1.0,Negative,Negative,Negative,Negative,Negative,3/3,,1.0
Da Nang,airport,O Tara,2019-05-16,Terrible airport Flew with Qatar Airways terrible queues security were on a power trip  just awful and the costs inside are appalling  pure ripoff Its a shame as could be so great with respect and not trying to triple charge for refreshments or in case of water x the price Not good when water is a necessity when travelling,3.0,Negative,Negative,Negative,Negative,Negative,3/3,,1.0
Sofia,airport,Tina Maratilova,2023-10-28,The worst airport in Europe Bad customer service waiting time terrible I am at terminal  and the priority line is served by only person only for all flights and economy is moving faster with two people at the check in Toilets are so dirty Disgusting,1.0,Negative,Negative,Negative,Negative,Negative,3/3,,1.0
Avior Airlines,airline,Manuel Kliese,2007-05-23,PMVBLA recently on a Beech  aircraft I can call it an intensive flying experience in this small turboprop plane Anyhow the cabin appeared to be as a bit filthy and quite dirty All in all not really remarkable,0.0,Negative,Negative,Negative,Negative,Negative,3/3,,0.48599999999999993
Nok Air,airline,P Karscher,2024-05-10,One of my flights were cancelled BangkokPhitsanulok and I am battling since several weeks to get my money back Several emails and they never sent proof that they refunded the money Really annoying Also the nd part of my flight was delayed for almost  hrs I do not recommend Nok Air,1.0,Negative,Negative,Negative,Negative,Negative,3/3,,1.0
Omaha,airport,Joe Critser,2021-02-16,Absolutely terrible customer service again with Delta Could not locate my flight and made my employee late for his flight today twice in one day once at Omaha and once at Minneapolis Both employees were there  hours before flight time and still didnt make their flight because of the incompetent employees at the Delta check in Flights were rebooked at no charge because Delta was at fault but I am not reimbursed for the time lost at the job site for these two employees Will not be using Delta again,1.0,Negative,Negative,Negative,Negative,Negative,3/3,,1.0
Sharjah,airport,Talmeez Anwari,2022-03-19,I was travelling from Sharjah to Mumbai and staff at the checkin and screening process at gate no  were very rude to me They told me if I am pregnant its my problem and not theirs I am an idiot to travel and refused to help me at check in Also staff were asking me to pay extra for help my experience was really bad at Sharjah airport and wont recommend anyone to travel from Sharjah airport,1.0,Negative,Negative,Negative,Negative,Negative,3/3,,1.0
Seville,airport,Neville David Thomas,2025-02-08,The main pro of flying out of Sevilla Airport is that it is a small airport and close to the city center The main con is that it is a dirty airport  toilets are shockingly neglected,5.0,Negative,Negative,Negative,Negative,Negative,3/3,,0.3233333333333333
Blu-express,airline,O Vuigner,2010-08-11,MXPSAW on an extremely old and very badly kept  Seats in terrible condition Toilet too Cabin crew were very friendly and accommodating,3.0,Negative,Negative,Negative,Negative,Negative,3/3,,0.6973999999999999
Yeti Airlines,airline,1 reviewsD Karmer,2024-11-24,Worst Customer service ever they delay flight without even mentioning proper reason they dont even bother apologies or any customer support And when customer needs to reschedule a flight there is  customer support and airport staff behaving rude as well,1.0,Negative,Negative,Negative,Negative,Negative,3/3,,0.94
Air Austral,airline,Gowtham Thangavel,2019-05-01,Reunion to Chennai We were really disappointed in this Air austral Around  hrs delay they dint provide lounge and food to still for  hours and then all complaint the ground staff and then they issue a burger and one drinks All ground staff is not at all responding Its really bad service,1.0,Negative,Negative,Negative,Negative,Negative,3/3,,1.0
TAROM Romanian,airline,Moldovan Dragos,2024-12-18,Baggage drop waiting time was  minutes even with  drop lines and no crowd Only  persons operate there and they were just talking with each other The departure was delayed h with no specific reason  I will never fly with Tarom again,1.0,Negative,Negative,Negative,Negative,Negative,3/3,,1.0
Kuwait,airport,Tanveer Ahmad Bhat,2023-01-07,Worst airport The bad airport service  they are dropping too far from gate and the facility There was very bad toilets seating stairs everything worst They have the moving stairs but they are closed you have to walk up by stairs all over,1.0,Negative,Negative,Negative,Negative,Negative,3/3,,1.0
SereneAir,airline,Muhammad Umer Qadir,2024-04-26,The worst airline ever We booked our tickets two weeks ago from Islamabad to Dubai and the flight was delayed at first for one week and the on the day we had to travel again the flight was delayed for  hours Now we are on the airport and waiting since am  april and its PM now they just said their aeroplane have some issues,1.0,Negative,Negative,Negative,Negative,Negative,3/3,,1.0
Adria Airways,airline,Giulia Rossi,2018-10-05,Zurich to Ljubljana Very poor customer service Flight was cancelled without sending any email confirmation The flight I was rebooked seemed to be overbooked at the beginning which was not trueand we had to wait  min to have our ticket changed Very bad experience overall,1.0,Negative,Negative,Negative,Negative,Negative,3/3,,1.0
Philadelphia,airport,H Rumpel,2024-12-31,Bathrooms were closed at a peak time  pm with  people in line When they did open they were dirty several doors did not lock and there were no paper towels and the dryers were broken The phone charging stations had limited usageavailability meaning they were not working There was food caked in the carpet at the E gate and the chairs were worn and dirty,1.0,Negative,Negative,Negative,Negative,Negative,3/3,,1.0
Go First,airline,A Panarash,2023-04-26,The flight was delayed unnecessarily for invalid reasons Changed the timings thrice and delayed for more than  hrs which resulted in losing my connection train to Varanasi and need to book again a flight ticket to Varanasi in Indigo Who will take responsibility for the loss of my time and money Pathetic experience even the checkin staff dont know how to answer Never go with this flight,1.0,Negative,Negative,Negative,Negative,Negative,3/3,,1.0
San Jose Intl,airport,Charles Burke,2023-03-03,Security has really gotten out of hand I dont mind waiting in line while they do their jobs but I simply do not understand why they have to be so rude and mean to people They yell like they are angry at everyone And they patted down this poor  year old grandma in front of I me Most people are polite to them why cant they at least be that back,1.0,Negative,Negative,Negative,Negative,Negative,3/3,,1.0
TAP Portugal,airline,A Cook,2025-01-04,TAP substituted a short haul aircraft for the long haul aircraft that they promised during booking That meant an overnight flight of  hours in an economy seat The cabin crew were rude saying this was due to an emergency change of plane But when you look at flight tracking websites you can see that they have substituted a short haul aircraft for the past  days,3.0,Negative,Negative,Negative,Negative,Negative,3/3,,0.7743
Air Berlin,airline,Onur Selcuk Ciftci,2017-09-19,Berlin to Warsaw This is worst experience I had Staff are really rude They dont have enough information about flight I had three different information last  minutes I have been waiting for my flight over  hours and flight is delayed And Airberlins staff still cant give any information about flight  I dont recommend it at all,1.0,Negative,Negative,Negative,Negative,Negative,3/3,,1.0
Jetblue Airways,airline,J Merson,2025-03-17,Having a delay is one thing But keep us informed when you do have a delay Sitting for over  hours while the intended flight crew goes to another airport They cobbled together a flight crew hours later We do get an apology as we waited even longer in the plane This discount experience wasnt worth it Next time Ill wait a few days and take Breeze Im tired of JetBlue taking its customers for granted Maybe offer us a drink for our hours long inconvenience I doubt it I just hope we get home,1.0,Negative,Negative,Negative,Negative,Negative,3/3,,1.0
Mango Airlines,airline,Jacob Gloy,2021-01-04,Worst airline in South Africa No communication about  mins flight delay Late boarding with no explanation  Mango has a poor and slow bookin process I will try to avoid flying with Mango again,1.0,Negative,Negative,Negative,Negative,Negative,3/3,,0.612
Cairo,airport,B Dias,2025-01-06,Worst airport ever Long queues for first security screening the checkin at the counter because Air Cairo doesnt allow electronic boarding passes then passport control Took  hours Then another long queue to get into departure gate since they ask again for security screening Our belongings have been put together with people shoes and fall on the floor everything then is dirty even the neck pillow Not enough staff or proper equipment Will not go via Cairo again,1.0,Negative,Negative,Negative,Negative,Negative,3/3,,1.0
Penang,airport,J Teo,2023-12-02,Horrible Waited  hrs to clear customs Poorly organised and no one was their to take charge Reflects badly on the airport and customs management Will definitely not return to Penang anytime soon,1.0,Negative,Negative,Negative,Negative,Negative,3/3,,0.8999999999999999
Dalaman Airport129 Reviews,airport,Gar Pross,2024-09-07,Worst airport ever Rude staff at passport control and at security Cost of food is extortionate  for basic MacDonalds I paid  for four basic drinks and small snacks I am well travelled and this is by far the worst airport I have ever had the misfortune to depart from It has put me off returning to Turkey I am not surprised that tourism is on the decline,1.0,Negative,Negative,Negative,Negative,Negative,3/3,,1.0
Air Europa,airline,P Harlea,2024-12-29,Incompetent and rude checkin agent at Bogotas Air Europa counter She refused to issue my boarding pass despite having all documentation necessary Her inability to recognize my return ticket on Spanish airline World  fly and confusing it repetitively with Brazilian Gol was outrageous After I requested assistance of her supervisor the problem was solved It caused me a lot of stress and I almost missed the flight despite being  hours before departure at the counter No apologies were given,3.0,Negative,Negative,Negative,Negative,Negative,3/3,,1.0
Havana,airport,Peter Duncan,2019-02-12,Floor was filthy Toilets were dirty with no seats Doors did not close or lock No soap or towels were supplied Attendants tried to charge  Bank did not have pounds and money cant be changed outside of Cuba Bank wouldnt pay into bank account Overall they couldnt care less Not enough seats,1.0,Negative,Negative,Negative,Negative,Negative,3/3,,1.0
Cebu Pacific,airline,S Bertallo,2025-01-19,This is the worst airline I have flown on Delayed by hrs The word from staff at the gate we are waiting on the pilot approval at the office at time of departure time later we were waiting on a plane then bus transportation to the plane After being transported to the plane we waited on the bus packed like sardines for  minutes on the tarmac If I can avoid it I will never fly on Cebu Pacific again This airline is totally unorganized,1.0,Negative,Negative,Negative,Negative,Negative,3/3,,1.0
Dalaman,airport,Gar Pross,2024-09-07,Worst airport ever Rude staff at passport control and at security Cost of food is extortionate  for basic MacDonalds I paid  for four basic drinks and small snacks I am well travelled and this is by far the worst airport I have ever had the misfortune to depart from It has put me off returning to Turkey I am not surprised that tourism is on the decline,1.0,Negative,Negative,Negative,Negative,Negative,3/3,,1.0
Nepal Airlines,airline,Laxmi Nagarkoti,2023-07-19,Disappointed Booked the plane ticket  week before On the day of check in at night they informed that the flight has been delayed for  hrs I have to go for my duty on the same day but without any information they just said they will take me to a hotel take all the responsibility They should have informed us  hrs before about the delay so that we could do something Worst service Will never travel with this airline,1.0,Negative,Negative,Negative,Negative,Negative,3/3,,1.0
Phuket,airport,S Keare,2025-02-09,Almost every very store in the airport I purchased souvenirs was a very unpleasant experience No one smiles they are talking to you like you are a criminal No explanations no thank you They all stand behind the counter like soldiers with uniform and their heads covered Very unpleasant experience We were group of  friends we simply stop shopping after going through  different stores Bad business I would change the system or management to make the experiance more pleasant and exciting for tourist,2.0,Negative,Negative,Negative,Negative,Negative,3/3,,0.9870909090909084
Cancun,airport,Sebastien de Dianous,2023-01-05,Worst airport in the world Bad signage bad logistics circle road system Traffic outside the airport is crazy took us over  hours to get to the main highway But theres worse a local mafia is running the TAXI business outside the airport They charge you  just to take you to the hotel area of the airport which is barely  min away More expensive than Paris or London A complete ripoff,1.0,Negative,Negative,Negative,Negative,Negative,3/3,,1.0
Avianca Ecuador,airline,S Sal,2025-02-17,We had a total delay of  hours Were about to take off and somehow we come back to parking spot because the airplane is too heavy so they can remove some luggage Ridiculous I cant believe this is happening Never ever agin with this airline,1.0,Negative,Negative,Negative,Negative,Negative,3/3,,1.0
Andes Líneas Aéreas,airline,G Conley,2018-10-24,Tucuman to Buenos Aires This airline is a mess Our flight was delayed for  hours without notification we were dropped at the wrong airport and missed our hotel reservation and were forced to sleep in the airport No accommodations were made by the airline and we were just notified that our flight back is changed again This is unacceptable This airline has caused people to miss reservations wait long hours and nothing changes,1.0,Negative,Negative,Negative,Negative,Negative,3/3,,1.0
Passaredo,airline,Andre Moreira,2023-12-07,Terrible airline Flew roundtrip CGHIZACGH and on my first flight NOV Z  LA we had a delay of over  hour because one of the crew members did not show up to work In the meantime we had to wait inside the aircraft with AC off and not even a glass of water was offered On the return flight NOV flight Z  LA was on time but AC wasnt working properly seats had broken armchairs broken tray and ac fully of dust Nasty and dirty aircraft Dont fly PassaredoVOEPASS,1.0,Negative,Negative,Negative,Negative,Negative,3/3,,1.0
ASKY Airlines,airline,N Garner,2022-11-02,Check in with rude staff Boarding chaotic On board the food served was utterly inedible  stale bread Inadequate drink selection Dirty aircraft despite it not being that old Rude cabin staff Uncomfortable business class seat Only positive was good ground handling of business class passengers on arrival in Lome,1.0,Negative,Negative,Negative,Negative,Negative,3/3,,1.0
Precision Air,airline,Damien Lewis,2024-08-27,Worlds worst airline Do not use  They cancelled our first flight delayed the second Then cancelled the return flight At which stage we gave up and had to hire a car to complete the ten hour drive All at no notice Non existent customer service unbelievably bad,1.0,Negative,Negative,Negative,Negative,Negative,3/3,,1.0
Blue Air,airline,G Barliti,2022-08-24,We had a terrible experience with this company Traveling with  small kids we were assigned different seats and also had to pay  euros check in tax beacuse it was impossible to make the check in online I understand that check in should happen at the airport when traveling with small kids but why the extra tax The staff at the check in counter and also inside the plane are very unprofessional I would not recommend traveling with this air company unless no other alternative,1.0,Negative,Negative,Negative,Negative,Negative,3/3,,1.0
Primera Air,airline,Kevin Cusack,2018-09-22,Alicante to Stansted Terrible delay Delayed  hours and no information as to why Check their flight history all are delayed Soon to go out of business I think Booked because of the cost and the leg room was good Sat on the tarmac for  mins without AC,1.0,Negative,Negative,Negative,Negative,Negative,3/3,,1.0
Airnorth,airline,Alex MCKinley,2024-01-02,Horrible customer service waited for an hour and they just hang up on me after a  minute conversation without resolving my problem with a refund Call them again after another hour of waiting time and they hang up on me again when they felt too lazy to follow the conversation I hope the worst future for this company and these people,1.0,Negative,Negative,Negative,Negative,Negative,3/3,,1.0
Birmingham,airport,N Jamous,2024-10-07,Queues are snaking before the departure gates past the lifts all the way downstairs snaking all the way up to marks and Spencer  mins before you get to security gates and another  mins past the gates security staff just rude and shout at passengers all the time needless to say I was not involved in any shouting just observations the way they were talking to passengers who were understandably worried missing their flights Utterly disgraceful and disgusting place,1.0,Negative,Negative,Negative,Negative,Negative,3/3,,1.0
UP by El Al,airline,T Bergan,2018-04-19,Prague to Tel Aviv If you are traveling to Israel avoid el al up  Questioning for  hours treating passengers like theyre criminals bad service Will never fly again with them Avoid anything with them I dont wish this experience to anybody Do yourself a favor and take any other airline,1.0,Negative,Negative,Negative,Negative,Negative,3/3,,1.0
Riga,airport,Manfred Marunge,2024-06-17,The worst airport I have ever seen No overview where to find I found myself in a labyrinth of parfum shops I was looking for a Restaurant run up and down There are no  acceptable signs only fast food or bad convenience shops No quiet place where I can make my work and make a phone call with a customer There is rock music everywhere No noise reducing walls etc Security check absolutely overdone,1.0,Negative,Negative,Negative,Negative,Negative,3/3,,1.0
Freebird Airlines,airline,Sara Rokis,2023-07-06,Lost my baggage and took  days to retrieve it Ruined my whole holiday Was so hard to even get a single reply Both flights delayed hrs in total Picked up my suitcases with missing wheels Awful Avoid,1.0,Negative,Negative,Negative,Negative,Negative,3/3,,0.41557142857142854
China Airlines,airline,Yh Neoh,2025-04-02,Very bad Small plane and the seat is super tight Seat has no inclination Suffer for the entire  hours of flight I thought EVA was bad due to their arrogance but this is worse in terms of comfort,1.0,Negative,Negative,Negative,Negative,Negative,3/3,,0.3345357142857142
Heraklion,airport,Andreia Restolho,2023-08-22,Horrible experience Unorganized Dirty very silo Disgusting bathrooms The smell of urine was so much It leaves very little desire to return  Experincia horrvel Desorganizado Sujo muito silo As casas de banho nojentas O cheiro a urina era tanto Deixa muito pouca vontade de voltar,1.0,Negative,Negative,Negative,Negative,Negative,3/3,,1.0
Penang,airport,J Teo,2023-12-02,Horrible Waited  hrs to clear customs Poorly organised and no one was their to take charge Reflects badly on the airport and customs management Will definitely not return to Penang anytime soon,1.0,Negative,Negative,Negative,Negative,Negative,3/3,,0.8999999999999999
New York JFK,airport,R Monique,2025-01-31,Worst airport ever specifically Terminal  There arent any restaurants unless you eat Dunkin Donuts No bars No Priority Pass lounge Trash on the floor Dirty tabletops Disgusting I have a long layover  there is nothing to eat,1.0,Negative,Negative,Negative,Negative,Negative,3/3,,1.0
Berjaya Air,airline,D Michel,2013-07-11,June  from Singapore to Tioman and back Airplane was a Dash Interior of the plane was in horrible condition dirty walls sticky arm rests The arm rest of a seat was fixed with glue Flight took about min The cabin crew served a bottle of water and some nuts I can recommend the airline if you can ignore the obvious lack of cleaning inside the plane,6.0,Negative,Negative,Negative,Negative,Negative,3/3,,1.0
Kenya Airways,airline,Mamduh Mohamed Taib,2025-02-05,Last  flights in  weeks have had cancelation and delays exceeding the flight time itself its ridiculous unprofessional and demeaning What a horrible experience especially when even customer care nor do the staff care Inflight entertainment doesnt work but they are very keen to give you headphones They actually customise their efforts in failing and let you down,1.0,Negative,Negative,Negative,Negative,Negative,3/3,,1.0
Read more,airline,Anjely Rais,2025-03-09,Air India is the worst company ever They cancelled my flight from Paris to Mumbai which caused a  hour delay for my trip Then they changed my return direct flight into a stopover flight I spent hours in Delhi airport had to go through security twice,1.0,Negative,Negative,Negative,Negative,Negative,3/3,,1.0
Bhutan Airlines,airline,C Havary,2024-10-28,Worse ground handling staff  no system  bad behaviour with kids including pushing them Changed queue  times without any established support or system Dont travel if with kids and family,2.0,Negative,Negative,Negative,Negative,Negative,3/3,,0.6599999999999999
Avianca Ecuador,airline,Jose Nunez,2022-08-23,Still waiting for a refund from September  Terrible customer service I am trying to reach out to someone and get help but it is impossible no body replies to my emails and if you call them you can not talk with the department in charge of refunds,1.0,Negative,Negative,Negative,Negative,Negative,3/3,,1.0
Ravn Alaska,airline,Diana Hutt,2015-11-20,I have flown out of Homer  times this year to Anchorage and Ravn Alaska was never on time One time it was so late we missed our connectung flight This is our only choice in Homer If you take that flight make your connecting flights a few hours out and expect a delay Then you wont be dissapointed,5.0,Negative,Negative,Negative,Negative,Negative,3/3,,1.0
Colombo,airport,2 reviewsA Maylen,2024-01-04,Airport is badly organised and incompetent Delayed flight but no information what to do Bag drop was  desk and took hours for small number of passengers Refused to respect our bought and paid for extra leg room seats Restaurants very limited Wifi not functional Toilets filthy Not enough seating Security xray scanning a joke,1.0,Negative,Negative,Negative,Negative,Negative,3/3,,1.0
Omni Air International,airline,M Garner,2021-08-06,I am military so I am constantly flying and I have got to say this is the worst airline I have ever flown without question The seats were incredibly uncomfortable the staff was very rude We were delayed  hours because our radars stopped working midair and we had to turn around and come back As soon as there is an issue instead of resolving it they delay a whole day so the crew can get their per diem money Food wasnt bad though,2.0,Negative,Negative,Negative,Negative,Negative,3/3,,1.0
UP by El Al,airline,T Bergan,2018-04-19,Prague to Tel Aviv If you are traveling to Israel avoid el al up  Questioning for  hours treating passengers like theyre criminals bad service Will never fly again with them Avoid anything with them I dont wish this experience to anybody Do yourself a favor and take any other airline,1.0,Negative,Negative,Negative,Negative,Negative,3/3,,1.0
Fiji Airways,airline,E Schayle,2024-10-09,What a horrible first impression of a country Apparently Fiji Airways doesnt count a backpack as a personal item like every other airline on the face of the Earth so be prepared to shell out  USD for the privilege of bring it on board Their service is nothing special and definitely doesnt make up for that outrageous charge Will definitely never be flying them again They just felt money hungry Lots of other tropical islands you can visit and not get ripped off,2.0,Negative,Negative,Negative,Negative,Negative,3/3,,1.0
Jin Air,airline,Joyce Cayanan,2020-02-01,Seoul to Manila Clark I am traveling with my disabled husband and the front desk who print our boarding pass was terrible  she gave us a terrible bad service She didnt care about all my request for my husband like wheelchair and seat assignment In short they dont care about those disabled passenger they just gonna do what they want Very poor service,1.0,Negative,Negative,Negative,Negative,Negative,3/3,,1.0
Antalya,airport,Ruben Turner,2024-09-01,So expensive Yes I know that airports are known to be expensive but this was astonishingly expensive  euros for a cab of beer The restaurant we ate at was unpleasantly busy and when we finally got our food when we were about to sit down this random woman and came and took our chairs and then other people had to give their chairs to us which quite frankly is disgusting behaviour The queues are massive and the landing from the flight wasnt the best Its a pretty bad airport,2.0,Negative,Negative,Negative,Negative,Negative,3/3,,1.0
Biarritz,airport,Nicholas Davenport,2017-04-16,Is Biarritz the worst airport in Europe Customs staff rude and inefficient both on arrival  hour to clear one Ryanair flight and departure One queue for all checkin with earlier flight people told to overtake others in the queue No visible Ryanair personnel at all,1.0,Negative,Negative,Negative,Negative,Negative,3/3,,1.0
Avianca Ecuador,airline,S Sal,2025-02-17,We had a total delay of  hours Were about to take off and somehow we come back to parking spot because the airplane is too heavy so they can remove some luggage Ridiculous I cant believe this is happening Never ever agin with this airline,1.0,Negative,Negative,Negative,Negative,Negative,3/3,,1.0
Super Air Jet,airline,Agus Rivai,2024-11-02,After  delay no notification not inform I miss my connecting flight to Istanbul Service very very bad Communication zero Service to passenger about delay zero Responsibility to passenger after  delay zero and no food no water,1.0,Negative,Negative,Negative,Negative,Negative,3/3,,1.0
Caribbean Airlines,airline,Illianna Smith,2023-09-25,This is by far the worst airline I have ever flown with The ticket agent who checked me in was extremely rude she made me take  lbs out of my carry on and continued to harass me at the boarding gate told me that I could not take the rum on board which I purchased in the airport that its an extra piece Also she seated me way in the back of the plane last row and it was not a full flight,1.0,Negative,Negative,Negative,Negative,Negative,3/3,,1.0
Madrid Barajas,airport,P Mitchell,2024-11-18,Sorry but this airport is such a joke It is old dirty chaotic there are barely any seats or lounge areas This just cant be an airport of Madrid  capital of Spain Such a shame,2.0,Negative,Negative,Negative,Negative,Negative,3/3,,0.11399999999999998
TAP Portugal,airline,A Cook,2025-01-04,TAP substituted a short haul aircraft for the long haul aircraft that they promised during booking That meant an overnight flight of  hours in an economy seat The cabin crew were rude saying this was due to an emergency change of plane But when you look at flight tracking websites you can see that they have substituted a short haul aircraft for the past  days,3.0,Negative,Negative,Negative,Negative,Negative,3/3,,0.7743
Poznan,airport,A Wilson,2024-07-22,This has to be the worst airport I have flown from And I am travelling around the world on a regular basis Lack of food options the only two extremely expensive Disgusting unclean toilets no cleaning to be seen over flowing bins rubbish spilling onto the floor No air conditioning in an over crowded terminal with  degree heat An awful airport be hard to get any worse Terrible just terrible,1.0,Negative,Negative,Negative,Negative,Negative,3/3,,1.0
Turkmenistan Airlines43 Reviews,airline,Muhammetali Nurgeldiyev,2020-01-24,I flew flight T  from Ashgabat to Istanbul  The plane is old The food is terrible There were no delays The staff is not bad The flight was not very comfortable The seats are uncomfortable Overall was not very satisfied because the priceperformance ratio is terrible,3.0,Negative,Negative,Negative,Negative,Negative,3/3,,1.0
Seaborne Airlines,airline,B Keane,2019-04-07,San Juan to Anguilla This is the worst airline I ever flew Lost my baggage for  days and then did not answer any of dozens of calls and emails Fly directly to St Martin and take the ferry over it will save you headaches I am not the only one with bad experiences with this airline check the internet for all the people who have suffered because of them,1.0,Negative,Negative,Negative,Negative,Negative,3/3,,1.0
Tame Línea Aérea Del Ecuador,airline,G Dorlan,2018-06-09,Galapagos to Quito The worst airline ever We had to pay  more for the ticket at Galapagos because we were not a Ecuadorian citizen All the international travelers had to pay extra The police were involved but they didnt do anything Customers service is terrible and nobody wants to talk to you in English,1.0,Negative,Negative,Negative,Negative,Negative,3/3,,1.0
SpiceJet,airline,H Reddy,2025-03-02,Poor chaotic boarding No crowd control and boarding was like cattle are being herded Inside flight no AC till aircraft was  feet above ground and the aircraft inside was humid and sweaty Poor show Magazine bags were disorganised and dirty seats Inflight service was slow and substandard First time saw trash clearance bag placed over the serving trolley Worst flight experience of the last  years Hire me to head your flight service for a year and Ill set the system right,2.0,Negative,Negative,Negative,Negative,Negative,3/3,,1.0
FLYONE,airline,Raluca Lucut,2024-07-28,I do not recommend this airline to any traveler we flew from ClujNapoca to Antalya and back and each time we had a  hour delay The condition of the aircraft was extremely poor the staff extremely rude I will never fly with them again for sure,1.0,Negative,Negative,Negative,Negative,Negative,3/3,,1.0
Read more,airport,Patrick Antonova,2024-09-26,Absolutely terrible experience at Orly in September  Until it improves I would advise people to avoid Upon Arrival the transfer from plane to Terminal and the ability to enter the correct Terminal for the transfer flight was a disaster Delays at every point in the journey Construction seems to have made a mess of airport movements Upon Departure the Security queue is quite simply HORRENDOUS,1.0,Negative,Negative,Negative,Negative,Negative,3/3,,1.0
Air Greenland,airline,Tonny Rosing,2019-04-06,Copenhagen to Maniitsoq One of the worst airlines Very bad customer service both on board and at the airports They dont take of you or your luggage and they dont take responsibility for anything  it is always the others responsibility,1.0,Negative,Negative,Negative,Negative,Negative,3/3,,1.0
Kiev Borispol,airport,Vera Economou,2021-03-18,Yesterday I was flying from Kiev to Vienna I passed security screening at around  local time I had a very bad experience during the security check The airport staff young male at the security screening point was extremely rude The communication was like at a military camp Airport wifi is extremely weak,2.0,Negative,Negative,Negative,Negative,Negative,3/3,,1.0
British Airways,airline,Luis De Jesus,2025-03-16,Another awful experience by British Airways This flight was delayed nearly  hour British Airways charges an extortionate amount for their tickets but the service is bad for me,1.0,Negative,Negative,Negative,Negative,Negative,3/3,,0.8039999999999999
Syracuse Hancock,airport,Scott Rabe,2021-06-23,Waited  minutes thru security yesterday and was closed out of my  to Charlotte after finally getting to the gate at  Get there  hrs early these days TSA painfully slow No sense of urgency or willingness to help Horrible Cost my company thousands in missed meetings Complete joke,2.0,Negative,Negative,Negative,Negative,Negative,3/3,,1.0
Sofia,airport,Tina Maratilova,2023-10-28,The worst airport in Europe Bad customer service waiting time terrible I am at terminal  and the priority line is served by only person only for all flights and economy is moving faster with two people at the check in Toilets are so dirty Disgusting,1.0,Negative,Negative,Negative,Negative,Negative,3/3,,1.0
Coimbatore,airport,2 reviewsHJJarim,2018-04-22,The airport international departure section was very bad The waiting area is very dirty The security check will begin only  hour before departure and you will have to wait outside until that time The money exchange there is a loot They charged us  inr for one usd which is almost  rs more,4.0,Negative,Negative,Negative,Negative,Negative,3/3,,1.0
Udaipur,airport,L Kesharat,2023-01-23,Air Conditioning does not seem functional the temp was less than  degree and was very cold Flight got delayed and the display screens were not commanded properly Big queue at Checkin and staff was too slow,2.0,Negative,Negative,Negative,Negative,Negative,3/3,,0.37399999999999994
Venice Treviso,airport,Nicola Delvino,2018-12-17,This was the worst airport ever Not enough seating people sit on the floor everywhere Ridiculously long queues So disorganised All flights are delayed by at least  minutes Definitely too loaded for its capacity,1.0,Negative,Negative,Negative,Negative,Negative,3/3,,0.744
Gol Transportes Aéreos,airline,R Calemo,2022-10-01,The worst airline I traveled shares flights with American Airlines business class codes do not match between airlines Poor service  hours standing expecting  people in San Pablo waiting for a Gol employee trip  days ago I still claim my frequent flyer miles They do not credit them they say they do not know if I flew incredible very bad do not use,1.0,Negative,Negative,Negative,Negative,Negative,3/3,,1.0
Freebird Airlines,airline,Magda Hayes,2024-08-16,Terrible after  mins we were diverted back to Turkey due to technical issues  hrs on plane  cup of water offered only after complaints made small pathetic cake given once airborne no compensation given as not part of EU Never have I been treated so badly I now know how being held hostage fells Never will I book a holiday that involves this company,1.0,Negative,Negative,Negative,Negative,Negative,3/3,,1.0
Spirit Airlines,airline,P Sudeep,2025-04-01,Worst airline experience Flight delayed by  hours No refund no out of pocket expenses and the staff was extremely rude in responding to any requests One day prior to this I had same experience with spirit when flight was delayed by  hours Never flying these guys again,3.0,Negative,Negative,Negative,Negative,Negative,3/3,,1.0
Luxor,airport,A Watson,2015-01-19,Arrived at the airport from Gatwick Was pestered by touts selling visas Went to the visa  bank kiosk and got the visa there Queued at the passport control for it stamping then went to collect the baggage They are supposed to be random baggage checks but the customs men singled out the most vulnerable to look in their cases By that I mean the elderly and women travelling alone They take all your carefully packed stuff out then leave you to put it back They are rude,1.0,Negative,Negative,Negative,Negative,Negative,3/3,,1.0
Aeromexico,airline,Lawrence Wright,2025-03-13,Badly maintained aircraft for not very old in years Broken seat terrible paint work and dirty inside  Delayed flight Be aware even if you pay for a bag they will force you to lose seat space bag under the seat in front so other customers who havent paid for a bag can put their carryon in for free,1.0,Negative,Negative,Negative,Negative,Negative,3/3,,1.0
Bluebird Airways,airline,Ahlam Ibrahim,2024-07-07,I flew with Bluebird airways last week There was an one hour delay which is typical for low class airlines The flight is old and they offer no meals whatsoever I cannot say its a bad airline  They hardly answer emails,6.0,Negative,Negative,Negative,Negative,Negative,3/3,,1.0
Air Canada,airline,Gursewak Dhaliwal,2025-02-18,This is one of the worst airlines They have zero customer service They charge full ticket prices for children but dont provide food or milk for babies I have previously flown with Emirates Qatar Airways and Etihad where they provide everything you need with a smile In the past  years this is my second time flying with Air Canada and I will never fly with them again They also delay flights without a valid reason and only provide a  voucher for food if the delay exceeds five hours,1.0,Negative,Negative,Negative,Negative,Negative,3/3,,1.0
Kiev Borispol,airport,Shweta Priyadarshani,2019-11-19,Pathetic airport there is no facility for water The only option you have is to buy a bottle which is costly in itself Half a litre for  euros Been to many international airports nowhere found unavailability of free drinking water Ukraine airlines also pathetic and extremely dirty,1.0,Negative,Negative,Negative,Negative,Negative,3/3,,1.0
Xi'an,airport,Bin Liu,2014-07-06,Flight from Xian to Beijing T is huge but only few entertainment facilities and shops A long queue in security check only  passageways are available Staff in security check are rude and impolite After the security check my paper bag was broken and no any staff apologized for it The toilets are extremely dirty Very bad experience and I will not go to Xianyang airport anymore,3.0,Negative,Negative,Negative,Negative,Negative,3/3,,1.0
Lynx Air,airline,E Karsanu,2024-02-23,Never again will I use this airline and will not recommend to anyone Rude mannerless staff speak with people with absolutely no respect Charged  for a small carry on box and when I emailed them about it they came up with two different stories that made no sense whatsoever,1.0,Negative,Negative,Negative,Negative,Negative,3/3,,1.0
Air Mauritius,airline,Naser Alsu,2024-08-01,Do not fly Air Mauritius  go for South Africa Airlines This airline is so bad they canceled the flight  times I have to stay for  days in Mauritius I lost my hotel resvation in Johannesburg plus my business meeting and my transportation from airport Full of rubbish,1.0,Negative,Negative,Negative,Negative,Negative,3/3,,1.0
Brindisi,airport,Alan Smith,2023-04-07,Hundreds of passengers all having to sit on the floor as little seating absolute juke terrible airport One high restaurant with around  people in it,1.0,Negative,Negative,Negative,Negative,Negative,3/3,,0.66825
Brussels Zaventem,airport,L Miller,2024-09-02,Utterly terrible worst arrivals security Ive ever had the misfortune of transiting Staff care nothing queues are horrendous Its actually quicker to arrive at Charleroi and walkcrawl to Brussels Should be ashamed of themselves  centre of Europe Centre of ignorance is more appropriate Zero out of ten,1.0,Negative,Negative,Negative,Negative,Negative,3/3,,1.0
Freebird Airlines,airline,Sara Rokis,2023-07-06,Lost my baggage and took  days to retrieve it Ruined my whole holiday Was so hard to even get a single reply Both flights delayed hrs in total Picked up my suitcases with missing wheels Awful Avoid,1.0,Negative,Negative,Negative,Negative,Negative,3/3,,0.41557142857142854
Arajet,airline,Ghaidaa Arbash,2025-04-05,The worst airline I have ever used They charged me double for my return baggage compared to the price I paid on my outbound flight They claim its cheaper to check in bags online but their website is absolutely terrible  I spent two hours at the airport trying to explain the issue to their staff All they kept saying was Pay now and well refund you later The refund came in the form of a voucher forcing me to use their airline again which I absolutely will not do Terrible experience from start to finish,1.0,Negative,Negative,Negative,Negative,Negative,3/3,,1.0
Auckland,airport,S Walton,2024-12-10,Auckland airport is third world grade seriously poor experience  departing from gate  with less than half required seats over  people standing in the small gate area after gate  was closed for an American bound flight Ive been to better equipped airports in India Kiwis should be embarrassed by this horrendous airport but then again the Air New Zealand lounge is just as bad so seems to be a theme throughout this airport,1.0,Negative,Negative,Negative,Negative,Negative,3/3,,1.0
Olympic Air,airline,P Laws,2023-07-21,This flight might go down as the worst ever The flight was over  hours late That is not the bad part The bad part is that all passengers were brought outside and we had to wait at least  minutes in the BLAZING sun No water as we were thru security and there is no place to get water I seriously thought that I was going to faint from heat stroke The customer service from the time I booked my flight has been awful,2.0,Negative,Negative,Negative,Negative,Negative,3/3,,1.0
Blue Panorama Airlines,airline,D mealen,2019-07-08,Santorini to Rome Worst experience Ive had what a money grab was early to the airport after checking in online and my flight was delayed and then I finally was ready to board and they made me go back through security just to change my name because you have to pay to put your middle name on your ticket so I almost missed my flight and had to pay  euros to change my name Absolutely ridiculous will never fly with blue panorama again This is a money grab,2.0,Negative,Negative,Negative,Negative,Negative,3/3,,1.0
Vienna,airport,D Barlon,2024-09-02,The worst airport and the most confusing one I used for transfer The layout is really bad and signage so confusing When we came out of an airplane to transit and catch another airplane we had to go again thru security and we had to discard the water we had The worst thing is they know about this issue and dont do anything about it as this has happened before  The lounges are so far away you just dont bother,3.0,Negative,Negative,Negative,Negative,Negative,3/3,,1.0
Madrid Barajas,airport,P Mitchell,2024-11-18,Sorry but this airport is such a joke It is old dirty chaotic there are barely any seats or lounge areas This just cant be an airport of Madrid  capital of Spain Such a shame,2.0,Negative,Negative,Negative,Negative,Negative,3/3,,0.11399999999999998
Air Cairo,airline,S Keale,2023-04-29,Worst airline experience Ive ever had Ruined my last day in Egypt Spent a total of  hours in airport due to delays then when arrived in Cairo baggage was also delayed  Aircraft dirty seats uncomfortable I booked a tour and this was the flight they sent me on Never book with this airline It will ruin your holiday,1.0,Negative,Negative,Negative,Negative,Negative,3/3,,1.0
Cincinnati,airport,M Kemp,2019-05-21,Horrible time waiting for valupark Busses were non existent When they did come they packed us in like sardines They claimed it was due to construction but I had seen  fast pass busses before I had seen  valupark bus Then when I inquired upon if they had any extra busses with a airport employee He stated it was due to work being done Next time go with fast pass if you dont want to wait,1.0,Negative,Negative,Negative,Negative,Negative,3/3,,1.0
Phuket,airport,E Harudin,2025-04-03,Very disappointing experience at Phuket Airport Our flight was delayed with barely any updates or explanations  The airport was overcrowded chaotic and poorly managed Security clearance was disorganized and stressful At one point we were kept on the shuttle bus for almost an hour with no communication at all  it felt like no one knew what was going on Overall the experience was frustrating Phuket is a beautiful destination but the airport needs serious improvements in both service and infrastructure,2.0,Negative,Negative,Negative,Negative,Negative,3/3,,1.0
Detroit,airport,Joe Alexander,2023-04-02,After arrival the departure roads were completely backed up so no shuttles could get in Didnt matter because my family has been waiting over  hours for our baggage Still waiting This airport is horrible,1.0,Negative,Negative,Negative,Negative,Negative,3/3,,0.96
Cincinnati,airport,M Kemp,2019-05-21,Horrible time waiting for valupark Busses were non existent When they did come they packed us in like sardines They claimed it was due to construction but I had seen  fast pass busses before I had seen  valupark bus Then when I inquired upon if they had any extra busses with a airport employee He stated it was due to work being done Next time go with fast pass if you dont want to wait,1.0,Negative,Negative,Negative,Negative,Negative,3/3,,1.0
Air Canada,airline,Gursewak Dhaliwal,2025-02-18,This is one of the worst airlines They have zero customer service They charge full ticket prices for children but dont provide food or milk for babies I have previously flown with Emirates Qatar Airways and Etihad where they provide everything you need with a smile In the past  years this is my second time flying with Air Canada and I will never fly with them again They also delay flights without a valid reason and only provide a  voucher for food if the delay exceeds five hours,1.0,Negative,Negative,Negative,Negative,Negative,3/3,,1.0
Reno-tahoe,airport,Tracee Lorens,2023-01-02,The personnel are rude everywherefrom check in areas to security to everyone except janitorial The management must be terrible for it to be so pervasive Very slow day at airport so its not overwork issues Example At head of security line signs tell you to await next green light Then agents yell for  minutes I saw what do you think my arms that long or hurry upwhen their lights are red Which federal rule do you break Should you be harangued and abused just because youre politely following signage,2.0,Negative,Negative,Negative,Negative,Negative,3/3,,1.0
Calgary,airport,Sally Wright,2023-06-09,Brutal security lines  super long and not moving Projected time half hour but already been waiting that long What is the issue It was never this bad before Do better,3.0,Negative,Negative,Negative,Negative,Negative,3/3,,0.17285714285714285
Mango Airlines,airline,N Laws,2021-06-01,Worst airline ever We had a  hour delay without any warning Terrible service worst experience ever They offered no compensation and no explanation as to why there is a six hour delay,1.0,Negative,Negative,Negative,Negative,Negative,3/3,,1.0
Bangkok Airways,airline,H Steikel,2024-04-05,Bangkok Airways was delayed over  hour on flight PG Due to the delay I missed my ferry Bangkok Airways refuses any compensation,1.0,Negative,Negative,Negative,Negative,Neutral,3/3,,0.09
Ontario,airport,Victoria Norwich,2022-12-15,Its inconceivable that ONT International airport has to delay flight until the sun melts the ice off wings of planes Frontier Airlines should have left at  am and they could not de ice their plane ruining everyones connections Still sitting waiting for the sun to rise and maybe melt ice despite temperature will be the same at  am Incompetent and typical for California,1.0,Negative,Negative,Negative,Negative,Negative,3/3,,0.6621599999999997
Auckland,airport,S Walton,2024-12-10,Auckland airport is third world grade seriously poor experience  departing from gate  with less than half required seats over  people standing in the small gate area after gate  was closed for an American bound flight Ive been to better equipped airports in India Kiwis should be embarrassed by this horrendous airport but then again the Air New Zealand lounge is just as bad so seems to be a theme throughout this airport,1.0,Negative,Negative,Negative,Negative,Negative,3/3,,1.0
Luxair,airline,N Girrin,2024-03-22,Luxair   very poor quality of service  I paid for an upfront seat and even though I made the checkin and had the seat assigned together with my husband it was changed by hazard by the system  minutes before flying The staff was rude without offering any solution saying that if I do not accept the seat I cannot travel Bad experience and rude attitude not a recommended airline,1.0,Negative,Negative,Negative,Negative,Negative,3/3,,1.0
Denver,airport,H Oatman,2024-12-21,Layout is horrible and constantly under construction You cannot walk to most gates from the terminal  have to wait and take a train And on top of that checked bags take  minute to travel from airplane to chat claim area Just a horrible place to spend your travel dollars  go anywhere else if you can avoid it,2.0,Negative,Negative,Negative,Negative,Negative,3/3,,1.0
Brindisi,airport,S Garmisi,2024-05-27,Sorry for the airport terrible experience they dont let you through with water I had a bottle with a medicine that I have to drink and I had to return to the bathroom and throw it away Bathroom were dirty no soap To wash Nowhere to seat at the gate and long long lines to buy expensive water   for a half a liter,5.0,Negative,Negative,Negative,Negative,Negative,3/3,,1.0
ASKY Airlines,airline,Adwoa Konadu,2022-12-13,This is by far the worst experience I have ever had with an airline I made a transit from Lome to Accra Dirty old plane I was afraid to touch anything onboard Got to Accra and all  of my luggages were missing  came two days later and now with over a week of going to the airport everyday to check my last luggage is still missing The company doesnt have anything on their site to report this The airline service desk at the airport was no help at all Still havent heard from them,1.0,Negative,Negative,Negative,Negative,Negative,3/3,,1.0
Phoenix Sky Harbor,airport,V Mailen,2025-01-11,This is the worst airport I have ever traveled in the world When you are in terminal  there are no signs to get to the sky traxs to terminal  I must have had to stop to ask  people only four knew how to get there Most of the people were very rude Also with having CLEAR they put us in regular TSA security lines,1.0,Negative,Negative,Negative,Negative,Negative,3/3,,1.0
Rome Fiumicino,airport,Gerdi Papa,2024-07-15,Arrived at  from Tirana Flight from Tirana took  minutes approximately Been waiting at passport control for  minutes where out of  control booths only  work Horrible airport who looks like it tries to be completely irritating to travelers,2.0,Negative,Negative,Negative,Negative,Negative,3/3,,0.5256
Hanoi,airport,P Hoang,2024-02-22,Frequent user of the services at Noi Bai airport here its one of the worst designed and managed airports in SE Asia No signage to get you from domestic to international Airport bus to the city takes roughly  mins to depart Food at gates are expensive and taste bad Restrooms hard to find Immigration customs occasionally ask you for tips upon arrival Avoid if you can,3.0,Negative,Negative,Negative,Negative,Negative,3/3,,1.0
Maastricht Aachen,airport,G Gossen,2022-06-21,There is no smoking area in the airport and very little waiting room space If your plane gets delayed as it happens to me and you smoke  you are stuck Personnel here not going to help you anyhow they will just be sorry for the inconvenience and smile Also you cant buy any normal food here just some bread with cheese People working here extremely slowly while having just  planes in the day Horrible experience,1.0,Negative,Negative,Negative,Negative,Negative,3/3,,1.0
Gol Transportes Aéreos,airline,R Lacerda,2023-06-17,The app is terrible Change seats or upgrade your flight its almost impossible If you have another option in Brazil Never fly with them You need to try  or  times to complete your check in online,1.0,Negative,Negative,Negative,Negative,Negative,3/3,,1.0
Phuket,airport,E Harudin,2025-04-03,Very disappointing experience at Phuket Airport Our flight was delayed with barely any updates or explanations  The airport was overcrowded chaotic and poorly managed Security clearance was disorganized and stressful At one point we were kept on the shuttle bus for almost an hour with no communication at all  it felt like no one knew what was going on Overall the experience was frustrating Phuket is a beautiful destination but the airport needs serious improvements in both service and infrastructure,2.0,Negative,Negative,Negative,Negative,Negative,3/3,,1.0
VietJet Air,airline,B Bard,2025-04-02,Awful service Delayed for  hours and no information offered Left standing at the gate with no details or staff to advise what was happening Such poor service And this is not the first time I have never had a smooth experience with this awful airline Every time I have booked with them there has been an issue,2.0,Negative,Negative,Negative,Negative,Negative,3/3,,1.0
Seville,airport,Neville David Thomas,2025-02-08,The main pro of flying out of Sevilla Airport is that it is a small airport and close to the city center The main con is that it is a dirty airport  toilets are shockingly neglected,5.0,Negative,Negative,Negative,Negative,Negative,3/3,,0.3233333333333333
Havana,airport,Peter Duncan,2019-02-12,Floor was filthy Toilets were dirty with no seats Doors did not close or lock No soap or towels were supplied Attendants tried to charge  Bank did not have pounds and money cant be changed outside of Cuba Bank wouldnt pay into bank account Overall they couldnt care less Not enough seats,1.0,Negative,Negative,Negative,Negative,Negative,3/3,,1.0
Bourgas,airport,P Spencer,2019-06-30,Terrible every step of the way Arrivals was a complete shambles with no queues marked out and a free for all at the gates Departure was equally bad with over an hour queue getting through security etc  the airport is completely overwhelmed by numbers and cannot organise a thing,1.0,Negative,Negative,Negative,Negative,Negative,3/3,,1.0
Stockholm Arlanda,airport,B Allen,2024-07-28,Absolutely awful No signage Contradictory information from staff A transfer bus to terminal  that took us to an enclosed area with only chocolate fizzy drinks and coffee in a vending machine No restaurants Unacceptable,1.0,Negative,Negative,Negative,Negative,Negative,3/3,,0.612
Da Nang,airport,O Tara,2019-05-16,Terrible airport Flew with Qatar Airways terrible queues security were on a power trip  just awful and the costs inside are appalling  pure ripoff Its a shame as could be so great with respect and not trying to triple charge for refreshments or in case of water x the price Not good when water is a necessity when travelling,3.0,Negative,Negative,Negative,Negative,Negative,3/3,,1.0
Owen Roberts International,airport,Todd Wermerson,2019-04-05,The airport was recently rebuilt and opened The design is terrible  no place to sit very hot waited in line  minutes for two bottles of water There are no restaurants just a concession stand We will not return to Grand Cayman next year This airport is one of the worst airports I have traveled through Time to go back to Aruba or St Thomas,1.0,Negative,Negative,Negative,Negative,Negative,3/3,,1.0
Banjul,airport,David Taylor,2020-02-21,Terrible the airport is being redeveloped and is a mess Arrivals and departures are handled via a roughly constructed shed like entrance and exit which is hopelessly overcrowded Security on arrival is slow and visa is obtained at the entrance  staff reasonably efficient Baggage check on exit is slapdash and chaotic No airbridges  you are bussed to and from your flights,2.0,Negative,Negative,Negative,Negative,Negative,3/3,,1.0
Adria Airways,airline,Galya Slavov,2018-07-29,Vienna to Sofia The flight was delayed by  hours The cabin crew was annoyed that they had to offer drinks to the passengers and passing by announced they would only give one drink per customer And coffee was a nuisance and they made it clear even though it was on their cart The questions would normally go would you drink anything and not what would you like to drink Very bad customer service,1.0,Negative,Negative,Negative,Negative,Negative,3/3,,1.0
Andes Líneas Aéreas,airline,G Conley,2018-10-24,Tucuman to Buenos Aires This airline is a mess Our flight was delayed for  hours without notification we were dropped at the wrong airport and missed our hotel reservation and were forced to sleep in the airport No accommodations were made by the airline and we were just notified that our flight back is changed again This is unacceptable This airline has caused people to miss reservations wait long hours and nothing changes,1.0,Negative,Negative,Negative,Negative,Negative,3/3,,1.0
Dublin,airport,Ilham Mouharam,2024-09-15,Terrible treatment for wheel chair assistance passenger I was locked in the lift for  minutes with no air circulation and no customer support with me All passengers boarded the flight before me Although wheel chair assisted passengers always board first to allow enough time but no at this airport  We had to bang on the walls to get the attention of customer service When we finally boarded there was no space for our bags,1.0,Negative,Negative,Negative,Negative,Negative,3/3,,1.0
Spirit Airlines,airline,W Smith,2025-03-21,Im so disappointed in Spirit Airlines They delayed my flight for over  hours and then offered me a  voucher for my inconvenience As customers approach the help desk they are not greeted at all the reps look at them angrily and they act like it is such a bother to answer customer questions,1.0,Negative,Negative,Negative,Negative,Negative,3/3,,1.0
Mihin Lanka,airline,R Perera,2016-08-09,Muscat to Madurai via Columbo with Mihin Lanka The worst airline I ever experienced Unexplained delay of  hours at Colombo At Madurai I received my baggage last even though I travelled in business class When I asked ground staff at Madurai to give complaint register they replied they they dont have such practice Food is another big hate They give menu card to select but they have only one type of food to serve,1.0,Negative,Negative,Negative,Negative,Negative,3/3,,1.0
Copa Airlines,airline,Dario Bruno,2025-03-01,I got to the airport  hour before departure a quiet airport that wasnt busy They told me they couldnt accept my bags due to being  minutes late They offered me zero help It then cost  to change my flight What a terrible company,1.0,Negative,Negative,Negative,Negative,Negative,3/3,,1.0
Kolkata,airport,C Hakrabati,2025-01-05,On arrival the arrival hall and the taxi queue was stinking My taxis was filthy While departing every part of the airport was dirty from washroom to waiting area Overflowing dustbins cats within the airport stained toilets what do I even start with I am pained to see the gateway to my own city like this  Leaving this feedback hoping it catches someones attention and necessary action is taken,2.0,Negative,Negative,Negative,Negative,Negative,3/3,,1.0
Kaohsiung,airport,Jeremy Chan,2012-11-26,Awful airport no facilities at all no stores and the airport is small and old Very dirty and messy horrible ground services My flight delayed was delayed  hours and I didnt want to spend that at this airport,1.0,Negative,Negative,Negative,Negative,Negative,3/3,,1.0
Read more,airline,Muhammetali Nurgeldiyev,2020-01-24,I flew flight T  from Ashgabat to Istanbul  The plane is old The food is terrible There were no delays The staff is not bad The flight was not very comfortable The seats are uncomfortable Overall was not very satisfied because the priceperformance ratio is terrible,3.0,Negative,Negative,Negative,Negative,Negative,3/3,,1.0
Germanwings,airline,Karen Kirner,2016-08-16,I have been a frequent traveler for  years and have flown every distance and cabin from first class to budget Yet I have never been treated as badly as on todays Germanwings flight from Dsseldorf to Vienna The purser was outright cruel,1.0,Negative,Negative,Negative,Negative,Negative,3/3,,1.0
Air Dolomiti,airline,Josiane Zakhia Douaihy,2023-06-17,The worst experience ever Flight FlorenceFrankfurt was canceled half an hour before departure We were already on the gate Had to go back and wait  hours at the airport until the airline rerouted the flight They decided to fly us from Verona We waited hours for the bus then they book us a cheap ugly dirty hotel where they put us in the rooms a bag with disgusting sandwiches They didnt arrange for our transfer from hotel to airport next day We had to pay for the taxi Never again with this airline,1.0,Negative,Negative,Negative,Negative,Negative,3/3,,1.0
Tianjin Binhai,airport,K Sams,2017-07-21,All flights are delayed from Tianjin airport No information about departure time Lounges are uncomfortable Checkin for International bad design and only open  hours before a flight Would recommend to go to Beijing although as most Chinese airlinesairports they will have delays but at least you have something to look at there,1.0,Negative,Negative,Negative,Negative,Negative,3/3,,0.8009999999999998
Paris Orly Airport119 Reviews,airport,Patrick Antonova,2024-09-26,Absolutely terrible experience at Orly in September  Until it improves I would advise people to avoid Upon Arrival the transfer from plane to Terminal and the ability to enter the correct Terminal for the transfer flight was a disaster Delays at every point in the journey Construction seems to have made a mess of airport movements Upon Departure the Security queue is quite simply HORRENDOUS,1.0,Negative,Negative,Negative,Negative,Negative,3/3,,1.0
Calgary,airport,Sally Wright,2023-06-09,Brutal security lines  super long and not moving Projected time half hour but already been waiting that long What is the issue It was never this bad before Do better,3.0,Negative,Negative,Negative,Negative,Negative,3/3,,0.17285714285714285
Melbourne Avalon,airport,Mark Dobson,2024-02-22,Not too bad an experience for a small airport Not busy so my problem at the bag drop was quickly solved My big gripe was that we could not refill our empty water bottle at a bubble Could not find one after checking in We were forced to buy a bottle of water for  Yes  for ml of water how idiotic is that,5.0,Negative,Negative,Negative,Negative,Negative,3/3,,1.0
Montréal,airport,N Keele,2024-10-13,It is dirty and nasty First stop was the bathroom after going trans pacific for  hours  The toilets all had poop streaks and water or urine seemed to cover every inch of the bathroom There was no toilet paper or bassinet and dirty sinks without hot water or soap  Imagine all the people in the airport who havent washed their hands The customs staff were smart mouths and wanted to strip search me because of my premium katmandoo adventure bag which apparently had marijuana concealed because its a katmadoo,2.0,Negative,Negative,Negative,Negative,Negative,3/3,,1.0
Air Algerie,airline,T Hancock,2023-09-22,Worst crossocean flight I ever had Issues we had  They lost our luggage  They do not offer to pay to deliver our luggage and asked us to pay UPS to get it delivered to us No facilities at all in Algiers Airport hence terrible experience during connection For our return trip they changed our flight without a reason and forced us to wait at Algiers Airport for  hours for a connection without giving a viable alternative,1.0,Negative,Negative,Negative,Negative,Negative,3/3,,1.0
Bratislava,airport,T Calidis,2022-05-27,Avoid this airport The police in this airport is the rudest I have ever encountered  Please dont call it an international airport The Slovak police is dangerous,1.0,Negative,Negative,Negative,Negative,Negative,3/3,,0.36
Amritsar,airport,Karan Bedi,2017-11-09,Very bad welcome due to lack of organised system in particular long queues at immigration when you have infants No special privileges and consideration for families with infants  bad experiences in a row Rude staff Very poor structural organisation Wont be travelling again to or from this airport Its a nightmare and a digrace to holy city of Punjab,1.0,Negative,Negative,Negative,Negative,Negative,3/3,,1.0
Skytrans Airlines,airline,Jennifer Stockdale,2024-02-01,Our flights were delayed and delayed and then finally cancelled They expressed we would get a refund and  months later still no refund I called  months ago and the woman on the other line expressed that it had been approved and has now gone to the accounts team for action  months later and not a peep Im infuriated Another airline needs to take up this small route gap because the one that does are horrible and unreliable,1.0,Negative,Negative,Negative,Negative,Negative,3/3,,1.0
Adria Airways,airline,Galya Slavov,2018-07-29,Vienna to Sofia The flight was delayed by  hours The cabin crew was annoyed that they had to offer drinks to the passengers and passing by announced they would only give one drink per customer And coffee was a nuisance and they made it clear even though it was on their cart The questions would normally go would you drink anything and not what would you like to drink Very bad customer service,1.0,Negative,Negative,Negative,Negative,Negative,3/3,,1.0
Kalamata,airport,Simon Phillips,2023-04-22,Shambolic Small regional airport convenient for Messina but badly run Despite being only flight to arrive passport control took over an hour On departure we arrived  hours early and stood queuing for Checkin security and finally passport control for  hours  minutes Others were further back in the queue and so we took off  hour later than scheduled Never again,2.0,Negative,Negative,Negative,Negative,Negative,3/3,,0.68085
Air Madagascar,airline,C Cussigne,2017-04-20,Antananarivo to Fort Dauphin I have flown multiple times on domestic flights with Air Madagascar over the past few years They are truly the worst airline I have ever had the misfortune of flying with Delays cancellations bad customer service dirty planes no inflight refreshments hugely overpriced In one instance I chose to travel for over  hours on a public bus to reach my destination rather than give any more money to them and I would probably do that again after yet another delay on my most recent flight,1.0,Negative,Negative,Negative,Negative,Negative,3/3,,1.0
Cochin,airport,Marco Maguire,2025-01-27,Why do you need a passport to enter the damm airport and you need a boarding pass Fun fact they usualy print your boarding pass in the airport There was no signage to tell me where to drop my bag thats so ridiculous This guy doing security checked around  bag every  minutes and before mine just walks off the job The security is horrible There is no way I will be coming back to kochi airport your better off just taking the train,1.0,Negative,Negative,Negative,Negative,Negative,3/3,,1.0
Reno-tahoe,airport,Tracee Lorens,2023-01-02,The personnel are rude everywherefrom check in areas to security to everyone except janitorial The management must be terrible for it to be so pervasive Very slow day at airport so its not overwork issues Example At head of security line signs tell you to await next green light Then agents yell for  minutes I saw what do you think my arms that long or hurry upwhen their lights are red Which federal rule do you break Should you be harangued and abused just because youre politely following signage,2.0,Negative,Negative,Negative,Negative,Negative,3/3,,1.0
Dunedin,airport,Peter Dickinson,2018-11-29,The airport should be embarrassed A  min queue to get through the  security station that was open According to the cafe staff today was a small queue its normally worse Then everyone herded into an undersized overheated lounge and flight was delayed probably due to the queues This is despite the public announcement  mins prior that the flight was now boarding Please Dunedin airport get somebody who knows what they are doing,1.0,Negative,Negative,Negative,Negative,Negative,3/3,,1.0
Kalamata,airport,Simon Phillips,2023-04-22,Shambolic Small regional airport convenient for Messina but badly run Despite being only flight to arrive passport control took over an hour On departure we arrived  hours early and stood queuing for Checkin security and finally passport control for  hours  minutes Others were further back in the queue and so we took off  hour later than scheduled Never again,2.0,Negative,Negative,Negative,Negative,Negative,3/3,,0.68085
Wings Air,airline,Kyaw Kyaw Tun,2023-11-08,Our flight is initially scheduled to leave on am that was delayed and changed to  pm and it was dealyed again to pm They packed all the passengers into the aircraft before it took off and the AC was not on i feel extremely suffocated and hot inside the plane with very poor ventilation inside This is inhumane and also we have lost the whole day of our time in Lombok due to their flight delay I will never fly again with them,1.0,Negative,Negative,Negative,Negative,Negative,3/3,,1.0
Liverpool,airport,David Clare,2024-07-28,This is my home airport and I hate it The traffic controls and parking options are an absolute scam Terrible trying to make revenue and dressing it up as safety I always choose to drive to Manchester since Liverpool Airport stole  from me with their lying and manipulation of video evidence Disgrace to the city,1.0,Negative,Negative,Negative,Negative,Negative,3/3,,1.0
SunExpress,airline,Solmaz Nouri,2024-09-03,I had flight from Manchester to Antalya both side is delayed and also both is damaged baggage I applied in airport for damaged baggage but they didnt accept it after  months I recive an email just this sorry we are unable to pay you also you need apply in airport,2.0,Negative,Negative,Negative,Negative,Negative,3/3,,1.0
Africa World Airlines,airline,M Kusi,2019-02-10,Kumasi to Accra Very bad service my flight was delayed over hours and there was no communication from the staff as to the time we will board the flight Neither did they show any sense of sympathy towards our being delayed They completely ignored us knowing that theres not much we can do It mess up my business trip  I will surely not use this service again,1.0,Negative,Negative,Negative,Negative,Negative,3/3,,1.0
Tailwind Airlines,airline,Blagica Ristova,2023-10-12,My review for this company is very bad their flights are late I have been waiting at the airport for  hours When I wanted to contact them for compensation it was not possible Very irresponsible of an airline A disaster,2.0,Negative,Negative,Negative,Negative,Negative,3/3,,0.30299999999999994
Boutique Air,airline,Geoffrey Wolf,2022-09-10,Cortez to Denver My flight was cancelled  hours ago There was no customer service available at the gate as of  hours later no one answers their phone number or my emails nor returns any of my messages I was unable to rebook my flight take my trip or even speak with anyone And they still have my money This is an awful experience,1.0,Negative,Negative,Negative,Negative,Negative,3/3,,1.0
Borg El Arab,airport,Mohamed Abdelnaser,2018-01-02,Horrible restaurants and food Duty free was closed for no reason We got  sandwiches and a coke that tasted like they were a week old and barely had any filling Very poor image the airport itself isnt bad but the people and cleanliness is poor These guys really need to understand that they are just not doing any thing right,1.0,Negative,Negative,Negative,Negative,Negative,3/3,,1.0
Precision Air,airline,Henrik Rausch,2023-11-06,I have been travelling with Precision Air a dozens of times on the route Dar Es Salaam  Mtwara About  of the flights are either cancelled or heavily delayed  hours easily Unfortuntely there is no alternativ carrier on this route In case of cancelled flights or if you miss your connection flight be prepared to fight about  months with them to get at least your paid money refunded It is a nightmare airline the worst in Tanzania,1.0,Negative,Negative,Negative,Negative,Negative,3/3,,1.0
Avianca Ecuador,airline,G Garton,2022-08-05,Horrible experience we bought tickets for Galapagos and when me and my family arrived to the check in we were we need to pay  dollars more for every ticket we are a family of  because we are not Ecuador citizens This was not written anywhere on their siteon the ticket or while purchasing the ticket They argued there was a pop up screen when we bought the ticket which is just making no sense and is actually a blackmail Would not recommend flying with this horrible company,1.0,Negative,Negative,Negative,Negative,Negative,3/3,,1.0
Borg El Arab,airport,Mohamed Abdelnaser,2018-01-02,Horrible restaurants and food Duty free was closed for no reason We got  sandwiches and a coke that tasted like they were a week old and barely had any filling Very poor image the airport itself isnt bad but the people and cleanliness is poor These guys really need to understand that they are just not doing any thing right,1.0,Negative,Negative,Negative,Negative,Negative,3/3,,1.0
Gol Transportes Aéreos,airline,R Lacerda,2023-06-17,The app is terrible Change seats or upgrade your flight its almost impossible If you have another option in Brazil Never fly with them You need to try  or  times to complete your check in online,1.0,Negative,Negative,Negative,Negative,Negative,3/3,,1.0
Udaipur,airport,L Kesharat,2023-01-23,Air Conditioning does not seem functional the temp was less than  degree and was very cold Flight got delayed and the display screens were not commanded properly Big queue at Checkin and staff was too slow,2.0,Negative,Negative,Negative,Negative,Negative,3/3,,0.37399999999999994
WOW air,airline,G Hallam,2019-03-27,Detroit to London via Keflavik Absolutely awful  Cancels flights delayed flights atrocious customer service Every single thing about this experience was awful I will never fly WOW air again,1.0,Negative,Negative,Negative,Negative,Negative,3/3,,1.0
Gol Transportes Aéreos,airline,Kristofer Mansson,2025-03-08,Very bad experience We were there  hours before but they had so few people helping with check in somthey did not manage to chaeck us in After that they forced us to pay for another ticket,1.0,Negative,Negative,Negative,Negative,Negative,3/3,,0.564
Naples,airport,S Parton,2024-08-26,Worst airport too few seats for so much people and just a few toilets Totally crowded All flights are delayed mine to Vienna they are still postponing now more than  hours and  minutes,1.0,Negative,Negative,Negative,Negative,Negative,3/3,,0.5599999999999999
Volotea,airline,E Malesa,2025-03-24,A very decent company The service is up to par for a very reasonable price No delays on this Lille Barcelona Lille line which I used several times this year Une compagnie trs correcte Le service est  la hauteur pour un prix trs raisonnable  Pas de retard pour ce qui est de cette ligne lille Barcelone lille utilise plusieurs fois cette anne,10.0,Negative,Negative,Negative,Negative,Negative,3/3,,0.67818
Pittsburgh,airport,R Davids,2018-03-21,The line to go through TSA security checkpoint was literally outside into the tunnel It took  minutes to get through security checkpoint alone Considering it is  am on national turn your clock forward day with only a handful of flights there mustve been three dozen people in line complaining that they were going to miss their flight I missed my flight because of horrible personnel management There were plenty of individuals standing around they couldve very easily opened the optional check point,1.0,Negative,Negative,Negative,Negative,Negative,3/3,,1.0
Buddha Air,airline,Nik Khadka,2023-02-02,Such a shameless worst service I have ever taken I have chosen Buddha Air  times up to now and Buddha Air is always delayed  hrs delayed and they kept us inside the bus for the whole  hrs in this heat They said they were maintaining the tire first and they said their airplanes door needed maintenance again February   is going to be my last flight with Buddha Air Worst service and worst passenger handling The crew members dont even know how to handle the crowd Buddha Air  never again,1.0,Negative,Negative,Negative,Negative,Negative,3/3,,1.0
Air Arabia,airline,Amira Hashi,2025-03-05,Terrible service still waiting for delay compensation  months later My flight was delayed by  hours No staff at Gatwick airport to provide information or refreshments Terrible service over the phone upon returning Take weeksmonths for a response and still waiting,1.0,Negative,Negative,Negative,Negative,Negative,3/3,,1.0
Aer Lingus,airline,Lawrence Lentz,2025-03-26,Absolutely terrible customer service Tried to upgrade from economy to business Impossible to reach a person who could help let phone ring for  minutes and gave up Chat was just as bad as the AI could not help Fortunately will never have to fly them again,2.0,Negative,Negative,Negative,Negative,Negative,3/3,,1.0
Philippine Airlines,airline,Gilbert Anie,2024-11-12,November   PR RUHMNL Premium economy K Assigned crew was very rude He didnt even do a water service can you imagine  hours flight without water service Except during meal We are expecting very high quality of customer service in PAL but I think I choose wrong airline even Im a Filipino you are very far among the middle east airlines service Food portion is very small you have coffee cup in food tray but you didnt offer even coffee or tea very bad service I will not fly with PAL again,2.0,Negative,Negative,Negative,Negative,Negative,3/3,,1.0
Aeromexico,airline,Lawrence Wright,2025-03-13,Badly maintained aircraft for not very old in years Broken seat terrible paint work and dirty inside  Delayed flight Be aware even if you pay for a bag they will force you to lose seat space bag under the seat in front so other customers who havent paid for a bag can put their carryon in for free,1.0,Negative,Negative,Negative,Negative,Negative,3/3,,1.0
SereneAir,airline,Muhammad Umer Qadir,2024-04-26,The worst airline ever We booked our tickets two weeks ago from Islamabad to Dubai and the flight was delayed at first for one week and the on the day we had to travel again the flight was delayed for  hours Now we are on the airport and waiting since am  april and its PM now they just said their aeroplane have some issues,1.0,Negative,Negative,Negative,Negative,Negative,3/3,,1.0
Marrakech,airport,Alastair Havers,2024-11-08,Really poorly organised with loads peple doing nothing Queue after queue check after check and people q jumping and nothing done about it Once you are through if you had any time left the shops looked ok but allow up to  hours to get there The tannoy system is so muffled that no one can understand a word of it wifi awful,1.0,Negative,Negative,Negative,Negative,Negative,3/3,,1.0
Openskies,airline,N Langan,2017-11-06,Paris Orly to New York JFK The worst airline company Please do not travel with Openskies  British Airways The customer service is poor quality and the food is horrible We had a  hours delays and they did not worry about making accommodations for people who missed their connecting flight,1.0,Negative,Negative,Negative,Negative,Negative,3/3,,1.0
Rome Ciampino,airport,Valentina Contofan,2019-11-24,It was terrible We arrived at the airport at midnight and the airport was closed It was very cold and rainy we were wet from the rain and sat in the cold stairs with many others for hours until  am when they open the doors It was crowded and all of us didnt expect that the airport was closed especially in a big city like Rome,1.0,Negative,Negative,Negative,Negative,Negative,3/3,,1.0
Gdansk,airport,D Diana,2024-07-13,Horrible security staff who went on the power trip Rude unprofessional and very unpleasant person There is no need to act like that Please do better  Other staff members at the check in were fantastic,1.0,Negative,Negative,Negative,Negative,Negative,3/3,,0.252
Manchester–Boston Regional,airport,Vincent Watts,2018-07-14,Dunkin donuts coffee shop closing at pm on a Saturday night Ridiculous Flight gets delayed  hour and nowhere to go Just wrong You can get alcohol no problem Wonder why there are issues on fights There it is,3.0,Negative,Negative,Negative,Negative,Negative,3/3,,0.49999999999999994
Adria Airways,airline,Giulia Rossi,2018-10-05,Zurich to Ljubljana Very poor customer service Flight was cancelled without sending any email confirmation The flight I was rebooked seemed to be overbooked at the beginning which was not trueand we had to wait  min to have our ticket changed Very bad experience overall,1.0,Negative,Negative,Negative,Negative,Negative,3/3,,1.0
Edelweiss Air,airline,Miruna Buliga,2024-04-13,Worst transatlantic company In Economy the seats are comparable with a low cost company but youre travelling long haul   tiny seats both on width and leg space Poor selection of entertainment on board and my food was disgusting I couldnt touch the breakfast The flight to Puerto Plata from Copenhagen had a layover in Zurich airport Also on the short haul no complimentary tea or coffee  just water in tiny bottles I would not recommend this company to even travel for  h worst ever service and rude staff,1.0,Negative,Negative,Negative,Negative,Negative,3/3,,1.0
Brussels Charleroi,airport,Marleen Hansen,2024-07-21,Poor accommodation few seats only  toilets for all those guests We got coupons because the flight was delayed but they didnt work either,4.0,Negative,Negative,Negative,Negative,Negative,3/3,,0.24000000000000005
Precision Air,airline,Damien Lewis,2024-08-27,Worlds worst airline Do not use  They cancelled our first flight delayed the second Then cancelled the return flight At which stage we gave up and had to hire a car to complete the ten hour drive All at no notice Non existent customer service unbelievably bad,1.0,Negative,Negative,Negative,Negative,Negative,3/3,,1.0
Kiev Borispol,airport,Vera Economou,2021-03-18,Yesterday I was flying from Kiev to Vienna I passed security screening at around  local time I had a very bad experience during the security check The airport staff young male at the security screening point was extremely rude The communication was like at a military camp Airport wifi is extremely weak,2.0,Negative,Negative,Negative,Negative,Negative,3/3,,1.0
Tehran Imam Khomeini,airport,Sodeh Hamzehlouyan,2023-09-08,Terrible management in this airport all European flights are during the nights the queues for luggage last at least h  Too few staff members in the middle of the night exhausted travellers Nobody to help I have never seen such a bad management Only the business lounge is great for usual travellers there is no consideration,2.0,Negative,Negative,Negative,Negative,Negative,3/3,,1.0
HiSky,airline,Oana Voicu,2024-06-27,Awful crew very bad experience zero customer service never again They treated us very poorly not even with decency to let us use the toilets during the flight They seatbelt sign was on whole h flight and had to fight with the flight assistant to go to the toilet no assistance for luggage to be handled flight delayed  hrs,2.0,Negative,Negative,Negative,Negative,Negative,3/3,,1.0
Air Algerie,airline,T Hancock,2023-09-22,Worst crossocean flight I ever had Issues we had  They lost our luggage  They do not offer to pay to deliver our luggage and asked us to pay UPS to get it delivered to us No facilities at all in Algiers Airport hence terrible experience during connection For our return trip they changed our flight without a reason and forced us to wait at Algiers Airport for  hours for a connection without giving a viable alternative,1.0,Negative,Negative,Negative,Negative,Negative,3/3,,1.0
Billund,airport,Clément Marquis,2023-06-14,Worst location ever The airport is far from any city as if it was a lowcost like Beauvais or Charleroi  minutes to reach Aahrus with your car or  minutes with a bus  minutes to reach Esbjerg with you car or  minutes with a bus The airport is often dirty,2.0,Negative,Negative,Negative,Negative,Negative,3/3,,1.0
Da Nang,airport,Nuno Carrao,2020-01-05,Too expensive  prices almost like Switzerland Cannot waiting in this airport with prices so high One coffee  dollars Customs services so bad and the tax is too much,4.0,Negative,Negative,Negative,Negative,Negative,3/3,,0.25199999999999995
Orlando Sanford,airport,Diane Stayton,2018-06-29,TSA agent asked if I was over  years old and they would allow me to keep shoes on Being  and not overweight or gray haired I feel quite upset about this Instead of picking out old folks they should have a sign and recording about the shoes Do not individually pick out people to ask Its a horrible experience,2.0,Negative,Negative,Negative,Negative,Negative,3/3,,1.0
Super Air Jet,airline,Agus Rivai,2024-11-02,After  delay no notification not inform I miss my connecting flight to Istanbul Service very very bad Communication zero Service to passenger about delay zero Responsibility to passenger after  delay zero and no food no water,1.0,Negative,Negative,Negative,Negative,Negative,3/3,,1.0
Orient Thai Airlines,airline,Bob Turnbull,2013-03-06,Flew from Phuket to Bangkok on th February When we arrived at airport were told flight was delayed  hour due to late arrival of incoming flight hours later when we did take off we were still none the wiser as to why the incoming aircraft was late,0.0,Negative,Negative,Negative,Negative,Negative,3/3,,1.0
KLM Royal Dutch Airlines,airline,E Geelen,2025-02-18,Terrible experience flight delays and cancellations meant we had to spend two days in Amsterdam in a bad airport hotel and arrived over  hours later than planned to our destination They also lost of childrens car seat which arrived a further two days later causing immense stress and inconvenience All of this and they refused any compensation or reimbursement besides the hotel and meals for the delay in Amsterdam Horrible customer service and one of the worst travel experiences Ive had,1.0,Negative,Negative,Negative,Negative,Negative,3/3,,1.0
Pittsburgh,airport,R Davids,2018-03-21,The line to go through TSA security checkpoint was literally outside into the tunnel It took  minutes to get through security checkpoint alone Considering it is  am on national turn your clock forward day with only a handful of flights there mustve been three dozen people in line complaining that they were going to miss their flight I missed my flight because of horrible personnel management There were plenty of individuals standing around they couldve very easily opened the optional check point,1.0,Negative,Negative,Negative,Negative,Negative,3/3,,1.0
Lynx Air,airline,Patrice Florestal,2024-02-26,The flight itself wasnt awful My main problem with Lynx Air is their lack of customer service I was supposed to receive two refunds from them  one for a changed flight and one for a carryon item that was charged by mistake I havent received either refund and Im going to have to eat those costs Im not the least bit surprised this company is shutting its doors,2.0,Negative,Negative,Negative,Negative,Negative,3/3,,1.0
Malaga,airport,Rak Meghoe,2023-08-30,What a nightmare It starts with the fact that they do not try to speak English and if they can do it its very bad Customs certainly dont know what they are doing  all in all very bad,2.0,Negative,Negative,Negative,Negative,Negative,3/3,,0.4817142857142856
Air India1437 Reviews,airline,Anjely Rais,2025-03-09,Air India is the worst company ever They cancelled my flight from Paris to Mumbai which caused a  hour delay for my trip Then they changed my return direct flight into a stopover flight I spent hours in Delhi airport had to go through security twice,1.0,Negative,Negative,Negative,Negative,Negative,3/3,,1.0
Kolkata,airport,C Hakrabati,2025-01-05,On arrival the arrival hall and the taxi queue was stinking My taxis was filthy While departing every part of the airport was dirty from washroom to waiting area Overflowing dustbins cats within the airport stained toilets what do I even start with I am pained to see the gateway to my own city like this  Leaving this feedback hoping it catches someones attention and necessary action is taken,2.0,Negative,Negative,Negative,Negative,Negative,3/3,,1.0
Khartoum,airport,Ruud Vermalen,2020-01-03,The most filthy and chaotic airport I have ever visited Very much corrupt Toilets are very dirty For women impossible work to visit the toilets Ill never come here again  De meest smerige en chaotisch airport die ik ooit heb aangedaan Zeer veel corruptie aanwezig Toiletten zijn erg smerig Voor vrouwen onbegonnen werk om de toiletten te bezoeken Ik kom hier nooit meer,1.0,Negative,Negative,Negative,Negative,Negative,3/3,,1.0
Sky Express Airlines,airline,K Areti,2024-06-22,Terrible experience huge delays Its the third time flying with this airline and the service is unacceptable The staff was completely unable to inform us regarding the delays or deal with any of the comments of the frustrated passengers who waited over  hours and another  minutes into the still not moving transfer bus Definately would not recommend,1.0,Negative,Negative,Negative,Negative,Negative,3/3,,1.0
American Airlines,airline,Carol Shepherd,2025-03-17,Overnight flight was delayed twice for not enough crew and then no crew Still no guarantee it will take off Had to buy blankets  and kids sleeping on the disgustingly dirty floor Trying to get to a family member before they pass How can you stay in business with this poor customer service Your company needs a major overhaul Someone has to be held accountable,1.0,Negative,Negative,Negative,Negative,Negative,3/3,,1.0
London City,airport,M Salvi,2023-05-24,Waiting for my flight  minutes before departure The plane clearly isnt even in the gate the LED screen still shows it on time and boarding Not one message over the public address system Terrible communication,1.0,Negative,Negative,Negative,Negative,Negative,3/3,,0.4679999999999999
Penang,airport,J Porter,2024-11-18,Standing queue of  hrs with back problems Very bad for tourism industry This happened in KL in  I thought Malaysia might have improved over the years,2.0,Negative,Negative,Negative,Negative,Negative,3/3,,0.5459999999999998
Bluebird Airways,airline,Ahlam Ibrahim,2024-07-07,I flew with Bluebird airways last week There was an one hour delay which is typical for low class airlines The flight is old and they offer no meals whatsoever I cannot say its a bad airline  They hardly answer emails,6.0,Negative,Negative,Negative,Negative,Negative,3/3,,1.0
Brussels Charleroi,airport,John Gibb,2024-08-20,There were  planes delayed at the same gate with very little seating for the  plane loads of customers No info provided  no updates Very poor customer service all round,1.0,Negative,Negative,Negative,Negative,Negative,3/3,,0.289125
Shandong Airlines,airline,1 reviewsW Han,2019-12-14,Yantai to Taipei A bad experience and the cabin crew were very ordinary The flight was delayed over  hour Boarding process was chaotic the meal was very poor,4.0,Negative,Negative,Negative,Negative,Negative,3/3,,0.37079999999999996
Houston Hobby,airport,G Diarto,2021-09-07,Wifi here is awful at least near Gate  Multiple tries and fails occasionally get the splash screen to connect After all of that frequently disconnected Start again,5.0,Negative,Negative,Negative,Negative,Negative,3/3,,0.6749999999999999
Moscow Sheremetyevo,airport,Karolis Ven,2020-02-04,I never thought I would experience such a horrible transit in an international airport I had  hours for a transit onto another and I just made it to another flight on final call I saw people that were supposed to be on the same flight but they never made it Im not going to repeat what other reviews say about the lines for passport checks the heat etc because its absolutely horrible Never again,1.0,Negative,Negative,Negative,Negative,Negative,3/3,,1.0
Go First,airline,A Panarash,2023-04-26,The flight was delayed unnecessarily for invalid reasons Changed the timings thrice and delayed for more than  hrs which resulted in losing my connection train to Varanasi and need to book again a flight ticket to Varanasi in Indigo Who will take responsibility for the loss of my time and money Pathetic experience even the checkin staff dont know how to answer Never go with this flight,1.0,Negative,Negative,Negative,Negative,Negative,3/3,,1.0
Hamburg,airport,David Cormier,2023-06-13,We had the most horrible experience at Hamburg airport Little to no signage regarding where to check in Kiosks for check in did not work and referred us to agent At Lufthansa that means one agent with long lines We were then sent to machine baggage check in  half not working One agent to assist for  seconds then leaves It took  minutes to submit  bags Then the  minute line for security Just awful,1.0,Negative,Negative,Negative,Negative,Negative,3/3,,1.0
Melbourne Avalon,airport,Mark Dobson,2024-02-22,Not too bad an experience for a small airport Not busy so my problem at the bag drop was quickly solved My big gripe was that we could not refill our empty water bottle at a bubble Could not find one after checking in We were forced to buy a bottle of water for  Yes  for ml of water how idiotic is that,5.0,Negative,Negative,Negative,Negative,Negative,3/3,,1.0
Unknown,General,Anonymous,,"2. ""Airline Y provided an average in-flight experience. The food was edible, but not outstanding.""",,,,,,Neutral,Generated,synthetic,0.18
Unknown,General,Anonymous,,18. Just flew with Airline O. The check-in process was efficient and the flight was on time.,,,,,,Neutral,Generated,synthetic,0.6
Unknown,General,Anonymous,,1. The flight with Delta Airlines was satisfactory. The seats were comfortable but the legroom was a bit cramped. In-flight entertainment was adequate.,,,,,,Neutral,Generated,synthetic,0.528
Unknown,General,Anonymous,,"1. ""Airline X provides efficient service, although cabin cleanliness could be improved. Food choices were average.""",,,,,,Neutral,Generated,synthetic,0.6
Unknown,General,Anonymous,,12. Air Canada: The boarding process was smooth and the legroom was satisfactory. The food was standard airline fare.,,,,,,Neutral,Generated,synthetic,0.528
Unknown,General,Anonymous,,"19. ""The flight with Airline P was on time and the boarding process was efficient. The food quality was average.""",,,,,,Neutral,Generated,synthetic,0.6
Unknown,General,Anonymous,,"7. My journey with British Airways was average, the seats were a bit old but the flight itself was smooth.",,,,,,Neutral,Generated,synthetic,0.111
Unknown,General,Anonymous,,"14. ""Southwest Airlines provided a smooth flight. The snacks offered could be improved.""",,,,,,Neutral,Generated,synthetic,0.21120000000000005
Unknown,General,Anonymous,,"20. ""Airline Q's flight was satisfactory. The cabin crew was professional, but the legroom was a bit limited.""",,,,,,Neutral,Generated,synthetic,0.6
Unknown,General,Anonymous,,"17. ""Norwegian Air provides reasonable fares, but their baggage fees can add up quickly.""",,,,,,Positive,Generated,synthetic,0.10453333333333335
Unknown,General,Anonymous,,12. Airline I had a standard check-in process. The staff was polite and the flight itself was uneventful.,,,,,,Neutral,Generated,synthetic,0.6
Unknown,General,Anonymous,,"17. ""The flight with Airline N had decent legroom and comfortable seats. The meal options were limited.""",,,,,,Neutral,Generated,synthetic,0.37400000000000005
Unknown,General,Anonymous,,"17. The flight with Aer Lingus was on time, the cabin was clean but the seats were a bit uncomfortable for a long flight.",,,,,,Neutral,Generated,synthetic,0.6
Unknown,General,Anonymous,,"14. I took a flight with Etihad Airways. The check-in procedure was efficient, the flight was on time, and the service was standard.",,,,,,Neutral,Generated,synthetic,0.6
Unknown,General,Anonymous,,"19. ""The Qantas Airways flight was average. The legroom was sufficient but the food options could have been better.""",,,,,,Neutral,Generated,synthetic,0.126
Unknown,General,Anonymous,,"20. ""EasyJet provided a standard short-haul flight experience. The seats were fine for a short trip and the flight was punctual.""",,,,,,Neutral,Generated,synthetic,0.148
Unknown,General,Anonymous,,"1. ""My flight with Airline X was satisfactory. The staff were professional and the flight left on time.""",,,,,,Neutral,Generated,synthetic,0.6
Unknown,General,Anonymous,,"4. ""Alaska Airlines offered a smooth check-in process. The flight itself was uneventful, which is always appreciated.""",,,,,,Neutral,Generated,synthetic,0.528
Unknown,General,Anonymous,,2. British Airways offered a standard service. The seats were comfortable enough for a long-haul flight and in-flight entertainment was decent.,,,,,,Neutral,Generated,synthetic,0.08159999999999999
Unknown,General,Anonymous,,"20. On my flight with Airline T, the check-in went smoothly. The onboard service was standard and the flight arrived on time.",,,,,,Neutral,Generated,synthetic,0.528
Unknown,General,Anonymous,,"10. The flight with Etihad Airways was acceptable. The staff was courteous, but the plane seemed a bit old.",,,,,,Neutral,Generated,synthetic,0.252
Unknown,General,Anonymous,,"15. The Singapore Airlines flight was average. The in-flight entertainment was good, but the food was nothing special.",,,,,,Neutral,Generated,synthetic,0.2177142857142857
Unknown,General,Anonymous,,"12. ""United Airlines' flight from Chicago to San Francisco was comfortable. The staff was friendly, but the meal options were limited.""",,,,,,Positive,Generated,synthetic,0.528
Unknown,General,Anonymous,,"8. ""The flight with Airline E was reasonably on time. Baggage handling was efficient.""",,,,,,Neutral,Generated,synthetic,0.0768
Unknown,General,Anonymous,,11. Airline H provided a typical flying experience. The crew was professional and the flight arrived on time.,,,,,,Neutral,Generated,synthetic,0.6
Unknown,General,Anonymous,,"16. I flew with Ryanair. The journey was smooth, and check-in was efficient.",,,,,,Neutral,Generated,synthetic,0.1344
Unknown,General,Anonymous,,"2. ""The in-flight meal on Airline Y was standard for an airline meal. The flight attendants were courteous.""",,,,,,Neutral,Generated,synthetic,0.216
Unknown,General,Anonymous,,"7. ""The flight with British Airways was on schedule. The seats were adequate, but the in-flight food was average at best.""",,,,,,Neutral,Generated,synthetic,0.213
Unknown,General,Anonymous,,"3. I found the check-in process with Airline Z to be efficient, though the staff could have been more communicative.",,,,,,Positive,Generated,synthetic,0.66
Unknown,General,Anonymous,,"8. ""The Lufthansa flight was efficient and the crew was professional. The in-flight meal was average, not particularly memorable.""",,,,,,Neutral,Generated,synthetic,0.6
Unknown,General,Anonymous,,"7. Airline G's service was adequate for the price paid. The flight departed and arrived on time, but the seat space was a bit cramped.",,,,,,Neutral,Generated,synthetic,0.44
Unknown,General,Anonymous,,"20. ""Ryanair offers a practical no-frills service, but their strict baggage policy can be inconvenient.""",,,,,,Negative,Generated,synthetic,0.33
Unknown,General,Anonymous,,"2. I flew with United Airlines, their in-flight entertainment selection was good, however, the meal service could be improved upon.",,,,,,Positive,Generated,synthetic,0.9239999999999999
Unknown,General,Anonymous,,"20. ""Airline T's flight left and arrived on time. The meal service was basic and the cabin was maintained at a comfortable temperature.""",,,,,,Neutral,Generated,synthetic,0.096
Unknown,General,Anonymous,,"11. ""Emirates offers a decent number of entertainment options. However, the food and beverage service was slow.""",,,,,,Neutral,Generated,synthetic,0.6
Unknown,General,Anonymous,,"19. ""I flew with Singapore Airlines last week. The airplane was clean, and the in-flight entertainment options were plentiful.""",,,,,,Neutral,Generated,synthetic,0.132
Unknown,General,Anonymous,,"8. My recent experience with Lufthansa was satisfactory. The flight departed and arrived on time, although the seats were a bit cramped.",,,,,,Neutral,Generated,synthetic,0.6
Unknown,General,Anonymous,,"5. ""I had an average experience with British Airways. The in-flight service was okay, and the flight was not delayed.""",,,,,,Neutral,Generated,synthetic,0.08399999999999999
Unknown,General,Anonymous,,"2. Airline Y's flight was punctual and the cabin was clean, but the legroom was a bit limited.",,,,,,Neutral,Generated,synthetic,0.1062857142857143
Unknown,General,Anonymous,,20. The Etihad Airways flight was satisfactory. The seats were comfortable and the in-flight entertainment was decent.,,,,,,Neutral,Generated,synthetic,0.204
Unknown,General,Anonymous,,"9. My experience with United Airlines was standard. The cabin was clean, but the seats were slightly uncomfortable. The food could have been better.",,,,,,Neutral,Generated,synthetic,0.066
Unknown,General,Anonymous,,"17. Airline N's flight was fairly comfortable. However, the boarding process could have been more organized.",,,,,,Positive,Generated,synthetic,0.528
Unknown,General,Anonymous,,13. The cabin crew on Airline M's flight was professional and courteous. The legroom was slightly limited.,,,,,,Positive,Generated,synthetic,0.46199999999999997
Unknown,General,Anonymous,,"15. My flight with Virgin Atlantic was okay. The plane was clean, the flight crew was professional, and the service was typical.",,,,,,Positive,Generated,synthetic,0.66
Unknown,General,Anonymous,,"20. ""Airline Q's flight was satisfactory. The food was average, but the flight arrived on time.""",,,,,,Negative,Generated,synthetic,0.108
Unknown,General,Anonymous,,"18. ""Airline O's flight was punctual and the cabin crew was courteous. The in-flight entertainment was basic.""",,,,,,Positive,Generated,synthetic,0.792
Unknown,General,Anonymous,,"5. ""The Lufthansa flight was acceptable. The airplane was clean and the flight landed right on schedule.""",,,,,,Neutral,Generated,synthetic,0.23485714285714282
Unknown,General,Anonymous,,"2. ""EasyJet is a solid choice for budget travelers. No frills, but efficient and typically on time.""",,,,,,Neutral,Generated,synthetic,0.6
Unknown,General,Anonymous,,"20. My flight with Cathay Pacific was standard. The staff was polite, and the in-flight meal was decent.",,,,,,Neutral,Generated,synthetic,0.6
Unknown,General,Anonymous,,"18. ""Airline O's flight was tolerable. The seats were not very comfortable but the staff was friendly.""",,,,,,Positive,Generated,synthetic,0.18069230769230768
Unknown,General,Anonymous,,"11. ""Airline H provided a standard service. The flight was on time and the seats were moderately comfortable.""",,,,,,Neutral,Generated,synthetic,0.144
Unknown,General,Anonymous,,20. Airline Q's online booking system was easy to navigate. The flight left on time but the seats were a bit cramped.,,,,,,Positive,Generated,synthetic,0.5720000000000001
Unknown,General,Anonymous,,"2. ""Airline Y's customer service was commendable. The flight was a bit delayed but they kept us informed throughout.""",,,,,,Negative,Generated,synthetic,0.6
Unknown,General,Anonymous,,"19. ""Airline P offered an okay flying experience. The in-flight entertainment was decent but the food could have been better.""",,,,,,Positive,Generated,synthetic,0.66
Unknown,General,Anonymous,,"4. ""The United Airlines flight was mostly uneventful. The plane was a bit old but well-maintained and the flight was on schedule.""",,,,,,Positive,Generated,synthetic,0.66
Unknown,General,Anonymous,,"11. ""My flight with Qantas was reasonable. The plane left and arrived on time with no significant issues.""",,,,,,Neutral,Generated,synthetic,0.6
Unknown,General,Anonymous,,"18. ""Turkish Airlines offers a standard service. The food was fine and the flight was comfortable enough.""",,,,,,Neutral,Generated,synthetic,0.132
Unknown,General,Anonymous,,"11. ""Airline K offered a satisfactory flight experience. The food was okay, and the seating was comfortable enough.""",,,,,,Neutral,Generated,synthetic,0.216
Unknown,General,Anonymous,,"2. I flew with Delta Airlines and experienced typical service. Nothing special to report, but no significant issues either.",,,,,,Neutral,Generated,synthetic,0.41800000000000004
Unknown,General,Anonymous,,"1. ""The flight on Airline X was entirely average. The plane left on time, and the in-flight meal was satisfactory.""",,,,,,Neutral,Generated,synthetic,0.6
Unknown,General,Anonymous,,"17. ""Airline N's flight was adequate. The legroom was a bit tight, but the flight was on time.""",,,,,,Neutral,Generated,synthetic,0.44
Unknown,General,Anonymous,,15. The KLM flight was fine. The seats were comfortable enough for a short haul flight.,,,,,,Positive,Generated,synthetic,0.55
Unknown,General,Anonymous,,"3. I took a trip with Lufthansa recently. The staff was professional and the flight was punctual, however, the in-flight entertainment was a bit outdated.",,,,,,Neutral,Generated,synthetic,0.07200000000000001
Unknown,General,Anonymous,,"10. The flight with Airline G was standard. The cabin was clean, but the seating was a bit cramped.",,,,,,Neutral,Generated,synthetic,0.132
Unknown,General,Anonymous,,"5. ""Air Canada's service is reliable. The in-flight meals are standard and the staff is professional.""",,,,,,Neutral,Generated,synthetic,0.6
Unknown,General,Anonymous,,"13. I had a usual journey with Cathay Pacific. The flight was mostly on time and the service was okay, but the food could be better.",,,,,,Negative,Generated,synthetic,0.33
Unknown,General,Anonymous,,"3. ""Airline Z offered standard legroom space and the seats were reasonably comfortable. The meal was typical airplane fare.""",,,,,,Neutral,Generated,synthetic,0.6
Unknown,General,Anonymous,,7. The baggage handling on Airline D was acceptable with no issues. The flight attendants were polite and the flight was mostly smooth.,,,,,,Neutral,Generated,synthetic,0.33599999999999997
Unknown,General,Anonymous,,"11. ""While the Airline H flight was comfortable, the legroom was a bit tight. The crew was professional.""",,,,,,Positive,Generated,synthetic,0.1285714285714286
Unknown,General,Anonymous,,"4. The British Airways flight was quite average. The cabin was clean, though the food served was just typical airline fare.",,,,,,Neutral,Generated,synthetic,0.6
Unknown,General,Anonymous,,"8. ""Airline E provided an average experience. The in-flight entertainment was decent and the flight was on time.""",,,,,,Neutral,Generated,synthetic,0.6
Unknown,General,Anonymous,,"14. ""The online booking system of Airline N was user-friendly. The flight was on time, but the cabin was a bit noisy.""",,,,,,Neutral,Generated,synthetic,0.6
Unknown,General,Anonymous,,"11. ""Turkish Airlines' flight was quite normal. Comfortable seats, acceptable food, nothing too impressive.""",,,,,,Neutral,Generated,synthetic,0.1488
Unknown,General,Anonymous,,"2. Flew with United Airlines recently. The cabin crew was polite and professional. However, the food could have been better.",,,,,,Positive,Generated,synthetic,0.23999999999999996
Unknown,General,Anonymous,,"13. ""Airline J had an easy online booking system. The in-flight amenities were basic, but functional.""",,,,,,Positive,Generated,synthetic,0.5720000000000001
Unknown,General,Anonymous,,"10. ""Airline G's flight was okay. The food options were limited but the flight was on time.""",,,,,,Positive,Generated,synthetic,0.66
Unknown,General,Anonymous,,13. The journey with Air France was typical. The in-flight services were okay but the legroom was a bit tight.,,,,,,Neutral,Generated,synthetic,0.6
Unknown,General,Anonymous,,"20. ""My flight with Etihad Airways was fairly standard. The service was efficient and the flight landed on time.""",,,,,,Neutral,Generated,synthetic,0.6
Unknown,General,Anonymous,,"10. ""The American Airlines flight was fine. The cabin was clean, and the staff were courteous.""",,,,,,Neutral,Generated,synthetic,0.275
Unknown,General,Anonymous,,8. The food on Airline H was satisfactory and the flight departed on schedule. The in-flight entertainment options were average.,,,,,,Negative,Generated,synthetic,0.108
Unknown,General,Anonymous,,"20. ""Airline Q provided a decent service with professional staff. The legroom was a bit limited and the meal options were limited.""",,,,,,Neutral,Generated,synthetic,0.6
Unknown,General,Anonymous,,"7. ""The baggage handling by Airline D was efficient. The in-flight meal options were limited.""",,,,,,Negative,Generated,synthetic,0.6
Unknown,General,Anonymous,,"16. ""Airline M provided a decent in-flight meal and the cabin crew was professional. The legroom was just enough.""",,,,,,Neutral,Generated,synthetic,0.064
Unknown,General,Anonymous,,"8. ""The seats on Airline E's flight were comfortable enough for a short haul. The cabin crew was cordial.""",,,,,,Positive,Generated,synthetic,0.16
Unknown,General,Anonymous,,19. The in-flight meal on Airline S was satisfactory. The flight attendants were professional and the flight was smooth.,,,,,,Neutral,Generated,synthetic,0.22799999999999998
Unknown,General,Anonymous,,"9. My experience with JetBlue was quite regular. The crew was friendly, although the in-flight entertainment system was a bit glitchy.",,,,,,Positive,Generated,synthetic,0.273
Unknown,General,Anonymous,,"19. ""Flying with United Airlines was an average experience. The flight was on time, and the cabin was clean.""",,,,,,Neutral,Generated,synthetic,0.078
Unknown,General,Anonymous,,"15. Airline L provided a decent in-flight experience. The cabin crew was efficient, and the flight was smooth.",,,,,,Neutral,Generated,synthetic,0.252
Unknown,General,Anonymous,,"14. American Airlines' service was adequate. The flight was on time and the cabin was clean, but the food options were not very exciting.",,,,,,Neutral,Generated,synthetic,0.10523076923076921
Unknown,General,Anonymous,,8. The flight with Emirates was typical. The staff was friendly and the flight landed on time. The food was average.,,,,,,Neutral,Generated,synthetic,0.062
Unknown,General,Anonymous,,3. Had a routine experience with Southwest Airlines. The flight was on time and the snack selection was average.,,,,,,Negative,Generated,synthetic,0.108
Unknown,General,Anonymous,,"12. The flight with Airline I was smooth and the cabin crew was attentive, although the meal options were somewhat limited.",,,,,,Neutral,Generated,synthetic,0.3205714285714286
Unknown,General,Anonymous,,"3. ""The crew on my Airline Z flight were professional and efficient, ensuring a smooth journey.""",,,,,,Neutral,Generated,synthetic,0.33
Unknown,General,Anonymous,,19. The flight with Airline P was satisfactory. The check-in process was efficient and the flight was punctual.,,,,,,Neutral,Generated,synthetic,0.6
Unknown,General,Anonymous,,8. Airline E's booking process was easy and quick. The boarding process was a bit confusing but manageable.,,,,,,Neutral,Generated,synthetic,0.506
Unknown,General,Anonymous,,"17. EasyJet provided a basic service. The seats were not very comfortable, but the flight was on time.",,,,,,Neutral,Generated,synthetic,0.6
Unknown,General,Anonymous,,5. I recently flew with Etihad. The aircraft was not the newest but the crew managed to offer a smooth flight.,,,,,,Neutral,Generated,synthetic,0.192
Unknown,General,Anonymous,,9. Airline F's flight departed and arrived as per schedule. The in-flight entertainment and food service were pretty standard.,,,,,,Neutral,Generated,synthetic,0.09
Unknown,General,Anonymous,,"4. ""Airline A's cabin was clean and maintained. The entertainment options were satisfactory, but not extensive.""",,,,,,Neutral,Generated,synthetic,0.48400000000000004
Unknown,General,Anonymous,,"7. ""Airline D's service was standard. The check-in process was smooth and the flight landed on time.""",,,,,,Neutral,Generated,synthetic,0.192
Unknown,General,Anonymous,,"17. I had an acceptable experience with Airline N. The flight was on time, and the cabin conditions were fine.",,,,,,Neutral,Generated,synthetic,0.3
Unknown,General,Anonymous,,"12. Airline L offered a decent service for the price. The flight was on time and the crew were professional, but the legroom was limited.",,,,,,Neutral,Generated,synthetic,0.6
Unknown,General,Anonymous,,"17. ""The flight with Spirit Airlines was typical. The seats were a bit cramped but the crew was friendly.""",,,,,,Neutral,Generated,synthetic,0.123
Unknown,General,Anonymous,,17. The Alaska Airlines flight was uneventful. The flight attendants were professional and the in-flight snacks were average.,,,,,,Neutral,Generated,synthetic,0.6
Unknown,General,Anonymous,,"16. Etihad Airways' service was okay, the flight was smooth but the meal options were limited.",,,,,,Neutral,Generated,synthetic,0.3645714285714286
Unknown,General,Anonymous,,"5. JetBlue has a hassle-free check-in process. The flight was on schedule, and the snacks provided were okay.",,,,,,Neutral,Generated,synthetic,0.36
Unknown,General,Anonymous,,"15. I had a typical experience on Ryanair. The flight was punctual, but the cabin was slightly crowded.",,,,,,Negative,Generated,synthetic,0.11999999999999998
Unknown,General,Anonymous,,"20. ""Norwegian Air provided a smooth flight. The check-in process was efficient, but the food options were limited.""",,,,,,Neutral,Generated,synthetic,0.12685714285714286
Unknown,General,Anonymous,,9. Ryanair offered a no-frills service. The flight was on time and the crew was friendly enough.,,,,,,Neutral,Generated,synthetic,0.183
Unknown,General,Anonymous,,"18. The check-in process with Airline O was quick and efficient, but the boarding was a bit chaotic.",,,,,,Positive,Generated,synthetic,0.44
Unknown,General,Anonymous,,"9. ""Airline F's food could do with some improvement, but the beverages were fine.""",,,,,,Neutral,Generated,synthetic,0.22
Unknown,General,Anonymous,,"4. ""The trip on Airline A was standard. I appreciated the timely boarding and the crew were professional.""",,,,,,Neutral,Generated,synthetic,0.07200000000000001
Unknown,General,Anonymous,,"6. ""Etihad Airways provided a satisfactory level of comfort. However, their in-flight entertainment could use some new additions.""",,,,,,Neutral,Generated,synthetic,0.09818181818181816
Unknown,General,Anonymous,,17. My flight with Airline N was fine. The seats were fairly comfortable and the food was average.,,,,,,Positive,Generated,synthetic,0.55
Unknown,General,Anonymous,,7. Airline D offered a comfortable flight experience. The snacks provided were not up to the mark though.,,,,,,Positive,Generated,synthetic,0.528
Unknown,General,Anonymous,,"13. Air France's flight was punctual. The seats were a bit tight, but the cabin crew was friendly.",,,,,,Neutral,Generated,synthetic,0.1187142857142857
Unknown,General,Anonymous,,"5. ""I found British Airways to be quite acceptable. The staff were professional, and the in-flight meal was reasonably good.""",,,,,,Neutral,Generated,synthetic,0.192
Unknown,General,Anonymous,,"19. My trip with Cathay Pacific was average. The check-in procedure was efficient, the flight was punctual, and the service was ordinary.",,,,,,Neutral,Generated,synthetic,0.09599999999999999
Unknown,General,Anonymous,,"15. ""Airline L's flight was smooth and turbulence was handled well by the flight crew.""",,,,,,Neutral,Generated,synthetic,0.528
Unknown,General,Anonymous,,"15. ""Airline L provided a typical flight experience. The boarding process was a little slow, but the flight itself was smooth.""",,,,,,Neutral,Generated,synthetic,0.6
Unknown,General,Anonymous,,"13. ""Etihad Airways offered a decent service. The flight departed and arrived on schedule, and the cabin crew was polite.""",,,,,,Neutral,Generated,synthetic,0.11999999999999998
Unknown,General,Anonymous,,"6. Virgin Atlantic had a decent entertainment selection. The food was average, but the staff was quite attentive.",,,,,,Neutral,Generated,synthetic,0.09999999999999999
Unknown,General,Anonymous,,"14. My flight with Airline K was average. The ticket price was reasonable, and the service was acceptable.",,,,,,Neutral,Generated,synthetic,0.6
Unknown,General,Anonymous,,"1. ""Airline X provided an efficient check-in process and the flight left on time. The seats were quite standard and the meal was satisfactory.""",,,,,,Neutral,Generated,synthetic,0.6
Unknown,General,Anonymous,,"18. The Virgin Atlantic flight was okay. The flight was punctual, but the legroom was a bit tight.",,,,,,Positive,Generated,synthetic,0.66
Unknown,General,Anonymous,,"20. My flight on Norwegian Air was typical. The plane was clean and the flight was smooth, but the legroom was slightly limited.",,,,,,Neutral,Generated,synthetic,0.1241142857142857
Unknown,General,Anonymous,,"4. ""Air Canada provided a clean cabin and on-time departure. The meal was average.""",,,,,,Neutral,Generated,synthetic,0.19360000000000002
Unknown,General,Anonymous,,"6. Airline C's flight was decent. The plane was clean, and the flight was on schedule.",,,,,,Neutral,Generated,synthetic,0.192
Unknown,General,Anonymous,,8. Airline E provided a standard in-flight meal which was quite average. The flight took off and landed on time.,,,,,,Neutral,Generated,synthetic,0.6
Unknown,General,Anonymous,,1. Airline X provided a decent service. The flight was on time and the in-flight entertainment was adequate.,,,,,,Neutral,Generated,synthetic,0.18
Unknown,General,Anonymous,,"20. ""The Air New Zealand flight was typical. The cabin was clean, the staff were professional, and the flight was on time.""",,,,,,Neutral,Generated,synthetic,0.07854545454545454
Unknown,General,Anonymous,,"10. ""The flight with Airline G was satisfactory. The cabin crew were polite, but the legroom was a bit limited.""",,,,,,Neutral,Generated,synthetic,0.6
Unknown,General,Anonymous,,"6. ""Airline C's flight was comfortable, but the food options were limited. The boarding process was smooth.""",,,,,,Neutral,Generated,synthetic,0.22285714285714286
Unknown,General,Anonymous,,"16. ""Air New Zealand provided a decent flight experience. The cabin was clean, but the meals were not particularly memorable.""",,,,,,Neutral,Generated,synthetic,0.07554545454545453
Unknown,General,Anonymous,,"10. ""Airline G provided standard legroom. The cabin's cleanliness was maintained throughout the flight.""",,,,,,Neutral,Generated,synthetic,0.6
Unknown,General,Anonymous,,16. Cathay Pacific offered an acceptable service. The flight was on time and the crew was friendly.,,,,,,Neutral,Generated,synthetic,0.31799999999999995
Unknown,General,Anonymous,,"1. ""British Airways consistently delivers a smooth flight experience, although the in-flight entertainment options could use some updating.""",,,,,,Neutral,Generated,synthetic,0.28600000000000003
Unknown,General,Anonymous,,16. Airline M's flight was decent. The crew members were professional and the in-flight meals were satisfactory.,,,,,,Neutral,Generated,synthetic,0.096
Unknown,General,Anonymous,,"6. ""Emirates provided a standard flight experience with no major issues. The cabin was clean and the in-flight entertainment was satisfactory.""",,,,,,Neutral,Generated,synthetic,0.08049999999999999
Unknown,General,Anonymous,,"13. ""The boarding process with Airline J was a bit slow. The flight was comfortable with a decent meal.""",,,,,,Negative,Generated,synthetic,0.3960000000000001
Unknown,General,Anonymous,,"5. British Airways offered an average experience. The flight departed and arrived as per schedule, and the staff was reasonably polite.",,,,,,Neutral,Generated,synthetic,0.6
Unknown,General,Anonymous,,8. The seating on the British Airways flight was a bit cramped but tolerable. The crew was responsive to requests.,,,,,,Negative,Generated,synthetic,0.6
Unknown,General,Anonymous,,"2. Just flew with Airline Y. The in-flight service was decent, though the selection of food could be improved.",,,,,,Neutral,Generated,synthetic,0.11999999999999998
Unknown,General,Anonymous,,"2. ""The in-flight meal on Airline Y was average, nothing too fancy. The legroom was decent, though.""",,,,,,Neutral,Generated,synthetic,0.6
Unknown,General,Anonymous,,"14. ""Ryanair offered a standard low-cost flight experience. The seats were not the most comfortable but acceptable for the short flight.""",,,,,,Neutral,Generated,synthetic,0.162
Unknown,General,Anonymous,,"15. The customer service of Airline L was helpful in resolving queries, but the waiting time on the call was long.",,,,,,Negative,Generated,synthetic,0.6
Unknown,General,Anonymous,,11. My flight with Airline H was average. The seats were comfortable but the in-flight entertainment was limited.,,,,,,Neutral,Generated,synthetic,0.6
Unknown,General,Anonymous,,"5. American Airlines provided a smooth check-in process and the flight departed on time. The legroom was a bit limited, but manageable.",,,,,,Neutral,Generated,synthetic,0.12685714285714286
Unknown,General,Anonymous,,"3. ""My flight with Airline Z was as expected. The seats were somewhat comfortable and the entertainment options were diverse.""",,,,,,Positive,Generated,synthetic,0.18000000000000002
Unknown,General,Anonymous,,2. I flew with Southwest airlines. The flight departed and arrived on time. The in-flight entertainment system was decent.,,,,,,Neutral,Generated,synthetic,0.11999999999999998
Unknown,General,Anonymous,,4. The flight with American Airlines was standard. Seats were comfortable but could use a bit more legroom.,,,,,,Neutral,Generated,synthetic,0.162
Unknown,General,Anonymous,,"19. The Qantas flight was on schedule, and the cabin was clean. The food quality was average.",,,,,,Neutral,Generated,synthetic,0.48400000000000004
Unknown,General,Anonymous,,"18. I took a flight with Turkish Airlines. The airplane was well-kept, the staff was courteous, and the in-flight entertainment was satisfactory.",,,,,,Neutral,Generated,synthetic,0.432
Unknown,General,Anonymous,,"10. My flight on British Airways was reasonable. The cabin was clean, and the flight attendants were professional.",,,,,,Neutral,Generated,synthetic,0.11999999999999998
Unknown,General,Anonymous,,"2. ""I flew with Delta Airlines recently. The cabin crew were professional, but the in-flight meal was just okay.""",,,,,,Neutral,Generated,synthetic,0.14399999999999996
Unknown,General,Anonymous,,3. American Airlines provided a smooth check-in process. The inflight entertainment was satisfactory.,,,,,,Neutral,Generated,synthetic,0.0768
Unknown,General,Anonymous,,10. Airline J's flight attendants were friendly. The in-flight meal was appropriate for the price of the ticket.,,,,,,Positive,Generated,synthetic,0.495
Unknown,General,Anonymous,,"18. My recent flight with KLM was decent. The seats were spacious enough and the meal was good, but not extraordinary.",,,,,,Neutral,Generated,synthetic,0.10079999999999999
Unknown,General,Anonymous,,"1. ""The flight experience on Airline X was uneventful, with on-time departure and arrival. The in-flight meal was average.""",,,,,,Negative,Generated,synthetic,0.108
Unknown,General,Anonymous,,"5. ""Virgin Atlantic provided a comfortable flight. The meals were satisfactory and the cabin crew was polite.""",,,,,,Neutral,Generated,synthetic,0.528
Unknown,General,Anonymous,,"16. ""EasyJet provided a decent flight. The seats were a bit cramped but the flight was on time.""",,,,,,Neutral,Generated,synthetic,0.16799999999999998
Unknown,General,Anonymous,,8. Ryanair provided a no-frills flight experience. The flight was on time and the cabin was kept clean.,,,,,,Neutral,Generated,synthetic,0.264
Unknown,General,Anonymous,,10. My experience with Lufthansa was standard. The flight was on time and the staff was courteous.,,,,,,Neutral,Generated,synthetic,0.216
Unknown,General,Anonymous,,11. Emirates provided an average flight experience. The food was acceptable and the seats were adequately comfortable.,,,,,,Neutral,Generated,synthetic,0.09
Unknown,General,Anonymous,,6. The customer service on Airline C was decent and the flight was on time. The cleanliness of the aircraft could be improved.,,,,,,Neutral,Generated,synthetic,0.11999999999999998
Unknown,General,Anonymous,,"9. ""Had an average experience on Airline F. The flight was on time but the legroom was a bit tight.""",,,,,,Negative,Generated,synthetic,0.11828571428571429
Unknown,General,Anonymous,,"19. ""My flight with Airline P was fine. The luggage handling was swift, though the in-flight entertainment was limited.""",,,,,,Positive,Generated,synthetic,0.55
Unknown,General,Anonymous,,"10. My flight with Air France was quite ordinary. The staff was professional, but the food was nothing to write home about.",,,,,,Negative,Generated,synthetic,0.33
Unknown,General,Anonymous,,15. Flew with Airline O and the seats were reasonably comfortable. The flight was slightly delayed but the communication was good.,,,,,,Positive,Generated,synthetic,0.528
Unknown,General,Anonymous,,11. The baggage handling at Airline K was efficient. The flight was a bit bumpy but the pilot handled it well.,,,,,,Positive,Generated,synthetic,0.6
Unknown,General,Anonymous,,"2. ""JetBlue offers a fairly comfortable ride. The legroom was decent, and the snack options were standard.""",,,,,,Neutral,Generated,synthetic,0.33
Unknown,General,Anonymous,,20. The flight with Singapore Airlines was alright. The food was good and the cabin crew was professional.,,,,,,Positive,Generated,synthetic,0.4799999999999999
Unknown,General,Anonymous,,"11. ""The flight with Airline H was typical. The crew was polite and the plane was clean.""",,,,,,Neutral,Generated,synthetic,0.07200000000000001
Unknown,General,Anonymous,,"10. ""Lufthansa's flight was on time, and the seats were comfortable. The food was typical airline fare.""",,,,,,Neutral,Generated,synthetic,0.528
Unknown,General,Anonymous,,"7. ""Airline G's boarding process was well-organized. The food was edible, but nothing to write home about.""",,,,,,Negative,Generated,synthetic,0.6
Unknown,General,Anonymous,,"4. ""My experience with Southwest Airlines was just fine. The check-in process was smooth, and the flight was punctual. In-flight entertainment options were limited.""",,,,,,Neutral,Generated,synthetic,0.539
Unknown,General,Anonymous,,15. The United Airlines flight was standard. The seats were moderately comfortable and the crew was courteous.,,,,,,Neutral,Generated,synthetic,0.23999999999999996
Unknown,General,Anonymous,,20. The Cathay Pacific flight was adequate. The food was typical airline fare and the crew was professional.,,,,,,Neutral,Generated,synthetic,0.44
Unknown,General,Anonymous,,"3. Flew with Airline Z recently. The flight was slightly delayed but overall, it was a smooth journey.",,,,,,Neutral,Generated,synthetic,0.6
Unknown,General,Anonymous,,"18. ""Airline O's flight was satisfactory with a friendly crew. The seat comfort was average.""",,,,,,Neutral,Generated,synthetic,0.495
Unknown,General,Anonymous,,"15. ""Airline O's flight was on schedule. The seats were somewhat narrow, but the in-flight service was prompt.""",,,,,,Negative,Generated,synthetic,0.24
Unknown,General,Anonymous,,"11. ""The flight with Airline H was satisfactory. The boarding process was smooth, though the meal could have been better.""",,,,,,Neutral,Generated,synthetic,0.372
Unknown,General,Anonymous,,"18. ""The flight with Etihad Airways from Abu Dhabi to London was just fine. The plane was clean, and the staff was courteous. The meals could have been better.""",,,,,,Positive,Generated,synthetic,0.6086666666666667
Unknown,General,Anonymous,,"7. ""Airline D's staff were polite and did their best to accommodate passenger requests.""",,,,,,Positive,Generated,synthetic,0.528
Unknown,General,Anonymous,,"6. ""Airline C's staff were professional and the flight was comfortable. The meal options were limited.""",,,,,,Positive,Generated,synthetic,0.33
Unknown,General,Anonymous,,"18. ""United Airlines has a straightforward booking process, but the cleanliness of the plane could be improved.""",,,,,,Neutral,Generated,synthetic,0.495
Unknown,General,Anonymous,,"16. My flight with Airline P was satisfactory. The airplane was clean and the staff was polite, but the layover was a bit long.",,,,,,Neutral,Generated,synthetic,0.11400000000000002
Unknown,General,Anonymous,,"6. ""The flight from London to Tokyo with British Airways was on time. They offered a variety of movies and shows on their entertainment system.""",,,,,,Neutral,Generated,synthetic,0.6
Unknown,General,Anonymous,,"3. ""Air Canada's economy class seating was comfortable enough for a short haul flight. The cabin temperature was a bit too cold for my liking.""",,,,,,Negative,Generated,synthetic,0.6
Unknown,General,Anonymous,,"10. Turkish Airlines offered a decent service. The check-in process was efficient and the flight was on time, but the legroom was a bit tight.",,,,,,Neutral,Generated,synthetic,0.6
Unknown,General,Anonymous,,"9. ""Air France offered a decent service with an on-time departure. The cabin was clean, but the seats were a bit uncomfortable.""",,,,,,Neutral,Generated,synthetic,0.6
Unknown,General,Anonymous,,"10. ""The journey on Airline G was regular. The amenities were satisfactory and the luggage handling was efficient.""",,,,,,Neutral,Generated,synthetic,0.6
Unknown,General,Anonymous,,17. The journey with Turkish Airlines was normal. The crew was professional and the seats were satisfactory.,,,,,,Neutral,Generated,synthetic,0.09
Unknown,General,Anonymous,,"20. ""My flight with Alaska Airlines was pretty standard. The check-in process was easy, and the flight left on time.""",,,,,,Neutral,Generated,synthetic,0.17099999999999999
Unknown,General,Anonymous,,14. The flight with Airline K was as expected. The food was average but the in-flight entertainment was good.,,,,,,Neutral,Generated,synthetic,0.108
Unknown,General,Anonymous,,"9. Lufthansa: The in-flight entertainment selection was extensive, but the food quality could be better.",,,,,,Positive,Generated,synthetic,0.33
Unknown,General,Anonymous,,13. My flight with Air France was standard. The flight was smooth and the staff was helpful. The food was average.,,,,,,Neutral,Generated,synthetic,0.108
Unknown,General,Anonymous,,9. Airline F's services were adequate. There were no significant delays and the food was decent.,,,,,,Neutral,Generated,synthetic,0.44
Unknown,General,Anonymous,,"14. ""Singapore Airlines offers a good service. The seats were reasonably comfortable and the food was edible.""",,,,,,Positive,Generated,synthetic,0.528
Unknown,General,Anonymous,,"19. ""The baggage handling process with Airline P was smooth. The in-flight meal was satisfactory.""",,,,,,Neutral,Generated,synthetic,0.528
Unknown,General,Anonymous,,"10. ""The Singapore Airlines flight provided an average experience. The legroom was sufficient and the food was fairly good.""",,,,,,Neutral,Generated,synthetic,0.19799999999999998
Unknown,General,Anonymous,,"16. ""The seats on Airline M were a bit cramped, but the overall flight experience was decent.""",,,,,,Neutral,Generated,synthetic,0.6
Unknown,General,Anonymous,,"16. My experience with Turkish Airlines was quite ordinary. The staff was professional and the flight was punctual, but the in-flight meal was not impressive.",,,,,,Negative,Generated,synthetic,0.33
Unknown,General,Anonymous,,"18. The service on Singapore Airlines was adequate. The food was good and the cabin was clean, but the in-flight service was a bit slow.",,,,,,Neutral,Generated,synthetic,0.44
Unknown,General,Anonymous,,"17. ""The trip on Airline N was normal. The cabin crew were polite and the flight landed on time.""",,,,,,Neutral,Generated,synthetic,0.108
Unknown,General,Anonymous,,"17. ""Air France's service was standard. The food was satisfactory and the flight attendants were polite.""",,,,,,Neutral,Generated,synthetic,0.6
Unknown,General,Anonymous,,6. Qantas Airways provided a standard service. The check-in was efficient and the flight was comfortable enough.,,,,,,Neutral,Generated,synthetic,0.144
Unknown,General,Anonymous,,"19. Airline P's flight had a clean cabin and friendly staff, but the entertainment system was outdated.",,,,,,Neutral,Generated,synthetic,0.12999999999999998
Unknown,General,Anonymous,,"16. ""Airline P offered a standard flight experience with on-time performance. The food quality was adequate, but not exceptional.""",,,,,,Neutral,Generated,synthetic,0.6
Unknown,General,Anonymous,,"5. ""Airline B's flight was typical. The food was edible, nothing impressive but not bad either.""",,,,,,Neutral,Generated,synthetic,0.284
Unknown,General,Anonymous,,"6. ""Airline C's staff was polite, and the flight was on time. The in-flight entertainment could use an upgrade.""",,,,,,Neutral,Generated,synthetic,0.6
Unknown,General,Anonymous,,"2. American Airlines offered a reliable service. The in-flight meal was acceptable, and the staff were professional.",,,,,,Neutral,Generated,synthetic,0.6
Unknown,General,Anonymous,,"6. ""My flight with United Airlines was typical. The boarding process was a bit slow, but the flight attendants were polite.""",,,,,,Negative,Generated,synthetic,0.16799999999999998
Unknown,General,Anonymous,,"8. ""The flight with Airline E was regular. The cabin crew were attentive and the in-flight entertainment was acceptable.""",,,,,,Neutral,Generated,synthetic,0.144
Unknown,General,Anonymous,,16. The flight with Etihad was as expected. The in-flight entertainment was good but the food was just okay.,,,,,,Neutral,Generated,synthetic,0.264
Unknown,General,Anonymous,,12. My experience with Lufthansa was fairly average. The flight landed on time and the cabin crew was polite. The food was typical airline fare.,,,,,,Negative,Generated,synthetic,0.11399999999999998
Unknown,General,Anonymous,,"5. ""Our flight on Airline B was ordinary, with a friendly enough crew. The inflight Wi-Fi was a bit slow.""",,,,,,Neutral,Generated,synthetic,0.6
Unknown,General,Anonymous,,10. Air France provided a decent flight experience. The food was average but the flight was punctual.,,,,,,Neutral,Generated,synthetic,0.6
Unknown,General,Anonymous,,"8. Airline E provided a comfortable flight with enough space, however, the temperature in the cabin was a little cold.",,,,,,Negative,Generated,synthetic,0.11624999999999998
Unknown,General,Anonymous,,"9. Airline F offered a standard flight experience. The in-flight amenities were average, and the flight arrived on time.",,,,,,Neutral,Generated,synthetic,0.6
Unknown,General,Anonymous,,6. The check-in process at Airline F was efficient. The flight was smooth and landed on time.,,,,,,Neutral,Generated,synthetic,0.33599999999999997
Unknown,General,Anonymous,,15. Flew with Airline L this week. The flight was a bit crowded but the cabin crew managed it well.,,,,,,Negative,Generated,synthetic,0.6
Unknown,General,Anonymous,,"16. I flew with Spirit Airlines. The flight departed and arrived on schedule, the seats were fairly comfortable, and the food was average.",,,,,,Neutral,Generated,synthetic,0.09
Unknown,General,Anonymous,,"10. Virgin Atlantic provided a routine service. The flight was on time, and the snacks provided were average.",,,,,,Negative,Generated,synthetic,0.108
Unknown,General,Anonymous,,"17. ""Air Canada's flight was alright. The in-flight service was standard and the plane was clean.""",,,,,,Neutral,Generated,synthetic,0.132
Unknown,General,Anonymous,,"3. ""Airline C's services met my expectations. The leg room was just enough for a comfortable journey.""",,,,,,Positive,Generated,synthetic,0.24
Unknown,General,Anonymous,,"5. Had a standard experience with American Airlines. The crew was polite and the flight was smooth, although the in-flight amenities were only average.",,,,,,Neutral,Generated,synthetic,0.084
Unknown,General,Anonymous,,"11. The flight with Airline K was generally good. Seats were comfortable, but the in-flight entertainment was outdated.",,,,,,Positive,Generated,synthetic,0.9239999999999999
Unknown,General,Anonymous,,"5. The in-flight entertainment on Airline B was average, offering a moderate selection of movies and shows.",,,,,,Neutral,Generated,synthetic,0.6
Unknown,General,Anonymous,,"17. ""Airline N's boarding process was a bit chaotic, but the flight itself was comfortable.""",,,,,,Positive,Generated,synthetic,0.528
Unknown,General,Anonymous,,5. Airline E offered a decent in-flight service. The meals were typical airline fare and the cabin crew were polite.,,,,,,Neutral,Generated,synthetic,0.6
Unknown,General,Anonymous,,"15. ""The Singapore Airlines flight was punctual. The cabin crew was polite, but the in-flight entertainment was lacking.""",,,,,,Neutral,Generated,synthetic,0.6
Unknown,General,Anonymous,,"2. ""Airline B offers a comfortable flight experience with ample legroom. However, the in-flight entertainment could use an update.""",,,,,,Positive,Generated,synthetic,0.33
Unknown,General,Anonymous,,"16. ""My flight with Airline M was alright. The cabin was clean and the food was satisfactory.""",,,,,,Neutral,Generated,synthetic,0.264
Unknown,General,Anonymous,,"14. ""My Virgin Atlantic flight was satisfactory. The in-flight entertainment was diverse and the flight was smooth.""",,,,,,Neutral,Generated,synthetic,0.33599999999999997
Unknown,General,Anonymous,,"12. ""The Ryanair flight was decent. The plane was clean and the staff was professional.""",,,,,,Neutral,Generated,synthetic,0.15199999999999997
Unknown,General,Anonymous,,12. The JetBlue flight was okay. The flight left on time and the cabin was clean.,,,,,,Positive,Generated,synthetic,0.66
Unknown,General,Anonymous,,"4. I took a flight with Southwest Airlines. The ticketing process was straightforward, the flight was punctual, and the service was typical.",,,,,,Neutral,Generated,synthetic,0.075
Unknown,General,Anonymous,,"13. ""My recent flight with United Airlines was okay. The cabin was clean, and the staff was professional.""",,,,,,Neutral,Generated,synthetic,0.33
Unknown,General,Anonymous,,"14. I traveled with JetBlue recently. The check-in process was efficient, but the flight was slightly delayed. The in-flight entertainment was decent.",,,,,,Neutral,Generated,synthetic,0.6
Unknown,General,Anonymous,,"4. ""Airline D offered a smooth flight with a few minor turbulence. The in-flight entertainment was average.""",,,,,,Neutral,Generated,synthetic,0.6
Unknown,General,Anonymous,,5. The check-in process with Airline B was relatively smooth. The in-flight entertainment could use some improvement.,,,,,,Neutral,Generated,synthetic,0.528
Unknown,General,Anonymous,,"15. ""Turkish Airlines' flight was on time and the boarding process was orderly. The meals served were just okay.""",,,,,,Neutral,Generated,synthetic,0.36
Unknown,General,Anonymous,,20. The flight with Airline Q was on time and the check-in process was efficient. The in-flight entertainment could use more variety.,,,,,,Neutral,Generated,synthetic,0.408
Unknown,General,Anonymous,,7. Airline G's seats were a bit narrow but manageable for a short flight. The crew was polite and attentive.,,,,,,Positive,Generated,synthetic,0.08
Unknown,General,Anonymous,,"10. ""Airline G's flight was reasonably comfortable. The food wasn't exceptional, but it was adequate for a short flight.""",,,,,,Positive,Generated,synthetic,0.528
Unknown,General,Anonymous,,"11. Lufthansa provided an efficient check-in process. The in-flight entertainment was average, and the meal could be improved.",,,,,,Neutral,Generated,synthetic,0.6
Unknown,General,Anonymous,,"18. ""Airline O's flight was on time, and the cabin crew was friendly. The in-flight entertainment was average.""",,,,,,Neutral,Generated,synthetic,0.495
Unknown,General,Anonymous,,5. Airline B's flight was on time and the cabin cleanliness was satisfactory. The staff could have been more attentive.,,,,,,Neutral,Generated,synthetic,0.324
Unknown,General,Anonymous,,"7. ""Airline D's flight was fairly punctual. The in-flight entertainment was a bit lacking, but it was a short flight.""",,,,,,Positive,Generated,synthetic,0.9239999999999999
Unknown,General,Anonymous,,"3. The boarding process with Airline Z was pretty smooth. However, the flight was slightly delayed.",,,,,,Neutral,Generated,synthetic,0.42900000000000005
Unknown,General,Anonymous,,"12. ""The Air Canada flight was punctual, and the airplane was clean. The in-flight entertainment could be improved.""",,,,,,Neutral,Generated,synthetic,0.48400000000000004
Unknown,General,Anonymous,,10. Airline G's check-in process was quick and efficient. The seats were comfortable but the in-flight service was average.,,,,,,Neutral,Generated,synthetic,0.44
Unknown,General,Anonymous,,"15. ""KLM Royal Dutch Airlines' flight was punctual. The cabin was clean but the in-flight entertainment could use more variety.""",,,,,,Neutral,Generated,synthetic,0.312
Unknown,General,Anonymous,,"19. The Ryanair flight was as expected. The flight was on time and the boarding process was smooth, but the seat space was a bit cramped.",,,,,,Neutral,Generated,synthetic,0.156
Unknown,General,Anonymous,,"4. The flight with British Airways was relatively smooth. The meal served was standard airline fare. The flight was slightly delayed, but not by much.",,,,,,Neutral,Generated,synthetic,0.6
Unknown,General,Anonymous,,"20. ""Cathay Pacific's flight was smooth, but the food was quite average. The staff were professional and polite.""",,,,,,Neutral,Generated,synthetic,0.13199999999999998
Unknown,General,Anonymous,,17. Airline N offered a smooth flight and on-time departure but the in-flight service was just average.,,,,,,Neutral,Generated,synthetic,0.13799999999999998
Unknown,General,Anonymous,,"3. ""The JetBlue Airways flight was average. The cabin crew was professional and the in-flight entertainment options were sufficient.""",,,,,,Neutral,Generated,synthetic,0.6
Unknown,General,Anonymous,,"6. ""Airline F provided adequate service with on-time departure and arrival. The in-flight meal options could use some variety.""",,,,,,Positive,Generated,synthetic,0.44
Unknown,General,Anonymous,,"12. The flight with Airline I was normal. The in-flight entertainment could use an upgrade, but the staff was friendly.",,,,,,Positive,Generated,synthetic,0.363
Unknown,General,Anonymous,,6. Ryanair provided a basic service for a short haul flight. The staff were efficient and the flight was on time.,,,,,,Neutral,Generated,synthetic,0.6
Unknown,General,Anonymous,,"18. The service on Airline O's flight was satisfactory. The food quality was average, and the flight was on schedule.",,,,,,Negative,Generated,synthetic,0.108
Unknown,General,Anonymous,,"7. ""The flight with Airline D was on time, and the check-in process was efficient. The seats could use more padding for comfort.""",,,,,,Neutral,Generated,synthetic,0.408
Unknown,General,Anonymous,,"18. The experience with Airline R was typical of most airlines. The staff was professional, but the food was average at best.",,,,,,Neutral,Generated,synthetic,0.1848
Unknown,General,Anonymous,,9. Airline F's in-flight entertainment system was satisfactory with a decent selection of films. The seats were tight but bearable for a short flight.,,,,,,Neutral,Generated,synthetic,0.6
Unknown,General,Anonymous,,"19. Airline P's flight was punctual and the cabin was clean. The in-flight meal was standard, nothing extraordinary.",,,,,,Neutral,Generated,synthetic,0.48400000000000004
Unknown,General,Anonymous,,"1. Flew with American Airlines recently; the service was efficient and flight punctual. However, the legroom was slightly limited.",,,,,,Neutral,Generated,synthetic,0.6
Unknown,General,Anonymous,,"12. The seat comfort on the JetBlue flight was average, the staff was professional but the food was not up to the mark.",,,,,,Neutral,Generated,synthetic,0.6
Unknown,General,Anonymous,,2. Boarded a United Airlines flight last week. The staff was professional and the in-flight entertainment was satisfactory.,,,,,,Neutral,Generated,synthetic,0.6
Unknown,General,Anonymous,,"11. ""Airline K offered a smooth flight and efficient service. However, the in-flight snacks were quite ordinary.""",,,,,,Neutral,Generated,synthetic,0.528
Unknown,General,Anonymous,,"19. ""Airline P's flight was as expected. The seats were comfortable enough for the long flight.""",,,,,,Positive,Generated,synthetic,0.07500000000000001
Unknown,General,Anonymous,,"1. The in-flight service on Airline X was satisfactory, offering a standard selection of snacks and drinks.",,,,,,Neutral,Generated,synthetic,0.6
Unknown,General,Anonymous,,11. KLM's flight was unremarkable but efficient. The crew was professional and the in-flight entertainment was standard.,,,,,,Neutral,Generated,synthetic,0.084
Unknown,General,Anonymous,,"4. ""Airline A's seats were reasonably comfortable for a short-haul flight. No significant complaints.""",,,,,,Positive,Generated,synthetic,0.21120000000000005
Unknown,General,Anonymous,,"10. ""The flight with Airline J was on schedule. The in-flight entertainment had a reasonable selection.""",,,,,,Positive,Generated,synthetic,0.24
Unknown,General,Anonymous,,"17. ""I recently flew with Cathay Pacific. The legroom was average, and the in-flight meal was decent.""",,,,,,Neutral,Generated,synthetic,0.6
Unknown,General,Anonymous,,"4. ""The flight with United Airlines was average. The leg space was adequate and the plane left on time.""",,,,,,Neutral,Generated,synthetic,0.6
Unknown,General,Anonymous,,2. I found the in-flight entertainment options on Airline Y to be sufficient for a short-haul flight. The food quality could be improved.,,,,,,Negative,Generated,synthetic,0.6
Unknown,General,Anonymous,,4. The customer service at Airline A was decent. The staff was professional and answered my queries promptly.,,,,,,Neutral,Generated,synthetic,0.096
Unknown,General,Anonymous,,"8. ""SAS provided a punctual departure and arrival. The legroom was acceptable for a medium haul flight.""",,,,,,Neutral,Generated,synthetic,0.6
Unknown,General,Anonymous,,18. The cabin crew on Airline O was professional and attentive. The seats in economy class were a bit tight.,,,,,,Positive,Generated,synthetic,0.33
Unknown,General,Anonymous,,20. I flew with EasyJet and had a typical experience. The flight was on time and the boarding process was efficient.,,,,,,Neutral,Generated,synthetic,0.07199999999999998
Unknown,General,Anonymous,,"11. ""The flight with Airline H was satisfactory. The Wi-Fi connection was not stable, but the cabin crew was helpful.""",,,,,,Neutral,Generated,synthetic,0.6
Unknown,General,Anonymous,,"12. The flight with Airline I was satisfactory. However, the boarding process could be more organized.",,,,,,Neutral,Generated,synthetic,0.36
Unknown,General,Anonymous,,"18. The flight with Airline O was satisfactory. The seat comfort was average, and the staff was polite.",,,,,,Negative,Generated,synthetic,0.108
Unknown,General,Anonymous,,"20. Airline T provided a standard service. The flight was comfortable, but the meal could have been better.",,,,,,Neutral,Generated,synthetic,0.216
Unknown,General,Anonymous,,"10. The legroom on Airline G was standard, and the food was typical airline fare.",,,,,,Neutral,Generated,synthetic,0.6
Unknown,General,Anonymous,,"8. I took a flight with Southwest Airlines. The process was smooth, and the cabin crew was efficient.",,,,,,Neutral,Generated,synthetic,0.33599999999999997
Unknown,General,Anonymous,,"11. ""During my flight with JetBlue, the staff were attentive and the plane was clean. The seat comfort could have been better.""",,,,,,Neutral,Generated,synthetic,0.5060000000000001
Unknown,General,Anonymous,,"7. ""Emirates provided a satisfactory level of comfort for the long-haul flight. The in-flight entertainment was quite diverse, but the headphones provided were of average quality.""",,,,,,Negative,Generated,synthetic,0.108
Unknown,General,Anonymous,,"17. The food on Airline N was not outstanding, but the flight was smooth and on schedule.",,,,,,Neutral,Generated,synthetic,0.354
Unknown,General,Anonymous,,"2. ""JetBlue provided a comfortable flying experience. The in-flight entertainment was fairly good with a nice variety of options.""",,,,,,Positive,Generated,synthetic,0.528
Unknown,General,Anonymous,,5. The flight with Emirates to Dubai was fairly comfortable. The meals served were of good quality.,,,,,,Positive,Generated,synthetic,0.528
Unknown,General,Anonymous,,"3. ""Flew with Lufthansa from Munich to New York. The flight was smooth with hardly any turbulence. Food could be improved.""",,,,,,Neutral,Generated,synthetic,0.10672727272727271
Unknown,General,Anonymous,,9. Flew with Lufthansa from Frankfurt to Munich. The plane was clean and the flight crew was professional.,,,,,,Neutral,Generated,synthetic,0.16799999999999998
Unknown,General,Anonymous,,"16. ""The Air Asia flight was decent. The plane was clean, but the boarding process could have been smoother.""",,,,,,Neutral,Generated,synthetic,0.24
Unknown,General,Anonymous,,"9. Air Canada's service was reliable, and the staff was pleasant. The in-flight meal was acceptable.",,,,,,Positive,Generated,synthetic,0.968
Unknown,General,Anonymous,,"8. ""My experience with Airline H was standard. The economy seating was somewhat cramped but manageable for a short flight.""",,,,,,Neutral,Generated,synthetic,0.6
Unknown,General,Anonymous,,"16. On my flight with Spirit Airlines, the cabin was quite clean, and the flight was punctual. The legroom was average.",,,,,,Neutral,Generated,synthetic,0.48400000000000004
Unknown,General,Anonymous,,"2. Flew short-haul with Air France. The seats were quite comfortable, but the legroom was slightly limited.",,,,,,Positive,Generated,synthetic,0.19714285714285718
Unknown,General,Anonymous,,"1. The boarding process with Airline X was smooth, and the flight was on time. The in-flight meal was average.",,,,,,Neutral,Generated,synthetic,0.528
Unknown,General,Anonymous,,"3. ""The flight crew of Airline C was professional and responsive. The food served was standard airline fare.""",,,,,,Neutral,Generated,synthetic,0.6
Unknown,General,Anonymous,,3. Delta Airlines provided timely service. The legroom was quite adequate but the entertainment system could use an upgrade.,,,,,,Positive,Generated,synthetic,0.39999999999999997
Unknown,General,Anonymous,,19. My experience with Wizz Air was on par with expectations. The flight was on time and the onboard facilities were clean.,,,,,,Neutral,Generated,synthetic,0.264
Unknown,General,Anonymous,,"10. ""Qatar Airways provided a standard service. The flight was smooth, but the Wi-Fi was a bit slow.""",,,,,,Neutral,Generated,synthetic,0.072
Unknown,General,Anonymous,,"15. My journey with Qantas was standard. The seats were comfortable and the staff was friendly. The food options could have been better, though.",,,,,,Neutral,Generated,synthetic,0.3410000000000001
Unknown,General,Anonymous,,"17. ""I had a typical experience with Airline N. The flight was smooth and the staff was professional.""",,,,,,Neutral,Generated,synthetic,0.12799999999999997
Unknown,General,Anonymous,,"15. ""The flight with Etihad Airways was standard. The seats were comfortable enough and the meal service was okay.""",,,,,,Neutral,Generated,synthetic,0.162
Unknown,General,Anonymous,,"8. ""My flight with Airline E was just fine. The plane was clean and the crew was attentive.""",,,,,,Positive,Generated,synthetic,0.55
Unknown,General,Anonymous,,"15. ""The Ryanair flight was basic but punctual. The staff were professional, and the cabin was clean.""",,,,,,Neutral,Generated,synthetic,0.112
Unknown,General,Anonymous,,"11. ""The pilot on my Airline H flight made regular updates, which was appreciated.""",,,,,,Positive,Generated,synthetic,0.6
Unknown,General,Anonymous,,"2. ""I flew with Emirates; the in-flight entertainment was satisfactory. The food could use improvement.""",,,,,,Neutral,Generated,synthetic,0.6
Unknown,General,Anonymous,,"8. I took a flight with Airline E. The flight was a bit late, but the service was acceptable.",,,,,,Negative,Generated,synthetic,0.312
Unknown,General,Anonymous,,"9. Airline F's flight was fairly comfortable. The in-flight entertainment was satisfactory, with a decent selection of movies.",,,,,,Neutral,Generated,synthetic,0.528
Unknown,General,Anonymous,,14. Airline K's flight was peaceful and the staff were cordial. The in-flight entertainment could use some more variety.,,,,,,Positive,Generated,synthetic,0.33
Unknown,General,Anonymous,,9. My journey with Singapore Airlines was average. The seat was comfortable and the meal was acceptable.,,,,,,Neutral,Generated,synthetic,0.09
Unknown,General,Anonymous,,"13. My flight with Airline M was fine. The boarding process was smooth, but the snacks served were quite typical.",,,,,,Positive,Generated,synthetic,0.55
Unknown,General,Anonymous,,9. My trip with Airline F was ordinary. No significant delays and the cabin crew was attentive.,,,,,,Negative,Generated,synthetic,0.33
Unknown,General,Anonymous,,13. Airline J's service was acceptable. The crew was polite and the flight was on schedule.,,,,,,Neutral,Generated,synthetic,0.6
Unknown,General,Anonymous,,"20. ""Airline Q's flight was comfortable with professional cabin crew. The entertainment options were satisfactory, but not extensive.""",,,,,,Neutral,Generated,synthetic,0.33
Unknown,General,Anonymous,,"9. Allegiant Air provided a typical low-cost airline experience. The plane was a bit cramped, but the flight was on time.",,,,,,Negative,Generated,synthetic,0.11999999999999998
Unknown,General,Anonymous,,"3. On my flight with Airline C, the in-flight entertainment had a good variety of movies. The seats were fairly comfortable.",,,,,,Positive,Generated,synthetic,0.9239999999999999
Unknown,General,Anonymous,,"9. Air Canada's flight was on time, the legroom was adequate but the meal options were limited.",,,,,,Neutral,Generated,synthetic,0.09428571428571426
Unknown,General,Anonymous,,18. Aer Lingus provided a standard service for my recent flight. The cabin was clean and the staff was friendly.,,,,,,Neutral,Generated,synthetic,0.1815
Unknown,General,Anonymous,,"7. ""Air France's flight was generally comfortable, but the food was quite plain. The staff were professional.""",,,,,,Positive,Generated,synthetic,0.1142857142857143
Unknown,General,Anonymous,,"3. Airline C's flight was quite punctual, but the inflight entertainment options could use an upgrade. The crew was professional.",,,,,,Neutral,Generated,synthetic,0.072
Unknown,General,Anonymous,,"6. ""Airline F's flight attendants were friendly and attentive. The plane was clean but the in-flight entertainment system was outdated.""",,,,,,Neutral,Generated,synthetic,0.5115000000000001
Unknown,General,Anonymous,,"12. The flight with Airline I was fine. The food was typical airline fare, and the cabin crew was professional.",,,,,,Positive,Generated,synthetic,0.55
Unknown,General,Anonymous,,"14. ""Japan Airlines' in-flight meals are standard, but the cabin temperature can be a little inconsistent.""",,,,,,Neutral,Generated,synthetic,0.06749999999999999
Unknown,General,Anonymous,,"4. Used Airline A for a short haul flight. The check-in process was smooth, and the flight landed on time. No complaints, no praises.",,,,,,Neutral,Generated,synthetic,0.192
Unknown,General,Anonymous,,12. Airline L's online check-in process was simple and easy to navigate. The flight itself was satisfactory with no major issues.,,,,,,Neutral,Generated,synthetic,0.28600000000000003
Unknown,General,Anonymous,,3. My experience with Airline Z was typical. The staff was professional and the flight was smooth.,,,,,,Neutral,Generated,synthetic,0.12799999999999997
Unknown,General,Anonymous,,"10. The flight with Qantas was average, the staff was polite, and the in-flight entertainment kept me occupied during the flight.",,,,,,Negative,Generated,synthetic,0.108
Unknown,General,Anonymous,,"1. ""The flight with Airline A was punctual and efficient. The in-flight meal was acceptable but nothing extraordinary.""",,,,,,Neutral,Generated,synthetic,0.288
Unknown,General,Anonymous,,17. The check-in process for Airline Q was straightforward. The flight was average with no major issues to report.,,,,,,Neutral,Generated,synthetic,0.495
Unknown,General,Anonymous,,"7. My flight with Airline D was satisfactory. The seats were moderately comfortable, and the airplane was clean.",,,,,,Neutral,Generated,synthetic,0.276
Unknown,General,Anonymous,,"8. I flew with United Airlines recently. The flight was on time and the seats were comfortable, but the cabin temperature was slightly too cool.",,,,,,Neutral,Generated,synthetic,0.10500000000000001
Unknown,General,Anonymous,,13. The seats on Airline J's economy class were standard with sufficient legroom. The meal served was average.,,,,,,Neutral,Generated,synthetic,0.6
Unknown,General,Anonymous,,"13. ""Airline J's in-flight Wi-Fi was a bit slow, but functional for basic browsing.""",,,,,,Negative,Generated,synthetic,0.07200000000000001
Unknown,General,Anonymous,,"18. The flight with Aeroflot was okay. The boarding process was smooth, but the in-flight entertainment could use an upgrade.",,,,,,Positive,Generated,synthetic,0.66
Unknown,General,Anonymous,,"5. American Airlines: The service was efficient, but the legroom was a bit limited.",,,,,,Positive,Generated,synthetic,0.6
Unknown,General,Anonymous,,13. The seats on Air France were comfortable enough for a short-haul flight. The service was efficient and the food was average.,,,,,,Neutral,Generated,synthetic,0.108
Unknown,General,Anonymous,,"6. ""Qantas Airways provides a smooth check-in process, but the in-flight experience is rather ordinary.""",,,,,,Neutral,Generated,synthetic,0.10200000000000001
Unknown,General,Anonymous,,"15. The Turkish Airlines flight was acceptable. The flight departed and landed on time, but the food was average.",,,,,,Negative,Generated,synthetic,0.108
Unknown,General,Anonymous,,1. The flight with American Airlines was on time and the staff was professional. The seats were average in terms of comfort.,,,,,,Neutral,Generated,synthetic,0.6
Unknown,General,Anonymous,,"13. My flight on Air Canada was average. The crew was professional and the plane was clean, but the food options were limited.",,,,,,Neutral,Generated,synthetic,0.6
Unknown,General,Anonymous,,"4. Airline A's flight was delayed, but they managed to handle the situation decently and provided clear updates.",,,,,,Neutral,Generated,synthetic,0.096
Unknown,General,Anonymous,,11. Airline H's flight was moderately comfortable. The check-in process was a bit slow but the flight was on time.,,,,,,Neutral,Generated,synthetic,0.528
Unknown,General,Anonymous,,"20. ""The flight with Alaska Airlines was acceptable. The boarding process was efficient and the flight departed on time.""",,,,,,Neutral,Generated,synthetic,0.6
Unknown,General,Anonymous,,"2. ""Air Canada provided a satisfactory service on my recent trip. The plane was clean and the in-flight entertainment was up-to-date.""",,,,,,Neutral,Generated,synthetic,0.132
Unknown,General,Anonymous,,"15. ""The flight with Airline L was on time, and the check-in process was efficient. The seats were a bit cramped.""",,,,,,Neutral,Generated,synthetic,0.6
Unknown,General,Anonymous,,"16. ""Turkish Airlines provided a reasonable service. The cabin crew was professional and the food was okay.""",,,,,,Neutral,Generated,synthetic,0.192
Unknown,General,Anonymous,,"10. ""The flight with Airline G had a slight delay but was otherwise fine. The in-flight meal was satisfactory.""",,,,,,Neutral,Generated,synthetic,0.09
Unknown,General,Anonymous,,"12. ""Airline I's in-flight service was average. The seat recline was limited but not uncomfortable for a short flight.""",,,,,,Neutral,Generated,synthetic,0.6
Unknown,General,Anonymous,,"12. ""Cathay Pacific's seats are satisfactorily comfortable, but their in-flight entertainment is somewhat outdated.""",,,,,,Negative,Generated,synthetic,0.6
Unknown,General,Anonymous,,1. Flew with Airline A and the flight was on time. The food was pretty standard for airline fare.,,,,,,Neutral,Generated,synthetic,0.09
Unknown,General,Anonymous,,"5. Southwest Airlines had clean planes and the attendants were professional. The WiFi was a bit slow, however.",,,,,,Neutral,Generated,synthetic,0.30800000000000005
Unknown,General,Anonymous,,7. My flight with Virgin Atlantic was fine. The seats were comfortable enough for a long haul flight. The in-flight entertainment was okay.,,,,,,Neutral,Generated,synthetic,0.18239999999999995
Unknown,General,Anonymous,,"5. On my Air Canada flight, the plane departed and arrived as scheduled. The legroom in economy class was average.",,,,,,Negative,Generated,synthetic,0.108
Unknown,General,Anonymous,,4. My flight with Qatar Airways was fine. The cabin crew was polite and the food was decent.,,,,,,Positive,Generated,synthetic,0.55
Unknown,General,Anonymous,,"1. ""Flight was on time with Delta airlines. The seating was a bit cramped but manageable. Snacks were standard.""",,,,,,Neutral,Generated,synthetic,0.6
Unknown,General,Anonymous,,"16. ""KLM's flight staff are usually friendly, but the quality of their in-flight meals is unexceptional.""",,,,,,Positive,Generated,synthetic,0.495
Unknown,General,Anonymous,,"11. Airline H's flight was on time, the crew was professional, but the airplane could use a bit of an upgrade.",,,,,,Neutral,Generated,synthetic,0.072
Unknown,General,Anonymous,,"5. The British Airways flight was average. The flight departed and arrived on time, and the on-board facilities were good.",,,,,,Neutral,Generated,synthetic,0.13199999999999998
Unknown,General,Anonymous,,"9. ""The JetBlue flight was fine with a smooth take-off and landing. The in-flight meal could use some improvement.""",,,,,,Neutral,Generated,synthetic,0.539
Unknown,General,Anonymous,,14. My experience with JetBlue was fairly average. The flight left on time and the cabin crew was efficient.,,,,,,Neutral,Generated,synthetic,0.6
Unknown,General,Anonymous,,"14. ""I found my flight with Qatar Airways to be quite standard. The food was acceptable, and the flight attendants were courteous.""",,,,,,Neutral,Generated,synthetic,0.216
Unknown,General,Anonymous,,"9. Qatar Airways provided an average service. The flight landed on schedule, but the cabin temperature was a bit uncomfortable.",,,,,,Negative,Generated,synthetic,0.23399999999999999
Unknown,General,Anonymous,,"13. ""Airline J provided a standard service. The check-in process was smooth, but the in-flight entertainment could do with an upgrade.""",,,,,,Neutral,Generated,synthetic,0.192
Unknown,General,Anonymous,,10. The in-flight entertainment on American Airlines was decent. The food and drink options were typical for an airline.,,,,,,Neutral,Generated,synthetic,0.6
Unknown,General,Anonymous,,"6. Airline C provided a decent flight experience. The food was okay, and the cabin crew was professional.",,,,,,Neutral,Generated,synthetic,0.18399999999999997
Unknown,General,Anonymous,,"1. United Airlines provided a fairly standard flight experience. The seats were reasonably comfortable, and the flight was on time.",,,,,,Neutral,Generated,synthetic,0.144
Unknown,General,Anonymous,,"14. The Etihad Airways flight was decent. The food was okay, and the cabin crew was professional.",,,,,,Neutral,Generated,synthetic,0.18399999999999997
Unknown,General,Anonymous,,"7. ""The flight with Airline G was comfortable. The check-in process was fairly quick and efficient.""",,,,,,Positive,Generated,synthetic,0.528
Unknown,General,Anonymous,,"6. Emirates offered a decent flight experience. The food was good, but the cabin was a bit too cold for my liking.",,,,,,Neutral,Generated,synthetic,0.06399999999999997
Unknown,General,Anonymous,,19. The EasyJet flight from Barcelona to Rome was satisfactory. The seats were okay and the staff was efficient.,,,,,,Neutral,Generated,synthetic,0.408
Unknown,General,Anonymous,,"14. ""Airline K's flight had a smooth take-off and landing. The in-flight entertainment options were limited.""",,,,,,Neutral,Generated,synthetic,0.528
Unknown,General,Anonymous,,"11. The boarding process with Airline H was orderly, but the departure gate was far from the main terminal.",,,,,,Positive,Generated,synthetic,0.16
Unknown,General,Anonymous,,14. Airline K offered an okay in-flight meal. The staff was professional and the flight arrived on time.,,,,,,Positive,Generated,synthetic,0.66
Unknown,General,Anonymous,,19. My journey with Aer Lingus was standard. The cabin was clean and the flight attendants were professional.,,,,,,Neutral,Generated,synthetic,0.112
Unknown,General,Anonymous,,"6. Southwest Airlines' service was standard, and the flight was on time. The snack options were limited but satisfactory.",,,,,,Neutral,Generated,synthetic,0.6
Unknown,General,Anonymous,,13. The staff on Airline J were friendly and professional. The legroom was a bit limited for a long-haul flight.,,,,,,Positive,Generated,synthetic,0.31349999999999995
Unknown,General,Anonymous,,15. The service on Alaska Airlines was satisfactory. The flight attendants did their job diligently.,,,,,,Neutral,Generated,synthetic,0.6
Unknown,General,Anonymous,,1. The flight on Air Canada was satisfactory. The crew was professional and the meals were average.,,,,,,Neutral,Generated,synthetic,0.6
Unknown,General,Anonymous,,"4. ""American Airlines provided a reasonable service. The legroom was somewhat cramped but the food served was quite tasty.""",,,,,,Positive,Generated,synthetic,0.12
Unknown,General,Anonymous,,"1. ""American Airlines' flight was punctual and the cabin was kept clean. The food served could be improved.""",,,,,,Neutral,Generated,synthetic,0.132
Unknown,General,Anonymous,,"13. ""Etihad Airways offers decent legroom, but their customer service response time could be improved.""",,,,,,Neutral,Generated,synthetic,0.096
Unknown,General,Anonymous,,"11. ""Swiss Air provided a standard flight experience. The cabin crew was courteous, and the plane was clean.""",,,,,,Neutral,Generated,synthetic,0.23199999999999998
Unknown,General,Anonymous,,15. I recently flew with EasyJet. The check-in process was straightforward and the flight was punctual.,,,,,,Neutral,Generated,synthetic,0.183
Unknown,General,Anonymous,,"6. ""Air France provided a comfortable flight experience. The legroom was sufficient, and the flight departed on schedule.""",,,,,,Positive,Generated,synthetic,0.528
Unknown,General,Anonymous,,"2. United Airlines was comfortable enough for the long flight. The in-flight entertainment could use some updates, but the food was decent.",,,,,,Neutral,Generated,synthetic,0.093
Unknown,General,Anonymous,,"17. I took a flight with Etihad Airways recently. The boarding process was organized, the flight left on time, but the in-flight service was just average.",,,,,,Neutral,Generated,synthetic,0.6
Unknown,General,Anonymous,,"9. ""The boarding process with Airline F was smooth. The flight attendants were attentive.""",,,,,,Neutral,Generated,synthetic,0.21120000000000005
Unknown,General,Anonymous,,"9. ""Lufthansa's service was routine. The flight landed on time and the baggage arrived without any issues.""",,,,,,Neutral,Generated,synthetic,0.6
Unknown,General,Anonymous,,"17. The Ryanair flight was average. The seating was a bit cramped, but the service was efficient.",,,,,,Neutral,Generated,synthetic,0.6
Unknown,General,Anonymous,,6. Delta Airlines: The boarding process was orderly and the flight landed on time.,,,,,,Neutral,Generated,synthetic,0.6
Unknown,General,Anonymous,,"3. The flight with Airline Z was punctual, the staff were polite, and the legroom was standard.",,,,,,Neutral,Generated,synthetic,0.6
Unknown,General,Anonymous,,18. My flight with Cathay Pacific was average. The seats were comfortable but the cabin temperature fluctuated quite a bit.,,,,,,Neutral,Generated,synthetic,0.09
Unknown,General,Anonymous,,"18. ""The flight with Qatar Airways was comfortable. The food was average, but the in-flight entertainment was decent.""",,,,,,Neutral,Generated,synthetic,0.528
Unknown,General,Anonymous,,"5. ""The Lufthansa flight was fairly comfortable with adequate legroom. The food could have been better, but the service was efficient.""",,,,,,Positive,Generated,synthetic,0.48400000000000004
Unknown,General,Anonymous,,"8. JetBlue's service was standard, with comfortable enough seating. The flight left and arrived as scheduled.",,,,,,Neutral,Generated,synthetic,0.072
Unknown,General,Anonymous,,"20. ""Airline Q's cabin was a bit cold, but blankets were available on request.""",,,,,,Negative,Generated,synthetic,0.6
Unknown,General,Anonymous,,"12. ""Airline I's online check-in process was straightforward and convenient.""",,,,,,Positive,Generated,synthetic,0.19800000000000004
Unknown,General,Anonymous,,"19. ""Cathay Pacific provides a good service. The seats could have been more comfortable, but the in-flight entertainment was good.""",,,,,,Positive,Generated,synthetic,0.9239999999999999
Unknown,General,Anonymous,,"15. I flew with JetBlue recently. The service was average, the flight was on time, but the food was quite ordinary.",,,,,,Negative,Generated,synthetic,0.096
Unknown,General,Anonymous,,"7. ""The flight with Emirates was average. The seat was comfortable and the food was okay.""",,,,,,Neutral,Generated,synthetic,0.18
Unknown,General,Anonymous,,"19. I flew with KLM. The staff was friendly, but the flight was slightly delayed. The seating was quite compact, however.",,,,,,Positive,Generated,synthetic,0.077
Unknown,General,Anonymous,,12. The JetBlue flight was satisfactory. The staff was competent and the flight landed on time.,,,,,,Neutral,Generated,synthetic,0.36
Unknown,General,Anonymous,,"8. ""Qatar Airways offered a good selection of movies for in-flight entertainment. The food was average.""",,,,,,Positive,Generated,synthetic,0.9239999999999999
Unknown,General,Anonymous,,"17. ""British Airways' flight was punctual. The in-flight meal could use some improvement.""",,,,,,Neutral,Generated,synthetic,0.6
Unknown,General,Anonymous,,"1. ""The flight was satisfactory with Delta Airlines. Seats were comfortable enough for the long-haul flight and the meal service was timely.""",,,,,,Neutral,Generated,synthetic,0.144
Unknown,General,Anonymous,,"2. Flight was on time with Airline Y. The in-flight food could be improved, but the service was efficient.",,,,,,Neutral,Generated,synthetic,0.6
Unknown,General,Anonymous,,"5. ""The legroom on Airline B's economy class was just adequate. The cabin crew was professional and polite.""",,,,,,Positive,Generated,synthetic,0.44
Unknown,General,Anonymous,,"18. Airline O's flight was okay. The cabin was clean, but the legroom was a bit tight.",,,,,,Positive,Generated,synthetic,0.66
Unknown,General,Anonymous,,11. Flew with Airline H recently. The service was okay. The flight landed on time without any complications.,,,,,,Neutral,Generated,synthetic,0.33
Unknown,General,Anonymous,,3. I found my experience with Virgin Atlantic to be average. The cabin crew was polite and the flight was mostly on time.,,,,,,Neutral,Generated,synthetic,0.126
Unknown,General,Anonymous,,"13. ""Airline J's service was normal. The boarding process was well-organized and the cabin was clean.""",,,,,,Neutral,Generated,synthetic,0.186
Unknown,General,Anonymous,,"19. ""Norwegian Air's flight was on time. The cabin could have been cleaner.""",,,,,,Neutral,Generated,synthetic,0.6
Unknown,General,Anonymous,,"8. The flight with Airline E was good, the seats were a bit cramped, but the service was efficient.",,,,,,Positive,Generated,synthetic,0.9239999999999999
Unknown,General,Anonymous,,"19. ""My experience with Airline S was satisfactory. The flight was punctual, but the food quality was average.""",,,,,,Negative,Generated,synthetic,0.108
Unknown,General,Anonymous,,"16. On my flight with Airline M, the check-in process was quick and efficient. The seats were moderately comfortable.",,,,,,Neutral,Generated,synthetic,0.44
Unknown,General,Anonymous,,"4. ""The online booking process for Airline D was straightforward. The flight was punctual, but the seats were a bit cramped.""",,,,,,Neutral,Generated,synthetic,0.495
Unknown,General,Anonymous,,"9. ""Airline F delivered an ordinary flying experience. There was a good selection of movies and the flight was punctual.""",,,,,,Negative,Generated,synthetic,0.33
Unknown,General,Anonymous,,14. Ryanair offered a cost-effective service. The seats were a bit cramped but the flight was on time.,,,,,,Neutral,Generated,synthetic,0.6
Unknown,General,Anonymous,,"8. ""Flew with Virgin Atlantic from New York to London. The plane was clean and the staff was quite friendly. The meals were nothing special.""",,,,,,Neutral,Generated,synthetic,0.38633333333333336
Unknown,General,Anonymous,,4. Airline A provided decent legroom in economy. The meal service was prompt but the variety was lacking.,,,,,,Neutral,Generated,synthetic,0.11999999999999998
Unknown,General,Anonymous,,"2. ""Airline Y offers decent legroom in their economy class. The crew was professional, though not particularly engaging.""",,,,,,Neutral,Generated,synthetic,0.6
Unknown,General,Anonymous,,"19. The flight with Ryanair was average, the boarding process was well-organized but the seats were not very comfortable.",,,,,,Negative,Generated,synthetic,0.10938461538461539
Unknown,General,Anonymous,,"13. ""The flight with Airline J was acceptable. The boarding was efficient, but the in-flight entertainment had few options.""",,,,,,Neutral,Generated,synthetic,0.09599999999999999
Unknown,General,Anonymous,,"6. ""On my flight with Airline C, the cabin was comfortable enough. The food could have been better.""",,,,,,Positive,Generated,synthetic,0.36
Unknown,General,Anonymous,,"1. ""The flight with Air Canada was on time and the staff was polite. The plane was a bit outdated but clean.""",,,,,,Neutral,Generated,synthetic,0.6
Unknown,General,Anonymous,,15. Airline O offered an average service. The seats were comfortable enough but the meal options were not very diverse.,,,,,,Neutral,Generated,synthetic,0.6
Unknown,General,Anonymous,,"17. The flight with Airline N was comfortable enough, with fairly decent service from the crew.",,,,,,Neutral,Generated,synthetic,0.13599999999999998
Unknown,General,Anonymous,,"19. ""The flight with Airline P was average. The boarding process was smooth, but the food could be improved.""",,,,,,Neutral,Generated,synthetic,0.13799999999999998
Unknown,General,Anonymous,,"13. ""Airline M provided a smooth journey. The legroom was a bit tight, but the flight was punctual.""",,,,,,Neutral,Generated,synthetic,0.528
Unknown,General,Anonymous,,"3. ""My trip with Lufthansa was overall decent. The food was average and the flight arrived on time.""",,,,,,Neutral,Generated,synthetic,0.6
Unknown,General,Anonymous,,"9. ""American Airlines flight from Dallas to LA was uneventful. The plane was clean, and the staff was professional.""",,,,,,Neutral,Generated,synthetic,0.112
Unknown,General,Anonymous,,"2. ""United Airlines' in-flight entertainment was adequate, with a good selection of movies. The food, however, was just average.""",,,,,,Positive,Generated,synthetic,0.682
Unknown,General,Anonymous,,"16. ""Air France offers a decent service. The check-in was smooth and the flight was on time.""",,,,,,Neutral,Generated,synthetic,0.208
Unknown,General,Anonymous,,"4. I was comfortable during my flight with American Airlines. The flight attendants were friendly, and the in-flight entertainment was decent.",,,,,,Neutral,Generated,synthetic,0.2175
Unknown,General,Anonymous,,"13. ""Airline J provided adequate service. The in-flight entertainment was okay and the staff was helpful.""",,,,,,Neutral,Generated,synthetic,0.44
Unknown,General,Anonymous,,"11. My experience with Air France was satisfactory. The check-in process was smooth, the flight crew was polite, and the service was reasonable.",,,,,,Neutral,Generated,synthetic,0.264
Unknown,General,Anonymous,,14. The flight with Cathay Pacific was satisfactory. The cabin was clean and the in-flight meals were up to the mark.,,,,,,Neutral,Generated,synthetic,0.264
Unknown,General,Anonymous,,"6. My flight on Southwest Airlines was satisfactory. The check-in process was efficient, but the seats could use more padding for comfort.",,,,,,Neutral,Generated,synthetic,0.408
Unknown,General,Anonymous,,"3. ""United Airlines offered decent service. The flight attendants were professional and the flight was smooth.""",,,,,,Neutral,Generated,synthetic,0.208
Unknown,General,Anonymous,,"14. The flight with Cathay Pacific was average, the staff was polite but the in-flight entertainment was a bit outdated.",,,,,,Negative,Generated,synthetic,0.36300000000000004
Unknown,General,Anonymous,,17. The easyJet flight was standard. The boarding process was smooth and the flight arrived on time.,,,,,,Neutral,Generated,synthetic,0.192
Unknown,General,Anonymous,,"6. ""Airline C's flight landed on time and baggage claim was efficient. The cabin temperature was a bit too cold.""",,,,,,Negative,Generated,synthetic,0.384
Unknown,General,Anonymous,,"14. ""Flown with Airline K, the cabin was clean and the flight was on time. The food was average with limited drink options.""",,,,,,Neutral,Generated,synthetic,0.48400000000000004
Unknown,General,Anonymous,,"6. ""Cathay Pacific provided a smooth check-in process. The food was typical airline food, nothing out of the ordinary.""",,,,,,Neutral,Generated,synthetic,0.528
Unknown,General,Anonymous,,14. Airline K's flight was on schedule and the cabin crew was friendly. The baggage claim process was a bit slow but manageable.,,,,,,Positive,Generated,synthetic,0.495
Unknown,General,Anonymous,,"14. The KLM flight was okay. The staff was efficient, but the inflight entertainment was a bit outdated.",,,,,,Positive,Generated,synthetic,0.66
Unknown,General,Anonymous,,4. The seats on Delta Airlines were reasonably comfortable for a long-haul flight. The cabin crew were professional and attentive.,,,,,,Positive,Generated,synthetic,0.528
Unknown,General,Anonymous,,"9. The JetBlue flight was routine with no major issues. The in-flight entertainment options were okay, not too varied.",,,,,,Neutral,Generated,synthetic,0.16874999999999998
Unknown,General,Anonymous,,"15. Singapore Airlines' flight was comfortable, although the legroom was a bit tight and the food was average.",,,,,,Neutral,Generated,synthetic,0.6
Unknown,General,Anonymous,,"6. ""Southwest Airlines offered a basic, no-frills flight experience. The seats were reasonably comfortable for the price.""",,,,,,Positive,Generated,synthetic,0.24
Unknown,General,Anonymous,,"10. ""Airline G's flight attendants were courteous. The in-flight entertainment options could use some updating.""",,,,,,Positive,Generated,synthetic,0.792
Unknown,General,Anonymous,,"16. ""Aeroflot's service was pretty standard. The flight was punctual, and the staff was professional. The plane was clean but a bit cramped.""",,,,,,Neutral,Generated,synthetic,0.129
Unknown,General,Anonymous,,"13. Singapore Airlines: The plane was clean and the service was efficient, but the in-flight entertainment could use more variety.",,,,,,Positive,Generated,synthetic,0.5720000000000001
Unknown,General,Anonymous,,"15. ""The cabin crew on Airline L's flight was polite and professional. The food, however, could use some improvement.""",,,,,,Positive,Generated,synthetic,0.12
Unknown,General,Anonymous,,"14. ""The staff on Airline K's flight was professional. The flight arrived on time.""",,,,,,Neutral,Generated,synthetic,0.6
Unknown,General,Anonymous,,"19. ""Japan Airlines offered a routine flight. The service was courteous, and the food was standard airline fare.""",,,,,,Neutral,Generated,synthetic,0.216
Unknown,General,Anonymous,,"2. I flew with United Airlines. The flight departed and arrived on schedule, the seats were fairly comfortable, and the food was decent.",,,,,,Neutral,Generated,synthetic,0.204
Unknown,General,Anonymous,,"11. Cathay Pacific's flight was ordinary. The flight was on time and the cabin crew was professional, but the meal choices were limited.",,,,,,Negative,Generated,synthetic,0.33
Unknown,General,Anonymous,,"5. ""The flight with Airline B arrived on time with no major issues. The entertainment selection was adequate.""",,,,,,Neutral,Generated,synthetic,0.10875
Unknown,General,Anonymous,,"15. ""Airline L's flight was uneventful. The food was average and the service was adequate.""",,,,,,Neutral,Generated,synthetic,0.06599999999999999
Unknown,General,Anonymous,,"18. Aeromexico: The flight was on time and the service was efficient. However, the legroom was a bit limited.",,,,,,Neutral,Generated,synthetic,0.6
Unknown,General,Anonymous,,"6. ""Airline C's boarding process was organized, although the queue moved a bit slowly.""",,,,,,Negative,Generated,synthetic,0.15840000000000004
Unknown,General,Anonymous,,"18. Airline O's flight was typical. The seats were a bit tight, but the crew was professional.",,,,,,Neutral,Generated,synthetic,0.6
Unknown,General,Anonymous,,"10. Qantas: The overall flight experience was average, with a comfortable seat and acceptable service.",,,,,,Neutral,Generated,synthetic,0.6
Unknown,General,Anonymous,,13. Airline J provided satisfactory service. The food options could have been better.,,,,,,Neutral,Generated,synthetic,0.144
Unknown,General,Anonymous,,"11. ""EasyJet provided a typical low-cost service. The plane was clean and the flight was on time.""",,,,,,Neutral,Generated,synthetic,0.12
Unknown,General,Anonymous,,"10. The flight with Airline G was comfortable, but the Wi-Fi connectivity was unstable. The staff was courteous.",,,,,,Positive,Generated,synthetic,0.528
Unknown,General,Anonymous,,17. I flew with Cathay Pacific. The cabin crew was professional and the flight was smooth. The legroom was a bit tight.,,,,,,Neutral,Generated,synthetic,0.33
Unknown,General,Anonymous,,"9. ""Japan Airlines provided a reliable service. The cabin crew was professional, and the in-flight meals were satisfactory.""",,,,,,Neutral,Generated,synthetic,0.072
Unknown,General,Anonymous,,"2. ""Southwest Airlines provided a decent service. The check-in process was smooth and the flight departed on time.""",,,,,,Neutral,Generated,synthetic,0.252
Unknown,General,Anonymous,,"14. ""Air Canada provided an average service. The flight was on time and the check-in process was hassle-free.""",,,,,,Negative,Generated,synthetic,0.108
Unknown,General,Anonymous,,"6. ""Flew with Ryanair and the experience was just as expected. No extras, but the ticket price is affordable.""",,,,,,Negative,Generated,synthetic,0.12
Unknown,General,Anonymous,,"14. ""KLM's flight was standard. The check-in process was smooth and the flight arrived on time.""",,,,,,Neutral,Generated,synthetic,0.192
Unknown,General,Anonymous,,"12. ""JetBlue Airways offers a fair amount of legroom compared to other airlines. The in-flight snacks are standard.""",,,,,,Neutral,Generated,synthetic,0.297
Unknown,General,Anonymous,,"15. The flight with Airline L was okay. The legroom was sufficient, but the cabin temperature was slightly too cold.",,,,,,Positive,Generated,synthetic,0.66
Unknown,General,Anonymous,,"12. ""My flight with Airline L was acceptable. The boarding process was smooth, but the in-flight meal was slightly disappointing.""",,,,,,Neutral,Generated,synthetic,0.6
Unknown,General,Anonymous,,"17. The Alaska Airlines flight was alright. The flight was punctual and the check-in process was efficient, but the food options were mediocre.",,,,,,Negative,Generated,synthetic,0.312
Unknown,General,Anonymous,,"14. ""The staff on Airline K were attentive, but the in-flight meal was average.""",,,,,,Neutral,Generated,synthetic,0.6
Unknown,General,Anonymous,,4. Southwest Airlines offered a smooth check-in process. The flight was pleasant with minimal turbulence.,,,,,,Neutral,Generated,synthetic,0.528
Unknown,General,Anonymous,,"3. The Delta Air Lines flight was okay for the price. The seats were somewhat cramped, however, the flight arrived on time.",,,,,,Positive,Generated,synthetic,0.66
Unknown,General,Anonymous,,"10. My journey with EasyJet was average. The flight was on time and the boarding process was smooth. The legroom was a bit tight, though.",,,,,,Neutral,Generated,synthetic,0.06514285714285714
Unknown,General,Anonymous,,8. The Southwest Airlines flight was fine. The boarding process was smooth and the seats were fairly comfortable.,,,,,,Positive,Generated,synthetic,0.55
Unknown,General,Anonymous,,"18. ""Airline R's flight was relatively comfortable. The boarding process was efficient, but the in-flight meal was average.""",,,,,,Neutral,Generated,synthetic,0.528
Unknown,General,Anonymous,,17. The boarding process at Airline N was organized and the flight was on time. The meal served on board was average.,,,,,,Negative,Generated,synthetic,0.108
Unknown,General,Anonymous,,"18. ""The Virgin Atlantic flight was fine. The seats were comfortable, and the in-flight entertainment was average.""",,,,,,Positive,Generated,synthetic,0.55
Unknown,General,Anonymous,,"17. The KLM flight was acceptable. The cabin was clean and the flight was on time, although the in-flight entertainment system was a bit outdated.",,,,,,Neutral,Generated,synthetic,0.6
Unknown,General,Anonymous,,"1. ""Airline X provided a satisfactory service. The flight was on time and the crew was professional.""",,,,,,Neutral,Generated,synthetic,0.072
Unknown,General,Anonymous,,7. JetBlue Airways had a timely departure and arrival. The complimentary snacks were satisfactory.,,,,,,Neutral,Generated,synthetic,0.08639999999999999
Unknown,General,Anonymous,,19. The JetBlue flight was fine. The in-flight service was efficient and the plane was clean.,,,,,,Positive,Generated,synthetic,0.55
Unknown,General,Anonymous,,"5. The flight attendants on Airline B were professional, but the food could have been better.",,,,,,Positive,Generated,synthetic,0.396
Unknown,General,Anonymous,,17. Qatar Airways: The boarding process was orderly and the flight landed on time. The seat comfort was average.,,,,,,Negative,Generated,synthetic,0.108
Unknown,General,Anonymous,,11. Airline H's online check-in system was quick and hassle-free. The meal served on board was typical airline food.,,,,,,Neutral,Generated,synthetic,0.44
Unknown,General,Anonymous,,"3. ""Delta Airlines' staff were professional and courteous. The legroom was a bit tight but manageable for a short flight.""",,,,,,Positive,Generated,synthetic,0.46199999999999997
Unknown,General,Anonymous,,1. I had a satisfactory journey with Air Canada. The seating was comfortable and the food was acceptable.,,,,,,Neutral,Generated,synthetic,0.288
Unknown,General,Anonymous,,18. The Aer Lingus flight was average. The seats were comfortable enough and the flight was punctual.,,,,,,Neutral,Generated,synthetic,0.6
Unknown,General,Anonymous,,"16. The Virgin Atlantic flight was as expected. The cabin was clean and the staff was friendly, but the legroom was a bit limited.",,,,,,Neutral,Generated,synthetic,0.15064285714285716
Unknown,General,Anonymous,,"12. Airline I's ground staff was helpful, however, the process to claim my baggage took longer than expected.",,,,,,Neutral,Generated,synthetic,0.6
Unknown,General,Anonymous,,"14. Airline K's flight was pretty standard. The plane was clean, the staff was courteous, but the food was just okay.",,,,,,Neutral,Generated,synthetic,0.2472
Unknown,General,Anonymous,,"1. The flight with American Airlines was okay. The plane was relatively clean, the flight was on time, and the in-flight service was average.",,,,,,Neutral,Generated,synthetic,0.33
Unknown,General,Anonymous,,"5. I took a flight with British Airways recently. The boarding process was organized and the flight left on time, but the in-flight service was just average.",,,,,,Neutral,Generated,synthetic,0.6
Unknown,General,Anonymous,,4. Lufthansa's flight was overall up to the mark. The seats were comfortable but the food could use some improvement.,,,,,,Positive,Generated,synthetic,0.24
Unknown,General,Anonymous,,"17. ""Cathay Pacific's service was reliable. The staff was professional, but the in-flight meal was average.""",,,,,,Neutral,Generated,synthetic,0.6
Unknown,General,Anonymous,,"12. Etihad Airways offered a standard flight experience. The cabin crew was polite, but the baggage claim process took longer than expected.",,,,,,Neutral,Generated,synthetic,0.6
Unknown,General,Anonymous,,18. The flight with Etihad Airways was satisfactory. The legroom was typical and the food was fine.,,,,,,Neutral,Generated,synthetic,0.09
Unknown,General,Anonymous,,"19. ""The frequent flyer program of Airline P is average, offering standard benefits to members.""",,,,,,Neutral,Generated,synthetic,0.6
Unknown,General,Anonymous,,16. My flight with Air India was fine. The cabin was clean and the flight departed on time. The food was average.,,,,,,Neutral,Generated,synthetic,0.517
Unknown,General,Anonymous,,"16. ""Airline P's flight was acceptable. The check-in and boarding process was efficient, but the food could be improved.""",,,,,,Neutral,Generated,synthetic,0.6
Unknown,General,Anonymous,,"5. I traveled with Ryanair recently. The check-in process was efficient and the flight was punctual. The seating was quite compact, however.",,,,,,Neutral,Generated,synthetic,0.6
Unknown,General,Anonymous,,"19. JetBlue Airways provided a satisfactory service. The flight was punctual and the check-in process was smooth, but the in-flight snacks were just okay.",,,,,,Neutral,Generated,synthetic,0.372
Unknown,General,Anonymous,,3. My experience on United Airlines was average. The flight was on time and the cabin was clean.,,,,,,Neutral,Generated,synthetic,0.078
Unknown,General,Anonymous,,20. The Norwegian Air flight was satisfactory. The check-in process was smooth and the flight departed on time.,,,,,,Neutral,Generated,synthetic,0.192
Unknown,General,Anonymous,,"4. ""Cathay Pacific's in-flight meals were average. The cabin crew service was efficient, but not overly friendly.""",,,,,,Neutral,Generated,synthetic,0.129
Unknown,General,Anonymous,,"3. ""American Airlines provided a smooth check-in process and the flight landed on time. The cabin crew was professional and efficient.""",,,,,,Neutral,Generated,synthetic,0.16799999999999998
Unknown,General,Anonymous,,"17. Airline Q provided a decent service. The flight was punctual, but the legroom was somewhat limited.",,,,,,Neutral,Generated,synthetic,0.6
Unknown,General,Anonymous,,"7. ""The flight with Airline D was uneventful. The crew was professional, but the seat reclining function was not working.""",,,,,,Positive,Generated,synthetic,0.12
Unknown,General,Anonymous,,"2. The in-flight entertainment options on Airline Y were adequate but could use an update. The food, on the other hand, was standard airline fare.",,,,,,Neutral,Generated,synthetic,0.44
Unknown,General,Anonymous,,"1. The flight with Airline A was generally on time, although the in-flight meal was pretty standard. The staff were courteous.",,,,,,Neutral,Generated,synthetic,0.162
Unknown,General,Anonymous,,"12. My journey with Emirates was standard. The cabin crew was attentive, and the food was okay.",,,,,,Neutral,Generated,synthetic,0.216
Unknown,General,Anonymous,,"12. Flew with Qantas recently. The flight was smooth and the cabin was clean, but the legroom was a bit tight.",,,,,,Neutral,Generated,synthetic,0.15385714285714286
Unknown,General,Anonymous,,"14. ""The flight on Airline K was standard. The legroom was adequate and the crew was professional.""",,,,,,Neutral,Generated,synthetic,0.104
Unknown,General,Anonymous,,4. Airline A provided an average flying experience. The legroom was okay and the food was edible.,,,,,,Neutral,Generated,synthetic,0.126
Unknown,General,Anonymous,,"11. Alaska Airlines' service was good, the flight left on time and arrived on schedule, but the seating was a bit cramped.",,,,,,Neutral,Generated,synthetic,0.46199999999999997
Unknown,General,Anonymous,,"14. Airline K's flight was average. The check-in process was smooth, but the in-flight entertainment could use an upgrade.",,,,,,Neutral,Generated,synthetic,0.13799999999999998
Unknown,General,Anonymous,,"19. Flew with KLM recently. The flight was on time and the check-in process was efficient, but the in-flight food was just passable.",,,,,,Neutral,Generated,synthetic,0.6
Unknown,General,Anonymous,,"9. ""Airline F had a smooth check-in and security process. The in-flight service was average.""",,,,,,Neutral,Generated,synthetic,0.528
Unknown,General,Anonymous,,"3. My flight with Southwest was on time and the boarding process was handled in an organized manner. The legroom, however, was a bit tight.",,,,,,Negative,Generated,synthetic,0.12857142857142856
Unknown,General,Anonymous,,"5. ""Airline B provided a standard service. The ticket price was reasonable for the quality of the experience.""",,,,,,Neutral,Generated,synthetic,0.072
Unknown,General,Anonymous,,"5. ""Airline B delivered a standard flight experience. Onboard service was satisfactory, although the food was just OK.""",,,,,,Neutral,Generated,synthetic,0.18
Unknown,General,Anonymous,,15. My experience with Alaska Airlines was typical. The flight was smooth and the staff was polite.,,,,,,Neutral,Generated,synthetic,0.132
Unknown,General,Anonymous,,"14. The flight with RyanAir was cost-effective. The seating was a bit tight, but the overall experience was average.",,,,,,Neutral,Generated,synthetic,0.07885714285714285
Unknown,General,Anonymous,,"16. ""Airline M's check-in process was efficient. The in-flight service was satisfactory.""",,,,,,Neutral,Generated,synthetic,0.6
Unknown,General,Anonymous,,11. Had a usual flight experience with Airline H. The flight was punctual and the check-in process was smooth.,,,,,,Negative,Generated,synthetic,0.33
Unknown,General,Anonymous,,"7. Airline D provided a smooth check-in process, the flight was average with minimal turbulence.",,,,,,Neutral,Generated,synthetic,0.08399999999999999
Unknown,General,Anonymous,,"9. ""The flight with Qantas was average. The food quality was as expected for airline food, and the flight landed on time.""",,,,,,Neutral,Generated,synthetic,0.09
Unknown,General,Anonymous,,"12. ""Airline I's flight was punctual and the cabin crew was professional. The seat comfort was average.""",,,,,,Neutral,Generated,synthetic,0.6
Unknown,General,Anonymous,,17. My flight on Turkish Airlines was average. The seats were comfortable and the food was decent.,,,,,,Neutral,Generated,synthetic,0.09999999999999998
Unknown,General,Anonymous,,"8. ""The flight with Airline H was on schedule. The seats were comfortable, but the cabin temperature was a bit too cold.""",,,,,,Negative,Generated,synthetic,0.11999999999999997
Unknown,General,Anonymous,,"18. ""The in-flight service on Airline O was satisfactory. The in-flight entertainment was adequate.""",,,,,,Neutral,Generated,synthetic,0.096
Unknown,General,Anonymous,,"4. ""I found Southwest's check-in process to be quick and efficient. The flight itself was standard with no notable issues.""",,,,,,Neutral,Generated,synthetic,0.44
Unknown,General,Anonymous,,"13. ""Etihad Airways' flight was comfortable. The in-flight entertainment was satisfactory.""",,,,,,Neutral,Generated,synthetic,0.21120000000000005
Unknown,General,Anonymous,,"6. ""The journey with Airline C was usual. The cabin was reasonably clean, the legroom was fair.""",,,,,,Negative,Generated,synthetic,0.33
Unknown,General,Anonymous,,"12. ""Etihad Airways provided a smooth flight. The in-flight entertainment was standard.""",,,,,,Neutral,Generated,synthetic,0.21120000000000005
Unknown,General,Anonymous,,"7. ""Singapore Airlines has a clean cabin environment, although the cabin crew could be more responsive.""",,,,,,Positive,Generated,synthetic,0.5720000000000001
Unknown,General,Anonymous,,"17. ""Airline N provided a typical service. The flight attendants were professional and the flight arrived on time.""",,,,,,Neutral,Generated,synthetic,0.6
Unknown,General,Anonymous,,14. The flight with Virgin Atlantic to London was okay. The legroom was adequate and the food was standard.,,,,,,Positive,Generated,synthetic,0.66
Unknown,General,Anonymous,,"14. My recent flight with Ryanair was standard. The flight departed and arrived on time, but the seats were a bit tight.",,,,,,Neutral,Generated,synthetic,0.6
Unknown,General,Anonymous,,"18. The EasyJet flight was decent. Despite the limited legroom, the flight departed and arrived on time.",,,,,,Neutral,Generated,synthetic,0.08228571428571427
Unknown,General,Anonymous,,4. Airline A's website is user-friendly and booking a flight was easy. The seats were a bit uncomfortable for a long flight but the service was acceptable.,,,,,,Positive,Generated,synthetic,0.5720000000000001
Unknown,General,Anonymous,,13. The restrooms on Airline J's flight were kept clean but could have been restocked more frequently.,,,,,,Neutral,Generated,synthetic,0.4253333333333334
Unknown,General,Anonymous,,"10. ""Air France provided a standard flying experience. The flight departed on time, and the in-flight meal was alright.""",,,,,,Neutral,Generated,synthetic,0.6
Unknown,General,Anonymous,,"9. ""The flight with Airline F was quite pleasant. The food was mediocre but the drinks selection was diverse.""",,,,,,Positive,Generated,synthetic,0.968
Unknown,General,Anonymous,,7. The Lufthansa flight was on time and the food was acceptable. The in-flight entertainment had a good variety.,,,,,,Neutral,Generated,synthetic,0.504
Unknown,General,Anonymous,,"10. Airline J provided a comfortable journey. The boarding process was smooth, but the food options were limited.",,,,,,Neutral,Generated,synthetic,0.528
Unknown,General,Anonymous,,"16. ""My flight with Ryanair was acceptable. The seats were a bit cramped, but the pricing was competitive.""",,,,,,Neutral,Generated,synthetic,0.6
Unknown,General,Anonymous,,"20. ""The Virgin Atlantic flight was satisfactory. The cabin crew was courteous, but the food and entertainment could be improved.""",,,,,,Neutral,Generated,synthetic,0.432
Unknown,General,Anonymous,,"15. ""Airline L's flight was as expected. The food quality was average and the in-flight entertainment was satisfactory.""",,,,,,Neutral,Generated,synthetic,0.09
Unknown,General,Anonymous,,17. The flight with Airline N was alright. There could be more variety in the food options but the flight was smooth.,,,,,,Neutral,Generated,synthetic,0.372
Unknown,General,Anonymous,,"4. ""Airline A's in-flight meal was average, but their on-time departure and arrival were impressive.""",,,,,,Positive,Generated,synthetic,0.561
Unknown,General,Anonymous,,4. Airline A's seats were sufficiently comfortable for a short-haul flight. The snack provided was satisfactory.,,,,,,Neutral,Generated,synthetic,0.528
Unknown,General,Anonymous,,"16. ""Flight with Airline M was smooth and punctual. The cabin comfort could be improved.""",,,,,,Neutral,Generated,synthetic,0.528
Unknown,General,Anonymous,,5. Airline E's flight was mildly delayed but the communication from the crew was clear. The food served was decent.,,,,,,Neutral,Generated,synthetic,0.28600000000000003
Unknown,General,Anonymous,,2. I had a satisfactory experience with Airline B. Legroom was adequate and the entertainment system was updated.,,,,,,Neutral,Generated,synthetic,0.23999999999999996
Unknown,General,Anonymous,,"7. My flight with British Airways was acceptable. The aircraft was clean, the flight was on schedule, and the cabin crew was attentive.",,,,,,Neutral,Generated,synthetic,0.18400000000000002
Unknown,General,Anonymous,,"10. On my Virgin Atlantic flight, the staff was professional, and the in-flight entertainment options were satisfactory. The food could have been better.",,,,,,Neutral,Generated,synthetic,0.216
Unknown,General,Anonymous,,"5. ""Emirates offers a decent selection of in-flight movies, but the meals provided are just satisfactory.""",,,,,,Neutral,Generated,synthetic,0.096
Unknown,General,Anonymous,,7. Airline D provided a standard flying experience. The cabin crew was polite and the plane was clean.,,,,,,Neutral,Generated,synthetic,0.132
Unknown,General,Anonymous,,"11. Spirit Airlines was basic but functional. The flight was on time, though the seat comfort could be improved.",,,,,,Neutral,Generated,synthetic,0.6
Unknown,General,Anonymous,,"14. I had a fairly normal experience with Airline N. The flight departed on time, but the in-flight entertainment could be improved.",,,,,,Neutral,Generated,synthetic,0.108
Unknown,General,Anonymous,,"8. ""Qatar Airways provided a satisfactory service. The in-flight entertainment could use a few more options, but the crew was friendly.""",,,,,,Neutral,Generated,synthetic,0.21000000000000002
Unknown,General,Anonymous,,"3. Delta Airlines provided an on-time departure and arrival. The plane was relatively clean, and the in-flight entertainment was good.",,,,,,Neutral,Generated,synthetic,0.384
Unknown,General,Anonymous,,11. The Southwest Airlines flight from Dallas to Houston was middle-of-the-road. The boarding process was smooth and the flight was on schedule.,,,,,,Neutral,Generated,synthetic,0.33599999999999997
Unknown,General,Anonymous,,"20. Flew with EasyJet recently. The service was average, with an on-time departure but quite limited inflight entertainment options.",,,,,,Neutral,Generated,synthetic,0.6
Unknown,General,Anonymous,,"6. Lufthansa's flight was comfortable, the cabin was clean and the staff was polite, although the in-flight entertainment needs an update.",,,,,,Neutral,Generated,synthetic,0.5060000000000001
Unknown,General,Anonymous,,1. The overall flight with Air Canada was average. The staff was polite and the seats were fairly comfortable. Food options could have been better.,,,,,,Neutral,Generated,synthetic,0.13499999999999998
Unknown,General,Anonymous,,"20. ""Airline T's services were standard. The flight was comfortable, but the variety in in-flight meal options was limited.""",,,,,,Neutral,Generated,synthetic,0.07885714285714286
Unknown,General,Anonymous,,10. Airline G had a good range of in-flight movies. The food could use some improvement though.,,,,,,Positive,Generated,synthetic,0.9239999999999999
Unknown,General,Anonymous,,"11. Flight was delayed with Airline H, but they kept passengers informed. The food and drink service was prompt.",,,,,,Negative,Generated,synthetic,0.6
Unknown,General,Anonymous,,9. Airline F provided an acceptable service. The Wi-Fi was a bit slow but the flight itself was on time.,,,,,,Negative,Generated,synthetic,0.21600000000000003
Unknown,General,Anonymous,,8. United Airlines: The flight landed on time and the check-in process was efficient. The seat comfort was average.,,,,,,Neutral,Generated,synthetic,0.6
Unknown,General,Anonymous,,"18. ""Airline O's baggage claim process was quick and efficient, reducing waiting time.""",,,,,,Positive,Generated,synthetic,0.17600000000000002
Unknown,General,Anonymous,,"1. The flight with American Airlines was uneventful, the staff was courteous and the seats were comfortable enough for a short flight.",,,,,,Positive,Generated,synthetic,0.24
Unknown,General,Anonymous,,"19. ""The Iberia flight was fine. The food was average and the seats were comfortable enough for the journey.""",,,,,,Positive,Generated,synthetic,0.55
Unknown,General,Anonymous,,"16. The Cathay Pacific flight was satisfactory. The plane was clean, the flight was on time and the crew was professional.",,,,,,Neutral,Generated,synthetic,0.16799999999999998
Unknown,General,Anonymous,,6. The Qatar Airways flight was satisfactory. The crew was competent and the food was typical for an airline.,,,,,,Neutral,Generated,synthetic,0.12
Unknown,General,Anonymous,,"9. ""Airline F's flight was just fine. The seats were moderately comfortable and the meal was average.""",,,,,,Positive,Generated,synthetic,0.55
Unknown,General,Anonymous,,"8. ""Airline E's service was up to par, with clean cabins and punctual departure. However, the meal portions were quite small.""",,,,,,Neutral,Generated,synthetic,0.48400000000000004
Unknown,General,Anonymous,,"15. The flight with Japan Airlines was decent. The boarding was smooth and the seats were comfortable, however, the in-flight entertainment was in Japanese only.",,,,,,Neutral,Generated,synthetic,0.1872
Unknown,General,Anonymous,,"19. ""Flight with Airline P had a smooth check-in process. The flight was on time, but the in-flight entertainment could be improved.""",,,,,,Neutral,Generated,synthetic,0.528
Unknown,General,Anonymous,,"15. The service on Emirates was quite standard. The food was acceptable, and the cabin crew was professional.",,,,,,Neutral,Generated,synthetic,0.6
Unknown,General,Anonymous,,"8. ""Airline E had a smooth boarding process. The flight was a bit crowded, but the staff managed it well.""",,,,,,Neutral,Generated,synthetic,0.528
Unknown,General,Anonymous,,"3. ""Emirates offers a good in-flight entertainment system. The food could be better, but it's fine for an airline meal.""",,,,,,Neutral,Generated,synthetic,0.528
Unknown,General,Anonymous,,"10. ""I had a normal experience with Airline G. The cabin was a bit crowded but the service was professional.""",,,,,,Positive,Generated,synthetic,0.15
Unknown,General,Anonymous,,"4. My trip with British Airways was generally good. The seats were clean and comfortable, but the in-flight WiFi was slow.",,,,,,Neutral,Generated,synthetic,0.46199999999999997
Unknown,General,Anonymous,,"18. ""Airline R provided an average flying experience. The crew was polite, but the in-flight entertainment could be better.""",,,,,,Neutral,Generated,synthetic,0.6
Unknown,General,Anonymous,,"8. ""Delta Airlines offers reliable baggage handling, but their flight delays can be quite frequent.""",,,,,,Positive,Generated,synthetic,0.12
Unknown,General,Anonymous,,"3. I had a usual experience with Delta Airlines. The cabin was clean and the flight staff was professional. The legroom was a bit cramped, though.",,,,,,Neutral,Generated,synthetic,0.6
Unknown,General,Anonymous,,16. The flight with Ryanair was on time and the boarding process was streamlined. The seating was a bit tight but manageable.,,,,,,Negative,Generated,synthetic,0.12857142857142856
Unknown,General,Anonymous,,18. The flight with Qatar Airways was standard. The cabin was clean and the in-flight services were okay.,,,,,,Neutral,Generated,synthetic,0.208
Unknown,General,Anonymous,,"5. My flight with Air Canada was adequate. The airplane was well-kept, the staff was courteous, and the in-flight entertainment was satisfactory.",,,,,,Neutral,Generated,synthetic,0.44
Unknown,General,Anonymous,,"11. ""My flight with Turkish Airlines was overall satisfactory. The seats were a bit cramped, but the in-flight entertainment made up for it.""",,,,,,Neutral,Generated,synthetic,0.6
Unknown,General,Anonymous,,"16. ""The flight with Airline M was standard. The cabin was clean and the flight left on time.""",,,,,,Neutral,Generated,synthetic,0.088
Unknown,General,Anonymous,,"17. ""The flight with British Airways was satisfactory. The cabin was clean and the crew was efficient.""",,,,,,Neutral,Generated,synthetic,0.18
Unknown,General,Anonymous,,"7. ""Etihad Airways offers a decent service. The seats in economy were a bit cramped, but the flight itself was smooth.""",,,,,,Neutral,Generated,synthetic,0.208
Unknown,General,Anonymous,,"1. ""The flight was pretty standard with American Airlines. The seats were comfortable enough for a short flight, and the staff was polite.""",,,,,,Neutral,Generated,synthetic,0.078
Unknown,General,Anonymous,,"2. The legroom on Airline B's economy seats was adequate, but not spacious. The cabin crew was professional.",,,,,,Positive,Generated,synthetic,0.44
Unknown,General,Anonymous,,"20. The flight with Virgin Atlantic was okay. The cabin crew was friendly, but the seats were a bit cramped and the in-flight entertainment selection could be improved.",,,,,,Positive,Generated,synthetic,0.66
Unknown,General,Anonymous,,13. I used Airline J for a domestic flight. The legroom was a bit tight but the flight left and arrived on schedule.,,,,,,Negative,Generated,synthetic,0.07142857142857142
Unknown,General,Anonymous,,"4. The flight with Airline A was okay. There was enough legroom, but the in-flight entertainment was limited.",,,,,,Positive,Generated,synthetic,0.66
Unknown,General,Anonymous,,"6. I traveled with Southwest Airlines. The flight was on time and the crew was helpful, but the food was quite mediocre.",,,,,,Negative,Generated,synthetic,0.312
Unknown,General,Anonymous,,"20. I flew with Aer Lingus. The flight was on time, the seating was average, and the meals were suitable.",,,,,,Neutral,Generated,synthetic,0.144
Unknown,General,Anonymous,,"18. ""Virgin Atlantic provided an efficient service. The seats were satisfactory but the food was average.""",,,,,,Neutral,Generated,synthetic,0.6
Unknown,General,Anonymous,,"5. ""Flying with Delta Airlines was a routine experience. The plane was clean, the staff courteous, and the flight was punctual.""",,,,,,Neutral,Generated,synthetic,0.348
Unknown,General,Anonymous,,6. Emirates provided a fairly comfortable journey. The food was alright and the cabin crew was attentive.,,,,,,Positive,Generated,synthetic,0.528
Unknown,General,Anonymous,,10. Airline G's seating was comfortable with ample legroom but the in-flight Wi-Fi was spotty.,,,,,,Positive,Generated,synthetic,0.528
Unknown,General,Anonymous,,"18. The service on Turkish Airlines was reliable. The flight was on time, and the in-flight entertainment was good.",,,,,,Neutral,Generated,synthetic,0.504
Unknown,General,Anonymous,,"12. ""The flight experience with Airline I was typical. The staff were professional and the flight departed on time, but the seats were a bit cramped.""",,,,,,Neutral,Generated,synthetic,0.6
Unknown,General,Anonymous,,12. The Turkish Airlines flight was standard. The plane was clean and the in-flight service was adequate.,,,,,,Neutral,Generated,synthetic,0.16799999999999998
Unknown,General,Anonymous,,"17. ""The flight with Airline Q was satisfactory. The cabin was clean, and the flight left on time.""",,,,,,Neutral,Generated,synthetic,0.132
Unknown,General,Anonymous,,"12. ""Ryanair's flight arrived on time. The seating arrangement was a bit tight.""",,,,,,Neutral,Generated,synthetic,0.6
Unknown,General,Anonymous,,9. The flight with Qatar Airways was decent. The legroom was adequate and the staff was professional.,,,,,,Neutral,Generated,synthetic,0.14399999999999996
Unknown,General,Anonymous,,"12. I flew with Alaska Airlines. The flight was on time, the seating was average, and the meals were acceptable.",,,,,,Negative,Generated,synthetic,0.108
Unknown,General,Anonymous,,"1. ""The flight with American Airlines was reliable and on time. The onboard entertainment could use an update, but overall, a decent experience.""",,,,,,Neutral,Generated,synthetic,0.6
Unknown,General,Anonymous,,"16. ""Air Canada's service was professional. The flight was on time but the legroom was a bit limited.""",,,,,,Neutral,Generated,synthetic,0.6
Unknown,General,Anonymous,,"13. ""My KLM flight was satisfactory. The cabin crew was professional, although the plane seemed a bit outdated.""",,,,,,Negative,Generated,synthetic,0.10800000000000001
Unknown,General,Anonymous,,"1. ""The check-in process of Airline A was efficient. The flight departed on time and the in-flight food was satisfactory.""",,,,,,Neutral,Generated,synthetic,0.6
Unknown,General,Anonymous,,"4. ""The flight attendants on Airline A were courteous. The plane was clean, but the entertainment system needed updating.""",,,,,,Positive,Generated,synthetic,0.792
Unknown,General,Anonymous,,"19. Flew with Airline P recently. The plane was clean, and the flight departed and arrived as scheduled.",,,,,,Neutral,Generated,synthetic,0.132
Unknown,General,Anonymous,,18. Airline O's flight attendants were polite. The airplane was a bit older but maintained well.,,,,,,Positive,Generated,synthetic,0.19999999999999998
Unknown,General,Anonymous,,6. My flight with Emirates was standard. The seats were comfortable but the food was nothing extraordinary.,,,,,,Neutral,Generated,synthetic,0.176
Unknown,General,Anonymous,,"7. ""The Air France flight was average with usual service and facilities. The flight attendants were polite and the flight was punctual.""",,,,,,Negative,Generated,synthetic,0.144
Unknown,General,Anonymous,,"15. ""Virgin Atlantic offered a standard service. The seats were comfortable, but the in-flight entertainment could use more varied options.""",,,,,,Neutral,Generated,synthetic,0.216
Unknown,General,Anonymous,,18. My journey with Etihad Airways was decent. The in-flight entertainment was satisfactory and the cabin crew was professional.,,,,,,Neutral,Generated,synthetic,0.096
Unknown,General,Anonymous,,"12. ""The service on British Airways was consistent. The food and drinks were just okay, but the flight landed on time.""",,,,,,Neutral,Generated,synthetic,0.18
Unknown,General,Anonymous,,"5. ""Had an average experience with Delta Airlines. The staff was professional, but the food was rather bland.""",,,,,,Neutral,Generated,synthetic,0.6
Unknown,General,Anonymous,,10. Lufthansa provided a typical airline experience. The flight was on time and the crew was professional.,,,,,,Neutral,Generated,synthetic,0.6
Unknown,General,Anonymous,,"18. ""The KLM flight was reasonable. The plane was a bit old but the service was okay.""",,,,,,Neutral,Generated,synthetic,0.192
Unknown,General,Anonymous,,"6. I flew with JetBlue Airways. The flight was on time, the seating was average, and the meals were okay.",,,,,,Neutral,Generated,synthetic,0.126
Unknown,General,Anonymous,,"15. ""The flight with Cathay Pacific from Hong Kong to Vancouver was on time. The in-flight entertainment was okay. The cabin was a bit chilly.""",,,,,,Positive,Generated,synthetic,0.66
Unknown,General,Anonymous,,10. Qantas offered a decent in-flight meal and the cabin crew was courteous. The flight landed on time.,,,,,,Neutral,Generated,synthetic,0.506
Unknown,General,Anonymous,,"8. I took a trip with Lufthansa. The check-in procedure was efficient, the flight was punctual, and the service was ordinary.",,,,,,Negative,Generated,synthetic,0.13199999999999998
Unknown,General,Anonymous,,"11. ""Airline H's flight was on time and the plane was clean. The food was average, and the selection of movies was limited.""",,,,,,Neutral,Generated,synthetic,0.48400000000000004
Unknown,General,Anonymous,,"5. My experience with Airline B was fairly typical. The staff was courteous, and the flight departed and arrived as scheduled.",,,,,,Neutral,Generated,synthetic,0.156
Unknown,General,Anonymous,,"2. ""Flight with Airline Y was decent. The seating space was standard and the meals could use some improvement.""",,,,,,Neutral,Generated,synthetic,0.6
Unknown,General,Anonymous,,"15. ""My experience with Etihad Airways was average. The plane was a bit old, but the flight was on time.""",,,,,,Neutral,Generated,synthetic,0.6
Unknown,General,Anonymous,,"15. ""The flight with Airline L was on schedule. The cabin crew was friendly, but the legroom was a bit tight.""",,,,,,Positive,Generated,synthetic,0.16585714285714284
Unknown,General,Anonymous,,5. Airline B's flight was punctual and the boarding process was well organized. The in-flight meal was not exceptional but was satisfactory.,,,,,,Negative,Generated,synthetic,0.19199999999999998
Unknown,General,Anonymous,,"4. ""Aeromexico's flight was on time and the boarding process was smooth. The legroom could be better.""",,,,,,Neutral,Generated,synthetic,0.528
Unknown,General,Anonymous,,"10. I travelled with Qatar Airways. The flight departed and arrived as scheduled, the seats were comfortable enough, and the food was average.",,,,,,Neutral,Generated,synthetic,0.6
Unknown,General,Anonymous,,"11. ""Airline H provided a predictable service. The flight departed and arrived on time.""",,,,,,Neutral,Generated,synthetic,0.6
Unknown,General,Anonymous,,"20. ""My flight with Airline Q was average. The flight was on time and the crew was professional.""",,,,,,Neutral,Generated,synthetic,0.6
Unknown,General,Anonymous,,"9. My flight with Emirates was fine. The plane was tidy, the staff was professional, and the in-flight entertainment was suitable.",,,,,,Positive,Generated,synthetic,0.55
Unknown,General,Anonymous,,"3. Emirates offered a good selection of in-flight entertainment. The food was typical airplane fare, nothing exceptional.",,,,,,Positive,Generated,synthetic,0.9239999999999999
Unknown,General,Anonymous,,"9. The booking process with Airline F was straightforward, though the website interface could use some improvement.",,,,,,Neutral,Generated,synthetic,0.495
Unknown,General,Anonymous,,"13. Alaska Airlines' flight was on time, and the plane was reasonably clean. The staff provided an acceptable level of service.",,,,,,Neutral,Generated,synthetic,0.48400000000000004
Unknown,General,Anonymous,,2. Airline Y had friendly staff and clean planes. The food was average for airline fare.,,,,,,Neutral,Generated,synthetic,0.48950000000000005
Unknown,General,Anonymous,,"14. ""American Airlines provided a smooth flight. The crew was professional, but the food was average.""",,,,,,Neutral,Generated,synthetic,0.111
Unknown,General,Anonymous,,"16. My trip with Air New Zealand was fair. The cabin crew was professional and the flight was punctual, but the food could have been more flavorful.",,,,,,Positive,Generated,synthetic,0.552
Unknown,General,Anonymous,,"12. ""The service on Airline I was adequate. The flight was on time and the seats were decently comfortable.""",,,,,,Neutral,Generated,synthetic,0.44
Unknown,General,Anonymous,,7. British Airways offered a satisfactory service. The flight was on schedule and the legroom was decent.,,,,,,Neutral,Generated,synthetic,0.6
Unknown,General,Anonymous,,"9. I flew with American Airlines. The service was standard, the flight was on time, but the in-flight meal could be improved.",,,,,,Neutral,Generated,synthetic,0.6
Unknown,General,Anonymous,,"4. ""Airline A's booking process was straightforward. The flight itself was uneventful.""",,,,,,Neutral,Generated,synthetic,0.19800000000000004
Unknown,General,Anonymous,,"2. United Airlines offered a smooth check-in process. The in-flight meal was okay, nothing extraordinary.",,,,,,Neutral,Generated,synthetic,0.528
Unknown,General,Anonymous,,"20. Ryanair: The flight was on schedule and the staff was professional, but the seat comfort could be improved.",,,,,,Positive,Generated,synthetic,0.12
Unknown,General,Anonymous,,"11. The service on Qantas was satisfactory. The flight took off and landed on time, but the in-flight meal was rather bland.",,,,,,Negative,Generated,synthetic,0.11999999999999998
Unknown,General,Anonymous,,"7. ""Qatar Airways offered a standard level of service. The in-flight entertainment kept me engaged during the flight.""",,,,,,Neutral,Generated,synthetic,0.6
Unknown,General,Anonymous,,1. Airline X provided a satisfactory flight experience. The cabin was clean and the check-in process was straightforward.,,,,,,Neutral,Generated,synthetic,0.267
Unknown,General,Anonymous,,"13. ""Airline J provided a standard service. The flight was a bit turbulent but the crew handled it well.""",,,,,,Neutral,Generated,synthetic,0.6
Unknown,General,Anonymous,,"20. ""The service on Airline Q's flight was average. The food and beverage service was on par with other airlines.""",,,,,,Negative,Generated,synthetic,0.099
Unknown,General,Anonymous,,14. Air Canada's service was standard. The cabin crew was professional and the flight was on time.,,,,,,Neutral,Generated,synthetic,0.6
Unknown,General,Anonymous,,"12. JetBlue Airways offered a standard flight experience. The seat comfort was average, and the in-flight snacks were okay.",,,,,,Neutral,Generated,synthetic,0.08399999999999999
Unknown,General,Anonymous,,"4. Southwest Airlines: The free checked bag policy is a nice perk, but the flight was a bit delayed.",,,,,,Positive,Generated,synthetic,0.66
Unknown,General,Anonymous,,"6. ""Ryanair delivered a smooth flight with no delays. The food options were limited, but the flight was short.""",,,,,,Neutral,Generated,synthetic,0.528
Unknown,General,Anonymous,,"8. My flight with Airline E was generally satisfactory. The seats were a bit uncomfortable, but the staff was polite.",,,,,,Negative,Generated,synthetic,0.16199999999999998
Unknown,General,Anonymous,,19. The experience with Virgin Atlantic was decent. The flight was on time and the in-flight entertainment was good.,,,,,,Neutral,Generated,synthetic,0.31199999999999994
Unknown,General,Anonymous,,"4. ""The overall experience with Airline A was OK. The cabin was clean, but the legroom was a bit tight.""",,,,,,Neutral,Generated,synthetic,0.33
Unknown,General,Anonymous,,"3. I flew with Delta Airlines last month. The plane left and arrived on time, and the cabin crew was professional and courteous.",,,,,,Neutral,Generated,synthetic,0.126
Unknown,General,Anonymous,,"9. ""Airline I's flight was acceptable. The cabin crew was polite but the in-flight services were nothing out of the ordinary.""",,,,,,Negative,Generated,synthetic,0.18
Unknown,General,Anonymous,,8. My flight with Airline E was fine. The crew was attentive and the seats were as expected.,,,,,,Positive,Generated,synthetic,0.55
Unknown,General,Anonymous,,"17. ""My Air Canada flight was average. The check-in process was smooth and the flight was on time.""",,,,,,Neutral,Generated,synthetic,0.13799999999999998
Unknown,General,Anonymous,,"13. Airline J provided a satisfactory in-flight experience, with timely departure and an average meal.",,,,,,Negative,Generated,synthetic,0.108
Unknown,General,Anonymous,,12. The flight with Qantas was as expected. The cabin crew was professional and the in-flight entertainment was good.,,,,,,Positive,Generated,synthetic,0.27999999999999997
Unknown,General,Anonymous,,14. Qantas provided a smooth flight with no significant turbulence. The crew was competent and the facilities were clean.,,,,,,Neutral,Generated,synthetic,0.24225
Unknown,General,Anonymous,,4. The ticket booking process for Airline D was straightforward. The flight itself was uneventful.,,,,,,Neutral,Generated,synthetic,0.495
Unknown,General,Anonymous,,"7. Ryanair is a budget-friendly option. The service was adequate considering the price, but the seats were not very comfortable.",,,,,,Positive,Generated,synthetic,0.15569230769230769
Unknown,General,Anonymous,,"12. ""The flight with Airline I was average. There was a decent selection of food and drinks.""",,,,,,Neutral,Generated,synthetic,0.6
Unknown,General,Anonymous,,"4. The Air France journey was smooth, the food was decent for airline food and the cabin crew was professional.",,,,,,Neutral,Generated,synthetic,0.29333333333333333
Unknown,General,Anonymous,,13. Took a flight with Airline J recently. The seats were fine and the flight departed and landed as scheduled.,,,,,,Neutral,Generated,synthetic,0.15
Unknown,General,Anonymous,,"12. ""Lufthansa's service was efficient. The flight was relatively comfortable and the in-flight meals were average.""",,,,,,Neutral,Generated,synthetic,0.13799999999999998
Unknown,General,Anonymous,,"3. ""The flight with Airline Z was smooth and the cabin was clean. The in-flight entertainment could use an update though.""",,,,,,Neutral,Generated,synthetic,0.5060000000000001
Unknown,General,Anonymous,,"11. ""Virgin Atlantic provides a comfortable in-flight experience. The food is average, but the service is good.""",,,,,,Neutral,Generated,synthetic,0.528
Unknown,General,Anonymous,,"18. ""Airline O's service was standard. The flight was a bit noisy, but the seats were comfortable.""",,,,,,Neutral,Generated,synthetic,0.144
Unknown,General,Anonymous,,15. Etihad Airways: The seat was comfortable and the staff was professional. The in-flight entertainment was average.,,,,,,Neutral,Generated,synthetic,0.33
Unknown,General,Anonymous,,"11. Air France's service was as expected. The flight took off and landed on time, and the staff was quite professional.",,,,,,Neutral,Generated,synthetic,0.6
Unknown,General,Anonymous,,"9. The food on Airline F was fair, not exceptional. The flight arrived on time which was appreciated.",,,,,,Neutral,Generated,synthetic,0.13599999999999998
Unknown,General,Anonymous,,1. The flight was on time with Delta Airlines. The crew was friendly and the seats were satisfactory.,,,,,,Neutral,Generated,synthetic,0.31799999999999995
Unknown,General,Anonymous,,"10. ""Air France's flight was on time, which is always a good start. The in-flight service was unremarkable but efficient.""",,,,,,Positive,Generated,synthetic,0.9239999999999999
Unknown,General,Anonymous,,"11. The service on Emirates was as expected. The flight was punctual and the food was decent, but the in-flight entertainment was mediocre.",,,,,,Negative,Generated,synthetic,0.104
Unknown,General,Anonymous,,"7. ""JetBlue's in-flight service was functional and the flight departed on schedule. The in-flight meals could use some improvement.""",,,,,,Negative,Generated,synthetic,0.6
Unknown,General,Anonymous,,"9. ""Airline I's flight was reasonably comfortable with adequate legroom. The selection of in-flight movies was decent.""",,,,,,Neutral,Generated,synthetic,0.48400000000000004
Unknown,General,Anonymous,,"8. British Airways' flight was on schedule, and the cabin cleanliness was at an acceptable level. The food quality was average.",,,,,,Neutral,Generated,synthetic,0.6
Unknown,General,Anonymous,,"7. Lufthansa offered an acceptable flight experience. The seats were somewhat comfortable, and the in-flight movie selection was broad.",,,,,,Neutral,Generated,synthetic,0.1665
Unknown,General,Anonymous,,1. The flight with Airline X was satisfactory. The seats were comfortable and the flight departed on time.,,,,,,Neutral,Generated,synthetic,0.288
Unknown,General,Anonymous,,"12. ""The flight with Turkish Airlines was satisfactory. The cabin crew was attentive and the food options were decent.""",,,,,,Neutral,Generated,synthetic,0.204
Unknown,General,Anonymous,,"20. Took a flight with Airline Q. The cabin was clean, the flight was punctual, but the in-flight entertainment was lacking.",,,,,,Neutral,Generated,synthetic,0.264
Unknown,General,Anonymous,,"20. The flight with Frontier Airlines was average. The seats were a bit hard, but the overall experience was satisfactory.",,,,,,Negative,Generated,synthetic,0.106
Unknown,General,Anonymous,,"9. I found Airline I's service to be average. The flight was slightly delayed, but the cabin was kept clean.",,,,,,Neutral,Generated,synthetic,0.08399999999999999
Unknown,General,Anonymous,,"4. Took a Delta Airlines flight to Atlanta. The cleanliness of the aircraft could be improved, but the flight was punctual.",,,,,,Neutral,Generated,synthetic,0.6
Unknown,General,Anonymous,,6. I flew with Turkish Airlines. The cabin crew was courteous and the flight was smooth. The food was average.,,,,,,Positive,Generated,synthetic,0.66
Unknown,General,Anonymous,,"7. ""My recent flight with Emirates was typical. The cabin was clean, and the crew was efficient.""",,,,,,Neutral,Generated,synthetic,0.09600000000000002
Unknown,General,Anonymous,,"4. ""Air Canada's flights are generally on time, however, their customer service could use some improvement.""",,,,,,Neutral,Generated,synthetic,0.6
Unknown,General,Anonymous,,"14. ""Flight with Airline K was decent. The cabin was clean, however, the meal could be improved.""",,,,,,Neutral,Generated,synthetic,0.192
Unknown,General,Anonymous,,"9. ""Qatar Airways has a comfortable cabin. The in-flight entertainment could use an upgrade, but overall it was a standard flight.""",,,,,,Neutral,Generated,synthetic,0.528
Unknown,General,Anonymous,,"4. Qatar Airways offered a decent level of comfort for the long-haul flight. The food was okay, and the cabin crew was polite.",,,,,,Neutral,Generated,synthetic,0.23999999999999996
Unknown,General,Anonymous,,"19. ""My Air India flight was satisfactory. The staff was polite, but the in-flight entertainment system was a bit glitchy.""",,,,,,Neutral,Generated,synthetic,0.6
Unknown,General,Anonymous,,"18. ""My recent trip with Aer Lingus was fine. The boarding process was straightforward, and the staff was polite.""",,,,,,Neutral,Generated,synthetic,0.275
Unknown,General,Anonymous,,"10. ""American Airlines offers a standard service. The cabin crew was polite and the plane was clean.""",,,,,,Neutral,Generated,synthetic,0.08399999999999999
Unknown,General,Anonymous,,"20. ""Airline Q's flight was decent. The seats were fine, but the in-flight entertainment had limited options.""",,,,,,Neutral,Generated,synthetic,0.12285714285714286
Unknown,General,Anonymous,,"14. ""My flight with Airline K was okay. The cabin was clean, but the temperature was a bit too cold.""",,,,,,Positive,Generated,synthetic,0.66
Unknown,General,Anonymous,,1. Emirates Airline: The food was quite standard for airline fare and the seat space was acceptable.,,,,,,Neutral,Generated,synthetic,0.6
Unknown,General,Anonymous,,"3. ""Lufthansa's staff is generally professional, but the legroom in economy class is average at best.""",,,,,,Neutral,Generated,synthetic,0.418
Unknown,General,Anonymous,,"4. ""I took a flight with Delta Airlines last week. The boarding process was smooth, and the seats were standard for economy class.""",,,,,,Neutral,Generated,synthetic,0.144
Unknown,General,Anonymous,,"3. Airline Z's service was as expected. The seats were a bit tight, but otherwise, the journey was smooth.",,,,,,Neutral,Generated,synthetic,0.07714285714285714
Unknown,General,Anonymous,,19. Aer Lingus had a timely departure and arrival. The seats were average in terms of comfort.,,,,,,Negative,Generated,synthetic,0.108
Unknown,General,Anonymous,,"7. The Delta Airlines flight was fine, with on-time departure and arrival. The seat comfort was average.",,,,,,Positive,Generated,synthetic,0.55
Unknown,General,Anonymous,,"16. Air India: The flight was on schedule and the check-in process was smooth, but the food was just okay.",,,,,,Positive,Generated,synthetic,0.5940000000000001
Unknown,General,Anonymous,,"13. ""The British Airways flight was acceptable. The in-flight entertainment was good, but the legroom was a bit limited.""",,,,,,Neutral,Generated,synthetic,0.15085714285714286
Unknown,General,Anonymous,,"6. The service on Lufthansa was as expected from a major airline. The staff was efficient, but the legroom was a bit tight.",,,,,,Negative,Generated,synthetic,0.6
Unknown,General,Anonymous,,"7. The flight attendants on Airline D were professional, albeit a bit distant.",,,,,,Negative,Generated,synthetic,0.6
Unknown,General,Anonymous,,"16. ""Airline M provided a regular service. The check-in process was smooth and the flight was fairly comfortable.""",,,,,,Neutral,Generated,synthetic,0.24
Unknown,General,Anonymous,,"8. ""The British Airways flight was decent. The in-flight entertainment options were sufficient for the duration of the flight.""",,,,,,Neutral,Generated,synthetic,0.6
Unknown,General,Anonymous,,"10. ""Turkish Airlines has a user-friendly website for booking, but the in-flight food lacks variety.""",,,,,,Neutral,Generated,synthetic,0.6
Unknown,General,Anonymous,,"18. Virgin Atlantic's flight was smooth, the staff was courteous but the in-flight entertainment could be improved.",,,,,,Positive,Generated,synthetic,0.66
Unknown,General,Anonymous,,3. JetBlue: The plane was clean and the seats were comfortable enough for the long journey.,,,,,,Neutral,Generated,synthetic,0.129
Unknown,General,Anonymous,,"5. Airline B's in-flight entertainment had a good variety, but the headphones provided were of average quality.",,,,,,Neutral,Generated,synthetic,0.363
Unknown,General,Anonymous,,"11. I recently flew with United Airlines. The flight was on time and the cabin was clean; however, the food was nothing special.",,,,,,Neutral,Generated,synthetic,0.17371428571428574
Unknown,General,Anonymous,,16. My journey with Airline M was standard. The plane was clean and the service was acceptable.,,,,,,Neutral,Generated,synthetic,0.132
Unknown,General,Anonymous,,"14. Airline K provided a prompt baggage service, however, the quality of their in-flight meal was quite average.",,,,,,Negative,Generated,synthetic,0.108
Unknown,General,Anonymous,,20. Airline Q's service was acceptable. The seats were comfortable enough and the crew was professional.,,,,,,Neutral,Generated,synthetic,0.11999999999999998
Unknown,General,Anonymous,,2. The service on United Airlines was as expected. The food was average and the in-flight entertainment had a good variety.,,,,,,Neutral,Generated,synthetic,0.108
Unknown,General,Anonymous,,"16. Airline M's pricing was reasonable, though the additional charges for extra baggage were high.",,,,,,Positive,Generated,synthetic,0.144
Unknown,General,Anonymous,,"13. The Southwest Airlines flight was average. The seats were comfortable enough, but the in-flight entertainment options were limited.",,,,,,Neutral,Generated,synthetic,0.6
Unknown,General,Anonymous,,7. I flew with Airline D. The boarding was orderly and the cabin was clean.,,,,,,Neutral,Generated,synthetic,0.264
Unknown,General,Anonymous,,"20. Overall, the flight experience with Airline Q was average, with nothing particularly standing out, either positively or negatively.",,,,,,Neutral,Generated,synthetic,0.6
Unknown,General,Anonymous,,"5. Delta Air Lines provided a good service, their in-flight Wi-Fi was a nice touch but it was a bit slow at times.",,,,,,Positive,Generated,synthetic,0.43999999999999995
Unknown,General,Anonymous,,"15. The check-in process at Airline L was simple and efficient. The cabin was clean, but the seats could be more comfortable.",,,,,,Neutral,Generated,synthetic,0.27599999999999997
Unknown,General,Anonymous,,"1. The flight with Air Canada was overall acceptable, the staff were polite and the airplane was clean. Food quality could be improved.",,,,,,Neutral,Generated,synthetic,0.132
Unknown,General,Anonymous,,"7. Flew with Air Canada recently. The check-in process was smooth, but the in-flight entertainment options were somewhat limited.",,,,,,Neutral,Generated,synthetic,0.12685714285714286
Unknown,General,Anonymous,,"13. My trip with Qantas was fine. The aircraft was neat, the staff was courteous, and the in-flight entertainment was adequate.",,,,,,Positive,Generated,synthetic,0.55
Unknown,General,Anonymous,,"10. ""Spirit Airlines' flight was punctual, but the comfort level could be improved. The baggage policy was clear and fair.""",,,,,,Neutral,Generated,synthetic,0.2879999999999999
Unknown,General,Anonymous,,"8. ""Airline E's cabin crew was attentive and professional. The plane interior looked a bit outdated, but it was clean.""",,,,,,Neutral,Generated,synthetic,0.33
Unknown,General,Anonymous,,20. Flew with Airline Q recently. The boarding process was smooth and the in-flight entertainment was decent.,,,,,,Neutral,Generated,synthetic,0.18399999999999997
Unknown,General,Anonymous,,2. Airline Y offered a comfortable flight but could use some updates on their in-flight entertainment system.,,,,,,Positive,Generated,synthetic,0.528
Unknown,General,Anonymous,,"17. ""The flight crew of Airline Q was courteous. The flight departed on time, but the legroom was limited.""",,,,,,Positive,Generated,synthetic,0.792
Unknown,General,Anonymous,,"13. ""Airline J provided a typical flying experience. The food was standard and the in-flight entertainment was satisfactory.""",,,,,,Neutral,Generated,synthetic,0.6
Unknown,General,Anonymous,,"12. My experience with Singapore Airlines was typical. The cabin crew was polite and the plane was clean, but the food was just average.",,,,,,Neutral,Generated,synthetic,0.6
Unknown,General,Anonymous,,"13. I had an average experience with Cathay Pacific. The crew was polite, and the in-flight entertainment was decent.",,,,,,Neutral,Generated,synthetic,0.6
Unknown,General,Anonymous,,10. The staff on Airline G was courteous. The airplane itself was a bit outdated but the flight went smoothly.,,,,,,Positive,Generated,synthetic,0.792
Unknown,General,Anonymous,,"8. ""The flight with Southwest Airlines was okay. The check-in process was smooth and the flight departed on time.""",,,,,,Positive,Generated,synthetic,0.66
Unknown,General,Anonymous,,"12. ""Airline I's flight was on schedule with no major issues. The seats were a bit stiff and uncomfortable.""",,,,,,Negative,Generated,synthetic,0.2982142857142857
Unknown,General,Anonymous,,"14. ""Air New Zealand's service was adequate. The seats were comfortable enough for a long-haul flight. The food was standard.""",,,,,,Neutral,Generated,synthetic,0.287
Unknown,General,Anonymous,,"2. ""Qantas was reliable with on-time departures and arrivals. The in-flight entertainment could be updated, though.""",,,,,,Negative,Generated,synthetic,0.6
Unknown,General,Anonymous,,"3. ""Airline Z offered a smooth check-in process. The flight departed on time, but the in-flight entertainment was limited.""",,,,,,Neutral,Generated,synthetic,0.528
Unknown,General,Anonymous,,14. My trip on Air France was typical. The flight was on time and the crew was friendly.,,,,,,Neutral,Generated,synthetic,0.123
Unknown,General,Anonymous,,6. The legroom in Airline C's economy class is average but the meal options are quite diverse.,,,,,,Negative,Generated,synthetic,0.108
Unknown,General,Anonymous,,"17. ""Airline N's service was standard, with a smooth check-in and on-time departure. The inflight entertainment was quite limited.""",,,,,,Neutral,Generated,synthetic,0.12685714285714286
Unknown,General,Anonymous,,18. Airline R's economy seating was a bit tight but manageable for a short flight. The flight departed and landed on time.,,,,,,Neutral,Generated,synthetic,0.06428571428571428
Unknown,General,Anonymous,,"9. Air Canada's flight was typical. Seats were comfortable enough, and the in-flight entertainment was reasonably good.",,,,,,Neutral,Generated,synthetic,0.16799999999999998
Unknown,General,Anonymous,,"11. Cathay Pacific: The flight was on time and the staff was polite, but the food was just average.",,,,,,Negative,Generated,synthetic,0.108
Unknown,General,Anonymous,,"19. ""Cathay Pacific provided a decent service. The in-flight entertainment was good, but the meals were just average.""",,,,,,Neutral,Generated,synthetic,0.17199999999999996
Unknown,General,Anonymous,,"10. I had an average experience with Airline G. The cabin was clean, and the staff was courteous.",,,,,,Neutral,Generated,synthetic,0.19599999999999995
Unknown,General,Anonymous,,"19. My flight with Airline S was generally good. The boarding process was efficient, but the in-flight entertainment options were limited.",,,,,,Positive,Generated,synthetic,0.9239999999999999
Unknown,General,Anonymous,,"19. The Spirit Airlines flight was standard, with regular in-flight service. The seats were a bit narrow but the flight arrived on time.",,,,,,Neutral,Generated,synthetic,0.6
Unknown,General,Anonymous,,"5. Lufthansa's service was efficient. The boarding was timely, but the in-flight entertainment options were somewhat limited.",,,,,,Negative,Generated,synthetic,0.6
Unknown,General,Anonymous,,"8. I flew with Emirates, the food was okay and the cabin crew was professional, but the boarding process took a bit longer than expected.",,,,,,Neutral,Generated,synthetic,0.11999999999999998
Unknown,General,Anonymous,,"13. Turkish Airlines provided an okay service, the flight was smooth but the food could have been better.",,,,,,Positive,Generated,synthetic,0.616
Unknown,General,Anonymous,,"3. ""Airline Z offered a smooth check-in process. The flight was a bit delayed, but overall it was okay.""",,,,,,Neutral,Generated,synthetic,0.528
Unknown,General,Anonymous,,"17. ""Turkish Airlines provided a smooth flight from Istanbul to New York. The seats were comfortable, but the food was average.""",,,,,,Neutral,Generated,synthetic,0.35400000000000004
Unknown,General,Anonymous,,5. Delta Airlines provided a typical flying experience. The cabin was clean and the flight staff was attentive.,,,,,,Neutral,Generated,synthetic,0.14400000000000002
Unknown,General,Anonymous,,"5. My Qantas flight was acceptable. The aircraft was a bit older, but the crew made the journey pleasant enough.",,,,,,Neutral,Generated,synthetic,0.264
Unknown,General,Anonymous,,"14. ""The flight with Turkish Airlines was smooth and on time. The meals were typical airline food, nothing exceptional.""",,,,,,Neutral,Generated,synthetic,0.528
Unknown,General,Anonymous,,"15. The flight with Airline L was decent. The check-in process was smooth, but the in-flight entertainment options were limited.",,,,,,Neutral,Generated,synthetic,0.16685714285714284
Unknown,General,Anonymous,,13. Flew with United Airlines from Chicago to Los Angeles. The seats were average and the flight was on time.,,,,,,Negative,Generated,synthetic,0.108
Unknown,General,Anonymous,,"8. The flight with Airline H was satisfactory. The in-flight meal options were average, but the staff was attentive.",,,,,,Neutral,Generated,synthetic,0.09
Unknown,General,Anonymous,,"6. ""Delta provided a decent service. The flight departed on time and the cabin was tidy.""",,,,,,Neutral,Generated,synthetic,0.27599999999999997
Unknown,General,Anonymous,,"20. EasyJet's service was okay, the flight was on time but the legroom was a bit cramped.",,,,,,Positive,Generated,synthetic,0.66
Unknown,General,Anonymous,,"8. ""Emirates' cabin was well-maintained and clean. The in-flight service was good, although the food was somewhat uninspiring.""",,,,,,Neutral,Generated,synthetic,0.48400000000000004
Unknown,General,Anonymous,,"9. ""The flight with Ryanair was standard. There were no frills, but the flight was on time and the check-in process was efficient.""",,,,,,Neutral,Generated,synthetic,0.6
Unknown,General,Anonymous,,"6. Airline C's food was edible and the portion size was acceptable, but the choice was limited.",,,,,,Neutral,Generated,synthetic,0.6
Unknown,General,Anonymous,,"20. ""The service on Aeroflot is fairly standard. The cabin crew was professional and the flight left on time.""",,,,,,Neutral,Generated,synthetic,0.6
Unknown,General,Anonymous,,"16. ""Airline M's staff were polite and the flight was comfortable. However, the in-flight meal could have been better.""",,,,,,Positive,Generated,synthetic,0.528
Unknown,General,Anonymous,,4. My experience with Airline A was okay. The leg room was a bit tight but the service was prompt.,,,,,,Positive,Generated,synthetic,0.66
Unknown,General,Anonymous,,6. My flight with Alaska Airlines was satisfactory. The cabin was clean and the crew was polite.,,,,,,Neutral,Generated,synthetic,0.264
Unknown,General,Anonymous,,"7. ""The flight with Airline D was on time. The cabin crew were pleasant, but the in-flight meal was average.""",,,,,,Neutral,Generated,synthetic,0.25799999999999995
Unknown,General,Anonymous,,"17. My experience with Cathay Pacific was as expected. The flight was on time and the seats were comfortable, but the in-flight entertainment was limited.",,,,,,Neutral,Generated,synthetic,0.6
Unknown,General,Anonymous,,"18. ""The Finnair flight was on time and the cabin was clean. The seats could use a bit more padding for comfort.""",,,,,,Neutral,Generated,synthetic,0.48400000000000004
Unknown,General,Anonymous,,"18. ""Airline O provided a standard service. The boarding process was smooth and the flight departed on time.""",,,,,,Neutral,Generated,synthetic,0.192
Unknown,General,Anonymous,,"16. With Airline M, the boarding process was a bit slow but overall the flight was fine and landed on time.",,,,,,Neutral,Generated,synthetic,0.6
Unknown,General,Anonymous,,6. Airline C's check-in process was straightforward. The in-flight meal was average and the entertainment options were limited.,,,,,,Neutral,Generated,synthetic,0.495
Unknown,General,Anonymous,,3. The Southwest Airlines flight attendants were professional and did their job efficiently. The snacks offered were standard.,,,,,,Neutral,Generated,synthetic,0.084
Unknown,General,Anonymous,,"19. I traveled with Aer Lingus. The flight was on time, the crew was helpful, but the food was quite mediocre.",,,,,,Negative,Generated,synthetic,0.312
Unknown,General,Anonymous,,"20. The flight with Aeroflot was quite standard. The seating was a bit tight, but the overall experience was average.",,,,,,Neutral,Generated,synthetic,0.6
Unknown,General,Anonymous,,"5. ""The in-flight entertainment on Airline B was decent, with a variety of films and music options.""",,,,,,Neutral,Generated,synthetic,0.11999999999999998
Unknown,General,Anonymous,,"16. ""The Aeroflot flight was typical. The service was professional and the plane was clean.""",,,,,,Neutral,Generated,synthetic,0.07200000000000001
Unknown,General,Anonymous,,"1. Flight 101 with Delta Airlines was satisfactory. The flight was on time and the attendants were friendly, although the in-flight food could be improved.",,,,,,Neutral,Generated,synthetic,0.31799999999999995
Unknown,General,Anonymous,,11. The Virgin Atlantic flight was satisfactory. The cabin crew was attentive and the flight arrived on time.,,,,,,Neutral,Generated,synthetic,0.288
Unknown,General,Anonymous,,"15. My experience with Singapore Airlines was average. The seats were comfortable, and the staff was attentive.",,,,,,Neutral,Generated,synthetic,0.156
Unknown,General,Anonymous,,"11. ""Qatar Airways provided a typical long-haul service. The food was edible and the staff was professional.""",,,,,,Neutral,Generated,synthetic,0.6
Unknown,General,Anonymous,,"18. ""Airline O provided a typical flight experience. The plane was clean, but the food was just OK.""",,,,,,Neutral,Generated,synthetic,0.168
Unknown,General,Anonymous,,"8. ""Airline E provided a standard service. The flight was slightly delayed, but the boarding process was smooth.""",,,,,,Neutral,Generated,synthetic,0.6
Unknown,General,Anonymous,,"5. ""My flight with United was on time and the flight attendants were polite. The legroom was a bit tight, but typical for economy class.""",,,,,,Negative,Generated,synthetic,0.12428571428571428
Unknown,General,Anonymous,,14. Airline K provided an average service. The food was okay and the staff was professional.,,,,,,Neutral,Generated,synthetic,0.108
Unknown,General,Anonymous,,16. Airline M's flight was on time. The in-flight meals were standard and the cabin crew was professional.,,,,,,Neutral,Generated,synthetic,0.6
Unknown,General,Anonymous,,"4. ""I flew with Airline A. The seats were quite comfortable but the cabin was a bit chilly.""",,,,,,Negative,Generated,synthetic,0.11999999999999997
Unknown,General,Anonymous,,"1. The flight with Air Canada was on time and uneventful. The in-flight meal was acceptable, nothing extraordinary.",,,,,,Neutral,Generated,synthetic,0.23999999999999996
Unknown,General,Anonymous,,"3. Air Canada provided a smooth flight experience. The airline was on time and the check-in process was smooth, although the in-flight meals were just average.",,,,,,Neutral,Generated,synthetic,0.528
Unknown,General,Anonymous,,"15. ""Airline L offered a decent flying experience. The seats were comfortable and the flight was on time.""",,,,,,Neutral,Generated,synthetic,0.204
Unknown,General,Anonymous,,"11. I took a recent flight with United Airlines. The flight was punctual and the seating was comfortable, but the in-flight entertainment was quite outdated.",,,,,,Neutral,Generated,synthetic,0.6
Unknown,General,Anonymous,,1. The flight with AirAsia was okay. The seats were average and the food was decent. The flight departed and arrived on time.,,,,,,Neutral,Generated,synthetic,0.12399999999999997
Unknown,General,Anonymous,,"14. The service on Turkish Airlines was satisfactory. The flight was on time and the crew was friendly, but the seats were a bit uncomfortable.",,,,,,Neutral,Generated,synthetic,0.6
Unknown,General,Anonymous,,"9. ""Emirates provided a satisfactory service. The seats were comfortable enough and the in-flight meal was okay.""",,,,,,Neutral,Generated,synthetic,0.216
Unknown,General,Anonymous,,7. The flight with Airline D was comfortable enough. The in-flight movie selection was decent.,,,,,,Neutral,Generated,synthetic,0.13599999999999998
Unknown,General,Anonymous,,"13. The Singapore Airlines flight was standard. The seats were comfortable, but the inflight meal could have been better.",,,,,,Neutral,Generated,synthetic,0.216
Unknown,General,Anonymous,,"15. The seats on Airline L were comfortable, but the cabin temperature was a bit too cold.",,,,,,Negative,Generated,synthetic,0.11999999999999997
Unknown,General,Anonymous,,"18. The Etihad Airways flight was decent. The staff was courteous, but the seat comfort could be improved.",,,,,,Neutral,Generated,synthetic,0.27599999999999997
Unknown,General,Anonymous,,7. My flight with Qatar Airways was fine. The aircraft was clean but the food was just average.,,,,,,Positive,Generated,synthetic,0.55
Unknown,General,Anonymous,,"9. ""Airline F had a well-maintained aircraft and the flight was on schedule. The meal options could have been better.""",,,,,,Positive,Generated,synthetic,0.6
Unknown,General,Anonymous,,"18. Airline O's service was standard. The legroom was a bit tight, but the in-flight entertainment was good.",,,,,,Neutral,Generated,synthetic,0.1251428571428571
Unknown,General,Anonymous,,"5. ""My journey with Airline E was satisfactory. The cleanliness of the aircraft could be improved though.""",,,,,,Neutral,Generated,synthetic,0.6
Unknown,General,Anonymous,,9. Southwest Airlines offered a decent service for the price. The check-in process was simple and the flight was punctual.,,,,,,Neutral,Generated,synthetic,0.6
Unknown,General,Anonymous,,"3. My flight with Southwest was routine. Comfortable seats, and the crew was professional.",,,,,,Positive,Generated,synthetic,0.12
Unknown,General,Anonymous,,"10. ""The flight with Air France was decent. The food served was average and the seats were comfortable enough for the short journey.""",,,,,,Neutral,Generated,synthetic,0.06
Unknown,General,Anonymous,,"13. ""Lufthansa is a reliable airline. The flights usually depart on time and the staff is professional.""",,,,,,Neutral,Generated,synthetic,0.6
Unknown,General,Anonymous,,19. My trip with Airline P was typical. The seats were comfortable enough for a short haul flight.,,,,,,Neutral,Generated,synthetic,0.6
Unknown,General,Anonymous,,"7. Virgin Atlantic offered an adequate service. The flight was on time and the cabin crew were professional, but the food was just passable.",,,,,,Neutral,Generated,synthetic,0.44
Unknown,General,Anonymous,,"6. Flew with Airline C recently. The seats were a bit cramped, but the crew was courteous.",,,,,,Positive,Generated,synthetic,0.36
Unknown,General,Anonymous,,"4. My flight with Emirates was decent. The seats were spacious enough and the meal was good, but not extraordinary.",,,,,,Neutral,Generated,synthetic,0.126
Unknown,General,Anonymous,,"19. The flight with Airline P was decent. The crew was professional, but the seating space was a bit tight.",,,,,,Neutral,Generated,synthetic,0.6
Unknown,General,Anonymous,,5. Airline B's flight was pretty standard. The staff was professional and the seats were comfortable enough.,,,,,,Neutral,Generated,synthetic,0.108
Unknown,General,Anonymous,,"8. Just took a flight with Airline E. The ticket price was reasonable, and the flight was on time.",,,,,,Neutral,Generated,synthetic,0.144
Unknown,General,Anonymous,,"14. ""My experience with Airline K was ordinary. The flight was a bit noisy but the staff was friendly.""",,,,,,Negative,Generated,synthetic,0.33
Unknown,General,Anonymous,,"7. Air France: The flight was quite smooth and the cabin crew was attentive. However, the food could use some improvement.",,,,,,Neutral,Generated,synthetic,0.528
Unknown,General,Anonymous,,"3. ""United Airlines' staff were professional and polite. The meals served were average.""",,,,,,Neutral,Generated,synthetic,0.6
Unknown,General,Anonymous,,8. Air France's service was standard. The cabin was clean and the in-flight meal was satisfactory.,,,,,,Neutral,Generated,synthetic,0.132
Unknown,General,Anonymous,,"13. ""The Turkish Airlines flight was uneventful. The seats were comfortable and the service was routine.""",,,,,,Positive,Generated,synthetic,0.48
Unknown,General,Anonymous,,"20. I recently flew with Alaska Airlines. The check-in process was smooth, the flight was on time, and the staff was professional.",,,,,,Neutral,Generated,synthetic,0.16799999999999998
Unknown,General,Anonymous,,"20. ""Airline Q's service was standard. The flight departed on time and the meal served was acceptable.""",,,,,,Neutral,Generated,synthetic,0.6
Unknown,General,Anonymous,,"1. Airline X provides adequate service, with on-time departures and arrivals. Their in-flight meals are fairly standard.",,,,,,Neutral,Generated,synthetic,0.44
Unknown,General,Anonymous,,"15. ""Virgin Atlantic offers an efficient check-in process, but the quality of the in-flight headphones is average.""",,,,,,Neutral,Generated,synthetic,0.6
Unknown,General,Anonymous,,"8. ""My Southwest Airlines flight was on time. The seats were a bit cramped but the cabin crew was friendly and attentive.""",,,,,,Neutral,Generated,synthetic,0.32699999999999996
Unknown,General,Anonymous,,"1. ""American Airlines provided a fairly standard travel experience. The flight was on time and the cabin was clean.""",,,,,,Neutral,Generated,synthetic,0.088
Unknown,General,Anonymous,,"11. My flight on Etihad Airways was satisfactory. The in-flight entertainment was good, but the food could have been better.",,,,,,Neutral,Generated,synthetic,0.432
Unknown,General,Anonymous,,"10. ""Airline J's flight departed and arrived on time. The meal service could be improved, as the options were fairly basic.""",,,,,,Neutral,Generated,synthetic,0.6
Unknown,General,Anonymous,,"13. I flew with American Airlines last week. The flight was on time, the staff was professional, and the airplane was clean.",,,,,,Neutral,Generated,synthetic,0.08399999999999999
Unknown,General,Anonymous,,"19. ""Flew with KLM from Amsterdam to New York. The flight was on time, and the cabin crew was friendly. The food was nothing to write home about.""",,,,,,Neutral,Generated,synthetic,0.33749999999999997
Unknown,General,Anonymous,,"9. ""The staff on Airline F were polite, though not particularly warm. The seats were comfortable enough for the long flight.""",,,,,,Negative,Generated,synthetic,0.396
Unknown,General,Anonymous,,19. KLM: The plane was clean and the in-flight entertainment was satisfactory. The food was standard airline fare.,,,,,,Neutral,Generated,synthetic,0.48400000000000004
Unknown,General,Anonymous,,"15. ""Airline L delivered an ordinary flight experience. The crew was efficient, however, the in-flight Wi-Fi was not working.""",,,,,,Negative,Generated,synthetic,0.33
Unknown,General,Anonymous,,"12. Emirates served a routine flight. The onboard entertainment was good, but the boarding process was somewhat slow.",,,,,,Positive,Generated,synthetic,0.23999999999999994
Unknown,General,Anonymous,,"13. ""Singapore Airlines offered a typical flight experience. The cabin was clean, the service was good, but the food was quite average.""",,,,,,Neutral,Generated,synthetic,0.13499999999999998
Unknown,General,Anonymous,,"19. ""The flight with Airline S was punctual. The cabin was clean, but the in-flight entertainment options were limited.""",,,,,,Neutral,Generated,synthetic,0.1062857142857143
Unknown,General,Anonymous,,"19. ""Alaska Airlines' flights are mostly on time, but the seating in economy class is just satisfactory.""",,,,,,Positive,Generated,synthetic,0.66
Unknown,General,Anonymous,,"3. ""The check-in process with Airline Z was smooth, but the boarding process was a bit disorganized. The flight itself was comfortable.""",,,,,,Neutral,Generated,synthetic,0.528
Unknown,General,Anonymous,,"12. The flight with Turkish Airlines was alright. The in-flight entertainment could use more variety, but the staff was friendly.",,,,,,Positive,Generated,synthetic,0.573
Unknown,General,Anonymous,,8. The journey with British Airways was average. The in-flight meals were okay and the cabin crew was professional.,,,,,,Neutral,Generated,synthetic,0.08099999999999999
Unknown,General,Anonymous,,"9. ""Air France provides a standard in-flight service, but their boarding process isn't the most efficient.""",,,,,,Neutral,Generated,synthetic,0.33
Unknown,General,Anonymous,,"17. My experience with Ryanair was acceptable. The check-in process was smooth, the flight crew was polite, and the service was decent.",,,,,,Neutral,Generated,synthetic,0.252
Unknown,General,Anonymous,,"1. ""The service on Airline X was satisfactory. The flight was punctual, and the cabin was clean.""",,,,,,Neutral,Generated,synthetic,0.264
Unknown,General,Anonymous,,"19. ""The journey with Airline P was satisfactory. The boarding process was smooth and the luggage was handled efficiently.""",,,,,,Neutral,Generated,synthetic,0.33599999999999997
Unknown,General,Anonymous,,3. My experience with Delta Airlines was standard. The check-in process was smooth and the flight crew was professional.,,,,,,Neutral,Generated,synthetic,0.16799999999999998
Unknown,General,Anonymous,,"5. ""Flight with Airline B was punctual, with a smooth take-off and landing. The food, however, was a bit bland.""",,,,,,Neutral,Generated,synthetic,0.528
Unknown,General,Anonymous,,13. My experience with Airline J was typical. The cabin was clean and the flight departed on time.,,,,,,Neutral,Generated,synthetic,0.07200000000000001
Unknown,General,Anonymous,,"15. ""Flying with Airline O was a decent experience. The seats were comfortable, but the in-flight entertainment options were limited.""",,,,,,Neutral,Generated,synthetic,0.11885714285714284
Unknown,General,Anonymous,,"17. Air China provided a satisfactory service. The in-flight meal was acceptable, and the staff was polite.",,,,,,Neutral,Generated,synthetic,0.6
Unknown,General,Anonymous,,1. American Airlines provided a satisfactory service. The flight was on time and the staff was fairly professional.,,,,,,Neutral,Generated,synthetic,0.6
Unknown,General,Anonymous,,"13. ""Airline M's check-in process was smooth. The flight was comfortable, but the in-flight entertainment was limited.""",,,,,,Neutral,Generated,synthetic,0.528
Unknown,General,Anonymous,,"20. ""The flight with Qantas from Sydney to LA was comfortable. The staff was professional, and the in-flight entertainment was decent. The meal service was a bit slow though.""",,,,,,Neutral,Generated,synthetic,0.29333333333333333
Unknown,General,Anonymous,,"8. ""I traveled with Virgin Atlantic recently. The airplane was moderately crowded, but the service was decent.""",,,,,,Neutral,Generated,synthetic,0.6
Unknown,General,Anonymous,,4. My experience with Emirates was satisfactory. The meals were average and the attendants were attentive to passenger needs.,,,,,,Neutral,Generated,synthetic,0.09
Unknown,General,Anonymous,,17. The flight with Airline N was uneventful. The boarding process was smooth and the flight departed on time.,,,,,,Neutral,Generated,synthetic,0.33599999999999997
Unknown,General,Anonymous,,12. Airline I's in-flight entertainment system had a broad selection of movies. The food quality was average.,,,,,,Neutral,Generated,synthetic,0.6
Unknown,General,Anonymous,,"13. Turkish Airlines offered a decent in-flight experience. The meal served was average, but the flight was punctual.",,,,,,Neutral,Generated,synthetic,0.6
Unknown,General,Anonymous,,19. Airline P's baggage handling was efficient. The in-flight entertainment system had a good variety of options.,,,,,,Positive,Generated,synthetic,0.888
Unknown,General,Anonymous,,18. My experience with Etihad Airways was typical. The flight was on time and the boarding process was smooth. The food was standard airline fare.,,,,,,Neutral,Generated,synthetic,0.104
Unknown,General,Anonymous,,"9. Singapore Airlines provided a smooth flight. The food was decent and the seats were comfortable, but the in-flight entertainment could be updated.",,,,,,Neutral,Generated,synthetic,0.528
Unknown,General,Anonymous,,"20. My flight with Airline Q was standard. The in-flight entertainment was decent, and the food was acceptable.",,,,,,Neutral,Generated,synthetic,0.6
Unknown,General,Anonymous,,5. Had a standard flight with Airline B. The cabin was clean and the boarding process was efficient.,,,,,,Neutral,Generated,synthetic,0.18
Unknown,General,Anonymous,,"16. ""The flight attendants on Airline M were professional. The meal options were limited, but the beverages were good.""",,,,,,Positive,Generated,synthetic,0.2914285714285714
Unknown,General,Anonymous,,"2. On my flight with Airline Y, the departure was slightly delayed. The in-flight entertainment was decent, and the seat comfort was satisfactory.",,,,,,Negative,Generated,synthetic,0.096
Unknown,General,Anonymous,,12. The flight with Virgin Atlantic was satisfactory. The plane was clean and the flight departed and arrived as scheduled.,,,,,,Neutral,Generated,synthetic,0.264
Unknown,General,Anonymous,,"7. My flight with Airline D was average. The plane was a bit old, but it was a smooth journey.",,,,,,Neutral,Generated,synthetic,0.132
Unknown,General,Anonymous,,2. Flew with British Airways from London to New York. The legroom was reasonable and the cabin crew was professional.,,,,,,Positive,Generated,synthetic,0.13090909090909092
Unknown,General,Anonymous,,16. Airline M had a smooth flight with punctual departure and arrival. The in-flight meal was standard.,,,,,,Neutral,Generated,synthetic,0.528
Unknown,General,Anonymous,,"17. ""Turkish Airlines' service was satisfactory. The flight was on time, and the crew was professional.""",,,,,,Neutral,Generated,synthetic,0.072
Unknown,General,Anonymous,,16. Airline M provided a standard service. The boarding process was well-organized and the cabin crew was polite.,,,,,,Neutral,Generated,synthetic,0.6
Unknown,General,Anonymous,,3. The legroom on Airline Z's economy seats was average. The cabin crew was attentive and the flight was on time.,,,,,,Neutral,Generated,synthetic,0.09
Unknown,General,Anonymous,,"10. ""Airline G offered a smooth check-in process and the flight departed on time. The in-flight entertainment was a bit limited.""",,,,,,Neutral,Generated,synthetic,0.528
Unknown,General,Anonymous,,2. The flight with Airline Y was unremarkable. The staff were polite and did their job efficiently.,,,,,,Positive,Generated,synthetic,0.6
Unknown,General,Anonymous,,2. United Airlines provided a standard flight experience. The check-in process was smooth and the in-flight service was adequate.,,,,,,Neutral,Generated,synthetic,0.224
Unknown,General,Anonymous,,"16. The flight on Aer Lingus was quite average. The staff was friendly and the flight was smooth, but the food served was unremarkable.",,,,,,Neutral,Generated,synthetic,0.198
Unknown,General,Anonymous,,10. Airline G provided a standard service. The food could have been better but overall it was a decent experience.,,,,,,Neutral,Generated,synthetic,0.11999999999999998
Unknown,General,Anonymous,,"2. British Airways: The flight attendants were professional, but the in-flight entertainment could be upgraded.",,,,,,Positive,Generated,synthetic,0.06
Unknown,General,Anonymous,,"3. I flew with Airline Z from LA to NY. The ticket price was reasonable, but the legroom was a bit tight.",,,,,,Positive,Generated,synthetic,0.6
Unknown,General,Anonymous,,17. The KLM flight to Amsterdam was decent. The seats were comfortable enough and the in-flight meal was acceptable.,,,,,,Neutral,Generated,synthetic,0.13599999999999998
Unknown,General,Anonymous,,"2. ""Airline Y provided a decent service. The staff were polite and the plane was clean.""",,,,,,Neutral,Generated,synthetic,0.192
Unknown,General,Anonymous,,"12. My flight with Virgin Atlantic was generally good. The seats were comfortable, but the in-flight entertainment could use an upgrade.",,,,,,Positive,Generated,synthetic,0.9239999999999999
Unknown,General,Anonymous,,"6. ""Airline C's service was typical for what you'd expect. The food was edible and the seats were reasonably comfortable.""",,,,,,Neutral,Generated,synthetic,0.084
Unknown,General,Anonymous,,"6. ""My trip with Airline C was pretty standard. The food was average and the staff was courteous.""",,,,,,Neutral,Generated,synthetic,0.126
Unknown,General,Anonymous,,"10. Air France's flight was fine. The staff was polite and the legroom was adequate, but the food was just okay.",,,,,,Positive,Generated,synthetic,0.55
Unknown,General,Anonymous,,"2. ""My experience with Airline B was decent. The cabin crew was professional and attentive.""",,,,,,Neutral,Generated,synthetic,0.16
Unknown,General,Anonymous,,"18. ""The Virgin Atlantic flight was satisfactory. The airplane was clean and the in-flight entertainment options were decent.""",,,,,,Neutral,Generated,synthetic,0.192
Unknown,General,Anonymous,,"3. ""The Air France flight was comfortable enough. Crew members were polite, and the legroom was satisfactory.""",,,,,,Neutral,Generated,synthetic,0.144
Unknown,General,Anonymous,,"2. ""I had a standard experience with Airline Y. The staff was professional and the flight departed on time.""",,,,,,Neutral,Generated,synthetic,0.6
Unknown,General,Anonymous,,1. The flight with Airline X was average. The seating was comfortable enough and the cabin crew was polite.,,,,,,Neutral,Generated,synthetic,0.6
Unknown,General,Anonymous,,6. Airline C's flight attendants were professional. The flight departed and arrived as scheduled.,,,,,,Positive,Generated,synthetic,0.6
Unknown,General,Anonymous,,"15. ""The Cathay Pacific flight was decent with no delay. The food was mediocre but the cabin crew was friendly.""",,,,,,Neutral,Generated,synthetic,0.6
Unknown,General,Anonymous,,"16. My flight with Air France was adequate. The seats were comfortable, but the food was average.",,,,,,Neutral,Generated,synthetic,0.44
Unknown,General,Anonymous,,"9. ""Lufthansa's service was efficient but the seats were a bit cramped. The flight arrived on time.""",,,,,,Neutral,Generated,synthetic,0.6
Unknown,General,Anonymous,,8. My experience with Spirit Airlines was fairly basic. The seats were a bit cramped but the flight was cost-effective.,,,,,,Negative,Generated,synthetic,0.6
Unknown,General,Anonymous,,15. The boarding process with Airline L was efficient. The flight itself was comfortable enough for a short journey.,,,,,,Positive,Generated,synthetic,0.208
Unknown,General,Anonymous,,"7. ""Qatar Airways provided a comfortable journey. The seats were pretty average, but the crew members were attentive.""",,,,,,Neutral,Generated,synthetic,0.528
Unknown,General,Anonymous,,"12. The in-flight service on Airline I was decent. The seats were somewhat cramped, but the crew was helpful.",,,,,,Neutral,Generated,synthetic,0.16799999999999998
Unknown,General,Anonymous,,20. My journey with Aer Lingus was okay. The check-in process was efficient and the flight was punctual. The in-flight entertainment could have been better.,,,,,,Positive,Generated,synthetic,0.66
Unknown,General,Anonymous,,"18. ""Aer Lingus offered a smooth flight experience. The check-in process was straightforward and the flight was on time.""",,,,,,Neutral,Generated,synthetic,0.528
Unknown,General,Anonymous,,"5. ""Airline B provided an average experience. The staff was friendly and the flight was smooth.""",,,,,,Neutral,Generated,synthetic,0.198
Unknown,General,Anonymous,,6. My journey with Airline F was generally smooth. The seat was comfortable enough for a short haul flight.,,,,,,Neutral,Generated,synthetic,0.528
Unknown,General,Anonymous,,"17. I flew with KLM last week. The flight was on time, the staff was professional, and the airplane was clean.",,,,,,Neutral,Generated,synthetic,0.112
Unknown,General,Anonymous,,2. Emirates provided a basic level of comfort on our long-haul flight. The entertainment system was adequate with a decent selection of films.,,,,,,Neutral,Generated,synthetic,0.11999999999999998
Unknown,General,Anonymous,,"14. ""The service on Airline N was adequate. The cabin crew was professional, but the food was just average.""",,,,,,Neutral,Generated,synthetic,0.44
Unknown,General,Anonymous,,16. Airline P's boarding process was rather smooth and the flight was on time. The airline food was average.,,,,,,Neutral,Generated,synthetic,0.528
Unknown,General,Anonymous,,"1. ""Delta Airlines provides a pretty standard service. The cabin crew is friendly and the seats are reasonably comfortable.""",,,,,,Neutral,Generated,synthetic,0.23249999999999996
Unknown,General,Anonymous,,"8. The JetBlue flight was satisfactory. While the seats were comfortable, the variety in food options was not impressive.",,,,,,Neutral,Generated,synthetic,0.6
Unknown,General,Anonymous,,"14. ""Airline K's flight was smooth, and the cabin was kept clean. The food offered was satisfactory.""",,,,,,Neutral,Generated,synthetic,0.5060000000000001
Unknown,General,Anonymous,,"7. The Lufthansa flight was punctual and the crew was professional. The food, however, was rather ordinary.",,,,,,Neutral,Generated,synthetic,0.6
Unknown,General,Anonymous,,"1. ""Airline X had friendly staff and the flight was on time. The in-flight meal was average.""",,,,,,Neutral,Generated,synthetic,0.495
Unknown,General,Anonymous,,"13. ""KLM's service was efficient, and the flight was on time. However, the legroom was a bit restricted.""",,,,,,Neutral,Generated,synthetic,0.6
Unknown,General,Anonymous,,"7. The flight with Spirit Airlines was as expected. The seats were a bit narrow, but the overall experience was decent.",,,,,,Neutral,Generated,synthetic,0.6
Unknown,General,Anonymous,,19. Had an average experience with Airline P. The flight was on time and the staff was professional.,,,,,,Neutral,Generated,synthetic,0.6
Unknown,General,Anonymous,,"5. ""Airline E's flight was smooth and landed on time. The meal options were quite limited though.""",,,,,,Neutral,Generated,synthetic,0.528
Unknown,General,Anonymous,,"1. ""Aer Lingus provided a decent service. The airplane was clean, and the crew was professional. The food was predictable airline fare.""",,,,,,Neutral,Generated,synthetic,0.2786666666666667
Unknown,General,Anonymous,,"5. ""Alitalia offered an average in-flight experience. The seats were okay, but the service was a bit slow.""",,,,,,Neutral,Generated,synthetic,0.6
Unknown,General,Anonymous,,"12. ""My flight with Airline I was uneventful. The staff were courteous and the in-flight snacks were decent.""",,,,,,Neutral,Generated,synthetic,0.27599999999999997
Unknown,General,Anonymous,,4. The Lufthansa flight was clean and the in-flight service was up to expectations. No significant issues to report.,,,,,,Neutral,Generated,synthetic,0.48400000000000004
Unknown,General,Anonymous,,"7. ""The boarding process with Airline D was organized. The flight was a bit delayed but overall, the experience was okay.""",,,,,,Neutral,Generated,synthetic,0.18
Unknown,General,Anonymous,,16. Airline M's customer service was professional. The in-flight meal was standard and the flight departed on time.,,,,,,Neutral,Generated,synthetic,0.6
Unknown,General,Anonymous,,"3. ""The in-flight entertainment on Airline Z was decent. The food could have been better, but it was not terrible.""",,,,,,Negative,Generated,synthetic,0.18
Unknown,General,Anonymous,,7. I had a regular journey with Qantas. The legroom was adequate and the in-flight entertainment had a decent variety.,,,,,,Neutral,Generated,synthetic,0.11999999999999998
Unknown,General,Anonymous,,"10. ""My trip with Southwest Airlines was pretty typical. The boarding process was organized, and the flight crew was amicable.""",,,,,,Neutral,Generated,synthetic,0.6
Unknown,General,Anonymous,,"3. The seating on Airline Z was somewhat cramped, but the flight itself was smooth and on time.",,,,,,Neutral,Generated,synthetic,0.528
Unknown,General,Anonymous,,"20. I had a regular journey with Qatar Airways. The legroom was adequate, the flight was mostly on time, and the in-flight entertainment had a decent variety.",,,,,,Neutral,Generated,synthetic,0.17999999999999997
Unknown,General,Anonymous,,16. The Air Canada flight from Toronto to Montreal was average. The cabin crew was professional and the plane was clean.,,,,,,Neutral,Generated,synthetic,0.076
Unknown,General,Anonymous,,"2. My recent flight with Delta Airlines went smoothly. The staff was professional, although the in-flight entertainment could use an update.",,,,,,Neutral,Generated,synthetic,0.16799999999999998
Unknown,General,Anonymous,,"11. ""Emirates' cabin crew were polite and helpful. The in-flight meals were typical airline food.""",,,,,,Neutral,Generated,synthetic,0.07199999999999998
Unknown,General,Anonymous,,"19. The Singapore Airlines flight was okay. The food could be improved, but the staff was polite.",,,,,,Positive,Generated,synthetic,0.66
Unknown,General,Anonymous,,15. Spirit Airlines offered a basic service. The plane was clean and the flight departed on time.,,,,,,Neutral,Generated,synthetic,0.132
Unknown,General,Anonymous,,"1. ""My flight with Airline X was on schedule. The in-flight meals were okay and the legroom was satisfactory.""",,,,,,Neutral,Generated,synthetic,0.36
Unknown,General,Anonymous,,"17. ""The overall experience with Airline N was OK. The flight was slightly delayed but the boarding process was smooth.""",,,,,,Neutral,Generated,synthetic,0.33
Unknown,General,Anonymous,,"8. Flew with Air France recently. The flight was punctual and the cabin crew was efficient, but the airplane was a bit old.",,,,,,Neutral,Generated,synthetic,0.084
Unknown,General,Anonymous,,13. The Turkish Airlines flight was usual with no surprises. The food was fine and the service was acceptable.,,,,,,Negative,Generated,synthetic,0.33
Unknown,General,Anonymous,,"2. ""The British Airways flight was quite full but managed to leave on time. The in-flight entertainment options were good, but the food was average.""",,,,,,Neutral,Generated,synthetic,0.16199999999999995
Unknown,General,Anonymous,,14. The food on Airline N was average but the flight was punctual. The in-flight entertainment could use more variety.,,,,,,Neutral,Generated,synthetic,0.126
Unknown,General,Anonymous,,"20. Airline Q provided a satisfactory flight experience with punctual departure and arrival, but the seats could have been more comfortable.",,,,,,Positive,Generated,synthetic,0.5940000000000001
Unknown,General,Anonymous,,"1. The flight on Air Canada was satisfactory. The plane was clean and the service was efficient, nothing out of the ordinary.",,,,,,Neutral,Generated,synthetic,0.09000000000000001
Unknown,General,Anonymous,,"17. ""The flight with Airline N was satisfactory. The plane was clean, but the seats were a bit uncomfortable.""",,,,,,Neutral,Generated,synthetic,0.6
Unknown,General,Anonymous,,"16. ""EasyJet provided a decent service for a budget airline. The flight was on time and the cabin was clean, but the legroom was tight.""",,,,,,Neutral,Generated,synthetic,0.13314285714285712
Unknown,General,Anonymous,,"12. ""I flew with JetBlue recently. The check-in process was smooth, and the flight left on time.""",,,,,,Neutral,Generated,synthetic,0.144
Unknown,General,Anonymous,,"6. British Airways' flight was decent. It departed on time and the food was reasonable, although not exceptional.",,,,,,Neutral,Generated,synthetic,0.6
Unknown,General,Anonymous,,6. Airline C offered a decent in-flight meal. The check-in process was fairly smooth as well.,,,,,,Neutral,Generated,synthetic,0.252
Unknown,General,Anonymous,,"14. Turkish Airlines: The flight was quite comfortable and the staff was courteous. However, the meal options could be improved.",,,,,,Positive,Generated,synthetic,0.66
Unknown,General,Anonymous,,"12. ""The flight with Airline L was punctual. The cabin crew was professional, but the food quality was average.""",,,,,,Neutral,Generated,synthetic,0.6
Unknown,General,Anonymous,,"4. Flight with Airline D was generally comfortable. The airplane was clean, but the food was nothing to write home about.",,,,,,Neutral,Generated,synthetic,0.528
Unknown,General,Anonymous,,10. Turkish Airlines provided a satisfactory service on my recent flight. The cabin crew was friendly and the in-flight entertainment had a good variety.,,,,,,Neutral,Generated,synthetic,0.306
Unknown,General,Anonymous,,"9. On my flight with Airline I, the cabin was clean and the boarding process was well-organized.",,,,,,Neutral,Generated,synthetic,0.48400000000000004
Unknown,General,Anonymous,,"2. ""Flight with Airline Y was on schedule. The staff was professional, however the in-flight entertainment selection could be better.""",,,,,,Positive,Generated,synthetic,0.26399999999999996
Unknown,General,Anonymous,,"11. ""Southwest Airlines is generally punctual, but the lack of complimentary in-flight amenities is noticeable.""",,,,,,Neutral,Generated,synthetic,0.126
Unknown,General,Anonymous,,"4. ""Airline A's check-in process was smooth and the flight left on time. There was a noticeable lack of vegetarian meal options.""",,,,,,Neutral,Generated,synthetic,0.192
Unknown,General,Anonymous,,12. Airline I's business class lounge was decent with a good range of snacks and beverages. The WiFi on the flight was average.,,,,,,Positive,Generated,synthetic,0.572
Unknown,General,Anonymous,,"20. Airline Q's flight was okay. The in-flight entertainment options were limited, but the flight departed and arrived on time.",,,,,,Positive,Generated,synthetic,0.66
Unknown,General,Anonymous,,"13. ""Flew with Singapore Airlines from Singapore to Sydney. The flight was smooth, and the cabin was clean. The meal service was average.""",,,,,,Neutral,Generated,synthetic,0.5060000000000001
Unknown,General,Anonymous,,8. The overall flight with Airline E was okay. The crew was professional but the food quality was average.,,,,,,Neutral,Generated,synthetic,0.33
Unknown,General,Anonymous,,"19. The flight with Airline P was on time, the legroom was standard, and the food was average.",,,,,,Neutral,Generated,synthetic,0.6
Unknown,General,Anonymous,,11. The flight with American Airlines was uneventful. The staff was professional and the in-flight service was decent. The seating was a bit tight.,,,,,,Neutral,Generated,synthetic,0.6
Unknown,General,Anonymous,,"15. My flight with Airline L was okay. The seats were not the most comfortable, but the flight was punctual.",,,,,,Positive,Generated,synthetic,0.66
Unknown,General,Anonymous,,7. Air France's flight from Paris to Rome was average. The staff was helpful and the food was acceptable.,,,,,,Neutral,Generated,synthetic,0.6
Unknown,General,Anonymous,,"2. ""American Airlines offers basic amenities, with relatively comfortable seating and average in-flight food.""",,,,,,Neutral,Generated,synthetic,0.6
Unknown,General,Anonymous,,"15. ""KLM provides an average flying experience. The staff is friendly, but the in-flight entertainment needs an update.""",,,,,,Neutral,Generated,synthetic,0.129
Unknown,General,Anonymous,,"1. ""Flight was on time with Delta Airlines and the service was satisfactory. The food was decent and the seating was comfortable enough for a short haul flight.""",,,,,,Neutral,Generated,synthetic,0.102
Unknown,General,Anonymous,,"1. I flew with Airline X on a recent trip. The cabin was clean, and the staff was professional. The food was average.",,,,,,Neutral,Generated,synthetic,0.6
Unknown,General,Anonymous,,"12. ""Airline I's flight was punctual and the cabin was clean. The food quality was average.""",,,,,,Neutral,Generated,synthetic,0.48400000000000004
Unknown,General,Anonymous,,"7. ""The flight with Airline D was satisfactory. The crew was professional, and the plane was clean.""",,,,,,Neutral,Generated,synthetic,0.16799999999999998
Unknown,General,Anonymous,,"11. ""The flight with Airline H was decent. The legroom was adequate, but the in-flight meal could be improved.""",,,,,,Neutral,Generated,synthetic,0.18
Unknown,General,Anonymous,,1. The check-in process on Airline X was straightforward and efficient. The flight was punctual and the staff was professional.,,,,,,Neutral,Generated,synthetic,0.495
Unknown,General,Anonymous,,16. The flight with Turkish Airlines was average. The food was okay and the cabin was clean.,,,,,,Neutral,Generated,synthetic,0.17200000000000001
Unknown,General,Anonymous,,"3. ""Plane cleanliness was up to par on Airlines Z. The legroom was average.""",,,,,,Neutral,Generated,synthetic,0.6
,,,,I had an extremely bad experience with this company. They charged me extra fees without explanation.,,,,,,Negative,,,0.4199999999999999
,,,,This was the worst experience ever. The product didn't match the description at all.,,,,,,Negative,,,0.648
,,,,The food was cold and tasteless. Worst meal I've had in a long time.,,,,,,Negative,,,0.27720000000000006
,,,,The quality of the product was horrible. It broke within a day!,,,,,,Negative,,,0.3888000000000001
,,,,The quality of the product was horrible. It broke within a day!,,,,,,Negative,,,0.3888000000000001
,,,,I can't believe how bad this product is. It's completely useless.,,,,,,Negative,,,0.264
,,,,The food was cold and tasteless. Worst meal I've had in a long time.,,,,,,Negative,,,0.27720000000000006
,,,,The food was cold and tasteless. Worst meal I've had in a long time.,,,,,,Negative,,,0.27720000000000006
,,,,The food was cold and tasteless. Worst meal I've had in a long time.,,,,,,Negative,,,0.27720000000000006
,,,,This service was absolutely terrible. I had to wait for hours and no one seemed to care.,,,,,,Negative,,,1.0
,,,,I can't believe how bad this product is. It's completely useless.,,,,,,Negative,,,0.264
,,,,I can't believe how bad this product is. It's completely useless.,,,,,,Negative,,,0.264
,,,,This service was absolutely terrible. I had to wait for hours and no one seemed to care.,,,,,,Negative,,,1.0
,,,,The customer support was awful and unhelpful. I'll never use this service again.,,,,,,Negative,,,0.264
,,,,The quality of the product was horrible. It broke within a day!,,,,,,Negative,,,0.3888000000000001
,,,,This was the worst experience ever. The product didn't match the description at all.,,,,,,Negative,,,0.648
,,,,They failed to deliver my order on time and didn't even apologize.,,,,,,Negative,,,0.144
,,,,"The service was incredibly slow, and the staff was rude. Definitely not coming back.",,,,,,Negative,,,0.07200000000000001
,,,,This was the worst experience ever. The product didn't match the description at all.,,,,,,Negative,,,0.648
,,,,The food was cold and tasteless. Worst meal I've had in a long time.,,,,,,Negative,,,0.27720000000000006
,,,,This service was absolutely terrible. I had to wait for hours and no one seemed to care.,,,,,,Negative,,,1.0
,,,,The food was cold and tasteless. Worst meal I've had in a long time.,,,,,,Negative,,,0.27720000000000006
,,,,"The service was incredibly slow, and the staff was rude. Definitely not coming back.",,,,,,Negative,,,0.07200000000000001
,,,,They failed to deliver my order on time and didn't even apologize.,,,,,,Negative,,,0.144
,,,,I am really disappointed with this purchase. It doesn't work as advertised.,,,,,,Negative,,,0.36000000000000004
,,,,I can't believe how bad this product is. It's completely useless.,,,,,,Negative,,,0.264
,,,,I can't believe how bad this product is. It's completely useless.,,,,,,Negative,,,0.264
,,,,The customer support was awful and unhelpful. I'll never use this service again.,,,,,,Negative,,,0.264
,,,,This was the worst experience ever. The product didn't match the description at all.,,,,,,Negative,,,0.648
,,,,I had an extremely bad experience with this company. They charged me extra fees without explanation.,,,,,,Negative,,,0.4199999999999999
,,,,I had an extremely bad experience with this company. They charged me extra fees without explanation.,,,,,,Negative,,,0.4199999999999999
,,,,"The service was incredibly slow, and the staff was rude. Definitely not coming back.",,,,,,Negative,,,0.07200000000000001
,,,,I can't believe how bad this product is. It's completely useless.,,,,,,Negative,,,0.264
,,,,The quality of the product was horrible. It broke within a day!,,,,,,Negative,,,0.3888000000000001
,,,,The food was cold and tasteless. Worst meal I've had in a long time.,,,,,,Negative,,,0.27720000000000006
,,,,This service was absolutely terrible. I had to wait for hours and no one seemed to care.,,,,,,Negative,,,1.0
,,,,This was the worst experience ever. The product didn't match the description at all.,,,,,,Negative,,,0.648
,,,,I am really disappointed with this purchase. It doesn't work as advertised.,,,,,,Negative,,,0.36000000000000004
,,,,I can't believe how bad this product is. It's completely useless.,,,,,,Negative,,,0.264
,,,,They failed to deliver my order on time and didn't even apologize.,,,,,,Negative,,,0.144
,,,,I am really disappointed with this purchase. It doesn't work as advertised.,,,,,,Negative,,,0.36000000000000004
,,,,The quality of the product was horrible. It broke within a day!,,,,,,Negative,,,0.3888000000000001
,,,,I can't believe how bad this product is. It's completely useless.,,,,,,Negative,,,0.264
,,,,"The service was incredibly slow, and the staff was rude. Definitely not coming back.",,,,,,Negative,,,0.07200000000000001
,,,,I am really disappointed with this purchase. It doesn't work as advertised.,,,,,,Negative,,,0.36000000000000004
,,,,I am really disappointed with this purchase. It doesn't work as advertised.,,,,,,Negative,,,0.36000000000000004
,,,,I can't believe how bad this product is. It's completely useless.,,,,,,Negative,,,0.264
,,,,The quality of the product was horrible. It broke within a day!,,,,,,Negative,,,0.3888000000000001
,,,,They failed to deliver my order on time and didn't even apologize.,,,,,,Negative,,,0.144
,,,,The customer support was awful and unhelpful. I'll never use this service again.,,,,,,Negative,,,0.264
,,,,This service was absolutely terrible. I had to wait for hours and no one seemed to care.,,,,,,Negative,,,1.0
,,,,I am really disappointed with this purchase. It doesn't work as advertised.,,,,,,Negative,,,0.36000000000000004
,,,,They failed to deliver my order on time and didn't even apologize.,,,,,,Negative,,,0.144
,,,,The customer support was awful and unhelpful. I'll never use this service again.,,,,,,Negative,,,0.264
,,,,The food was cold and tasteless. Worst meal I've had in a long time.,,,,,,Negative,,,0.27720000000000006
,,,,They failed to deliver my order on time and didn't even apologize.,,,,,,Negative,,,0.144
,,,,I had an extremely bad experience with this company. They charged me extra fees without explanation.,,,,,,Negative,,,0.4199999999999999
,,,,The food was cold and tasteless. Worst meal I've had in a long time.,,,,,,Negative,,,0.27720000000000006
,,,,The customer support was awful and unhelpful. I'll never use this service again.,,,,,,Negative,,,0.264
,,,,The customer support was awful and unhelpful. I'll never use this service again.,,,,,,Negative,,,0.264
,,,,The food was cold and tasteless. Worst meal I've had in a long time.,,,,,,Negative,,,0.27720000000000006
,,,,I had an extremely bad experience with this company. They charged me extra fees without explanation.,,,,,,Negative,,,0.4199999999999999
,,,,I can't believe how bad this product is. It's completely useless.,,,,,,Negative,,,0.264
,,,,The food was cold and tasteless. Worst meal I've had in a long time.,,,,,,Negative,,,0.27720000000000006
,,,,I had an extremely bad experience with this company. They charged me extra fees without explanation.,,,,,,Negative,,,0.4199999999999999
,,,,I had an extremely bad experience with this company. They charged me extra fees without explanation.,,,,,,Negative,,,0.4199999999999999
,,,,The quality of the product was horrible. It broke within a day!,,,,,,Negative,,,0.3888000000000001
,,,,The customer support was awful and unhelpful. I'll never use this service again.,,,,,,Negative,,,0.264
,,,,The food was cold and tasteless. Worst meal I've had in a long time.,,,,,,Negative,,,0.27720000000000006
,,,,I am really disappointed with this purchase. It doesn't work as advertised.,,,,,,Negative,,,0.36000000000000004
,,,,The food was cold and tasteless. Worst meal I've had in a long time.,,,,,,Negative,,,0.27720000000000006
,,,,"The service was incredibly slow, and the staff was rude. Definitely not coming back.",,,,,,Negative,,,0.07200000000000001
,,,,"The service was incredibly slow, and the staff was rude. Definitely not coming back.",,,,,,Negative,,,0.07200000000000001
,,,,The quality of the product was horrible. It broke within a day!,,,,,,Negative,,,0.3888000000000001
,,,,This service was absolutely terrible. I had to wait for hours and no one seemed to care.,,,,,,Negative,,,1.0
,,,,The quality of the product was horrible. It broke within a day!,,,,,,Negative,,,0.3888000000000001
,,,,The customer support was awful and unhelpful. I'll never use this service again.,,,,,,Negative,,,0.264
,,,,"The service was incredibly slow, and the staff was rude. Definitely not coming back.",,,,,,Negative,,,0.07200000000000001
,,,,This service was absolutely terrible. I had to wait for hours and no one seemed to care.,,,,,,Negative,,,1.0
,,,,The customer support was awful and unhelpful. I'll never use this service again.,,,,,,Negative,,,0.264
,,,,I had an extremely bad experience with this company. They charged me extra fees without explanation.,,,,,,Negative,,,0.4199999999999999
,,,,I am really disappointed with this purchase. It doesn't work as advertised.,,,,,,Negative,,,0.36000000000000004
,,,,They failed to deliver my order on time and didn't even apologize.,,,,,,Negative,,,0.144
,,,,I can't believe how bad this product is. It's completely useless.,,,,,,Negative,,,0.264
,,,,This service was absolutely terrible. I had to wait for hours and no one seemed to care.,,,,,,Negative,,,1.0
,,,,I can't believe how bad this product is. It's completely useless.,,,,,,Negative,,,0.264
,,,,I am really disappointed with this purchase. It doesn't work as advertised.,,,,,,Negative,,,0.36000000000000004
,,,,I had an extremely bad experience with this company. They charged me extra fees without explanation.,,,,,,Negative,,,0.4199999999999999
,,,,The food was cold and tasteless. Worst meal I've had in a long time.,,,,,,Negative,,,0.27720000000000006
,,,,This was the worst experience ever. The product didn't match the description at all.,,,,,,Negative,,,0.648
,,,,They failed to deliver my order on time and didn't even apologize.,,,,,,Negative,,,0.144
,,,,I can't believe how bad this product is. It's completely useless.,,,,,,Negative,,,0.264
,,,,The quality of the product was horrible. It broke within a day!,,,,,,Negative,,,0.3888000000000001
,,,,This was the worst experience ever. The product didn't match the description at all.,,,,,,Negative,,,0.648
,,,,I had an extremely bad experience with this company. They charged me extra fees without explanation.,,,,,,Negative,,,0.4199999999999999
,,,,They failed to deliver my order on time and didn't even apologize.,,,,,,Negative,,,0.144
,,,,The customer support was awful and unhelpful. I'll never use this service again.,,,,,,Negative,,,0.264
,,,,This service was absolutely terrible. I had to wait for hours and no one seemed to care.,,,,,,Negative,,,1.0
,,,,I am really disappointed with this purchase. It doesn't work as advertised.,,,,,,Negative,,,0.36000000000000004
,,,,"The service was incredibly slow, and the staff was rude. Definitely not coming back.",,,,,,Negative,,,0.07200000000000001
,,,,I am really disappointed with this purchase. It doesn't work as advertised.,,,,,,Negative,,,0.36000000000000004
,,,,They failed to deliver my order on time and didn't even apologize.,,,,,,Negative,,,0.144
,,,,I had an extremely bad experience with this company. They charged me extra fees without explanation.,,,,,,Negative,,,0.4199999999999999
,,,,This was the worst experience ever. The product didn't match the description at all.,,,,,,Negative,,,0.648
,,,,I had an extremely bad experience with this company. They charged me extra fees without explanation.,,,,,,Negative,,,0.4199999999999999
,,,,The customer support was awful and unhelpful. I'll never use this service again.,,,,,,Negative,,,0.264
,,,,"The service was incredibly slow, and the staff was rude. Definitely not coming back.",,,,,,Negative,,,0.07200000000000001
,,,,I had an extremely bad experience with this company. They charged me extra fees without explanation.,,,,,,Negative,,,0.4199999999999999
,,,,This was the worst experience ever. The product didn't match the description at all.,,,,,,Negative,,,0.648
,,,,This was the worst experience ever. The product didn't match the description at all.,,,,,,Negative,,,0.648
,,,,The quality of the product was horrible. It broke within a day!,,,,,,Negative,,,0.3888000000000001
,,,,The quality of the product was horrible. It broke within a day!,,,,,,Negative,,,0.3888000000000001
,,,,They failed to deliver my order on time and didn't even apologize.,,,,,,Negative,,,0.144
,,,,I can't believe how bad this product is. It's completely useless.,,,,,,Negative,,,0.264
,,,,They failed to deliver my order on time and didn't even apologize.,,,,,,Negative,,,0.144
,,,,This service was absolutely terrible. I had to wait for hours and no one seemed to care.,,,,,,Negative,,,1.0
,,,,This was the worst experience ever. The product didn't match the description at all.,,,,,,Negative,,,0.648
,,,,The food was cold and tasteless. Worst meal I've had in a long time.,,,,,,Negative,,,0.27720000000000006
,,,,I am really disappointed with this purchase. It doesn't work as advertised.,,,,,,Negative,,,0.36000000000000004
,,,,I had an extremely bad experience with this company. They charged me extra fees without explanation.,,,,,,Negative,,,0.4199999999999999
,,,,This service was absolutely terrible. I had to wait for hours and no one seemed to care.,,,,,,Negative,,,1.0
,,,,They failed to deliver my order on time and didn't even apologize.,,,,,,Negative,,,0.144
,,,,"The service was incredibly slow, and the staff was rude. Definitely not coming back.",,,,,,Negative,,,0.07200000000000001
,,,,This was the worst experience ever. The product didn't match the description at all.,,,,,,Negative,,,0.648
,,,,"The service was incredibly slow, and the staff was rude. Definitely not coming back.",,,,,,Negative,,,0.07200000000000001
,,,,They failed to deliver my order on time and didn't even apologize.,,,,,,Negative,,,0.144
,,,,This was the worst experience ever. The product didn't match the description at all.,,,,,,Negative,,,0.648
,,,,I had an extremely bad experience with this company. They charged me extra fees without explanation.,,,,,,Negative,,,0.4199999999999999
,,,,I had an extremely bad experience with this company. They charged me extra fees without explanation.,,,,,,Negative,,,0.4199999999999999
,,,,They failed to deliver my order on time and didn't even apologize.,,,,,,Negative,,,0.144
,,,,"The service was incredibly slow, and the staff was rude. Definitely not coming back.",,,,,,Negative,,,0.07200000000000001
,,,,The quality of the product was horrible. It broke within a day!,,,,,,Negative,,,0.3888000000000001
,,,,I am really disappointed with this purchase. It doesn't work as advertised.,,,,,,Negative,,,0.36000000000000004
,,,,"The service was incredibly slow, and the staff was rude. Definitely not coming back.",,,,,,Negative,,,0.07200000000000001
,,,,"The service was incredibly slow, and the staff was rude. Definitely not coming back.",,,,,,Negative,,,0.07200000000000001
,,,,I can't believe how bad this product is. It's completely useless.,,,,,,Negative,,,0.264
,,,,"The service was incredibly slow, and the staff was rude. Definitely not coming back.",,,,,,Negative,,,0.07200000000000001
,,,,The customer support was awful and unhelpful. I'll never use this service again.,,,,,,Negative,,,0.264
,,,,The food was cold and tasteless. Worst meal I've had in a long time.,,,,,,Negative,,,0.27720000000000006
,,,,The food was cold and tasteless. Worst meal I've had in a long time.,,,,,,Negative,,,0.27720000000000006
,,,,The customer support was awful and unhelpful. I'll never use this service again.,,,,,,Negative,,,0.264
,,,,I can't believe how bad this product is. It's completely useless.,,,,,,Negative,,,0.264
,,,,"The service was incredibly slow, and the staff was rude. Definitely not coming back.",,,,,,Negative,,,0.07200000000000001
,,,,The food was cold and tasteless. Worst meal I've had in a long time.,,,,,,Negative,,,0.27720000000000006
,,,,I am really disappointed with this purchase. It doesn't work as advertised.,,,,,,Negative,,,0.36000000000000004
,,,,I had an extremely bad experience with this company. They charged me extra fees without explanation.,,,,,,Negative,,,0.4199999999999999
,,,,They failed to deliver my order on time and didn't even apologize.,,,,,,Negative,,,0.144
,,,,The food was cold and tasteless. Worst meal I've had in a long time.,,,,,,Negative,,,0.27720000000000006
,,,,"The service was incredibly slow, and the staff was rude. Definitely not coming back.",,,,,,Negative,,,0.07200000000000001
,,,,They failed to deliver my order on time and didn't even apologize.,,,,,,Negative,,,0.144
,,,,The quality of the product was horrible. It broke within a day!,,,,,,Negative,,,0.3888000000000001
,,,,They failed to deliver my order on time and didn't even apologize.,,,,,,Negative,,,0.144
,,,,I am really disappointed with this purchase. It doesn't work as advertised.,,,,,,Negative,,,0.36000000000000004
,,,,I had an extremely bad experience with this company. They charged me extra fees without explanation.,,,,,,Negative,,,0.4199999999999999
,,,,The food was cold and tasteless. Worst meal I've had in a long time.,,,,,,Negative,,,0.27720000000000006
,,,,"The service was incredibly slow, and the staff was rude. Definitely not coming back.",,,,,,Negative,,,0.07200000000000001
,,,,The customer support was awful and unhelpful. I'll never use this service again.,,,,,,Negative,,,0.264
,,,,The quality of the product was horrible. It broke within a day!,,,,,,Negative,,,0.3888000000000001
,,,,The food was cold and tasteless. Worst meal I've had in a long time.,,,,,,Negative,,,0.27720000000000006
,,,,The food was cold and tasteless. Worst meal I've had in a long time.,,,,,,Negative,,,0.27720000000000006
,,,,They failed to deliver my order on time and didn't even apologize.,,,,,,Negative,,,0.144
,,,,This service was absolutely terrible. I had to wait for hours and no one seemed to care.,,,,,,Negative,,,1.0
,,,,I had an extremely bad experience with this company. They charged me extra fees without explanation.,,,,,,Negative,,,0.4199999999999999
,,,,I can't believe how bad this product is. It's completely useless.,,,,,,Negative,,,0.264
,,,,"The service was incredibly slow, and the staff was rude. Definitely not coming back.",,,,,,Negative,,,0.07200000000000001
,,,,I can't believe how bad this product is. It's completely useless.,,,,,,Negative,,,0.264
,,,,They failed to deliver my order on time and didn't even apologize.,,,,,,Negative,,,0.144
,,,,They failed to deliver my order on time and didn't even apologize.,,,,,,Negative,,,0.144
,,,,"The service was incredibly slow, and the staff was rude. Definitely not coming back.",,,,,,Negative,,,0.07200000000000001
,,,,The food was cold and tasteless. Worst meal I've had in a long time.,,,,,,Negative,,,0.27720000000000006
,,,,"The service was incredibly slow, and the staff was rude. Definitely not coming back.",,,,,,Negative,,,0.07200000000000001
,,,,This was the worst experience ever. The product didn't match the description at all.,,,,,,Negative,,,0.648
,,,,The quality of the product was horrible. It broke within a day!,,,,,,Negative,,,0.3888000000000001
,,,,I had an extremely bad experience with this company. They charged me extra fees without explanation.,,,,,,Negative,,,0.4199999999999999
,,,,The food was cold and tasteless. Worst meal I've had in a long time.,,,,,,Negative,,,0.27720000000000006
,,,,The customer support was awful and unhelpful. I'll never use this service again.,,,,,,Negative,,,0.264
,,,,I am really disappointed with this purchase. It doesn't work as advertised.,,,,,,Negative,,,0.36000000000000004
,,,,This service was absolutely terrible. I had to wait for hours and no one seemed to care.,,,,,,Negative,,,1.0
,,,,I am really disappointed with this purchase. It doesn't work as advertised.,,,,,,Negative,,,0.36000000000000004
,,,,The customer support was awful and unhelpful. I'll never use this service again.,,,,,,Negative,,,0.264
,,,,They failed to deliver my order on time and didn't even apologize.,,,,,,Negative,,,0.144
,,,,I can't believe how bad this product is. It's completely useless.,,,,,,Negative,,,0.264
,,,,"The service was incredibly slow, and the staff was rude. Definitely not coming back.",,,,,,Negative,,,0.07200000000000001
,,,,They failed to deliver my order on time and didn't even apologize.,,,,,,Negative,,,0.144
,,,,This was the worst experience ever. The product didn't match the description at all.,,,,,,Negative,,,0.648
,,,,"The service was incredibly slow, and the staff was rude. Definitely not coming back.",,,,,,Negative,,,0.07200000000000001
,,,,This was the worst experience ever. The product didn't match the description at all.,,,,,,Negative,,,0.648
,,,,The customer support was awful and unhelpful. I'll never use this service again.,,,,,,Negative,,,0.264
,,,,The customer support was awful and unhelpful. I'll never use this service again.,,,,,,Negative,,,0.264
,,,,This was the worst experience ever. The product didn't match the description at all.,,,,,,Negative,,,0.648
,,,,I am really disappointed with this purchase. It doesn't work as advertised.,,,,,,Negative,,,0.36000000000000004
,,,,I am really disappointed with this purchase. It doesn't work as advertised.,,,,,,Negative,,,0.36000000000000004
,,,,I had an extremely bad experience with this company. They charged me extra fees without explanation.,,,,,,Negative,,,0.4199999999999999
,,,,The quality of the product was horrible. It broke within a day!,,,,,,Negative,,,0.3888000000000001
,,,,The food was cold and tasteless. Worst meal I've had in a long time.,,,,,,Negative,,,0.27720000000000006
,,,,I can't believe how bad this product is. It's completely useless.,,,,,,Negative,,,0.264
,,,,They failed to deliver my order on time and didn't even apologize.,,,,,,Negative,,,0.144
,,,,The customer support was awful and unhelpful. I'll never use this service again.,,,,,,Negative,,,0.264
,,,,The quality of the product was horrible. It broke within a day!,,,,,,Negative,,,0.3888000000000001
,,,,They failed to deliver my order on time and didn't even apologize.,,,,,,Negative,,,0.144
,,,,The food was cold and tasteless. Worst meal I've had in a long time.,,,,,,Negative,,,0.27720000000000006
,,,,The customer support was awful and unhelpful. I'll never use this service again.,,,,,,Negative,,,0.264
,,,,I can't believe how bad this product is. It's completely useless.,,,,,,Negative,,,0.264
,,,,The food was cold and tasteless. Worst meal I've had in a long time.,,,,,,Negative,,,0.27720000000000006
,,,,The food was cold and tasteless. Worst meal I've had in a long time.,,,,,,Negative,,,0.27720000000000006
,,,,This service was absolutely terrible. I had to wait for hours and no one seemed to care.,,,,,,Negative,,,1.0
,,,,This service was absolutely terrible. I had to wait for hours and no one seemed to care.,,,,,,Negative,,,1.0
,,,,I had an extremely bad experience with this company. They charged me extra fees without explanation.,,,,,,Negative,,,0.4199999999999999
,,,,The customer support was awful and unhelpful. I'll never use this service again.,,,,,,Negative,,,0.264
,,,,The customer support was awful and unhelpful. I'll never use this service again.,,,,,,Negative,,,0.264
,,,,I can't believe how bad this product is. It's completely useless.,,,,,,Negative,,,0.264
,,,,The customer support was awful and unhelpful. I'll never use this service again.,,,,,,Negative,,,0.264
,,,,I can't believe how bad this product is. It's completely useless.,,,,,,Negative,,,0.264
,,,,I had an extremely bad experience with this company. They charged me extra fees without explanation.,,,,,,Negative,,,0.4199999999999999
,,,,This service was absolutely terrible. I had to wait for hours and no one seemed to care.,,,,,,Negative,,,1.0
,,,,They failed to deliver my order on time and didn't even apologize.,,,,,,Negative,,,0.144
,,,,I can't believe how bad this product is. It's completely useless.,,,,,,Negative,,,0.264
,,,,I am really disappointed with this purchase. It doesn't work as advertised.,,,,,,Negative,,,0.36000000000000004
,,,,They failed to deliver my order on time and didn't even apologize.,,,,,,Negative,,,0.144
,,,,The quality of the product was horrible. It broke within a day!,,,,,,Negative,,,0.3888000000000001
,,,,The quality of the product was horrible. It broke within a day!,,,,,,Negative,,,0.3888000000000001
,,,,The customer support was awful and unhelpful. I'll never use this service again.,,,,,,Negative,,,0.264
,,,,I am really disappointed with this purchase. It doesn't work as advertised.,,,,,,Negative,,,0.36000000000000004
,,,,The quality of the product was horrible. It broke within a day!,,,,,,Negative,,,0.3888000000000001
,,,,They failed to deliver my order on time and didn't even apologize.,,,,,,Negative,,,0.144
,,,,They failed to deliver my order on time and didn't even apologize.,,,,,,Negative,,,0.144
,,,,The customer support was awful and unhelpful. I'll never use this service again.,,,,,,Negative,,,0.264
,,,,This was the worst experience ever. The product didn't match the description at all.,,,,,,Negative,,,0.648
,,,,They failed to deliver my order on time and didn't even apologize.,,,,,,Negative,,,0.144
,,,,They failed to deliver my order on time and didn't even apologize.,,,,,,Negative,,,0.144
,,,,This was the worst experience ever. The product didn't match the description at all.,,,,,,Negative,,,0.648
,,,,This was the worst experience ever. The product didn't match the description at all.,,,,,,Negative,,,0.648
,,,,"The service was incredibly slow, and the staff was rude. Definitely not coming back.",,,,,,Negative,,,0.07200000000000001
,,,,I can't believe how bad this product is. It's completely useless.,,,,,,Negative,,,0.264
,,,,"The service was incredibly slow, and the staff was rude. Definitely not coming back.",,,,,,Negative,,,0.07200000000000001
,,,,"The service was incredibly slow, and the staff was rude. Definitely not coming back.",,,,,,Negative,,,0.07200000000000001
,,,,"The service was incredibly slow, and the staff was rude. Definitely not coming back.",,,,,,Negative,,,0.07200000000000001
,,,,They failed to deliver my order on time and didn't even apologize.,,,,,,Negative,,,0.144
,,,,I am really disappointed with this purchase. It doesn't work as advertised.,,,,,,Negative,,,0.36000000000000004
,,,,I am really disappointed with this purchase. It doesn't work as advertised.,,,,,,Negative,,,0.36000000000000004
,,,,This was the worst experience ever. The product didn't match the description at all.,,,,,,Negative,,,0.648
,,,,This service was absolutely terrible. I had to wait for hours and no one seemed to care.,,,,,,Negative,,,1.0
,,,,The quality of the product was horrible. It broke within a day!,,,,,,Negative,,,0.3888000000000001
,,,,I can't believe how bad this product is. It's completely useless.,,,,,,Negative,,,0.264
