review_name,review_type,passenger_name,review_date,review_text,rating_value,textblob_label,vader_label,keyword_label,hybrid_sentiment,review_classification,source,label_agreement_level,predicted_classification
Abu Dhabi,airport,4 reviewsNash Degaonkar,2024-12-13,The Airport is pretty decent in a lot of aspects The duty free is vast the airport staff and security are ultra professional helped me guide through the terminal on where to find my gate However the WiFi experience could have been better because doing facetime calls was a problem considering whatsapp is not allowed Anyhow it is massive,8.0,Positive,Positive,Neutral,POSITIVE,Positive,,2/4,Neutral
Albany,airport,Andrew Champagne,2012-05-16,I fly into and out of Albany a few times a year on business For my money its one of the most efficient airports in terms of securityTSA in the country They get you in out and on your way with very little hassle the way it should be The airport itself isnt huge and doesnt have some of the amenities of a larger hub but as a traveller Im looking for efficiency and thats what Albany Airport provides,9.0,Positive,Positive,Neutral,POSITIVE,Positive,,2/4,Neutral
Alicante,airport,Vera McMullan,2022-08-05,I want to commend staff at Alicante airport on what was my first airport visit post covid Arriving and departing was prompt and hassle free When I accidentally broke a mug at the Starbucks counter the staff were just concerned about how I was feeling Also the girl at the EasyJet gate took my postcards which I had forgotten to post and promised to post them for me They all arrived eventually so thank you,9.0,Positive,Positive,Neutral,POSITIVE,Positive,,2/4,Neutral
Barnaul,airport,David Pryer,2008-12-10,The terminal is Sovietstyle and a little big for just or flights a day to Moscow and the occasional charter Checkin was slow with initially only one desk open but the service was friendly and efficient when eventually obtained With a blizzard on the tarmac it was unsafe for the bus to drive out to the plane Stumbling across the whipped up snow and ice is not something for the fainthearted The early offer of an onboard drink was appreciated,3.0,Neutral,Positive,Positive,POSITIVE,Positive,,2/4,Neutral
Beirut,airport,18 reviewsGyan Fernando,2020-01-25,A nice airport and frankly I am surprised at the bad reviews I arrived there at approx hrs Entry and checkin were very easy Security was straight forward and immigration was very easy Once on the airside a restaurant was open as were the dutyfree shops The only downside were the grumpy staff of the shops who obviously had not woken up yet Announcements were clear and boarding was orderly and we took off on time,9.0,Positive,Positive,Negative,POSITIVE,Positive,,2/4,Neutral
Belo Horizonte Confins,airport,A Hetier,2009-12-07,I concur with the comment below Confins is underused But there is a big plus Conexao Aeroporto buses that take you to the city centre are punctual and efficient Things have changed since and there should be more improvements in the future,3.0,Positive,Positive,Neutral,POSITIVE,Positive,,2/4,Neutral
Bohol-Panglao,airport,13 reviewsAndreas Becker,2022-05-28,Quiet new airport opened in Check in was efficient Distance to Alona Beach only a few minutes Therefore very comfortable for people staying at the beach There are only few food stalls available Overall a fast and efficient airport,8.0,Neutral,Positive,Positive,POSITIVE,Positive,,2/4,Neutral
Cochin,airport,Vidya Iyer,2021-11-06,Very disappointed to see that you are busy aping the western culture and forget our own roots As an Indian I am very proud of my heritage and all my traditional food However Cochin airport is a far cry from that You will happily serve cappuccino coffee to please a foreigner while completely omitting to serve a traditional Indian masala tea or a nice bru coffee It is very sad what Cochin airport has come to,2.0,Positive,Positive,Neutral,POSITIVE,Positive,,2/4,Neutral
Damascus,airport,J Delmonte,2011-05-01,I first arrived in Damascus in Feb Since then I have been back and forth almost times a year since then I am an Englishman who met and married a Syrian girl in The airport in my view was more relaxed in the old days whereby you could check in and walk back into the loungecafe for tea etc with your friends and family,4.0,Positive,Positive,Neutral,POSITIVE,Positive,,2/4,Neutral
Dunedin,airport,Y Ren,2011-11-13,DUD is a small but efficient airport with everything you need Landed from Wellington bags out very quickly The airport is quite far from city centre mins cost nearly dollars by Taxi and dollars by super shuttle Departure is well organised checkin sufficient airline lounge is located upstairs security check right before you board,9.0,Positive,Positive,Neutral,POSITIVE,Positive,,2/4,Neutral
Durban,airport,Rich Jenkins,2016-08-22,A generally good experience at Durban airport Arrival is quite simple and they seem to keep the touts out of the waiting area The checkin is well organized and immigration outbound proceeded quickly There are a number of shops and restaurants The food and the shopping are forgettable but not expensive Decent amount of seating at the gates Wifi works fine,9.0,Positive,Positive,Neutral,POSITIVE,Positive,,2/4,Neutral
Florence,airport,40 reviewsS Berten,2025-02-16,A rather small airport serving Firenze I used the airport in the winter season so imagine it during the busy summer season Theres bus boarding only and max small gates It has a abundance of dutyfree shops and food beverages counters Prices are reasonable Staff is friendly and efficiently working,6.0,Neutral,Positive,Positive,POSITIVE,Positive,,2/4,Neutral
Glasgow,airport,P Magee,2023-08-24,Return flights from Glasgow to Verona Check in was quick as was passing through security Facilities were alright bearing in mind our flight was at am Boarding was efficient Return again was stress free other than the automated passport gate refusing to let me through Baggage was already on the carousel when through security All in all a pretty good experience,8.0,Positive,Positive,Neutral,POSITIVE,Positive,,2/4,Neutral
Gothenburg-landvetter,airport,6 reviewsThomas Lemoigne,2017-08-02,Landvetter airport is a rather small one well organized and neat Security checks have seldom long queuing and are generally fast Lots of toilets are available very clean with taps to fillin bottles with water So do not hesitate to pass security with an empty bottle Shopping options are limited as the airport is small but the choice is more than correct This airport seems well managed,8.0,Neutral,Positive,Positive,POSITIVE,Positive,,2/4,Negative
Guayaquil,airport,Joseph Travis,2011-08-07,Guayaquils airport has most of the services that we have here in Australia they even offer jetways into planes There are restaurants ATMs machines banks coffee shops and entertainment it passed our expectations without doubt,5.0,Positive,Positive,Neutral,POSITIVE,Positive,,2/4,Negative
Hangzhou,airport,Joe Bailey,2008-11-06,Pretty basic as airports go Way out of town it is simply ridiculous and taxis are well keep your belt on and wear a helmet if you have one The airport sort of works but this is a typical domestic Chinese airport not great not entirely hideous but you know what If you want to fly to Hangzhou its this or nothing I can tell you it is heaven compared to the central rail station,2.0,Neutral,Positive,Positive,POSITIVE,Positive,,2/4,Neutral
Iasi,airport,40 reviewsR Hartens,2024-02-18,The current airport is small but efficient A new much larger terminal is being build Border and security control was fast and efficient All gates are currently in one large terminal with bus boarding only Staff was acting friendly and speedy Bus brings you to to city in for only Lei,10.0,Neutral,Positive,Positive,POSITIVE,Positive,,2/4,Neutral
Iloilo,airport,E Carew,2015-04-23,I arrived at night so it was difficult to be as observant as during the day but baggage came off the conveyor belt within minutes and I obtained a modern car with a very pleasant driver for the transfer to my city hotel the transfer costing P which was reasonable Overall an airport that delivered for me on this trip,9.0,Positive,Positive,Neutral,POSITIVE,Positive,,2/4,Neutral
John Wayne,airport,Colin Gorman,2013-05-26,This is my preferred airport in SoCal for arriving atdeparting from which I do on a regular basis Big enough to offer connections anywhere in the US for flights to Europe yet small enough offer a quick friendly and efficient service tofrom your gate Drop off facilities outside the terminals needs to be improved but apart from that no real complaints,9.0,Neutral,Positive,Positive,POSITIVE,Positive,,2/4,Neutral
Kiev Zhulyany,airport,katya ivanova,2019-08-04,This airport was very efficient no lines or delayed services There are a lot of shops where you can shop and places where you can have a bite Delicious coffee and bakery items to buy,10.0,Positive,Positive,Negative,POSITIVE,Positive,,2/4,Neutral
Kilimanjaro,airport,Adam Simmons,2010-06-23,Compared to so many airports a delightful experience I was first off my arriving flight and so did not have to queue for a visa Only one person was doling them out so I guess that stragglers had quite a wait On departure plenty of shops for such a small airport with plenty of seating both indoors and out no problems in either direction with passport or customs,5.0,Positive,Positive,Neutral,POSITIVE,Positive,,2/4,Neutral
King Mswati III Intl,airport,3 reviewsTeayaung Kim,2016-02-09,Recently opened airport because the former airport in Matshapa is now being used as something else The new location is quite inconvenient because it takes more than an hour from Mbabane city centre and I would strongly recommend that you use the road from Johannesburg to Mbabane because it takes only four hours from SA Cost wise it is also efficient to use the road,5.0,Positive,Positive,Neutral,POSITIVE,Positive,,2/4,Neutral
Kinshasa,airport,S Ross,2016-10-13,I read horror stories and read terrible reviews about Kinshasa FIH Ndjilli Airport I was very nervous about going through there What a lovely surprise awaited me A brand new terminal clean bright air conditioned well a big plus in Africa all employees well dressed and polite Procedures took time and were very detailed but nothing out of the ordinary You dont really need to pay a VIP service to go through you will be OK on your own Make sure all your travel documents and stay details ready for inspection,9.0,Positive,Positive,Neutral,POSITIVE,Positive,,2/4,Neutral
Launceston,airport,G Wilson,2012-01-27,Good airport with facilities to cater for the number of flights Slight delays on arrival due to fruit and vegetable quarantine but no problem read the notices and listen to the announcements makes it easy It does the job,8.0,Positive,Positive,Negative,POSITIVE,Positive,,2/4,Neutral
Leipzig/halle,airport,Evan Duerr,2008-01-22,Easy to get to with car from the Autobahn or from Leipzig with the train The airport is large but not confusing or crowded Security was a breeze All the people seemed nice,5.0,Positive,Positive,Neutral,POSITIVE,Positive,,2/4,Neutral
Leon Guanajuato,airport,Sandy Huff,2007-02-05,Ive flown in and out of BJX a half dozen times and have no problems Take along a book or knitting as there are only a couple of souvenir shops but they are colorful and reasonable My destination has been San Miguel de Allende the art colony thats popular with US citizens,0.0,Positive,Positive,Neutral,POSITIVE,Positive,,2/4,Neutral
Lviv,airport,J Tydeman,2012-09-19,A brand new airport which is large and spacious but lacking in facilities Our gate was in an area where there is no catering and no access to a part of the airside where we could even get a coffee Staff are not all that friendly here but it seems to be efficient with little queuing though not all the many flights either,7.0,Positive,Negative,Positive,POSITIVE,Positive,,2/4,Neutral
Mauritius,airport,1 reviewsDinesh Maudhoo,2019-12-28,Probably the best island airport in the Indian Ocean Well designed structure the only challenge is the long queue in the immigration hall The authorities need to arrange extra officers during peak timings,10.0,Positive,Positive,Neutral,POSITIVE,Positive,,2/4,Neutral
Medan,airport,T Thomas,2013-12-09,This is a well designed airport There is no hassle from porters and taxi operators Checking in is very fast and efficient Arrival luggage handling is very good,8.0,Positive,Positive,Neutral,POSITIVE,Positive,,2/4,Neutral
Medan,airport,Anthony C Lawman,2012-08-07,I have used Polonia six times in the last four year both international and domestic arrival and departure No problems with taxis overcharging just as for any airport do your research Be affirmative informed and polite,6.0,Positive,Positive,Neutral,POSITIVE,Positive,,2/4,Negative
Miri,airport,G Carroll,2005-10-14,The new airport in Miri is a blessing to all of us frequent travellers Although it is small it is efficient clean and cool If anything needs to be imroved on is the charges we have to pay for a small cup of coffee or a meal The charges are much too high for a domestic airport,0.0,Neutral,Positive,Positive,POSITIVE,Positive,,2/4,Neutral
Montpellier,airport,40 reviewsH Rowe,2020-07-30,A small yet very convenient airport in the south of France From the plane to the exit takes no more than min Signaling shopping etc is all fine given the size and role of the airport Its not the most modern airport but everything is well maintained Theres a convenient bus service to the city center,8.0,Positive,Positive,Neutral,POSITIVE,Positive,,2/4,Neutral
Mytilene,airport,Janette Willis,2016-02-01,We were delayed for nights due to bad weather on the th and th January The staff at Mytilene Airport in Lesbos were excellent they kept a smile during a very difficult time for them We were given a voucher for food and drinks each time our flight was cancelled times in all and they sent us to very good hotels both nights In addition when we asked if they could extend our journey for the days that we had lost they did with no problems,10.0,Positive,Positive,Negative,POSITIVE,Positive,,2/4,Negative
Nanning Wuxu,airport,P Hu,2016-04-28,The airport is very new and modern I have flown through this airport multiple times but this is the first time at the new terminal It is a lot larger than the original terminal There was finally free WiFi and it was pretty fast considering the internet in China It was mainly based off of Shanghai Pudong the airport I was actually flying to and had the identical announcement system that PVG terminal had Although there were a few foreigners including me it felt very open and very welcoming,8.0,Positive,Positive,Neutral,POSITIVE,Positive,,2/4,Neutral
Naples,airport,O Assam,2024-07-12,Lives up to its name no signs chaos rude airport staff overflowing rubbish bins of flight delayed and no aircon but great food Unless one wants to fly to Rome and drive not many options to visit Campania and it is worth visiting so just have to roll with it and accept it,2.0,Positive,Positive,Negative,POSITIVE,Positive,,2/4,Negative
New Orleans,airport,E Smith,2023-05-12,Was departing New Orleans two days after jazzfest Had no problems with queueing anywhere Had some time to kill before my flight and sat outside in a cool spot close to where buses depart Spent some time chatting to n airport employee Absolutely delightful polite young man,9.0,Positive,Positive,Neutral,POSITIVE,Positive,,2/4,Neutral
Nuremburg,airport,1 reviewsAlexander Cunningham,2023-11-14,A friendly airport if you just want to watch the planes from the viewing area but not passenger friendly poor layout Up a lot of stairs for passport checks when you arrive Had to go through security the past twice on departure the both times they claimed I had passed through a public area after the first check Security patdowns are embarrassingly intimate,6.0,Neutral,Positive,Positive,POSITIVE,Positive,,2/4,Neutral
Nuremburg,airport,Christian Wagner,2020-01-10,Nuremberg is an amazingly convenient and fast airport You get there easily by public transportation from the metro station to check in its not even one minute walking and you can be at your gate within minutes of arriving Baggage delivery is quick mostly your baggage is already at the conveyor belt when you get there,10.0,Positive,Positive,Neutral,POSITIVE,Positive,,2/4,Neutral
Palm Springs,airport,H Fehr,2008-03-25,PSP is a beautiful airport in the secured area However the checkin to the security point is a long walk for the many retired people that travel through this airport The open air feeling is great in this warm climate The biggest negative is that when there is poor weather and those times are few is the lack of technology for pilots to land During a rain storm and low visibility we were delayed minutes while circling and then continued to Los Angelos then bussed back to Palm Springs,4.0,Positive,Positive,Neutral,POSITIVE,Positive,,2/4,Neutral
Paris CDG,airport,M Collie,2024-12-09,Transited twice in November without problems Signage is good distances are large even within terminal e No problems either time though timings were circa an hour and a half Security check each time but fairly fast and efficient,8.0,Positive,Positive,Neutral,POSITIVE,Positive,,2/4,Negative
Pointe Noire,airport,Dave Stanley,2009-08-09,The airport is small and modern It has both local and international flights Air France Arrivals are no problem and there is not far to walk from the aircraft to the airport exit There did not seem to be to many people bothering passengers Departures is also straight forward with modern checkin desks There are not many shops in the departure area and only one basic cafe There is adequate seating and the airconditioning works well Overall a very good experience compared with other African airports,4.0,Positive,Positive,Neutral,POSITIVE,Positive,,2/4,Neutral
Portland,airport,Simon Fowler,2022-06-23,A quiet afternoon at PDX Short queues to get through security with efficient and helpful staff As the space allocated for security was fairly small I can imagine at that at busy times there could be problems,7.0,Neutral,Positive,Positive,POSITIVE,Positive,,2/4,Neutral
Poznan,airport,6 reviewsWojciech Grzebyta,2020-08-03,When I got out of the plane there was no bus shuttle to the terminal but this is understandable because of the Coronavirus Border control was fast and my experience at the airport was pleasant,9.0,Positive,Positive,Neutral,POSITIVE,Positive,,2/4,Neutral
Providence,airport,S Neubert,2014-01-21,Quick lines through security and it is a better option than flying out of Logan with the longer lines Airport restaurantsbars are limited but OK for all the longer that you will be there,7.0,Positive,Positive,Neutral,POSITIVE,Positive,,2/4,Neutral
Riyadh,airport,M Anderson,2024-10-28,A supposedly international city airport and in the huge transit area the managers dont even manage to install a few water fountains for cool refreshing water for tired and thirsty travellers especially those with children What an appalling omission It is a shame really as in most other respects the airport is very pleasant,2.0,Positive,Positive,Neutral,POSITIVE,Positive,,2/4,Neutral
Rodez,airport,Matthew Noble,2007-05-16,A small little provincial airport can be a touch uncomfortable in hot weather as the large glass windows absorb the sun as you wait in the departure area One small cafe serving reasonable food and drink Check in quick and car hire points convenient to main entrance Good main road access to the town of Rodez and Tarn and Tarn et Garonne etc,4.0,Neutral,Positive,Positive,POSITIVE,Positive,,2/4,Neutral
Rotterdam,airport,R Blok,2011-09-11,As I live nearby its a convenient airport for me especially because of frequent flights to London and Southern France You can make use of free Internet Parking is cheap Connection to Rotterdam City and Port area is good and quick Hardly any queuing you can arrive mins before departure without any problems Whenever possible I make use of RotterdamThe Hague Airport,5.0,Positive,Positive,Neutral,POSITIVE,Positive,,2/4,Neutral
Sanya,airport,R Pontida,2009-03-13,No real problem with the airport As with most chinese airports its rather recent with pretty efficient baggage claim Its also relatively close to the city ab km which means there are cheap and crowded regular buses and taxi will cost you maybe yuan But what I really love is the waiting area outside,4.0,Positive,Positive,Neutral,POSITIVE,Positive,,2/4,Neutral
Sao Paulo Congonhas,airport,E Torre,2011-09-14,One of the best domestic airports in the country Wellsituated Come prepared for delay gate changes and high prices Be careful with illegal taxis,3.0,Positive,Positive,Negative,POSITIVE,Positive,,2/4,Neutral
Seychelles,airport,18 reviewsGyan Fernando,2017-02-12,This is a small but friendly airport The checkin area is not air conditioned and is hot Checkin was efficient immigration and security were efficient with hardly any queues In departures there were two food and drink outlets a dutyfree shop and several other shops Boarding was efficient,9.0,Neutral,Positive,Positive,POSITIVE,Positive,,2/4,Neutral
Subang Kuala Lumpur,airport,Derek Moore,2012-01-18,Modern and easy to use No queues to speak of Firefly the main user are efficient and a cheaper alternative to flying Malaysian out of KLIA However beware transfer times from downtown KL especially during morning and evening peak times even more so on MondaysFridays Although nearer to the city centre than KLIA it can and did in my case take longer to get to Subang mins than it would have taken to get to KLIA,8.0,Positive,Positive,Neutral,POSITIVE,Positive,,2/4,Neutral
Surat Thani,airport,5 reviewsS Jackson,2017-09-22,We had quite a lot of time to kill in this airport and it didnt disappoint There was a restaurant right in the middle of the terminal that was delicious and decently priced Unfortunately the wifi was not working no matter how many times we tried but they had this nice area called the library we sat in that was pleasant and helped the time pass,9.0,Positive,Positive,Neutral,POSITIVE,Positive,,2/4,Neutral
Taipei,airport,L Han,2023-10-24,There is very good food and Wifi Internet The dutyfree shop has all kinds of brands and it is cheaper than neighboring countries The immigration inspection is fast and not difficult,9.0,Positive,Positive,Neutral,POSITIVE,Positive,,2/4,Neutral
Tokyo Haneda,airport,8 reviewsM Hemire,2024-10-07,Haneda is a nice airport but immigration is hell long lines clearly show the Japanese slowness to adapt to any increase of the of arrival If you fly in while low traffic It is one of the best airport but not today as I will be losing minutes to pass immigration,4.0,Positive,Positive,Neutral,POSITIVE,Positive,,2/4,Neutral
Townsville,airport,G Stenchion,2024-08-30,The security staff at Townsville Airport are the most friendliest efficient and personable I never dread having to go through screening at this airport pity Brisbane AP doesnt operate as efficiently,10.0,Positive,Positive,Neutral,POSITIVE,Positive,,2/4,Negative
Waco,airport,1 reviewsBlake Donaho,2018-03-05,Waco Regional is not a bad airport overall They only have one flight which is to Dallas but I have heard rumors that United Express is resuming flights to Houston The reason I have given it stars is because their flights are always delayed or late My advice to travelers flying into Waco is to have patience The baggage claim takes a while The car rental facility is not bad for a small town Overall I think the airport shows good quality,8.0,Positive,Positive,Negative,POSITIVE,Positive,,2/4,Negative
Windhoek,airport,P Johnson,2017-06-21,Windhoek is a small airport with an increasing number of flights Facilities are limited but everything you need is there and seemed sufficient for numbers passing through Arriving early departing late on Air Namibia fromto FRA arrival took less than an hour and departing security was a reasonable time Staff were efficient and friendly Much easier to pass through than major airports,7.0,Neutral,Positive,Positive,POSITIVE,Positive,,2/4,Neutral
Xi'an,airport,M Cavanagh,2014-04-23,I departed on th April and was lucky to make my flight I was part of a tour group and as there were many groups trying to leave at the same time and not enough check in staff to process the travelers I made my flight with minutes to spare,6.0,Positive,Positive,Neutral,POSITIVE,Positive,,2/4,Neutral
Xi'an,airport,B Howard,2013-06-28,Last time I was in Xian Xianyang airport was in I have visited many times before There was always a Scrum outside the airport building for tickets and to board the airport buses for downtown Returned this year a lot has changed with the airport and getting tickets for the buses You now go to a ticket booth inside the building Then a waiting room for your respective bus What an improvement,8.0,Positive,Positive,Neutral,POSITIVE,Positive,,2/4,Neutral
Air Bagan,airline,Ian Vagg,2011-03-14,Chiang Mai to Yangon return and pleasantly surprised by the standard fairly new aircraft and meal service for minute flight Flight attendants were somewhat offhand Reasonable leg room in economy,8.0,Positive,Positive,Neutral,POSITIVE,Positive,,2/4,Neutral
Air Koryo,airline,11 reviewsSimon Hedges,2017-06-25,Pyongyang to Beijing with hotcold drinks and a hamburger which was adequate for length of flight Very polite and welcoming service Efficient check in and boarding In flight entertainment limited to a video of recent North Korean hits Pyongyang Times and Korea Today available to take on board,9.0,Positive,Positive,Neutral,POSITIVE,Positive,,2/4,Neutral
AirSWIFT,airline,C Gorten,2025-01-29,Everything about the flight experience went well I was worried reading the other reviews but in the end it was a very positive experience The terminal in El Nido is also very good,10.0,Positive,Positive,Neutral,POSITIVE,Positive,,2/4,Neutral
Bamboo Airways,airline,M Harti,2023-06-08,Da Nang to Da Lat The checkout process was smooth Although there was a minutes delay due to the late arrival of the airplane once we boarded everything went on well The legroom was not that cramped I found the crew service even better than Vietnam Airlines flight I flew to Da Nang several days before So I might fly this airline again on my future visit to Vietnam,8.0,Positive,Positive,Neutral,POSITIVE,Positive,,2/4,Neutral
Beijing Capital Airlines,airline,Z Chen,2024-05-14,I take this airline from Hangzhou to Lisbon th May The food is good taste and various I have stony insomnia problem and i did not pay attention and lost my sleeping medicine into rubbish I told the air hostess she is warmheart and patiently helped me search the rubbish patiently almost taking hours and finally searched my sleeping medicine I am thankful for this,8.0,Positive,Positive,Neutral,POSITIVE,Positive,,2/4,Negative
Bulgaria Air,airline,Katina Panayotova,2022-01-10,I have travelled multiple times with them alone with the kids and bought tickets for my dad and I had everytime struggle One flight they told me at the check in that the strollers they do not put in bags and I was suppose to know that which I didnt so my stroller came broken in the us Very unprofessional and the team is the same They have wonderful flights with great connections and prices but because I had so many times struggle with them I will not book a flight with them And I am Bulgarian,1.0,Positive,Negative,Positive,POSITIVE,Positive,,2/4,Negative
Carpatair,airline,René Engesser,2011-04-24,FCOTSRIAS Business Class Checkin in FCO terrible just counter minutes waiting time No lounge offered Inflight service with very friendly and attentive staff good food Transit in TSR as well despite of being a small and old airport was ok Here again very polite staff,9.0,Positive,Positive,Neutral,POSITIVE,Positive,,2/4,Neutral
Easyfly,airline,Miguel Salcedo-Gomez,2016-01-11,Palonegro to Cucuta with Easyfly Was put on this flight after Satena cancelled one of the legs I was hesitant since I had to make it to CUC that day The JS are quite small yet efficient planes Easyfly ground staff at Palonegro was quite helpful and professional Flight was smooth and punctual No complaints at all Despite the short duration of the flight minutes refreshments were offered Would consider it if needed,8.0,Neutral,Positive,Positive,POSITIVE,Positive,,2/4,Negative
fastjet,airline,K Sandler,2021-08-11,Its nothing too special but it was definitely an affordable price The inflight food and beverage was comprised of a juice box and bottled water The customer service is ok There was in issue with the website where it continually declined my card but it actually charged my card every time I attempted meaning with four attempts there were in false charges Fortunately the customer service could be reached by WhatsApp and they were able to refund me for the imaginary flight bookings,5.0,Positive,Positive,Neutral,POSITIVE,Positive,,2/4,Negative
Go First,airline,Priyanshi Jain,2023-04-22,I fainted in the flight and where some crew may have panicked in some cases this crew handled the situation very well Provided me with all the necessary assistance and first aid and was very kind and humble till the end,8.0,Positive,Positive,Neutral,POSITIVE,Positive,,2/4,Neutral
Gol Transportes Aéreos,airline,33 reviewsNiels Petersen,2022-09-04,I took GOL twice for domestic flights during a recent trip to Brazil I chose the extra legroom seats which were available for a reasonable surcharge and offered plenty of legroom Overall the flights were comfortable and on time All passengers were offered a small snack and a drink I would choose GOL again,8.0,Neutral,Positive,Positive,POSITIVE,Positive,,2/4,Neutral
Jetairfly,airline,Bryan Lammens,2016-01-07,Brussels to Casablanca on Jetairfly and everything was great The price wasnt too expensive there were no delays and the staff were polite and professional Only negative point is the leg space but thats okay for less than hours in my opinion I will fly with them again,8.0,Positive,Positive,Neutral,POSITIVE,Positive,,2/4,Neutral
Kam Air,airline,Dave Stanley,2009-05-06,DubaiKabulDubai The price of tickets is very high It costs more to get to Kabul than to the UK from Dubai Kam Air were OK on this trip It was a MD both ways and were were almost on time The only problem was the return because of some stupid security procedures in the airport They apologised for that though it was not their fault Neither flight was full so was able to get a row to myself which helps Kam Air along with Safi is still the best way to get to Kabul from Dubai,3.0,Positive,Positive,Neutral,POSITIVE,Positive,,2/4,Neutral
Privilege Style,airline,B Carson,2019-08-17,Manchester to Tenerife On the morning of our flight TUI informed us that due to scheduling issues they have enlisted Privilege style as a charter airline The seat was comfortable only issues were my tray table was loose the window was in a position that caused pain on my neck to look out of it The interior felt somewhat tired Apart from this the flight was comfortable and landed safely,6.0,Neutral,Positive,Positive,POSITIVE,Positive,,2/4,Negative
Sansa Airlines,airline,W Cannock,2019-12-18,We flew from Liberia to San Jose This was an incredibly easy flight We left exactly in time and arrived a few minutes early in San Jose The San Jose Domestic terminal is a very easy and quick experience Absolutely no problems whatsoever I would highly recommend,10.0,Positive,Positive,Neutral,POSITIVE,Positive,,2/4,Neutral
Skymark Airlines,airline,Farel Silalahi,2014-08-08,Flew Tokyo Narita Sapporo Tokyo Narita Flight from Narita was on time while from Sapporo to Narita was delayed for hour Overall flight was ok Ground staff very professional,8.0,Positive,Positive,Negative,POSITIVE,Positive,,2/4,Negative
Southwest Airlines,airline,S Howell,2024-10-29,Great airline Very friendly staff Flown with this airline around times and never had a bad experience only of my flights have Been delayed and none cancelled,10.0,Positive,Positive,Neutral,POSITIVE,Positive,,2/4,Neutral
Spring Airlines,airline,25 reviewsAlain Kupferman,2024-11-20,I have read many negative reviews about this airline so I was not disappointed There was absolutely no service no water was offered no entertainment seats were standard but could not be reclined Checkin was efficient as well as boarding and the most positive point was that the plane left and arrived on time Given the price it was a reasonable option,5.0,Positive,Positive,Neutral,POSITIVE,Positive,,2/4,Negative
TAROM Romanian,airline,45 reviewsG Harlun,2024-06-02,Boarding by bus transport Flight on time cabin crew friendly They served water during the short flight Got an emergency exist seat based on my frequent flyer status No entertainment available Landing ahead of schedule Nothing special but effective flight,9.0,Positive,Negative,Positive,POSITIVE,Positive,,2/4,Neutral
Trigana Air,airline,47 reviewsL Garzler,2019-01-03,Yahukimo to Jayapura Flight was about an hour late quite normal in this remote place Plane was comfortable enough with reclining seats and even a box of tea provided unlike on the sole competitors flights on this route,7.0,Neutral,Positive,Positive,POSITIVE,Positive,,2/4,Neutral
Tropic Air Belize,airline,Pat Kelly,2022-08-10,This company is horrific We had a cancelation of our flight back home and this airline refused to refund our money Fly Maya Island Air They are exceptional less expensive and very flexible The planes are also shady You will not regret flying Maya Island Air Have a wonderful and safe flight,1.0,Positive,Positive,Neutral,POSITIVE,Positive,,2/4,Negative
Vanilla Air,airline,N Wu,2019-01-07,Hong Kong to Tokyo Both outbound and inbound flights were ontime Very little or no turbulence experienced during journeys This was very good Checkins at ground were fast and efficient Will choose Vanilla Air again in the future,10.0,Positive,Positive,Neutral,POSITIVE,Positive,,2/4,Neutral
Volotea,airline,Filippo La Rosa,2025-04-02,I have been flying with Volotea for years and have never had any problems I believe that the company is one of the best in existence This is due to all the staff and the company organization Sono anni che volo con Volotea non ho avuto mai problemi Ritengo che la compagnia sia una delle migliori tra quelle in essere Questo merito vs al personale tutto e allorganizzazione aziendale,9.0,Positive,Positive,Neutral,POSITIVE,Positive,,2/4,Neutral
Xiamen Airlines,airline,Keruby Ge,2024-03-29,The experience is a unique one and I also have a trouble on how to rate this airline We start off from Singapores Changi Airport and the check in was quite smooth note that their carryon is only kg we get our boarding pass finish security and customs we finally managed to board the plane the cabin crew was very sweet and nice we are not delayed however the landing was super bad,7.0,Positive,Positive,Negative,POSITIVE,Positive,,2/4,Neutral
Abu Dhabi,airport,4 reviewsNash Degaonkar,2024-12-13,The Airport is pretty decent in a lot of aspects The duty free is vast the airport staff and security are ultra professional helped me guide through the terminal on where to find my gate However the WiFi experience could have been better because doing facetime calls was a problem considering whatsapp is not allowed Anyhow it is massive,8.0,Positive,Positive,Neutral,POSITIVE,Positive,,2/4,Neutral
Albany,airport,Andrew Champagne,2012-05-16,I fly into and out of Albany a few times a year on business For my money its one of the most efficient airports in terms of securityTSA in the country They get you in out and on your way with very little hassle the way it should be The airport itself isnt huge and doesnt have some of the amenities of a larger hub but as a traveller Im looking for efficiency and thats what Albany Airport provides,9.0,Positive,Positive,Neutral,POSITIVE,Positive,,2/4,Neutral
Alicante,airport,Vera McMullan,2022-08-05,I want to commend staff at Alicante airport on what was my first airport visit post covid Arriving and departing was prompt and hassle free When I accidentally broke a mug at the Starbucks counter the staff were just concerned about how I was feeling Also the girl at the EasyJet gate took my postcards which I had forgotten to post and promised to post them for me They all arrived eventually so thank you,9.0,Positive,Positive,Neutral,POSITIVE,Positive,,2/4,Neutral
Barnaul,airport,David Pryer,2008-12-10,The terminal is Sovietstyle and a little big for just or flights a day to Moscow and the occasional charter Checkin was slow with initially only one desk open but the service was friendly and efficient when eventually obtained With a blizzard on the tarmac it was unsafe for the bus to drive out to the plane Stumbling across the whipped up snow and ice is not something for the fainthearted The early offer of an onboard drink was appreciated,3.0,Neutral,Positive,Positive,POSITIVE,Positive,,2/4,Neutral
Beirut,airport,18 reviewsGyan Fernando,2020-01-25,A nice airport and frankly I am surprised at the bad reviews I arrived there at approx hrs Entry and checkin were very easy Security was straight forward and immigration was very easy Once on the airside a restaurant was open as were the dutyfree shops The only downside were the grumpy staff of the shops who obviously had not woken up yet Announcements were clear and boarding was orderly and we took off on time,9.0,Positive,Positive,Negative,POSITIVE,Positive,,2/4,Neutral
Belo Horizonte Confins,airport,A Hetier,2009-12-07,I concur with the comment below Confins is underused But there is a big plus Conexao Aeroporto buses that take you to the city centre are punctual and efficient Things have changed since and there should be more improvements in the future,3.0,Positive,Positive,Neutral,POSITIVE,Positive,,2/4,Neutral
Bohol-Panglao,airport,13 reviewsAndreas Becker,2022-05-28,Quiet new airport opened in Check in was efficient Distance to Alona Beach only a few minutes Therefore very comfortable for people staying at the beach There are only few food stalls available Overall a fast and efficient airport,8.0,Neutral,Positive,Positive,POSITIVE,Positive,,2/4,Neutral
Cochin,airport,Vidya Iyer,2021-11-06,Very disappointed to see that you are busy aping the western culture and forget our own roots As an Indian I am very proud of my heritage and all my traditional food However Cochin airport is a far cry from that You will happily serve cappuccino coffee to please a foreigner while completely omitting to serve a traditional Indian masala tea or a nice bru coffee It is very sad what Cochin airport has come to,2.0,Positive,Positive,Neutral,POSITIVE,Positive,,2/4,Neutral
Damascus,airport,J Delmonte,2011-05-01,I first arrived in Damascus in Feb Since then I have been back and forth almost times a year since then I am an Englishman who met and married a Syrian girl in The airport in my view was more relaxed in the old days whereby you could check in and walk back into the loungecafe for tea etc with your friends and family,4.0,Positive,Positive,Neutral,POSITIVE,Positive,,2/4,Neutral
Dunedin,airport,Y Ren,2011-11-13,DUD is a small but efficient airport with everything you need Landed from Wellington bags out very quickly The airport is quite far from city centre mins cost nearly dollars by Taxi and dollars by super shuttle Departure is well organised checkin sufficient airline lounge is located upstairs security check right before you board,9.0,Positive,Positive,Neutral,POSITIVE,Positive,,2/4,Neutral
Durban,airport,Rich Jenkins,2016-08-22,A generally good experience at Durban airport Arrival is quite simple and they seem to keep the touts out of the waiting area The checkin is well organized and immigration outbound proceeded quickly There are a number of shops and restaurants The food and the shopping are forgettable but not expensive Decent amount of seating at the gates Wifi works fine,9.0,Positive,Positive,Neutral,POSITIVE,Positive,,2/4,Neutral
Florence,airport,40 reviewsS Berten,2025-02-16,A rather small airport serving Firenze I used the airport in the winter season so imagine it during the busy summer season Theres bus boarding only and max small gates It has a abundance of dutyfree shops and food beverages counters Prices are reasonable Staff is friendly and efficiently working,6.0,Neutral,Positive,Positive,POSITIVE,Positive,,2/4,Neutral
Glasgow,airport,P Magee,2023-08-24,Return flights from Glasgow to Verona Check in was quick as was passing through security Facilities were alright bearing in mind our flight was at am Boarding was efficient Return again was stress free other than the automated passport gate refusing to let me through Baggage was already on the carousel when through security All in all a pretty good experience,8.0,Positive,Positive,Neutral,POSITIVE,Positive,,2/4,Neutral
Gothenburg-landvetter,airport,6 reviewsThomas Lemoigne,2017-08-02,Landvetter airport is a rather small one well organized and neat Security checks have seldom long queuing and are generally fast Lots of toilets are available very clean with taps to fillin bottles with water So do not hesitate to pass security with an empty bottle Shopping options are limited as the airport is small but the choice is more than correct This airport seems well managed,8.0,Neutral,Positive,Positive,POSITIVE,Positive,,2/4,Negative
Guayaquil,airport,Joseph Travis,2011-08-07,Guayaquils airport has most of the services that we have here in Australia they even offer jetways into planes There are restaurants ATMs machines banks coffee shops and entertainment it passed our expectations without doubt,5.0,Positive,Positive,Neutral,POSITIVE,Positive,,2/4,Negative
Hangzhou,airport,Joe Bailey,2008-11-06,Pretty basic as airports go Way out of town it is simply ridiculous and taxis are well keep your belt on and wear a helmet if you have one The airport sort of works but this is a typical domestic Chinese airport not great not entirely hideous but you know what If you want to fly to Hangzhou its this or nothing I can tell you it is heaven compared to the central rail station,2.0,Neutral,Positive,Positive,POSITIVE,Positive,,2/4,Neutral
Iasi,airport,40 reviewsR Hartens,2024-02-18,The current airport is small but efficient A new much larger terminal is being build Border and security control was fast and efficient All gates are currently in one large terminal with bus boarding only Staff was acting friendly and speedy Bus brings you to to city in for only Lei,10.0,Neutral,Positive,Positive,POSITIVE,Positive,,2/4,Neutral
Iloilo,airport,E Carew,2015-04-23,I arrived at night so it was difficult to be as observant as during the day but baggage came off the conveyor belt within minutes and I obtained a modern car with a very pleasant driver for the transfer to my city hotel the transfer costing P which was reasonable Overall an airport that delivered for me on this trip,9.0,Positive,Positive,Neutral,POSITIVE,Positive,,2/4,Neutral
John Wayne,airport,Colin Gorman,2013-05-26,This is my preferred airport in SoCal for arriving atdeparting from which I do on a regular basis Big enough to offer connections anywhere in the US for flights to Europe yet small enough offer a quick friendly and efficient service tofrom your gate Drop off facilities outside the terminals needs to be improved but apart from that no real complaints,9.0,Neutral,Positive,Positive,POSITIVE,Positive,,2/4,Neutral
Kiev Zhulyany,airport,katya ivanova,2019-08-04,This airport was very efficient no lines or delayed services There are a lot of shops where you can shop and places where you can have a bite Delicious coffee and bakery items to buy,10.0,Positive,Positive,Negative,POSITIVE,Positive,,2/4,Neutral
Kilimanjaro,airport,Adam Simmons,2010-06-23,Compared to so many airports a delightful experience I was first off my arriving flight and so did not have to queue for a visa Only one person was doling them out so I guess that stragglers had quite a wait On departure plenty of shops for such a small airport with plenty of seating both indoors and out no problems in either direction with passport or customs,5.0,Positive,Positive,Neutral,POSITIVE,Positive,,2/4,Neutral
King Mswati III Intl,airport,3 reviewsTeayaung Kim,2016-02-09,Recently opened airport because the former airport in Matshapa is now being used as something else The new location is quite inconvenient because it takes more than an hour from Mbabane city centre and I would strongly recommend that you use the road from Johannesburg to Mbabane because it takes only four hours from SA Cost wise it is also efficient to use the road,5.0,Positive,Positive,Neutral,POSITIVE,Positive,,2/4,Neutral
Kinshasa,airport,S Ross,2016-10-13,I read horror stories and read terrible reviews about Kinshasa FIH Ndjilli Airport I was very nervous about going through there What a lovely surprise awaited me A brand new terminal clean bright air conditioned well a big plus in Africa all employees well dressed and polite Procedures took time and were very detailed but nothing out of the ordinary You dont really need to pay a VIP service to go through you will be OK on your own Make sure all your travel documents and stay details ready for inspection,9.0,Positive,Positive,Neutral,POSITIVE,Positive,,2/4,Neutral
Launceston,airport,G Wilson,2012-01-27,Good airport with facilities to cater for the number of flights Slight delays on arrival due to fruit and vegetable quarantine but no problem read the notices and listen to the announcements makes it easy It does the job,8.0,Positive,Positive,Negative,POSITIVE,Positive,,2/4,Neutral
Leipzig/halle,airport,Evan Duerr,2008-01-22,Easy to get to with car from the Autobahn or from Leipzig with the train The airport is large but not confusing or crowded Security was a breeze All the people seemed nice,5.0,Positive,Positive,Neutral,POSITIVE,Positive,,2/4,Neutral
Leon Guanajuato,airport,Sandy Huff,2007-02-05,Ive flown in and out of BJX a half dozen times and have no problems Take along a book or knitting as there are only a couple of souvenir shops but they are colorful and reasonable My destination has been San Miguel de Allende the art colony thats popular with US citizens,0.0,Positive,Positive,Neutral,POSITIVE,Positive,,2/4,Neutral
Lviv,airport,J Tydeman,2012-09-19,A brand new airport which is large and spacious but lacking in facilities Our gate was in an area where there is no catering and no access to a part of the airside where we could even get a coffee Staff are not all that friendly here but it seems to be efficient with little queuing though not all the many flights either,7.0,Positive,Negative,Positive,POSITIVE,Positive,,2/4,Neutral
Mauritius,airport,1 reviewsDinesh Maudhoo,2019-12-28,Probably the best island airport in the Indian Ocean Well designed structure the only challenge is the long queue in the immigration hall The authorities need to arrange extra officers during peak timings,10.0,Positive,Positive,Neutral,POSITIVE,Positive,,2/4,Neutral
Medan,airport,T Thomas,2013-12-09,This is a well designed airport There is no hassle from porters and taxi operators Checking in is very fast and efficient Arrival luggage handling is very good,8.0,Positive,Positive,Neutral,POSITIVE,Positive,,2/4,Neutral
Medan,airport,Anthony C Lawman,2012-08-07,I have used Polonia six times in the last four year both international and domestic arrival and departure No problems with taxis overcharging just as for any airport do your research Be affirmative informed and polite,6.0,Positive,Positive,Neutral,POSITIVE,Positive,,2/4,Negative
Miri,airport,G Carroll,2005-10-14,The new airport in Miri is a blessing to all of us frequent travellers Although it is small it is efficient clean and cool If anything needs to be imroved on is the charges we have to pay for a small cup of coffee or a meal The charges are much too high for a domestic airport,0.0,Neutral,Positive,Positive,POSITIVE,Positive,,2/4,Neutral
Montpellier,airport,40 reviewsH Rowe,2020-07-30,A small yet very convenient airport in the south of France From the plane to the exit takes no more than min Signaling shopping etc is all fine given the size and role of the airport Its not the most modern airport but everything is well maintained Theres a convenient bus service to the city center,8.0,Positive,Positive,Neutral,POSITIVE,Positive,,2/4,Neutral
Mytilene,airport,Janette Willis,2016-02-01,We were delayed for nights due to bad weather on the th and th January The staff at Mytilene Airport in Lesbos were excellent they kept a smile during a very difficult time for them We were given a voucher for food and drinks each time our flight was cancelled times in all and they sent us to very good hotels both nights In addition when we asked if they could extend our journey for the days that we had lost they did with no problems,10.0,Positive,Positive,Negative,POSITIVE,Positive,,2/4,Negative
Nanning Wuxu,airport,P Hu,2016-04-28,The airport is very new and modern I have flown through this airport multiple times but this is the first time at the new terminal It is a lot larger than the original terminal There was finally free WiFi and it was pretty fast considering the internet in China It was mainly based off of Shanghai Pudong the airport I was actually flying to and had the identical announcement system that PVG terminal had Although there were a few foreigners including me it felt very open and very welcoming,8.0,Positive,Positive,Neutral,POSITIVE,Positive,,2/4,Neutral
Naples,airport,O Assam,2024-07-12,Lives up to its name no signs chaos rude airport staff overflowing rubbish bins of flight delayed and no aircon but great food Unless one wants to fly to Rome and drive not many options to visit Campania and it is worth visiting so just have to roll with it and accept it,2.0,Positive,Positive,Negative,POSITIVE,Positive,,2/4,Negative
New Orleans,airport,E Smith,2023-05-12,Was departing New Orleans two days after jazzfest Had no problems with queueing anywhere Had some time to kill before my flight and sat outside in a cool spot close to where buses depart Spent some time chatting to n airport employee Absolutely delightful polite young man,9.0,Positive,Positive,Neutral,POSITIVE,Positive,,2/4,Neutral
Nuremburg,airport,1 reviewsAlexander Cunningham,2023-11-14,A friendly airport if you just want to watch the planes from the viewing area but not passenger friendly poor layout Up a lot of stairs for passport checks when you arrive Had to go through security the past twice on departure the both times they claimed I had passed through a public area after the first check Security patdowns are embarrassingly intimate,6.0,Neutral,Positive,Positive,POSITIVE,Positive,,2/4,Neutral
Nuremburg,airport,Christian Wagner,2020-01-10,Nuremberg is an amazingly convenient and fast airport You get there easily by public transportation from the metro station to check in its not even one minute walking and you can be at your gate within minutes of arriving Baggage delivery is quick mostly your baggage is already at the conveyor belt when you get there,10.0,Positive,Positive,Neutral,POSITIVE,Positive,,2/4,Neutral
Palm Springs,airport,H Fehr,2008-03-25,PSP is a beautiful airport in the secured area However the checkin to the security point is a long walk for the many retired people that travel through this airport The open air feeling is great in this warm climate The biggest negative is that when there is poor weather and those times are few is the lack of technology for pilots to land During a rain storm and low visibility we were delayed minutes while circling and then continued to Los Angelos then bussed back to Palm Springs,4.0,Positive,Positive,Neutral,POSITIVE,Positive,,2/4,Neutral
Paris CDG,airport,M Collie,2024-12-09,Transited twice in November without problems Signage is good distances are large even within terminal e No problems either time though timings were circa an hour and a half Security check each time but fairly fast and efficient,8.0,Positive,Positive,Neutral,POSITIVE,Positive,,2/4,Negative
Pointe Noire,airport,Dave Stanley,2009-08-09,The airport is small and modern It has both local and international flights Air France Arrivals are no problem and there is not far to walk from the aircraft to the airport exit There did not seem to be to many people bothering passengers Departures is also straight forward with modern checkin desks There are not many shops in the departure area and only one basic cafe There is adequate seating and the airconditioning works well Overall a very good experience compared with other African airports,4.0,Positive,Positive,Neutral,POSITIVE,Positive,,2/4,Neutral
Portland,airport,Simon Fowler,2022-06-23,A quiet afternoon at PDX Short queues to get through security with efficient and helpful staff As the space allocated for security was fairly small I can imagine at that at busy times there could be problems,7.0,Neutral,Positive,Positive,POSITIVE,Positive,,2/4,Neutral
Poznan,airport,6 reviewsWojciech Grzebyta,2020-08-03,When I got out of the plane there was no bus shuttle to the terminal but this is understandable because of the Coronavirus Border control was fast and my experience at the airport was pleasant,9.0,Positive,Positive,Neutral,POSITIVE,Positive,,2/4,Neutral
Providence,airport,S Neubert,2014-01-21,Quick lines through security and it is a better option than flying out of Logan with the longer lines Airport restaurantsbars are limited but OK for all the longer that you will be there,7.0,Positive,Positive,Neutral,POSITIVE,Positive,,2/4,Neutral
Riyadh,airport,M Anderson,2024-10-28,A supposedly international city airport and in the huge transit area the managers dont even manage to install a few water fountains for cool refreshing water for tired and thirsty travellers especially those with children What an appalling omission It is a shame really as in most other respects the airport is very pleasant,2.0,Positive,Positive,Neutral,POSITIVE,Positive,,2/4,Neutral
Rodez,airport,Matthew Noble,2007-05-16,A small little provincial airport can be a touch uncomfortable in hot weather as the large glass windows absorb the sun as you wait in the departure area One small cafe serving reasonable food and drink Check in quick and car hire points convenient to main entrance Good main road access to the town of Rodez and Tarn and Tarn et Garonne etc,4.0,Neutral,Positive,Positive,POSITIVE,Positive,,2/4,Neutral
Rotterdam,airport,R Blok,2011-09-11,As I live nearby its a convenient airport for me especially because of frequent flights to London and Southern France You can make use of free Internet Parking is cheap Connection to Rotterdam City and Port area is good and quick Hardly any queuing you can arrive mins before departure without any problems Whenever possible I make use of RotterdamThe Hague Airport,5.0,Positive,Positive,Neutral,POSITIVE,Positive,,2/4,Neutral
Sanya,airport,R Pontida,2009-03-13,No real problem with the airport As with most chinese airports its rather recent with pretty efficient baggage claim Its also relatively close to the city ab km which means there are cheap and crowded regular buses and taxi will cost you maybe yuan But what I really love is the waiting area outside,4.0,Positive,Positive,Neutral,POSITIVE,Positive,,2/4,Neutral
Sao Paulo Congonhas,airport,E Torre,2011-09-14,One of the best domestic airports in the country Wellsituated Come prepared for delay gate changes and high prices Be careful with illegal taxis,3.0,Positive,Positive,Negative,POSITIVE,Positive,,2/4,Neutral
Seychelles,airport,18 reviewsGyan Fernando,2017-02-12,This is a small but friendly airport The checkin area is not air conditioned and is hot Checkin was efficient immigration and security were efficient with hardly any queues In departures there were two food and drink outlets a dutyfree shop and several other shops Boarding was efficient,9.0,Neutral,Positive,Positive,POSITIVE,Positive,,2/4,Neutral
Subang Kuala Lumpur,airport,Derek Moore,2012-01-18,Modern and easy to use No queues to speak of Firefly the main user are efficient and a cheaper alternative to flying Malaysian out of KLIA However beware transfer times from downtown KL especially during morning and evening peak times even more so on MondaysFridays Although nearer to the city centre than KLIA it can and did in my case take longer to get to Subang mins than it would have taken to get to KLIA,8.0,Positive,Positive,Neutral,POSITIVE,Positive,,2/4,Neutral
Surat Thani,airport,5 reviewsS Jackson,2017-09-22,We had quite a lot of time to kill in this airport and it didnt disappoint There was a restaurant right in the middle of the terminal that was delicious and decently priced Unfortunately the wifi was not working no matter how many times we tried but they had this nice area called the library we sat in that was pleasant and helped the time pass,9.0,Positive,Positive,Neutral,POSITIVE,Positive,,2/4,Neutral
Taipei,airport,L Han,2023-10-24,There is very good food and Wifi Internet The dutyfree shop has all kinds of brands and it is cheaper than neighboring countries The immigration inspection is fast and not difficult,9.0,Positive,Positive,Neutral,POSITIVE,Positive,,2/4,Neutral
Tokyo Haneda,airport,8 reviewsM Hemire,2024-10-07,Haneda is a nice airport but immigration is hell long lines clearly show the Japanese slowness to adapt to any increase of the of arrival If you fly in while low traffic It is one of the best airport but not today as I will be losing minutes to pass immigration,4.0,Positive,Positive,Neutral,POSITIVE,Positive,,2/4,Neutral
Townsville,airport,G Stenchion,2024-08-30,The security staff at Townsville Airport are the most friendliest efficient and personable I never dread having to go through screening at this airport pity Brisbane AP doesnt operate as efficiently,10.0,Positive,Positive,Neutral,POSITIVE,Positive,,2/4,Negative
Waco,airport,1 reviewsBlake Donaho,2018-03-05,Waco Regional is not a bad airport overall They only have one flight which is to Dallas but I have heard rumors that United Express is resuming flights to Houston The reason I have given it stars is because their flights are always delayed or late My advice to travelers flying into Waco is to have patience The baggage claim takes a while The car rental facility is not bad for a small town Overall I think the airport shows good quality,8.0,Positive,Positive,Negative,POSITIVE,Positive,,2/4,Negative
Windhoek,airport,P Johnson,2017-06-21,Windhoek is a small airport with an increasing number of flights Facilities are limited but everything you need is there and seemed sufficient for numbers passing through Arriving early departing late on Air Namibia fromto FRA arrival took less than an hour and departing security was a reasonable time Staff were efficient and friendly Much easier to pass through than major airports,7.0,Neutral,Positive,Positive,POSITIVE,Positive,,2/4,Neutral
Xi'an,airport,M Cavanagh,2014-04-23,I departed on th April and was lucky to make my flight I was part of a tour group and as there were many groups trying to leave at the same time and not enough check in staff to process the travelers I made my flight with minutes to spare,6.0,Positive,Positive,Neutral,POSITIVE,Positive,,2/4,Neutral
Xi'an,airport,B Howard,2013-06-28,Last time I was in Xian Xianyang airport was in I have visited many times before There was always a Scrum outside the airport building for tickets and to board the airport buses for downtown Returned this year a lot has changed with the airport and getting tickets for the buses You now go to a ticket booth inside the building Then a waiting room for your respective bus What an improvement,8.0,Positive,Positive,Neutral,POSITIVE,Positive,,2/4,Neutral
Air Bagan,airline,Ian Vagg,2011-03-14,Chiang Mai to Yangon return and pleasantly surprised by the standard fairly new aircraft and meal service for minute flight Flight attendants were somewhat offhand Reasonable leg room in economy,8.0,Positive,Positive,Neutral,POSITIVE,Positive,,2/4,Neutral
Air Koryo,airline,11 reviewsSimon Hedges,2017-06-25,Pyongyang to Beijing with hotcold drinks and a hamburger which was adequate for length of flight Very polite and welcoming service Efficient check in and boarding In flight entertainment limited to a video of recent North Korean hits Pyongyang Times and Korea Today available to take on board,9.0,Positive,Positive,Neutral,POSITIVE,Positive,,2/4,Neutral
AirSWIFT,airline,C Gorten,2025-01-29,Everything about the flight experience went well I was worried reading the other reviews but in the end it was a very positive experience The terminal in El Nido is also very good,10.0,Positive,Positive,Neutral,POSITIVE,Positive,,2/4,Neutral
Bamboo Airways,airline,M Harti,2023-06-08,Da Nang to Da Lat The checkout process was smooth Although there was a minutes delay due to the late arrival of the airplane once we boarded everything went on well The legroom was not that cramped I found the crew service even better than Vietnam Airlines flight I flew to Da Nang several days before So I might fly this airline again on my future visit to Vietnam,8.0,Positive,Positive,Neutral,POSITIVE,Positive,,2/4,Neutral
Beijing Capital Airlines,airline,Z Chen,2024-05-14,I take this airline from Hangzhou to Lisbon th May The food is good taste and various I have stony insomnia problem and i did not pay attention and lost my sleeping medicine into rubbish I told the air hostess she is warmheart and patiently helped me search the rubbish patiently almost taking hours and finally searched my sleeping medicine I am thankful for this,8.0,Positive,Positive,Neutral,POSITIVE,Positive,,2/4,Negative
Bulgaria Air,airline,Katina Panayotova,2022-01-10,I have travelled multiple times with them alone with the kids and bought tickets for my dad and I had everytime struggle One flight they told me at the check in that the strollers they do not put in bags and I was suppose to know that which I didnt so my stroller came broken in the us Very unprofessional and the team is the same They have wonderful flights with great connections and prices but because I had so many times struggle with them I will not book a flight with them And I am Bulgarian,1.0,Positive,Negative,Positive,POSITIVE,Positive,,2/4,Negative
Carpatair,airline,René Engesser,2011-04-24,FCOTSRIAS Business Class Checkin in FCO terrible just counter minutes waiting time No lounge offered Inflight service with very friendly and attentive staff good food Transit in TSR as well despite of being a small and old airport was ok Here again very polite staff,9.0,Positive,Positive,Neutral,POSITIVE,Positive,,2/4,Neutral
Easyfly,airline,Miguel Salcedo-Gomez,2016-01-11,Palonegro to Cucuta with Easyfly Was put on this flight after Satena cancelled one of the legs I was hesitant since I had to make it to CUC that day The JS are quite small yet efficient planes Easyfly ground staff at Palonegro was quite helpful and professional Flight was smooth and punctual No complaints at all Despite the short duration of the flight minutes refreshments were offered Would consider it if needed,8.0,Neutral,Positive,Positive,POSITIVE,Positive,,2/4,Negative
fastjet,airline,K Sandler,2021-08-11,Its nothing too special but it was definitely an affordable price The inflight food and beverage was comprised of a juice box and bottled water The customer service is ok There was in issue with the website where it continually declined my card but it actually charged my card every time I attempted meaning with four attempts there were in false charges Fortunately the customer service could be reached by WhatsApp and they were able to refund me for the imaginary flight bookings,5.0,Positive,Positive,Neutral,POSITIVE,Positive,,2/4,Negative
Go First,airline,Priyanshi Jain,2023-04-22,I fainted in the flight and where some crew may have panicked in some cases this crew handled the situation very well Provided me with all the necessary assistance and first aid and was very kind and humble till the end,8.0,Positive,Positive,Neutral,POSITIVE,Positive,,2/4,Neutral
Gol Transportes Aéreos,airline,33 reviewsNiels Petersen,2022-09-04,I took GOL twice for domestic flights during a recent trip to Brazil I chose the extra legroom seats which were available for a reasonable surcharge and offered plenty of legroom Overall the flights were comfortable and on time All passengers were offered a small snack and a drink I would choose GOL again,8.0,Neutral,Positive,Positive,POSITIVE,Positive,,2/4,Neutral
Jetairfly,airline,Bryan Lammens,2016-01-07,Brussels to Casablanca on Jetairfly and everything was great The price wasnt too expensive there were no delays and the staff were polite and professional Only negative point is the leg space but thats okay for less than hours in my opinion I will fly with them again,8.0,Positive,Positive,Neutral,POSITIVE,Positive,,2/4,Neutral
Kam Air,airline,Dave Stanley,2009-05-06,DubaiKabulDubai The price of tickets is very high It costs more to get to Kabul than to the UK from Dubai Kam Air were OK on this trip It was a MD both ways and were were almost on time The only problem was the return because of some stupid security procedures in the airport They apologised for that though it was not their fault Neither flight was full so was able to get a row to myself which helps Kam Air along with Safi is still the best way to get to Kabul from Dubai,3.0,Positive,Positive,Neutral,POSITIVE,Positive,,2/4,Neutral
Privilege Style,airline,B Carson,2019-08-17,Manchester to Tenerife On the morning of our flight TUI informed us that due to scheduling issues they have enlisted Privilege style as a charter airline The seat was comfortable only issues were my tray table was loose the window was in a position that caused pain on my neck to look out of it The interior felt somewhat tired Apart from this the flight was comfortable and landed safely,6.0,Neutral,Positive,Positive,POSITIVE,Positive,,2/4,Negative
Sansa Airlines,airline,W Cannock,2019-12-18,We flew from Liberia to San Jose This was an incredibly easy flight We left exactly in time and arrived a few minutes early in San Jose The San Jose Domestic terminal is a very easy and quick experience Absolutely no problems whatsoever I would highly recommend,10.0,Positive,Positive,Neutral,POSITIVE,Positive,,2/4,Neutral
Skymark Airlines,airline,Farel Silalahi,2014-08-08,Flew Tokyo Narita Sapporo Tokyo Narita Flight from Narita was on time while from Sapporo to Narita was delayed for hour Overall flight was ok Ground staff very professional,8.0,Positive,Positive,Negative,POSITIVE,Positive,,2/4,Negative
Southwest Airlines,airline,S Howell,2024-10-29,Great airline Very friendly staff Flown with this airline around times and never had a bad experience only of my flights have Been delayed and none cancelled,10.0,Positive,Positive,Neutral,POSITIVE,Positive,,2/4,Neutral
Spring Airlines,airline,25 reviewsAlain Kupferman,2024-11-20,I have read many negative reviews about this airline so I was not disappointed There was absolutely no service no water was offered no entertainment seats were standard but could not be reclined Checkin was efficient as well as boarding and the most positive point was that the plane left and arrived on time Given the price it was a reasonable option,5.0,Positive,Positive,Neutral,POSITIVE,Positive,,2/4,Negative
TAROM Romanian,airline,45 reviewsG Harlun,2024-06-02,Boarding by bus transport Flight on time cabin crew friendly They served water during the short flight Got an emergency exist seat based on my frequent flyer status No entertainment available Landing ahead of schedule Nothing special but effective flight,9.0,Positive,Negative,Positive,POSITIVE,Positive,,2/4,Neutral
Trigana Air,airline,47 reviewsL Garzler,2019-01-03,Yahukimo to Jayapura Flight was about an hour late quite normal in this remote place Plane was comfortable enough with reclining seats and even a box of tea provided unlike on the sole competitors flights on this route,7.0,Neutral,Positive,Positive,POSITIVE,Positive,,2/4,Neutral
Tropic Air Belize,airline,Pat Kelly,2022-08-10,This company is horrific We had a cancelation of our flight back home and this airline refused to refund our money Fly Maya Island Air They are exceptional less expensive and very flexible The planes are also shady You will not regret flying Maya Island Air Have a wonderful and safe flight,1.0,Positive,Positive,Neutral,POSITIVE,Positive,,2/4,Negative
Vanilla Air,airline,N Wu,2019-01-07,Hong Kong to Tokyo Both outbound and inbound flights were ontime Very little or no turbulence experienced during journeys This was very good Checkins at ground were fast and efficient Will choose Vanilla Air again in the future,10.0,Positive,Positive,Neutral,POSITIVE,Positive,,2/4,Neutral
Volotea,airline,Filippo La Rosa,2025-04-02,I have been flying with Volotea for years and have never had any problems I believe that the company is one of the best in existence This is due to all the staff and the company organization Sono anni che volo con Volotea non ho avuto mai problemi Ritengo che la compagnia sia una delle migliori tra quelle in essere Questo merito vs al personale tutto e allorganizzazione aziendale,9.0,Positive,Positive,Neutral,POSITIVE,Positive,,2/4,Neutral
Xiamen Airlines,airline,Keruby Ge,2024-03-29,The experience is a unique one and I also have a trouble on how to rate this airline We start off from Singapores Changi Airport and the check in was quite smooth note that their carryon is only kg we get our boarding pass finish security and customs we finally managed to board the plane the cabin crew was very sweet and nice we are not delayed however the landing was super bad,7.0,Positive,Positive,Negative,POSITIVE,Positive,,2/4,Neutral
Xiamen Airlines,airline,Keruby Ge,2024-03-29,The experience is a unique one and I also have a trouble on how to rate this airline We start off from Singapores Changi Airport and the check in was quite smooth note that their carryon is only kg we get our boarding pass finish security and customs we finally managed to board the plane the cabin crew was very sweet and nice we are not delayed however the landing was super bad,7.0,Positive,Positive,Negative,POSITIVE,Positive,,2/4,Neutral
Clark,airport,K Gavino,2018-06-10,Clark Airport is well secured and accommodating for passengers and there are plenty of seats provided in the predeparture terminal There are also small food stalls for the passengers who can fill their tummy while waiting their flight to depart,9.0,Negative,Positive,Neutral,POSITIVE,Positive,,,Neutral
Jin Air,airline,L Sayuki,2022-11-24,We had some troubles getting to the airport and were so worried we were going to be late We arrived at the check in counter just a few minutes late but the Jin Air employees were so kind and accommodating They got us through security and to our gate and we made a flight we otherwise would have definitely missed Just so grateful Thank you,10.0,Neutral,Positive,Neutral,POSITIVE,Positive,,,Neutral
Fes-Saïss,airport,S Foster,2019-12-17,Totally not as bad as all the reviews had us expecting No printed boarding pass needed They just gave us one Ryanair No long waiting time Only thing too cold and no smoking area after security check,8.0,Neutral,Neutral,Negative,POSITIVE,Positive,,,Negative
Komatsu,airport,1 reviewsW Chan,2019-12-15,Its mainly a domestic airport Internal sign and direction system is clear and well arranged Immigration check procedure is efficient The Japanese officers are well organized Public transportation from Komatsu airport to city downtown only relies shuttle bus The schedule is not frequent The time interval is often more than one hour,6.0,Neutral,Positive,Neutral,POSITIVE,Positive,,,Neutral
Akasa Air,airline,J Reddy,2025-01-26,We were running late due to high traffic in Ayodhya owing to Kumbh Mela Akasa helped us by providing buffer minutes at boarding This helped us in arriving to the flight in time They have ensured that our boarding is faster so that overall flight time wont get delayed As soon as we are seated flight took off within mins This did not result in any delay,10.0,Neutral,Negative,Negative,POSITIVE,Positive,,,Negative
Washington National,airport,30 reviewsZiauddin Ahmed,2024-04-25,I used this airport several times past few years This time I was traveling to Greenville SC I found the Airport was improving in terms of services and facilities This airport is not too large one but it has all basic facilities Moreover it is located in the central of Washington DC,6.0,Neutral,Positive,Neutral,POSITIVE,Positive,,,Neutral
Hangzhou,airport,J Wong,2008-01-17,Airport uses a lot of natural light The design is modern especially the departure lobby the ceiling its so high The staff in the airport have good manners The luggage arrived quick and theres plenty of checkin counters too The bad thing airline lounges terrible,5.0,Neutral,Negative,Negative,POSITIVE,Positive,,,Negative
Foz do Iguacu,airport,15 reviewsP Hayes,2023-11-26,Mainly domestic airport serving the Brazilian side of Iguassu Falls Busy airport with a air bridges and some remote stands Shopping opportunities as you walk from the gate to Baggage Reclaim Baggage Reclaim is on the ground level and has main baggage carousels Domestic arrival so no Customs or Passport Checks Small and busy Arrivals area with parking directly opposite Small but efficient airport,8.0,Neutral,Positive,Neutral,POSITIVE,Positive,,,Neutral
Nagpur,airport,Spandan Wane,2019-07-08,Its a smaller airport compared to Mumbai not a problem actually Some toilets on the arrival hall are not good This airport has more shopping options now and its enough actually There are spa and lounge facilities available here The lounges are okay I have never experienced any delay to date Overall an above expectation feel It gets my job done,7.0,Neutral,Positive,Negative,POSITIVE,Positive,,,Negative
Beirut,airport,Andre Vogt,2020-01-31,Because of all the bad reviews I arrived hrs prior to departure There was no security check to enter the building you could just step in As I flew with Ryanair to Cypres EU passport I asked at the Ryanair counter if my printed online boarding pass is ok It was I was the only passenger to proceed the security checks at that time so I could just walk through Overall I was airside in minutes and enjoyed the Cedar Lounge,10.0,Neutral,Positive,Negative,POSITIVE,Positive,,,Negative
Surat Thani,airport,6 reviewsAlain Descrieres,2016-03-06,Small international airport International flights limited to a few charters from China Arrival hall domestic has only one conveyor belt which did not work on the day I arrived so luggage were brought in very swiftly by handcart Taxi and shuttle bus available to city center km away Domestic departure hall is adequate and departure gates have sufficient seating a coffee shop and wifi,6.0,Neutral,Positive,Neutral,POSITIVE,Positive,,,Neutral
Washington National,airport,30 reviewsZiauddin Ahmed,2024-04-25,I used this airport several times past few years This time I was traveling to Greenville SC I found the Airport was improving in terms of services and facilities This airport is not too large one but it has all basic facilities Moreover it is located in the central of Washington DC,6.0,Neutral,Positive,Neutral,POSITIVE,Positive,,,Neutral
Libyan Airlines,airline,G Misioch,2009-02-09,TUNTIP Checkin at Tunis was efficient and staff generally friendly Boarding at the gate was chaotic While on the runway the plastic emergency exit covering came off The pilot came and put it back on Plane then proceeded with takeoff The food was standard and staff friendliness on board ok although only with limited English skills Onboard announcements were in Arabic only The interior was worn emergency cards in seat pockets were still from the former owner of the plane a defunct French airline,2.0,Neutral,Negative,Positive,POSITIVE,Positive,,,Negative
Newcastle,airport,B Marley,2022-09-20,Over minutes to get through passport control Travelers and staff looking cold and tired as midnight passes flights luggage all coming onto carousel others silent and still It was an opportunity to shine and it wasnt taken even a hot drink would have made it more bearable No explanation for delays given by any staff,3.0,Neutral,Negative,Negative,POSITIVE,Positive,,,Negative
Tunis Carthage,airport,D Thomas,2021-06-25,Corruption and extortion are alive and well at this airport Both myself and four colleagues in the following days were asked for our passports and then dollars to return them from officials at this airport It has been a while since this last happened to me in any country at any airport but this place stands out Who would want to visit this place for business or vacation Never again,1.0,Neutral,Positive,Neutral,POSITIVE,Positive,,,Negative
Eswatini Air,airline,Xavier Masule,2023-06-07,Flight slightly delayed but arrived slightly ahead of time by minutes Crew well presented and very professional Meal type and beverage selection an overkill for such a short flight Will fly Eswatini Air again,9.0,Neutral,Positive,Negative,POSITIVE,Positive,,,Negative
Nordavia,airline,Skytrax Editor,2020-08-19,Nordavia has been renamed as Smartavia and reviews can be found on this new linkSmartavia Reviews,0.0,Positive,Neutral,Neutral,POSITIVE,Positive,,,Neutral
Freetown,airport,Peter Bedson,2006-05-28,Much better than it used to be they seem to have clamped down on the baggage handlers and general hangers on trying to extract dollars from you on the way in On the way out no real problems aside from a few panhandllers trying to take a last opportunity to rip you off Dont miss the duty free shop it looks awful from the outside but is really well stocked and cheap,0.0,Neutral,Positive,Negative,POSITIVE,Positive,,,Negative
Baltimore Washington,airport,E Colton,2024-02-12,TSA worker screaming at everyone She removed purse shoes and jacket from the bin where I was told to place them She threw each item on the belt individually Never stopped hollering,2.0,Neutral,Negative,Neutral,POSITIVE,Positive,,,Negative
Turin,airport,Mark Griffiths,2022-12-24,Awful from front desk to boarding airport is like a sauna staff are rude and dont want to be here but then there is only a handful of staff No information for English lucky I speak Italian it makes you appreciate Gatwick and Heathrow,1.0,Negative,Positive,Negative,POSITIVE,Positive,,,Neutral
Springfield-Branson,airport,S Randolph,2015-07-09,Brand new airport very wide halls built for large increase in passenger load very spacious short TSA lines,10.0,Neutral,Positive,Neutral,POSITIVE,Positive,,,Neutral
Viva Air,airline,D Hayle,2022-09-05,Worst company Never gonna take this company again I should have look at the reviews before booking Hate their service The price can be good but youll prefer any other companies its a promise,1.0,Negative,Neutral,Neutral,POSITIVE,Positive,,,Negative
Antwerp Deurne,airport,S Smith,2010-05-07,So refreshing to be able to use Duerne instead of Brussels Less than minutes from plane to car this week and that included collecting a bag On return I checked in about minutes before the flight hardly any queue,5.0,Positive,Neutral,Neutral,POSITIVE,Positive,,,Neutral
Canaryfly,airline,4 reviewsAndrii Chaika,2017-11-30,Las Palmas to Tenerife Not a great experience The plane had SwiftAir livery even though it was CanaryFly flight The plane was old and produced terrible noise during takeoff I have flown the ATR not once but it was only such experience The airline had a free seating policy It was OK as there were only people in the plane capable of The crew provided only water,2.0,Neutral,Positive,Neutral,POSITIVE,Positive,,,Neutral
Plovdiv,airport,M Jonkman,2015-05-25,Parking in front of terminal is not free anymore However the first minutes still are Distance to the center of Plovdiv is about km Plovdiv taxis are reasonably priced,9.0,Neutral,Negative,Neutral,POSITIVE,Positive,,,Neutral
Udon Thani,airport,Jim Timmerberg,2010-12-21,This is a very comfortable and affordable airport There are a number of shops on the ground floor with very reasonable prices also Thai massage at the end of the ground floor again with very reasonable prices Theyve replaced the lounge chairs in the past two years and the new chairs are nicely padded The only negative is that you will likely have to walk across the tarmac to board your plane No problem in the winter but Im not sure how that works during the rainy season,5.0,Neutral,Negative,Positive,POSITIVE,Positive,,,Negative
Air Europa,airline,28 reviewsRobert Watson,2024-10-20,Usual poor service Only booked with Air Europa to use up my air miles They cancelled my seat reservations made at time of booking They never explained but I guess because by the time of flight my status has changed from elite plus to elite Always good to see their ability at annoying their regular customers is at its finest once again I would recommend they do not serve food as it is revolting and just adds to the perception of them taking their customers for mugs,4.0,Negative,Positive,Neutral,POSITIVE,Positive,,,Neutral
Burbank Glendale Pasadena,airport,Joaquin Quinto,2008-11-05,Small airport dating back to the early days of aviation when the thinking was that would be aerodromes in most towns Today BUR is convenient airport for those wishing to avoid LAX You pick up your bags from the baggage conveyor belt outside the terminal,3.0,Neutral,Negative,Neutral,POSITIVE,Positive,,,Neutral
Hobart,airport,Kiara L'Herpiniere,2022-03-02,No one checked our vaccination upon entry which raises alarm bells Jetstar staff as usual are incredibly rude and money grabbing The facilities are cute and basic,4.0,Neutral,Negative,Negative,POSITIVE,Positive,,,Negative
Read more,airport,Donna de Jong,2025-04-05,Like many airports food and drinks are much too expensive I do therefore I also do not want to buy water It is not allowed to take bottled water through customs so most airports have free tap drinking water Also this airport But they are all disconnected I find this outrageous To have access to drinking water is a right,7.0,Neutral,Negative,Neutral,POSITIVE,Positive,,,Neutral
Fukuoka,airport,Yiwon Joo,2024-07-07,When I arrived at this airport from incheon the immigration lines were long It took me more than an hour to get out of the airport I headed to Incheon a few days later Security and immigration was actually fine although I found the facilities a little old There were plenty of places to shop and relax but I wished that there were more food choices Overall this is a small but functional airport,6.0,Neutral,Positive,Neutral,POSITIVE,Positive,,,Neutral
Hamilton,airport,Brad Thompson,2013-08-11,Hamilton International is a great little airport and very convenient for people trying to avoid the hustle and bustle of Pearson My family is located in southern Ontario and I always use this airport The only complaint I would have is the decision of management to serve no alcoholic beverages,8.0,Neutral,Negative,Positive,POSITIVE,Positive,,,Negative
Baltimore Washington,airport,E Colton,2024-02-12,TSA worker screaming at everyone She removed purse shoes and jacket from the bin where I was told to place them She threw each item on the belt individually Never stopped hollering,2.0,Neutral,Negative,Neutral,POSITIVE,Positive,,,Negative
Burbank Glendale Pasadena,airport,E Mabley,2011-10-17,Burbank provides a convenient and easy alternative to LAX although the departure hall in Terminal B is too small to accommodate more than flights at a time There were flights an MD a and CRJ regional jets boarding simultaneously and the small space and cramped conditions caused confusion and delayed boarding for everyone,6.0,Positive,Negative,Negative,POSITIVE,Positive,,,Neutral
Warsaw Modlin,airport,R Annette,2022-05-29,Uncomfortable poor facilities dirty and crowded Dirty smelly toilets Such a shame at the end of our trip as for the rest of it I found Poland to be so clean and pleasant,2.0,Negative,Negative,Positive,POSITIVE,Positive,,,Negative
Tromso,airport,2 reviewsAndry Castro,2022-02-08,It is a nice and small airport but it is in compliance with the city and the air movement in the region The most negative point is the few stores and food options There are checkin machines and circulation is relatively fast,8.0,Neutral,Negative,Neutral,POSITIVE,Positive,,,Neutral
Helsinki Vantaa,airport,Jackie Sayers,2024-09-08,Swanky new recliner seats around Gate but only if you are under foot or over foot tall At the headrest was painfully positioned forcing my chin onto my chest Shame because everything else is brilliant,9.0,Neutral,Negative,Neutral,POSITIVE,Positive,,,Neutral
Tbilisi,airport,C Hajer,2024-03-13,Staff are very rude They checked me thoroughly and ask to open my bag and not to touch anything i was just standing there and they are also checking the other passengers coming after mins i ask the security if i can go and get my bag she said oh yes you can i forgot She made me wait for nothing They have an overpriced for their food inside the airport I will share this experience to my colleagues and other friends,1.0,Negative,Positive,Negative,POSITIVE,Positive,,,Negative
Springfield-Branson,airport,S Randolph,2015-07-09,Brand new airport very wide halls built for large increase in passenger load very spacious short TSA lines,10.0,Neutral,Positive,Neutral,POSITIVE,Positive,,,Neutral
Livingstone,airport,Joaquin Quinto,2012-08-05,Long lines await you when you arrive and need to visa to enter the country There are only two counters one for visas and the other for travellers who do not need visas The arrival hall is small but the waiting drivers etc are gathered respectfully outside the terminal building The airport is not far from the town,7.0,Neutral,Positive,Neutral,POSITIVE,Positive,,,Negative
Kinshasa,airport,Dave Stanley,2006-06-30,The airport is not as bad as some of the earlier reports suggest Having a local guide meet you and handle the formalities will help a lot Most people hand over their passports tickets and baggage to these people and allow them to sort out the problems,0.0,Neutral,Positive,Negative,POSITIVE,Positive,,,Negative
Burnie Wynyard,airport,G Wilson,2008-03-14,Small NW Tasmanian airport with flights to Melbourne Tasmanian destinations Neat tidy with easy checkin baggage collection Small cafeshop enough seating for size of aircraft using airport Not a bad little airport,4.0,Neutral,Positive,Negative,POSITIVE,Positive,,,Negative
Guilin Liangjiang,airport,Eric Wong,2016-05-03,Guilin airport is not as big as I thought for the number of passengers the shopping places are limited and I could hardly find a decent cafe here Crowded terminal obviously cannot cope with the number of travelers The goods offered in shops are expensive and water is not provided anywhere as any other airports do,7.0,Negative,Negative,Neutral,NEGATIVE,Negative,,2/4,Neutral
Nairobi,airport,Johan Olivier,2023-01-09,Very expensive compared to any other airports that I have used Facilities are very basic The inflight information board does not update making it difficult The announcement is also done in a local accent that is not clear,3.0,Negative,Negative,Neutral,NEGATIVE,Negative,,2/4,Neutral
Manila,airport,Renald Bernard,2024-11-22,I have never see anything like this They scan your carry on bag it is ridiculous They scan it again before entering the plane and after you pass customs They sit you behind the a gate like a bunch of animals if you go to the washroom just beside your seat but the other side of the blue ribbon you have to go in the line up again It is my last time with Philippine Airlines never again,2.0,Negative,Negative,Neutral,NEGATIVE,Negative,,2/4,Neutral
Quebec City,airport,Mary Johns,2013-09-30,Arriving from the US was easy and fast No long walks not monorails no buses You get off the plane go to customs get your suitcase change some money and grabbed a taxi all with a minimum of traipsing around Most efficient arrival anywhere Departure not so good Airlines staff was late opening checkin lines Baggage check man ridiculed my attempts to speak French and the woman operating the Xray was rude to passengers Furthermore the airport offers little in the way of food for purchase and dutyfree items,6.0,Positive,Negative,Negative,NEGATIVE,Negative,,2/4,Neutral
Air Astana,airline,Olzhas Adil,2023-07-15,I fly this airline weekly for AlmatyBakuAlmaty and I have never ever had the flight on time minutes delay is routine for Air Astana They have to reassess their attitude and schedule because those repetitive delays are not acceptable for what they call star airline The airline prices are not on level of service they provide either Disappointing service to be honest,5.0,Positive,Negative,Negative,NEGATIVE,Negative,,2/4,Neutral
Surinam Airways,airline,A Barua,2021-12-06,Do not book with them Couldnt travel due to COVID last year and Im still trying to get a refund I got an email in July saying theres a delay in getting refunds out and then I sent two more emails in October with absolutely no response to either Its December and Im still trying to reach them Dont do it Its not worth it Im out over for an unused ticket,1.0,Neutral,Negative,Negative,NEGATIVE,Negative,,2/4,Neutral
Tbilisi,airport,Hayssam EL Amin,2022-07-14,Reading all the bad reviews I cannot help but agree on how rude and unprofessional the airport staff is Check in staff eating pumpkin seeds security staff with a massive ego and immigration officers acting in a disrespectful manner Even the food and beverage staff have no clue about service and hospitality Being such a beautiful tourist destination you would think service is a priority but we found it very disappointing Good food great nature and not the warmest people,1.0,Neutral,Negative,Negative,NEGATIVE,Negative,,2/4,Neutral
Prague,airport,C Scott,2024-11-24,Queue for passport control took an hour despite not a huge amount of people to handle Only open for non EU and including machines open for EU Most the guys on EU had a nice hour break Bags on time but you expect so after an hour delay,3.0,Positive,Negative,Negative,NEGATIVE,Negative,,2/4,Positive
San Jose Intl,airport,4 reviewsMatt James,2016-08-05,Landed at San Jos airport at pm from ATL as scheduled but we had to wait minutes for our gate to open Once I finally got off the plane and inside the airport it was difficult finding the way to the parking garage because the signs are confusing It took longer than expected to get out of the parking garage For a small airport this place is packed The good thing is weatherrelated flight delays are rare which is what makes me prefer this airport over SFO,5.0,Neutral,Negative,Negative,NEGATIVE,Negative,,2/4,Neutral
Tunisair,airline,E Karsten,2025-02-03,Flight more than hrs delayed which information only given in pieces of h long after the promised departure time despite already long before visible on Flightradar Meal voucher worth given basically enough for a bottle of water Not in line with EU regulations No online checkin No excuse no explanation Friendliness of cabin crew nonexistent,1.0,Positive,Negative,Negative,NEGATIVE,Negative,,2/4,Neutral
San Jose Intl,airport,4 reviewsMatt James,2016-08-05,Landed at San Jos airport at pm from ATL as scheduled but we had to wait minutes for our gate to open Once I finally got off the plane and inside the airport it was difficult finding the way to the parking garage because the signs are confusing It took longer than expected to get out of the parking garage For a small airport this place is packed The good thing is weatherrelated flight delays are rare which is what makes me prefer this airport over SFO,5.0,Neutral,Negative,Negative,NEGATIVE,Negative,,2/4,Neutral
Dubai,airport,6 reviewsFranck Janet,2025-02-02,The airport police in Dubai are really unpleasant When I went through security one officer made me remove my suspenders even though they were attached to my trousers and difficult to take off and put back on He couldnt have cared less In general locals in Dubai are not particularly friendly In Dubai they probably believe that quality of an airport is the infrastructure but for me it is people who make the difference,5.0,Negative,Negative,Positive,NEGATIVE,Negative,,2/4,Neutral
Iloilo,airport,J Laneso,2022-11-06,The guards on the entrance are so rude he would even raise voice which was unnecessary imagine having a super early flight where you still feel sleepy someone random would shout about the luggages I knew what to do with it I fly all the time and there were absolutely no need for him to be so disrespectful,3.0,Neutral,Negative,Negative,NEGATIVE,Negative,,2/4,Neutral
Cluj-napoca,airport,Dana Benea,2023-06-16,Rude employee and unhelpful My elderly mum had priority ticket and needs support walking I wanted to help her boarding but we got sent back queuing because I didnt have priority ticket Ive asked the guy at the gate to help my mum he replied she is not my mum Im not helping So we went back to the end of the line What a disgraceful attitude towards elderlies This is a young guy who needs to learn how to speak and act with people Unfortunately he doesnt wear a badge so I dont know his name,2.0,Negative,Neutral,Negative,NEGATIVE,Negative,,2/4,Positive
Turin,airport,Alec Don,2019-12-29,Turin does passport checks for departing passengers The service is absolutely appallingly slow Please get your act together Turin airport border service,1.0,Negative,Negative,Neutral,NEGATIVE,Negative,,2/4,Neutral
Hobart,airport,Christine Sarandis,2016-09-29,I think the airport itself is absolutely fine but the food choices are absolutely appalling if you are traveling after We had a delay and a hour wait and all that was available was one cafe selling pizza pasta and toasted sandwiches which were exhorbitantly expensive and not very nice There was no fresh food and no choice A disappointing end to an absolutely brilliant day road trip around that lovely state,3.0,Neutral,Negative,Negative,NEGATIVE,Negative,,2/4,Positive
Kish Airlines,airline,JuYoung Han,2013-05-04,MehrabadKish not the best airline i have ridden After a long delay we were all put in a little bus that took us to an ancient plane The plane was very old seats were cramped seatbelts were broken and the plane itself was very small I was very surprised to see food but it wasnt very wonderful However Iranian standards arent very high,3.0,Positive,Negative,Negative,NEGATIVE,Negative,,2/4,Positive
Quebec City,airport,Mary Johns,2013-09-30,Arriving from the US was easy and fast No long walks not monorails no buses You get off the plane go to customs get your suitcase change some money and grabbed a taxi all with a minimum of traipsing around Most efficient arrival anywhere Departure not so good Airlines staff was late opening checkin lines Baggage check man ridiculed my attempts to speak French and the woman operating the Xray was rude to passengers Furthermore the airport offers little in the way of food for purchase and dutyfree items,6.0,Positive,Negative,Negative,NEGATIVE,Negative,,2/4,Neutral
Rio De Janeiro,airport,S Arora,2020-01-08,Dumont airport terrible service by GOL The queue has not moved for over hours Nobody speaks English for an airport thats full of passengers flying to and from overseas We dont understand why is there a delay nobody speaks the language and none of the staff are bothered From what we understood some people fought with the guy who looks like the supervisor and they were pushed in front What a joke Enjoyed Rio but wont be back thank you,1.0,Neutral,Negative,Negative,NEGATIVE,Negative,,2/4,Neutral
Rio De Janeiro,airport,S Arora,2020-01-08,Dumont airport terrible service by GOL The queue has not moved for over hours Nobody speaks English for an airport thats full of passengers flying to and from overseas We dont understand why is there a delay nobody speaks the language and none of the staff are bothered From what we understood some people fought with the guy who looks like the supervisor and they were pushed in front What a joke Enjoyed Rio but wont be back thank you,1.0,Neutral,Negative,Negative,NEGATIVE,Negative,,2/4,Neutral
Prague,airport,C Scott,2024-11-24,Queue for passport control took an hour despite not a huge amount of people to handle Only open for non EU and including machines open for EU Most the guys on EU had a nice hour break Bags on time but you expect so after an hour delay,3.0,Positive,Negative,Negative,NEGATIVE,Negative,,2/4,Positive
Kittila,airport,Nadine Hawkins,2022-12-04,Small airport Lack of ground staff so long delays with baggage reclaim Not much seating Not many facilities Staff not particularly helpful Staff not sure which belt our luggage will even be on when it finally arrives Not a good start to our holiday Toilets have run out of toilet paper Avoid if possible,1.0,Negative,Negative,Neutral,NEGATIVE,Negative,,2/4,Neutral
Tunisair,airline,E Karsten,2025-02-03,Flight more than hrs delayed which information only given in pieces of h long after the promised departure time despite already long before visible on Flightradar Meal voucher worth given basically enough for a bottle of water Not in line with EU regulations No online checkin No excuse no explanation Friendliness of cabin crew nonexistent,1.0,Positive,Negative,Negative,NEGATIVE,Negative,,2/4,Neutral
Zagreb,airport,I Garlen,2023-05-11,Arrogant unprofessional and rude passport control police officers without a smile or greeting Do not expect anything better Welcome to the Balkans Although they think highly about them selves being western European country with western standards they are far far away from the west,1.0,Positive,Negative,Negative,NEGATIVE,Negative,,2/4,Neutral
SereneAir,airline,Omer Iqbal,2024-04-06,Still waiting hours for my flight to even open check in Always choose something other than this terrible airline If Serene airline is your only choice its better to not travel,1.0,Negative,Positive,Negative,NEGATIVE,Negative,,2/4,Neutral
Surinam Airways,airline,A Barua,2021-12-06,Do not book with them Couldnt travel due to COVID last year and Im still trying to get a refund I got an email in July saying theres a delay in getting refunds out and then I sent two more emails in October with absolutely no response to either Its December and Im still trying to reach them Dont do it Its not worth it Im out over for an unused ticket,1.0,Neutral,Negative,Negative,NEGATIVE,Negative,,2/4,Neutral
Air Astana,airline,Olzhas Adil,2023-07-15,I fly this airline weekly for AlmatyBakuAlmaty and I have never ever had the flight on time minutes delay is routine for Air Astana They have to reassess their attitude and schedule because those repetitive delays are not acceptable for what they call star airline The airline prices are not on level of service they provide either Disappointing service to be honest,5.0,Positive,Negative,Negative,NEGATIVE,Negative,,2/4,Neutral
Vienna,airport,Martin Burian,2024-08-31,Often late in dispatching luggage especially on weekends Crowds of people waiting for no good reason Often too few immigration officers at border control Overall tiring exercise,3.0,Negative,Negative,Neutral,NEGATIVE,Negative,,2/4,Neutral
T'Way Air,airline,Sharifuddin Mohamed Ali,2023-12-06,Kept on delaying but passengers were kept in the dark Announcements made only in Korean language til we have to ask ourselves what was going on when the flight will be departing etc Supposed to be a memorable family day trip to Jeju but got ruined at the end of the day Thanks to Tway,3.0,Positive,Negative,Negative,NEGATIVE,Negative,,2/4,Neutral
Air Malta,airline,Sophie Jeitler,2023-03-31,Worst flying experience ever We have to wait hours to get back home We sleep on floors but then security comes and tells us were not even allowed to sit on the floor They want us to stand for hours On the flight from Vienna to Malta we werent even offered drinks and I dont mean free drinks but not even an option that we could buy them If you want to travel with Air Malta dont do it Save your time money and everything If you still want to go beware that you going to end up in trouble,1.0,Negative,Negative,Neutral,NEGATIVE,Negative,,2/4,Neutral
Blue1,airline,E Birman,2012-10-03,HELARN a very full flight operated by Golden Air for Blue frequent airplane substitution Economy Extra is at the back at the plane upon boarding Seat comfort and space is poor even for Economy I enjoyed the cheerful service and the nice fresh meal Flight departed and arrived with a slight delay This is nevertheless about the level of a competitors regular Economy Class fare but priced a bit higher the level of space especially is totally unacceptable for anything above LCC Economy,6.0,Positive,Negative,Negative,NEGATIVE,Negative,,2/4,Positive
Pune,airport,R Raj,2018-12-05,Not clean not many shops open during the night No maintenance at all Its not lively No professionalism Hence I would not recommend this airport,1.0,Negative,Negative,Positive,NEGATIVE,Negative,,2/4,Positive
Pune,airport,R Raj,2018-12-05,Not clean not many shops open during the night No maintenance at all Its not lively No professionalism Hence I would not recommend this airport,1.0,Negative,Negative,Positive,NEGATIVE,Negative,,2/4,Positive
Tigerair,airline,K Olivia,2022-11-08,Unorganized ground staff at checkin counter flight Don Muang to Taipei for pm Information was not cleared indicating regarding Japan Covid restrictions Did not provide alternate options for rescheduling or cancellation due to unknown circumstances Taipei airport poor quality of ground staff service especially guidelines for passengers,3.0,Negative,Negative,Neutral,NEGATIVE,Negative,,2/4,Neutral
Trieste,airport,H Reade,2024-04-01,This airport has the worst seating of anywhere There is not enough and the benches that are there are metal and freezing cold to the point that it could easily give you a numb bum A second bad thing is the vip lounge not a VIP lounge as its basically a room with comfortable seating and a kettle that you have to know a PIN code to get into On the positive side its clean and has lots of space and the staff whilst not very friendly are professional,4.0,Negative,Negative,Positive,NEGATIVE,Negative,,2/4,Neutral
Belavia,airline,N Balezheva,2021-02-10,Covid N Belavia My wife travelling on transit Belavia flights via Minsk was just not allowed to exit the airport even with negative Covid test so has to sleep in the airport tonight This is in a contraction with the resolution N regulating border control during pandemic period So think twice before booking Belavia tickets via Minsk,1.0,Negative,Negative,Neutral,NEGATIVE,Negative,,2/4,Neutral
Kittila,airport,Nadine Hawkins,2022-12-04,Small airport Lack of ground staff so long delays with baggage reclaim Not much seating Not many facilities Staff not particularly helpful Staff not sure which belt our luggage will even be on when it finally arrives Not a good start to our holiday Toilets have run out of toilet paper Avoid if possible,1.0,Negative,Negative,Neutral,NEGATIVE,Negative,,2/4,Neutral
Albuquerque,airport,A Sanchez,2018-03-01,Very rude TSA been through many time and always felt it was very quick and easier to get through other than the airport staff Not the airline staff they are great But TSA are almost always rude barely smile and speak down to people going through Not just my family but others around us in the line and really there is nothing you can say It is not necessary to always look like you are in a bad mood and dont want to be at work,2.0,Neutral,Negative,Negative,NEGATIVE,Negative,,2/4,Neutral
Keflavik,airport,R Hanu,2024-07-22,Terminal seating is very difficult Wooden chair with gaps are difficult to seat No chance seating for more time No cushion seats It should improve,4.0,Negative,Negative,Neutral,NEGATIVE,Negative,,2/4,Neutral
East Midlands,airport,M Larby,2023-09-05,Ok flying out form this airport but coming back from our holiday we landed at pm what a really bad experience There were in our party of them were children it was late at night traveling back they just dont care It took us hours just to get though passport control to get to our baggage only person on passport control and he didnt care Well we never go there again,2.0,Neutral,Negative,Negative,NEGATIVE,Negative,,2/4,Neutral
ViaAir,airline,Trent Parks,2018-11-10,Austin to Oklahoma City Writing this review from the car of one of my fellow Via passengers as were currently driving to Oklahoma City from Austin hours because after the initial hour delay the plane arrived and had a door malfunction that was a minimum delay of more hours with no assurance that they wouldnt have to cancel the flight So we decided that there was a greater chance of making it to Oklahoma City if we just drove instead Hopefully theyll refund our money Too bad they wont reimburse my lift,1.0,Neutral,Negative,Negative,NEGATIVE,Negative,,2/4,Neutral
Zagreb,airport,I Garlen,2023-05-11,Arrogant unprofessional and rude passport control police officers without a smile or greeting Do not expect anything better Welcome to the Balkans Although they think highly about them selves being western European country with western standards they are far far away from the west,1.0,Positive,Negative,Negative,NEGATIVE,Negative,,2/4,Neutral
FLYONE,airline,Catalina Oprisan,2025-02-16,Worst experience and flight company Never again Flight from Bucharest to Antalya I do not recommend does not respect health and safety standards Luggage destroyed they offered a euro voucher I never accepted No respect for clients,1.0,Negative,Negative,Neutral,NEGATIVE,Negative,,2/4,Neutral
TransNusa,airline,T Che,2024-09-13,Was unfortunate to try their new Subang Jakarta route Both to and from flights delayed by hrs return flight from Jakarta was pm which was first rescheduled to pm then then then and finally pm writing this review at hoping flight will take off,1.0,Neutral,Negative,Negative,NEGATIVE,Negative,,2/4,Neutral
Jetblue Airways,airline,K Strauss,2025-01-02,I dont know who is operating the website between the Boarding Pass is printed out it does not reflect the true information Almost as a Mosaic in my last three trips I was given E and F boarding group instead of B group As Mosaic it doesnt give Mosaic group but C Customer Service does not help letters are not being answered to Very sad because this is not what is being promised at the time I am buying the tickets,1.0,Negative,Negative,Neutral,NEGATIVE,Negative,,2/4,Positive
Royal Jordanian Airlines,airline,24 reviewsMichael Binas,2025-03-12,First time flying Royal Jordanian Flight delayed for two hours Unbearably hot temperature inside the cabin Crew disinterested in what they do Flight half full is a sign that probably many are not showing interest on this airline,4.0,Positive,Negative,Negative,NEGATIVE,Negative,,2/4,Neutral
Hobart,airport,Christine Sarandis,2016-09-29,I think the airport itself is absolutely fine but the food choices are absolutely appalling if you are traveling after We had a delay and a hour wait and all that was available was one cafe selling pizza pasta and toasted sandwiches which were exhorbitantly expensive and not very nice There was no fresh food and no choice A disappointing end to an absolutely brilliant day road trip around that lovely state,3.0,Neutral,Negative,Negative,NEGATIVE,Negative,,2/4,Positive
SATENA,airline,Melanie Amaya,2018-01-17,San Andres to Providencia I dont recommend using this airline We had to be at midday in Providencia Island and Satena cancelled our flight They did not gave us any option to be on time for an event that we have We are people This was a connecting flight and we had other flights paid hotels booked and an event organised,1.0,Negative,Negative,Neutral,NEGATIVE,Negative,,2/4,Neutral
Wroclaw,airport,Rebecca Brincat,2023-12-20,Horrible treatment given Staff are not adaptable and were not empathetic or considerate Just wanted to be difficult and unhelpful On the other hand security checks were very nice,2.0,Negative,Negative,Neutral,NEGATIVE,Negative,,2/4,Neutral
Karachi,airport,Zes Ale,2018-05-26,Not Verified Karachi Airport is nice but badly needs renovation as it is some years old airport Also they need to work on the satellite concourse as they look outdated from inside and too compact with no space for expansion for retail and neither the gates Disembarkation bridge is nice and modern,6.0,Neutral,Negative,Negative,NEGATIVE,Negative,,2/4,Neutral
Dubai,airport,6 reviewsFranck Janet,2025-02-02,The airport police in Dubai are really unpleasant When I went through security one officer made me remove my suspenders even though they were attached to my trousers and difficult to take off and put back on He couldnt have cared less In general locals in Dubai are not particularly friendly In Dubai they probably believe that quality of an airport is the infrastructure but for me it is people who make the difference,5.0,Negative,Negative,Positive,NEGATIVE,Negative,,2/4,Neutral
Lagos,airport,Mark Patton,2016-06-04,Lagos Airport cleanliness was horrible Checkin time was outrageously long Checkin hall was not air conditioned Lounge was fine Customer service was fine not great though WiFi is not secure Flight info boards are incorrect when I flew South African Airways last year our flight was late but the board said On Time overall airport was poor,2.0,Negative,Negative,Positive,NEGATIVE,Negative,,2/4,Neutral
Iloilo,airport,J Laneso,2022-11-06,The guards on the entrance are so rude he would even raise voice which was unnecessary imagine having a super early flight where you still feel sleepy someone random would shout about the luggages I knew what to do with it I fly all the time and there were absolutely no need for him to be so disrespectful,3.0,Neutral,Negative,Negative,NEGATIVE,Negative,,2/4,Neutral
Kish Airlines,airline,JuYoung Han,2013-05-04,MehrabadKish not the best airline i have ridden After a long delay we were all put in a little bus that took us to an ancient plane The plane was very old seats were cramped seatbelts were broken and the plane itself was very small I was very surprised to see food but it wasnt very wonderful However Iranian standards arent very high,3.0,Positive,Negative,Negative,NEGATIVE,Negative,,2/4,Positive
Vienna,airport,Martin Burian,2024-08-31,Often late in dispatching luggage especially on weekends Crowds of people waiting for no good reason Often too few immigration officers at border control Overall tiring exercise,3.0,Negative,Negative,Neutral,NEGATIVE,Negative,,2/4,Neutral
FLYONE,airline,Catalina Oprisan,2025-02-16,Worst experience and flight company Never again Flight from Bucharest to Antalya I do not recommend does not respect health and safety standards Luggage destroyed they offered a euro voucher I never accepted No respect for clients,1.0,Negative,Negative,Neutral,NEGATIVE,Negative,,2/4,Neutral
Luxembourg,airport,Tom Alzin,2023-07-17,Nice design and spacious However thats where the good news stop Security totally outdated and badly organized despite high staff number Outdated scanners no body scanner no scanners for liquids outdated tray management Constant showing of ID needed no automated gates Wifi is crap and almost instantly saturated All in all not the most pleasant experience in fact a bit outdated Shame for a country which wants to be one of progress and innovation,4.0,Neutral,Negative,Negative,NEGATIVE,Negative,,2/4,Neutral
Qatar Airways,airline,1 reviewsA Jalenad,2025-03-21,QR from DOH to SEA on The cabin was unbearably cold I pushed the call button to request assistance but no flight attendant responded for over an hour and when someone finally did they offered no help other than handing me another blanket This was one of the worst experiences Ive had I will be reconsidering future travel with this airline unless they take meaningful steps to improve comfort and responsiveness to passengers,1.0,Negative,Negative,Neutral,NEGATIVE,Negative,,2/4,Neutral
Thai Airways,airline,E Lan,2025-03-11,When I travel and if Im early I will stand by or show for an earlier flight Thai doesnt allow that and wanted to charge me THB which was more expensive than the ticket Gate agent was very rude and not sympathetic,1.0,Neutral,Negative,Negative,NEGATIVE,Negative,,2/4,Neutral
T'Way Air,airline,Sharifuddin Mohamed Ali,2023-12-06,Kept on delaying but passengers were kept in the dark Announcements made only in Korean language til we have to ask ourselves what was going on when the flight will be departing etc Supposed to be a memorable family day trip to Jeju but got ruined at the end of the day Thanks to Tway,3.0,Positive,Negative,Negative,NEGATIVE,Negative,,2/4,Neutral
Bandar Seri Begawan,airport,John Lee,2020-02-20,Very small airport There is no food to buy except for a small run down cafeteria with hardly any choice For an international airport this is not acceptable Wifi access is only for an hour and is very intermittent,2.0,Negative,Negative,Neutral,NEGATIVE,Negative,,2/4,Neutral
TransNusa,airline,T Che,2024-09-13,Was unfortunate to try their new Subang Jakarta route Both to and from flights delayed by hrs return flight from Jakarta was pm which was first rescheduled to pm then then then and finally pm writing this review at hoping flight will take off,1.0,Neutral,Negative,Negative,NEGATIVE,Negative,,2/4,Neutral
Edelweiss Air,airline,Sharon Hunt,2023-12-06,The seating and leg room was completely inadequate for a long haul flight I have flown economy with other airlines and it is never wonderful but this was like a short haul economy flight I am small and only and it was like hours of torture,2.0,Negative,Negative,Neutral,NEGATIVE,Negative,,2/4,Neutral
Lagos,airport,Mark Patton,2016-06-04,Lagos Airport cleanliness was horrible Checkin time was outrageously long Checkin hall was not air conditioned Lounge was fine Customer service was fine not great though WiFi is not secure Flight info boards are incorrect when I flew South African Airways last year our flight was late but the board said On Time overall airport was poor,2.0,Negative,Negative,Positive,NEGATIVE,Negative,,2/4,Neutral
Tigerair,airline,K Olivia,2022-11-08,Unorganized ground staff at checkin counter flight Don Muang to Taipei for pm Information was not cleared indicating regarding Japan Covid restrictions Did not provide alternate options for rescheduling or cancellation due to unknown circumstances Taipei airport poor quality of ground staff service especially guidelines for passengers,3.0,Negative,Negative,Neutral,NEGATIVE,Negative,,2/4,Neutral
Nordica,airline,Christopher Kennedy,2021-01-06,I had a business trip from Hamburg to Stockholm I hated this flight The cabin crew were quite nice but the flight itself was unbearable The seats were very dirty and the floor was very sticky like someone had spilt a soda I do not like this airline and Im not going to fly it again My meal was very dry I had to drink so much with the meal to make it somewhat bearable,1.0,Neutral,Negative,Negative,NEGATIVE,Negative,,2/4,Neutral
Trieste,airport,H Reade,2024-04-01,This airport has the worst seating of anywhere There is not enough and the benches that are there are metal and freezing cold to the point that it could easily give you a numb bum A second bad thing is the vip lounge not a VIP lounge as its basically a room with comfortable seating and a kettle that you have to know a PIN code to get into On the positive side its clean and has lots of space and the staff whilst not very friendly are professional,4.0,Negative,Negative,Positive,NEGATIVE,Negative,,2/4,Neutral
Kigali,airport,Michael Mee,2020-02-12,I arrived a good hrs early only to be told that I could not enter the airport literally So I later found out whilst stood outside with the other few hundred misrable people that this is not operated like any other airport you literally can not enter heavy security and rude until they call you This can be hours sat outside Honestly baffling for such a forward thinking country a backwards airport,1.0,Neutral,Negative,Negative,NEGATIVE,Negative,,2/4,Positive
Shaheen Air,airline,Mohammad Arshad Khan,2014-02-14,NL Peshawar to Jeddah B Midwest Air Flight time was am but it was hour late and departed from Peshawar at am Flight catering was done in Peshawar The food was not so tasty and the toilets were dirty Staff were not friendly,3.0,Negative,Negative,Neutral,NEGATIVE,Negative,,2/4,Neutral
Belavia,airline,N Balezheva,2021-02-10,Covid N Belavia My wife travelling on transit Belavia flights via Minsk was just not allowed to exit the airport even with negative Covid test so has to sleep in the airport tonight This is in a contraction with the resolution N regulating border control during pandemic period So think twice before booking Belavia tickets via Minsk,1.0,Negative,Negative,Neutral,NEGATIVE,Negative,,2/4,Neutral
Edelweiss Air,airline,Sharon Hunt,2023-12-06,The seating and leg room was completely inadequate for a long haul flight I have flown economy with other airlines and it is never wonderful but this was like a short haul economy flight I am small and only and it was like hours of torture,2.0,Negative,Negative,Neutral,NEGATIVE,Negative,,2/4,Neutral
Turin,airport,Alec Don,2019-12-29,Turin does passport checks for departing passengers The service is absolutely appallingly slow Please get your act together Turin airport border service,1.0,Negative,Negative,Neutral,NEGATIVE,Negative,,2/4,Neutral
Vientiane,airport,1 reviewsH Roberts,2019-11-06,Very basic all the way Very few shops or coffee places Passport and check in was fine but once through that it was bit like waiting in a big shed Finally found a food court to get a meal but was so badly signed most people did not know where it was and thats a shame as the food was good Only give minimum time to be there if at all possible,5.0,Neutral,Negative,Negative,NEGATIVE,Negative,,2/4,Positive
Unknown,General,Anonymous,,"2. ""Airline Y provided an average in-flight experience. The food was edible, but not outstanding.""",,,,,,Neutral,synthetic,Generated,Positive
Unknown,General,Anonymous,,1. The flight with Delta Airlines was satisfactory. The seats were comfortable but the legroom was a bit cramped. In-flight entertainment was adequate.,,,,,,Neutral,synthetic,Generated,Positive
Unknown,General,Anonymous,,"20. ""Airline Q's flight was satisfactory. The cabin crew was professional, but the legroom was a bit limited.""",,,,,,Neutral,synthetic,Generated,Negative
Unknown,General,Anonymous,,"10. The flight with Etihad Airways was acceptable. The staff was courteous, but the plane seemed a bit old.",,,,,,Neutral,synthetic,Generated,Positive
Unknown,General,Anonymous,,"12. ""United Airlines' flight from Chicago to San Francisco was comfortable. The staff was friendly, but the meal options were limited.""",,,,,,Neutral,synthetic,Generated,Positive
Unknown,General,Anonymous,,"7. ""The flight with British Airways was on schedule. The seats were adequate, but the in-flight food was average at best.""",,,,,,Neutral,synthetic,Generated,Positive
Unknown,General,Anonymous,,"20. ""Ryanair offers a practical no-frills service, but their strict baggage policy can be inconvenient.""",,,,,,Neutral,synthetic,Generated,Negative
Unknown,General,Anonymous,,"2. I flew with United Airlines, their in-flight entertainment selection was good, however, the meal service could be improved upon.",,,,,,Neutral,synthetic,Generated,Positive
Unknown,General,Anonymous,,"5. ""I had an average experience with British Airways. The in-flight service was okay, and the flight was not delayed.""",,,,,,Neutral,synthetic,Generated,Negative
Unknown,General,Anonymous,,"9. My experience with United Airlines was standard. The cabin was clean, but the seats were slightly uncomfortable. The food could have been better.",,,,,,Neutral,synthetic,Generated,Positive
Unknown,General,Anonymous,,"5. ""The Lufthansa flight was acceptable. The airplane was clean and the flight landed right on schedule.""",,,,,,Neutral,synthetic,Generated,Positive
Unknown,General,Anonymous,,"18. ""Airline O's flight was tolerable. The seats were not very comfortable but the staff was friendly.""",,,,,,Neutral,synthetic,Generated,Positive
Unknown,General,Anonymous,,"2. ""Airline Y's customer service was commendable. The flight was a bit delayed but they kept us informed throughout.""",,,,,,Neutral,synthetic,Generated,Negative
Unknown,General,Anonymous,,"4. ""The United Airlines flight was mostly uneventful. The plane was a bit old but well-maintained and the flight was on schedule.""",,,,,,Neutral,synthetic,Generated,Negative
Unknown,General,Anonymous,,"18. ""Turkish Airlines offers a standard service. The food was fine and the flight was comfortable enough.""",,,,,,Neutral,synthetic,Generated,Positive
Unknown,General,Anonymous,,15. The KLM flight was fine. The seats were comfortable enough for a short haul flight.,,,,,,Neutral,synthetic,Generated,Positive
Unknown,General,Anonymous,,"11. ""Turkish Airlines' flight was quite normal. Comfortable seats, acceptable food, nothing too impressive.""",,,,,,Neutral,synthetic,Generated,Positive
Unknown,General,Anonymous,,"2. Flew with United Airlines recently. The cabin crew was polite and professional. However, the food could have been better.",,,,,,Neutral,synthetic,Generated,Positive
Unknown,General,Anonymous,,"10. ""Airline G's flight was okay. The food options were limited but the flight was on time.""",,,,,,Neutral,synthetic,Generated,Negative
Unknown,General,Anonymous,,"10. ""The American Airlines flight was fine. The cabin was clean, and the staff were courteous.""",,,,,,Neutral,synthetic,Generated,Positive
Unknown,General,Anonymous,,"20. ""Airline Q provided a decent service with professional staff. The legroom was a bit limited and the meal options were limited.""",,,,,,Neutral,synthetic,Generated,Negative
Unknown,General,Anonymous,,"7. ""The baggage handling by Airline D was efficient. The in-flight meal options were limited.""",,,,,,Neutral,synthetic,Generated,Negative
Unknown,General,Anonymous,,"19. ""Flying with United Airlines was an average experience. The flight was on time, and the cabin was clean.""",,,,,,Neutral,synthetic,Generated,Positive
Unknown,General,Anonymous,,"14. American Airlines' service was adequate. The flight was on time and the cabin was clean, but the food options were not very exciting.",,,,,,Neutral,synthetic,Generated,Positive
Unknown,General,Anonymous,,"12. The flight with Airline I was smooth and the cabin crew was attentive, although the meal options were somewhat limited.",,,,,,Neutral,synthetic,Generated,Negative
Unknown,General,Anonymous,,8. Airline E's booking process was easy and quick. The boarding process was a bit confusing but manageable.,,,,,,Neutral,synthetic,Generated,Negative
Unknown,General,Anonymous,,"17. I had an acceptable experience with Airline N. The flight was on time, and the cabin conditions were fine.",,,,,,Neutral,synthetic,Generated,Positive
Unknown,General,Anonymous,,"12. Airline L offered a decent service for the price. The flight was on time and the crew were professional, but the legroom was limited.",,,,,,Neutral,synthetic,Generated,Negative
Unknown,General,Anonymous,,"17. ""The flight with Spirit Airlines was typical. The seats were a bit cramped but the crew was friendly.""",,,,,,Neutral,synthetic,Generated,Positive
Unknown,General,Anonymous,,17. The Alaska Airlines flight was uneventful. The flight attendants were professional and the in-flight snacks were average.,,,,,,Neutral,synthetic,Generated,Negative
Unknown,General,Anonymous,,"16. Etihad Airways' service was okay, the flight was smooth but the meal options were limited.",,,,,,Neutral,synthetic,Generated,Negative
Unknown,General,Anonymous,,"20. ""Norwegian Air provided a smooth flight. The check-in process was efficient, but the food options were limited.""",,,,,,Neutral,synthetic,Generated,Negative
Unknown,General,Anonymous,,"18. The check-in process with Airline O was quick and efficient, but the boarding was a bit chaotic.",,,,,,Neutral,synthetic,Generated,Negative
Unknown,General,Anonymous,,"9. ""Airline F's food could do with some improvement, but the beverages were fine.""",,,,,,Neutral,synthetic,Generated,Positive
Unknown,General,Anonymous,,17. My flight with Airline N was fine. The seats were fairly comfortable and the food was average.,,,,,,Neutral,synthetic,Generated,Positive
Unknown,General,Anonymous,,"5. ""I found British Airways to be quite acceptable. The staff were professional, and the in-flight meal was reasonably good.""",,,,,,Neutral,synthetic,Generated,Positive
Unknown,General,Anonymous,,"16. ""Air New Zealand provided a decent flight experience. The cabin was clean, but the meals were not particularly memorable.""",,,,,,Neutral,synthetic,Generated,Positive
Unknown,General,Anonymous,,16. Cathay Pacific offered an acceptable service. The flight was on time and the crew was friendly.,,,,,,Neutral,synthetic,Generated,Positive
Unknown,General,Anonymous,,"14. ""Ryanair offered a standard low-cost flight experience. The seats were not the most comfortable but acceptable for the short flight.""",,,,,,Neutral,synthetic,Generated,Positive
Unknown,General,Anonymous,,"15. The customer service of Airline L was helpful in resolving queries, but the waiting time on the call was long.",,,,,,Neutral,synthetic,Generated,Positive
Unknown,General,Anonymous,,"5. American Airlines provided a smooth check-in process and the flight departed on time. The legroom was a bit limited, but manageable.",,,,,,Neutral,synthetic,Generated,Negative
Unknown,General,Anonymous,,"19. The Qantas flight was on schedule, and the cabin was clean. The food quality was average.",,,,,,Neutral,synthetic,Generated,Positive
Unknown,General,Anonymous,,10. Airline J's flight attendants were friendly. The in-flight meal was appropriate for the price of the ticket.,,,,,,Neutral,synthetic,Generated,Positive
Unknown,General,Anonymous,,"18. My recent flight with KLM was decent. The seats were spacious enough and the meal was good, but not extraordinary.",,,,,,Neutral,synthetic,Generated,Positive
Unknown,General,Anonymous,,"1. ""The flight experience on Airline X was uneventful, with on-time departure and arrival. The in-flight meal was average.""",,,,,,Neutral,synthetic,Generated,Negative
Unknown,General,Anonymous,,"5. ""Virgin Atlantic provided a comfortable flight. The meals were satisfactory and the cabin crew was polite.""",,,,,,Neutral,synthetic,Generated,Positive
Unknown,General,Anonymous,,11. Emirates provided an average flight experience. The food was acceptable and the seats were adequately comfortable.,,,,,,Neutral,synthetic,Generated,Positive
Unknown,General,Anonymous,,"19. ""My flight with Airline P was fine. The luggage handling was swift, though the in-flight entertainment was limited.""",,,,,,Neutral,synthetic,Generated,Positive
Unknown,General,Anonymous,,15. Flew with Airline O and the seats were reasonably comfortable. The flight was slightly delayed but the communication was good.,,,,,,Neutral,synthetic,Generated,Positive
Unknown,General,Anonymous,,20. The flight with Singapore Airlines was alright. The food was good and the cabin crew was professional.,,,,,,Neutral,synthetic,Generated,Positive
Unknown,General,Anonymous,,"11. ""The flight with Airline H was typical. The crew was polite and the plane was clean.""",,,,,,Neutral,synthetic,Generated,Positive
Unknown,General,Anonymous,,15. The United Airlines flight was standard. The seats were moderately comfortable and the crew was courteous.,,,,,,Neutral,synthetic,Generated,Positive
Unknown,General,Anonymous,,"3. Flew with Airline Z recently. The flight was slightly delayed but overall, it was a smooth journey.",,,,,,Neutral,synthetic,Generated,Negative
Unknown,General,Anonymous,,"18. ""Airline O's flight was satisfactory with a friendly crew. The seat comfort was average.""",,,,,,Neutral,synthetic,Generated,Positive
Unknown,General,Anonymous,,"18. ""The flight with Etihad Airways from Abu Dhabi to London was just fine. The plane was clean, and the staff was courteous. The meals could have been better.""",,,,,,Neutral,synthetic,Generated,Positive
Unknown,General,Anonymous,,"7. ""Airline D's staff were polite and did their best to accommodate passenger requests.""",,,,,,Neutral,synthetic,Generated,Positive
Unknown,General,Anonymous,,"18. ""United Airlines has a straightforward booking process, but the cleanliness of the plane could be improved.""",,,,,,Neutral,synthetic,Generated,Positive
Unknown,General,Anonymous,,"16. My flight with Airline P was satisfactory. The airplane was clean and the staff was polite, but the layover was a bit long.",,,,,,Neutral,synthetic,Generated,Positive
Unknown,General,Anonymous,,"3. ""Air Canada's economy class seating was comfortable enough for a short haul flight. The cabin temperature was a bit too cold for my liking.""",,,,,,Neutral,synthetic,Generated,Positive
Unknown,General,Anonymous,,"9. Lufthansa: The in-flight entertainment selection was extensive, but the food quality could be better.",,,,,,Neutral,synthetic,Generated,Positive
Unknown,General,Anonymous,,"14. ""Singapore Airlines offers a good service. The seats were reasonably comfortable and the food was edible.""",,,,,,Neutral,synthetic,Generated,Positive
Unknown,General,Anonymous,,"10. ""The Singapore Airlines flight provided an average experience. The legroom was sufficient and the food was fairly good.""",,,,,,Neutral,synthetic,Generated,Positive
Unknown,General,Anonymous,,"16. My experience with Turkish Airlines was quite ordinary. The staff was professional and the flight was punctual, but the in-flight meal was not impressive.",,,,,,Neutral,synthetic,Generated,Positive
Unknown,General,Anonymous,,"18. The service on Singapore Airlines was adequate. The food was good and the cabin was clean, but the in-flight service was a bit slow.",,,,,,Neutral,synthetic,Generated,Positive
Unknown,General,Anonymous,,"19. Airline P's flight had a clean cabin and friendly staff, but the entertainment system was outdated.",,,,,,Neutral,synthetic,Generated,Positive
Unknown,General,Anonymous,,"16. ""Airline P offered a standard flight experience with on-time performance. The food quality was adequate, but not exceptional.""",,,,,,Neutral,synthetic,Generated,Positive
Unknown,General,Anonymous,,"2. American Airlines offered a reliable service. The in-flight meal was acceptable, and the staff were professional.",,,,,,Neutral,synthetic,Generated,Positive
Unknown,General,Anonymous,,"6. ""My flight with United Airlines was typical. The boarding process was a bit slow, but the flight attendants were polite.""",,,,,,Neutral,synthetic,Generated,Positive
Unknown,General,Anonymous,,"16. I flew with Spirit Airlines. The flight departed and arrived on schedule, the seats were fairly comfortable, and the food was average.",,,,,,Neutral,synthetic,Generated,Positive
Unknown,General,Anonymous,,"11. The flight with Airline K was generally good. Seats were comfortable, but the in-flight entertainment was outdated.",,,,,,Neutral,synthetic,Generated,Positive
Unknown,General,Anonymous,,"13. ""My recent flight with United Airlines was okay. The cabin was clean, and the staff was professional.""",,,,,,Neutral,synthetic,Generated,Positive
Unknown,General,Anonymous,,"14. I traveled with JetBlue recently. The check-in process was efficient, but the flight was slightly delayed. The in-flight entertainment was decent.",,,,,,Neutral,synthetic,Generated,Negative
Unknown,General,Anonymous,,"10. ""Airline G's flight was reasonably comfortable. The food wasn't exceptional, but it was adequate for a short flight.""",,,,,,Neutral,synthetic,Generated,Positive
Unknown,General,Anonymous,,"12. ""The Air Canada flight was punctual, and the airplane was clean. The in-flight entertainment could be improved.""",,,,,,Neutral,synthetic,Generated,Positive
Unknown,General,Anonymous,,"4. The flight with British Airways was relatively smooth. The meal served was standard airline fare. The flight was slightly delayed, but not by much.",,,,,,Neutral,synthetic,Generated,Negative
Unknown,General,Anonymous,,"18. The experience with Airline R was typical of most airlines. The staff was professional, but the food was average at best.",,,,,,Neutral,synthetic,Generated,Positive
Unknown,General,Anonymous,,"1. Flew with American Airlines recently; the service was efficient and flight punctual. However, the legroom was slightly limited.",,,,,,Neutral,synthetic,Generated,Negative
Unknown,General,Anonymous,,2. I found the in-flight entertainment options on Airline Y to be sufficient for a short-haul flight. The food quality could be improved.,,,,,,Neutral,synthetic,Generated,Positive
Unknown,General,Anonymous,,"11. ""The flight with Airline H was satisfactory. The Wi-Fi connection was not stable, but the cabin crew was helpful.""",,,,,,Neutral,synthetic,Generated,Positive
Unknown,General,Anonymous,,"18. The flight with Airline O was satisfactory. The seat comfort was average, and the staff was polite.",,,,,,Neutral,synthetic,Generated,Positive
Unknown,General,Anonymous,,"20. Airline T provided a standard service. The flight was comfortable, but the meal could have been better.",,,,,,Neutral,synthetic,Generated,Positive
Unknown,General,Anonymous,,"11. ""During my flight with JetBlue, the staff were attentive and the plane was clean. The seat comfort could have been better.""",,,,,,Neutral,synthetic,Generated,Positive
Unknown,General,Anonymous,,"7. ""Emirates provided a satisfactory level of comfort for the long-haul flight. The in-flight entertainment was quite diverse, but the headphones provided were of average quality.""",,,,,,Neutral,synthetic,Generated,Positive
Unknown,General,Anonymous,,"17. The food on Airline N was not outstanding, but the flight was smooth and on schedule.",,,,,,Neutral,synthetic,Generated,Positive
Unknown,General,Anonymous,,"2. ""JetBlue provided a comfortable flying experience. The in-flight entertainment was fairly good with a nice variety of options.""",,,,,,Neutral,synthetic,Generated,Positive
Unknown,General,Anonymous,,5. The flight with Emirates to Dubai was fairly comfortable. The meals served were of good quality.,,,,,,Neutral,synthetic,Generated,Positive
Unknown,General,Anonymous,,"9. Air Canada's service was reliable, and the staff was pleasant. The in-flight meal was acceptable.",,,,,,Neutral,synthetic,Generated,Positive
Unknown,General,Anonymous,,"16. On my flight with Spirit Airlines, the cabin was quite clean, and the flight was punctual. The legroom was average.",,,,,,Neutral,synthetic,Generated,Positive
Unknown,General,Anonymous,,"15. My journey with Qantas was standard. The seats were comfortable and the staff was friendly. The food options could have been better, though.",,,,,,Neutral,synthetic,Generated,Positive
Unknown,General,Anonymous,,9. My journey with Singapore Airlines was average. The seat was comfortable and the meal was acceptable.,,,,,,Neutral,synthetic,Generated,Positive
Unknown,General,Anonymous,,13. Airline J's service was acceptable. The crew was polite and the flight was on schedule.,,,,,,Neutral,synthetic,Generated,Positive
Unknown,General,Anonymous,,"3. On my flight with Airline C, the in-flight entertainment had a good variety of movies. The seats were fairly comfortable.",,,,,,Neutral,synthetic,Generated,Positive
Unknown,General,Anonymous,,18. Aer Lingus provided a standard service for my recent flight. The cabin was clean and the staff was friendly.,,,,,,Neutral,synthetic,Generated,Positive
Unknown,General,Anonymous,,"6. ""Airline F's flight attendants were friendly and attentive. The plane was clean but the in-flight entertainment system was outdated.""",,,,,,Neutral,synthetic,Generated,Positive
Unknown,General,Anonymous,,"4. Used Airline A for a short haul flight. The check-in process was smooth, and the flight landed on time. No complaints, no praises.",,,,,,Neutral,synthetic,Generated,Negative
Unknown,General,Anonymous,,17. The check-in process for Airline Q was straightforward. The flight was average with no major issues to report.,,,,,,Neutral,synthetic,Generated,Negative
Unknown,General,Anonymous,,"7. My flight with Airline D was satisfactory. The seats were moderately comfortable, and the airplane was clean.",,,,,,Neutral,synthetic,Generated,Positive
Unknown,General,Anonymous,,"8. I flew with United Airlines recently. The flight was on time and the seats were comfortable, but the cabin temperature was slightly too cool.",,,,,,Neutral,synthetic,Generated,Positive
Unknown,General,Anonymous,,"5. American Airlines: The service was efficient, but the legroom was a bit limited.",,,,,,Neutral,synthetic,Generated,Negative
Unknown,General,Anonymous,,"12. ""Airline I's in-flight service was average. The seat recline was limited but not uncomfortable for a short flight.""",,,,,,Neutral,synthetic,Generated,Negative
Unknown,General,Anonymous,,7. My flight with Virgin Atlantic was fine. The seats were comfortable enough for a long haul flight. The in-flight entertainment was okay.,,,,,,Neutral,synthetic,Generated,Positive
Unknown,General,Anonymous,,4. My flight with Qatar Airways was fine. The cabin crew was polite and the food was decent.,,,,,,Neutral,synthetic,Generated,Positive
Unknown,General,Anonymous,,"16. ""KLM's flight staff are usually friendly, but the quality of their in-flight meals is unexceptional.""",,,,,,Neutral,synthetic,Generated,Positive
Unknown,General,Anonymous,,"5. The British Airways flight was average. The flight departed and arrived on time, and the on-board facilities were good.",,,,,,Neutral,synthetic,Generated,Positive
Unknown,General,Anonymous,,"9. ""The JetBlue flight was fine with a smooth take-off and landing. The in-flight meal could use some improvement.""",,,,,,Neutral,synthetic,Generated,Positive
Unknown,General,Anonymous,,"14. ""I found my flight with Qatar Airways to be quite standard. The food was acceptable, and the flight attendants were courteous.""",,,,,,Neutral,synthetic,Generated,Positive
Unknown,General,Anonymous,,"9. Qatar Airways provided an average service. The flight landed on schedule, but the cabin temperature was a bit uncomfortable.",,,,,,Neutral,synthetic,Generated,Negative
Unknown,General,Anonymous,,"1. United Airlines provided a fairly standard flight experience. The seats were reasonably comfortable, and the flight was on time.",,,,,,Neutral,synthetic,Generated,Positive
Unknown,General,Anonymous,,"6. Emirates offered a decent flight experience. The food was good, but the cabin was a bit too cold for my liking.",,,,,,Neutral,synthetic,Generated,Positive
Unknown,General,Anonymous,,"14. ""Airline K's flight had a smooth take-off and landing. The in-flight entertainment options were limited.""",,,,,,Neutral,synthetic,Generated,Negative
Unknown,General,Anonymous,,"6. Southwest Airlines' service was standard, and the flight was on time. The snack options were limited but satisfactory.",,,,,,Neutral,synthetic,Generated,Negative
Unknown,General,Anonymous,,"1. ""American Airlines' flight was punctual and the cabin was kept clean. The food served could be improved.""",,,,,,Neutral,synthetic,Generated,Positive
Unknown,General,Anonymous,,"11. ""Swiss Air provided a standard flight experience. The cabin crew was courteous, and the plane was clean.""",,,,,,Neutral,synthetic,Generated,Positive
Unknown,General,Anonymous,,"2. United Airlines was comfortable enough for the long flight. The in-flight entertainment could use some updates, but the food was decent.",,,,,,Neutral,synthetic,Generated,Positive
Unknown,General,Anonymous,,"5. ""The Lufthansa flight was fairly comfortable with adequate legroom. The food could have been better, but the service was efficient.""",,,,,,Neutral,synthetic,Generated,Positive
Unknown,General,Anonymous,,"19. ""Cathay Pacific provides a good service. The seats could have been more comfortable, but the in-flight entertainment was good.""",,,,,,Neutral,synthetic,Generated,Positive
Unknown,General,Anonymous,,"8. ""Qatar Airways offered a good selection of movies for in-flight entertainment. The food was average.""",,,,,,Neutral,synthetic,Generated,Positive
Unknown,General,Anonymous,,"5. ""The legroom on Airline B's economy class was just adequate. The cabin crew was professional and polite.""",,,,,,Neutral,synthetic,Generated,Positive
Unknown,General,Anonymous,,"8. The flight with Airline E was good, the seats were a bit cramped, but the service was efficient.",,,,,,Neutral,synthetic,Generated,Positive
Unknown,General,Anonymous,,"9. ""Airline F delivered an ordinary flying experience. There was a good selection of movies and the flight was punctual.""",,,,,,Neutral,synthetic,Generated,Positive
Unknown,General,Anonymous,,"6. ""On my flight with Airline C, the cabin was comfortable enough. The food could have been better.""",,,,,,Neutral,synthetic,Generated,Positive
Unknown,General,Anonymous,,"1. ""The flight with Air Canada was on time and the staff was polite. The plane was a bit outdated but clean.""",,,,,,Neutral,synthetic,Generated,Positive
Unknown,General,Anonymous,,"2. ""United Airlines' in-flight entertainment was adequate, with a good selection of movies. The food, however, was just average.""",,,,,,Neutral,synthetic,Generated,Positive
Unknown,General,Anonymous,,"4. I was comfortable during my flight with American Airlines. The flight attendants were friendly, and the in-flight entertainment was decent.",,,,,,Neutral,synthetic,Generated,Positive
Unknown,General,Anonymous,,"13. ""Airline J provided adequate service. The in-flight entertainment was okay and the staff was helpful.""",,,,,,Neutral,synthetic,Generated,Positive
Unknown,General,Anonymous,,"9. The JetBlue flight was routine with no major issues. The in-flight entertainment options were okay, not too varied.",,,,,,Neutral,synthetic,Generated,Negative
Unknown,General,Anonymous,,"16. ""Aeroflot's service was pretty standard. The flight was punctual, and the staff was professional. The plane was clean but a bit cramped.""",,,,,,Neutral,synthetic,Generated,Positive
Unknown,General,Anonymous,,"15. ""The cabin crew on Airline L's flight was polite and professional. The food, however, could use some improvement.""",,,,,,Neutral,synthetic,Generated,Positive
Unknown,General,Anonymous,,"2. I flew with United Airlines. The flight departed and arrived on schedule, the seats were fairly comfortable, and the food was decent.",,,,,,Neutral,synthetic,Generated,Positive
Unknown,General,Anonymous,,"11. Cathay Pacific's flight was ordinary. The flight was on time and the cabin crew was professional, but the meal choices were limited.",,,,,,Neutral,synthetic,Generated,Negative
Unknown,General,Anonymous,,"15. ""Airline L's flight was uneventful. The food was average and the service was adequate.""",,,,,,Neutral,synthetic,Generated,Negative
Unknown,General,Anonymous,,"18. Aeromexico: The flight was on time and the service was efficient. However, the legroom was a bit limited.",,,,,,Neutral,synthetic,Generated,Negative
Unknown,General,Anonymous,,"10. Qantas: The overall flight experience was average, with a comfortable seat and acceptable service.",,,,,,Neutral,synthetic,Generated,Positive
Unknown,General,Anonymous,,"12. ""My flight with Airline L was acceptable. The boarding process was smooth, but the in-flight meal was slightly disappointing.""",,,,,,Neutral,synthetic,Generated,Negative
Unknown,General,Anonymous,,4. Southwest Airlines offered a smooth check-in process. The flight was pleasant with minimal turbulence.,,,,,,Neutral,synthetic,Generated,Positive
Unknown,General,Anonymous,,8. The Southwest Airlines flight was fine. The boarding process was smooth and the seats were fairly comfortable.,,,,,,Neutral,synthetic,Generated,Positive
Unknown,General,Anonymous,,"18. ""The Virgin Atlantic flight was fine. The seats were comfortable, and the in-flight entertainment was average.""",,,,,,Neutral,synthetic,Generated,Positive
Unknown,General,Anonymous,,"17. The KLM flight was acceptable. The cabin was clean and the flight was on time, although the in-flight entertainment system was a bit outdated.",,,,,,Neutral,synthetic,Generated,Positive
Unknown,General,Anonymous,,19. The JetBlue flight was fine. The in-flight service was efficient and the plane was clean.,,,,,,Neutral,synthetic,Generated,Positive
Unknown,General,Anonymous,,1. I had a satisfactory journey with Air Canada. The seating was comfortable and the food was acceptable.,,,,,,Neutral,synthetic,Generated,Positive
Unknown,General,Anonymous,,"14. Airline K's flight was pretty standard. The plane was clean, the staff was courteous, but the food was just okay.",,,,,,Neutral,synthetic,Generated,Positive
Unknown,General,Anonymous,,4. Lufthansa's flight was overall up to the mark. The seats were comfortable but the food could use some improvement.,,,,,,Neutral,synthetic,Generated,Positive
Unknown,General,Anonymous,,16. My flight with Air India was fine. The cabin was clean and the flight departed on time. The food was average.,,,,,,Neutral,synthetic,Generated,Positive
Unknown,General,Anonymous,,"16. ""Airline P's flight was acceptable. The check-in and boarding process was efficient, but the food could be improved.""",,,,,,Neutral,synthetic,Generated,Positive
Unknown,General,Anonymous,,"19. JetBlue Airways provided a satisfactory service. The flight was punctual and the check-in process was smooth, but the in-flight snacks were just okay.",,,,,,Neutral,synthetic,Generated,Negative
Unknown,General,Anonymous,,3. My experience on United Airlines was average. The flight was on time and the cabin was clean.,,,,,,Neutral,synthetic,Generated,Positive
Unknown,General,Anonymous,,"17. Airline Q provided a decent service. The flight was punctual, but the legroom was somewhat limited.",,,,,,Neutral,synthetic,Generated,Negative
Unknown,General,Anonymous,,"7. ""The flight with Airline D was uneventful. The crew was professional, but the seat reclining function was not working.""",,,,,,Neutral,synthetic,Generated,Negative
Unknown,General,Anonymous,,"1. The flight with Airline A was generally on time, although the in-flight meal was pretty standard. The staff were courteous.",,,,,,Neutral,synthetic,Generated,Positive
Unknown,General,Anonymous,,"11. Alaska Airlines' service was good, the flight left on time and arrived on schedule, but the seating was a bit cramped.",,,,,,Neutral,synthetic,Generated,Positive
Unknown,General,Anonymous,,"6. ""The journey with Airline C was usual. The cabin was reasonably clean, the legroom was fair.""",,,,,,Neutral,synthetic,Generated,Positive
Unknown,General,Anonymous,,"7. ""Singapore Airlines has a clean cabin environment, although the cabin crew could be more responsive.""",,,,,,Neutral,synthetic,Generated,Positive
Unknown,General,Anonymous,,"18. The EasyJet flight was decent. Despite the limited legroom, the flight departed and arrived on time.",,,,,,Neutral,synthetic,Generated,Negative
Unknown,General,Anonymous,,"9. ""The flight with Airline F was quite pleasant. The food was mediocre but the drinks selection was diverse.""",,,,,,Neutral,synthetic,Generated,Positive
Unknown,General,Anonymous,,7. The Lufthansa flight was on time and the food was acceptable. The in-flight entertainment had a good variety.,,,,,,Neutral,synthetic,Generated,Positive
Unknown,General,Anonymous,,"16. ""My flight with Ryanair was acceptable. The seats were a bit cramped, but the pricing was competitive.""",,,,,,Neutral,synthetic,Generated,Positive
Unknown,General,Anonymous,,"20. ""The Virgin Atlantic flight was satisfactory. The cabin crew was courteous, but the food and entertainment could be improved.""",,,,,,Neutral,synthetic,Generated,Positive
Unknown,General,Anonymous,,"4. ""Airline A's in-flight meal was average, but their on-time departure and arrival were impressive.""",,,,,,Neutral,synthetic,Generated,Positive
Unknown,General,Anonymous,,"16. ""Flight with Airline M was smooth and punctual. The cabin comfort could be improved.""",,,,,,Neutral,synthetic,Generated,Positive
Unknown,General,Anonymous,,"7. My flight with British Airways was acceptable. The aircraft was clean, the flight was on schedule, and the cabin crew was attentive.",,,,,,Neutral,synthetic,Generated,Positive
Unknown,General,Anonymous,,7. Airline D provided a standard flying experience. The cabin crew was polite and the plane was clean.,,,,,,Neutral,synthetic,Generated,Positive
Unknown,General,Anonymous,,"11. Spirit Airlines was basic but functional. The flight was on time, though the seat comfort could be improved.",,,,,,Neutral,synthetic,Generated,Positive
Unknown,General,Anonymous,,"3. Delta Airlines provided an on-time departure and arrival. The plane was relatively clean, and the in-flight entertainment was good.",,,,,,Neutral,synthetic,Generated,Positive
Unknown,General,Anonymous,,"20. Flew with EasyJet recently. The service was average, with an on-time departure but quite limited inflight entertainment options.",,,,,,Neutral,synthetic,Generated,Negative
Unknown,General,Anonymous,,"6. Lufthansa's flight was comfortable, the cabin was clean and the staff was polite, although the in-flight entertainment needs an update.",,,,,,Neutral,synthetic,Generated,Positive
Unknown,General,Anonymous,,1. The overall flight with Air Canada was average. The staff was polite and the seats were fairly comfortable. Food options could have been better.,,,,,,Neutral,synthetic,Generated,Positive
Unknown,General,Anonymous,,10. Airline G had a good range of in-flight movies. The food could use some improvement though.,,,,,,Neutral,synthetic,Generated,Positive
Unknown,General,Anonymous,,"11. Flight was delayed with Airline H, but they kept passengers informed. The food and drink service was prompt.",,,,,,Neutral,synthetic,Generated,Negative
Unknown,General,Anonymous,,8. United Airlines: The flight landed on time and the check-in process was efficient. The seat comfort was average.,,,,,,Neutral,synthetic,Generated,Positive
Unknown,General,Anonymous,,"19. ""The Iberia flight was fine. The food was average and the seats were comfortable enough for the journey.""",,,,,,Neutral,synthetic,Generated,Positive
Unknown,General,Anonymous,,"3. ""Emirates offers a good in-flight entertainment system. The food could be better, but it's fine for an airline meal.""",,,,,,Neutral,synthetic,Generated,Positive
Unknown,General,Anonymous,,"4. My trip with British Airways was generally good. The seats were clean and comfortable, but the in-flight WiFi was slow.",,,,,,Neutral,synthetic,Generated,Positive
Unknown,General,Anonymous,,"18. ""Airline R provided an average flying experience. The crew was polite, but the in-flight entertainment could be better.""",,,,,,Neutral,synthetic,Generated,Positive
Unknown,General,Anonymous,,"5. My flight with Air Canada was adequate. The airplane was well-kept, the staff was courteous, and the in-flight entertainment was satisfactory.",,,,,,Neutral,synthetic,Generated,Positive
Unknown,General,Anonymous,,"1. ""The flight was pretty standard with American Airlines. The seats were comfortable enough for a short flight, and the staff was polite.""",,,,,,Neutral,synthetic,Generated,Positive
Unknown,General,Anonymous,,"20. The flight with Virgin Atlantic was okay. The cabin crew was friendly, but the seats were a bit cramped and the in-flight entertainment selection could be improved.",,,,,,Neutral,synthetic,Generated,Positive
Unknown,General,Anonymous,,"4. The flight with Airline A was okay. There was enough legroom, but the in-flight entertainment was limited.",,,,,,Neutral,synthetic,Generated,Negative
Unknown,General,Anonymous,,"5. ""Flying with Delta Airlines was a routine experience. The plane was clean, the staff courteous, and the flight was punctual.""",,,,,,Neutral,synthetic,Generated,Positive
Unknown,General,Anonymous,,"18. The service on Turkish Airlines was reliable. The flight was on time, and the in-flight entertainment was good.",,,,,,Neutral,synthetic,Generated,Positive
Unknown,General,Anonymous,,12. The Turkish Airlines flight was standard. The plane was clean and the in-flight service was adequate.,,,,,,Neutral,synthetic,Generated,Positive
Unknown,General,Anonymous,,"16. ""Air Canada's service was professional. The flight was on time but the legroom was a bit limited.""",,,,,,Neutral,synthetic,Generated,Negative
Unknown,General,Anonymous,,"4. ""The flight attendants on Airline A were courteous. The plane was clean, but the entertainment system needed updating.""",,,,,,Neutral,synthetic,Generated,Positive
Unknown,General,Anonymous,,"9. My flight with Emirates was fine. The plane was tidy, the staff was professional, and the in-flight entertainment was suitable.",,,,,,Neutral,synthetic,Generated,Positive
Unknown,General,Anonymous,,"3. Emirates offered a good selection of in-flight entertainment. The food was typical airplane fare, nothing exceptional.",,,,,,Neutral,synthetic,Generated,Positive
Unknown,General,Anonymous,,"13. Alaska Airlines' flight was on time, and the plane was reasonably clean. The staff provided an acceptable level of service.",,,,,,Neutral,synthetic,Generated,Positive
Unknown,General,Anonymous,,2. Airline Y had friendly staff and clean planes. The food was average for airline fare.,,,,,,Neutral,synthetic,Generated,Positive
Unknown,General,Anonymous,,"12. ""The service on Airline I was adequate. The flight was on time and the seats were decently comfortable.""",,,,,,Neutral,synthetic,Generated,Positive
Unknown,General,Anonymous,,"4. ""Airline A's booking process was straightforward. The flight itself was uneventful.""",,,,,,Neutral,synthetic,Generated,Negative
Unknown,General,Anonymous,,"20. Ryanair: The flight was on schedule and the staff was professional, but the seat comfort could be improved.",,,,,,Neutral,synthetic,Generated,Positive
Unknown,General,Anonymous,,"4. Southwest Airlines: The free checked bag policy is a nice perk, but the flight was a bit delayed.",,,,,,Neutral,synthetic,Generated,Positive
Unknown,General,Anonymous,,"6. ""Ryanair delivered a smooth flight with no delays. The food options were limited, but the flight was short.""",,,,,,Neutral,synthetic,Generated,Negative
Unknown,General,Anonymous,,19. The experience with Virgin Atlantic was decent. The flight was on time and the in-flight entertainment was good.,,,,,,Neutral,synthetic,Generated,Positive
Unknown,General,Anonymous,,"9. ""Airline I's flight was acceptable. The cabin crew was polite but the in-flight services were nothing out of the ordinary.""",,,,,,Neutral,synthetic,Generated,Positive
Unknown,General,Anonymous,,14. Qantas provided a smooth flight with no significant turbulence. The crew was competent and the facilities were clean.,,,,,,Neutral,synthetic,Generated,Positive
Unknown,General,Anonymous,,4. The ticket booking process for Airline D was straightforward. The flight itself was uneventful.,,,,,,Neutral,synthetic,Generated,Negative
Unknown,General,Anonymous,,"7. Ryanair is a budget-friendly option. The service was adequate considering the price, but the seats were not very comfortable.",,,,,,Neutral,synthetic,Generated,Positive
Unknown,General,Anonymous,,"11. ""Virgin Atlantic provides a comfortable in-flight experience. The food is average, but the service is good.""",,,,,,Neutral,synthetic,Generated,Positive
Unknown,General,Anonymous,,"9. The food on Airline F was fair, not exceptional. The flight arrived on time which was appreciated.",,,,,,Neutral,synthetic,Generated,Positive
Unknown,General,Anonymous,,"10. ""Air France's flight was on time, which is always a good start. The in-flight service was unremarkable but efficient.""",,,,,,Neutral,synthetic,Generated,Positive
Unknown,General,Anonymous,,"9. ""Airline I's flight was reasonably comfortable with adequate legroom. The selection of in-flight movies was decent.""",,,,,,Neutral,synthetic,Generated,Positive
Unknown,General,Anonymous,,"8. British Airways' flight was on schedule, and the cabin cleanliness was at an acceptable level. The food quality was average.",,,,,,Neutral,synthetic,Generated,Positive
Unknown,General,Anonymous,,"7. Lufthansa offered an acceptable flight experience. The seats were somewhat comfortable, and the in-flight movie selection was broad.",,,,,,Neutral,synthetic,Generated,Positive
Unknown,General,Anonymous,,"20. The flight with Frontier Airlines was average. The seats were a bit hard, but the overall experience was satisfactory.",,,,,,Neutral,synthetic,Generated,Negative
Unknown,General,Anonymous,,"14. ""Flight with Airline K was decent. The cabin was clean, however, the meal could be improved.""",,,,,,Neutral,synthetic,Generated,Positive
Unknown,General,Anonymous,,"4. Qatar Airways offered a decent level of comfort for the long-haul flight. The food was okay, and the cabin crew was polite.",,,,,,Neutral,synthetic,Generated,Positive
Unknown,General,Anonymous,,"18. ""My recent trip with Aer Lingus was fine. The boarding process was straightforward, and the staff was polite.""",,,,,,Neutral,synthetic,Generated,Positive
Unknown,General,Anonymous,,"10. ""American Airlines offers a standard service. The cabin crew was polite and the plane was clean.""",,,,,,Neutral,synthetic,Generated,Positive
Unknown,General,Anonymous,,"3. ""Lufthansa's staff is generally professional, but the legroom in economy class is average at best.""",,,,,,Neutral,synthetic,Generated,Positive
Unknown,General,Anonymous,,"7. The Delta Airlines flight was fine, with on-time departure and arrival. The seat comfort was average.",,,,,,Neutral,synthetic,Generated,Positive
Unknown,General,Anonymous,,"13. ""The British Airways flight was acceptable. The in-flight entertainment was good, but the legroom was a bit limited.""",,,,,,Neutral,synthetic,Generated,Positive
Unknown,General,Anonymous,,"18. Virgin Atlantic's flight was smooth, the staff was courteous but the in-flight entertainment could be improved.",,,,,,Neutral,synthetic,Generated,Positive
Unknown,General,Anonymous,,3. JetBlue: The plane was clean and the seats were comfortable enough for the long journey.,,,,,,Neutral,synthetic,Generated,Positive
Unknown,General,Anonymous,,"5. Airline B's in-flight entertainment had a good variety, but the headphones provided were of average quality.",,,,,,Neutral,synthetic,Generated,Positive
Unknown,General,Anonymous,,16. My journey with Airline M was standard. The plane was clean and the service was acceptable.,,,,,,Neutral,synthetic,Generated,Positive
Unknown,General,Anonymous,,20. Airline Q's service was acceptable. The seats were comfortable enough and the crew was professional.,,,,,,Neutral,synthetic,Generated,Positive
Unknown,General,Anonymous,,"16. Airline M's pricing was reasonable, though the additional charges for extra baggage were high.",,,,,,Neutral,synthetic,Generated,Negative
Unknown,General,Anonymous,,"5. Delta Air Lines provided a good service, their in-flight Wi-Fi was a nice touch but it was a bit slow at times.",,,,,,Neutral,synthetic,Generated,Positive
Unknown,General,Anonymous,,"15. The check-in process at Airline L was simple and efficient. The cabin was clean, but the seats could be more comfortable.",,,,,,Neutral,synthetic,Generated,Positive
Unknown,General,Anonymous,,"1. The flight with Air Canada was overall acceptable, the staff were polite and the airplane was clean. Food quality could be improved.",,,,,,Neutral,synthetic,Generated,Positive
Unknown,General,Anonymous,,"7. Flew with Air Canada recently. The check-in process was smooth, but the in-flight entertainment options were somewhat limited.",,,,,,Neutral,synthetic,Generated,Negative
Unknown,General,Anonymous,,"13. My trip with Qantas was fine. The aircraft was neat, the staff was courteous, and the in-flight entertainment was adequate.",,,,,,Neutral,synthetic,Generated,Positive
Unknown,General,Anonymous,,"10. ""Spirit Airlines' flight was punctual, but the comfort level could be improved. The baggage policy was clear and fair.""",,,,,,Neutral,synthetic,Generated,Positive
Unknown,General,Anonymous,,"12. My experience with Singapore Airlines was typical. The cabin crew was polite and the plane was clean, but the food was just average.",,,,,,Neutral,synthetic,Generated,Positive
Unknown,General,Anonymous,,"12. ""Airline I's flight was on schedule with no major issues. The seats were a bit stiff and uncomfortable.""",,,,,,Neutral,synthetic,Generated,Negative
Unknown,General,Anonymous,,"14. ""Air New Zealand's service was adequate. The seats were comfortable enough for a long-haul flight. The food was standard.""",,,,,,Neutral,synthetic,Generated,Positive
Unknown,General,Anonymous,,"3. ""Airline Z offered a smooth check-in process. The flight departed on time, but the in-flight entertainment was limited.""",,,,,,Neutral,synthetic,Generated,Negative
Unknown,General,Anonymous,,"17. ""Airline N's service was standard, with a smooth check-in and on-time departure. The inflight entertainment was quite limited.""",,,,,,Neutral,synthetic,Generated,Negative
Unknown,General,Anonymous,,"9. Air Canada's flight was typical. Seats were comfortable enough, and the in-flight entertainment was reasonably good.",,,,,,Neutral,synthetic,Generated,Positive
Unknown,General,Anonymous,,"19. ""Cathay Pacific provided a decent service. The in-flight entertainment was good, but the meals were just average.""",,,,,,Neutral,synthetic,Generated,Positive
Unknown,General,Anonymous,,"10. I had an average experience with Airline G. The cabin was clean, and the staff was courteous.",,,,,,Neutral,synthetic,Generated,Positive
Unknown,General,Anonymous,,"5. Lufthansa's service was efficient. The boarding was timely, but the in-flight entertainment options were somewhat limited.",,,,,,Neutral,synthetic,Generated,Negative
Unknown,General,Anonymous,,"3. ""Airline Z offered a smooth check-in process. The flight was a bit delayed, but overall it was okay.""",,,,,,Neutral,synthetic,Generated,Negative
Unknown,General,Anonymous,,"5. My Qantas flight was acceptable. The aircraft was a bit older, but the crew made the journey pleasant enough.",,,,,,Neutral,synthetic,Generated,Positive
Unknown,General,Anonymous,,"15. The flight with Airline L was decent. The check-in process was smooth, but the in-flight entertainment options were limited.",,,,,,Neutral,synthetic,Generated,Negative
Unknown,General,Anonymous,,"8. ""Emirates' cabin was well-maintained and clean. The in-flight service was good, although the food was somewhat uninspiring.""",,,,,,Neutral,synthetic,Generated,Positive
Unknown,General,Anonymous,,"9. ""The flight with Ryanair was standard. There were no frills, but the flight was on time and the check-in process was efficient.""",,,,,,Neutral,synthetic,Generated,Negative
Unknown,General,Anonymous,,"16. ""Airline M's staff were polite and the flight was comfortable. However, the in-flight meal could have been better.""",,,,,,Neutral,synthetic,Generated,Positive
Unknown,General,Anonymous,,6. My flight with Alaska Airlines was satisfactory. The cabin was clean and the crew was polite.,,,,,,Neutral,synthetic,Generated,Positive
Unknown,General,Anonymous,,"7. ""The flight with Airline D was on time. The cabin crew were pleasant, but the in-flight meal was average.""",,,,,,Neutral,synthetic,Generated,Positive
Unknown,General,Anonymous,,"18. ""The Finnair flight was on time and the cabin was clean. The seats could use a bit more padding for comfort.""",,,,,,Neutral,synthetic,Generated,Positive
Unknown,General,Anonymous,,6. Airline C's check-in process was straightforward. The in-flight meal was average and the entertainment options were limited.,,,,,,Neutral,synthetic,Generated,Negative
Unknown,General,Anonymous,,"1. Flight 101 with Delta Airlines was satisfactory. The flight was on time and the attendants were friendly, although the in-flight food could be improved.",,,,,,Neutral,synthetic,Generated,Positive
Unknown,General,Anonymous,,"8. ""Airline E provided a standard service. The flight was slightly delayed, but the boarding process was smooth.""",,,,,,Neutral,synthetic,Generated,Negative
Unknown,General,Anonymous,,"5. ""My flight with United was on time and the flight attendants were polite. The legroom was a bit tight, but typical for economy class.""",,,,,,Neutral,synthetic,Generated,Positive
Unknown,General,Anonymous,,"1. The flight with Air Canada was on time and uneventful. The in-flight meal was acceptable, nothing extraordinary.",,,,,,Neutral,synthetic,Generated,Negative
Unknown,General,Anonymous,,"11. I took a recent flight with United Airlines. The flight was punctual and the seating was comfortable, but the in-flight entertainment was quite outdated.",,,,,,Neutral,synthetic,Generated,Positive
Unknown,General,Anonymous,,"13. The Singapore Airlines flight was standard. The seats were comfortable, but the inflight meal could have been better.",,,,,,Neutral,synthetic,Generated,Positive
Unknown,General,Anonymous,,"18. The Etihad Airways flight was decent. The staff was courteous, but the seat comfort could be improved.",,,,,,Neutral,synthetic,Generated,Positive
Unknown,General,Anonymous,,7. My flight with Qatar Airways was fine. The aircraft was clean but the food was just average.,,,,,,Neutral,synthetic,Generated,Positive
Unknown,General,Anonymous,,"18. Airline O's service was standard. The legroom was a bit tight, but the in-flight entertainment was good.",,,,,,Neutral,synthetic,Generated,Positive
Unknown,General,Anonymous,,"4. My flight with Emirates was decent. The seats were spacious enough and the meal was good, but not extraordinary.",,,,,,Neutral,synthetic,Generated,Positive
Unknown,General,Anonymous,,5. Airline B's flight was pretty standard. The staff was professional and the seats were comfortable enough.,,,,,,Neutral,synthetic,Generated,Positive
Unknown,General,Anonymous,,"3. ""United Airlines' staff were professional and polite. The meals served were average.""",,,,,,Neutral,synthetic,Generated,Positive
Unknown,General,Anonymous,,"11. My flight on Etihad Airways was satisfactory. The in-flight entertainment was good, but the food could have been better.",,,,,,Neutral,synthetic,Generated,Positive
Unknown,General,Anonymous,,"9. ""The staff on Airline F were polite, though not particularly warm. The seats were comfortable enough for the long flight.""",,,,,,Neutral,synthetic,Generated,Positive
Unknown,General,Anonymous,,"15. ""Airline L delivered an ordinary flight experience. The crew was efficient, however, the in-flight Wi-Fi was not working.""",,,,,,Neutral,synthetic,Generated,Negative
Unknown,General,Anonymous,,"12. Emirates served a routine flight. The onboard entertainment was good, but the boarding process was somewhat slow.",,,,,,Neutral,synthetic,Generated,Positive
Unknown,General,Anonymous,,"13. ""Singapore Airlines offered a typical flight experience. The cabin was clean, the service was good, but the food was quite average.""",,,,,,Neutral,synthetic,Generated,Positive
Unknown,General,Anonymous,,"17. My experience with Ryanair was acceptable. The check-in process was smooth, the flight crew was polite, and the service was decent.",,,,,,Neutral,synthetic,Generated,Positive
Unknown,General,Anonymous,,"17. Air China provided a satisfactory service. The in-flight meal was acceptable, and the staff was polite.",,,,,,Neutral,synthetic,Generated,Positive
Unknown,General,Anonymous,,17. The flight with Airline N was uneventful. The boarding process was smooth and the flight departed on time.,,,,,,Neutral,synthetic,Generated,Negative
Unknown,General,Anonymous,,19. Airline P's baggage handling was efficient. The in-flight entertainment system had a good variety of options.,,,,,,Neutral,synthetic,Generated,Positive
Unknown,General,Anonymous,,"10. ""Airline G offered a smooth check-in process and the flight departed on time. The in-flight entertainment was a bit limited.""",,,,,,Neutral,synthetic,Generated,Negative
Unknown,General,Anonymous,,17. The KLM flight to Amsterdam was decent. The seats were comfortable enough and the in-flight meal was acceptable.,,,,,,Neutral,synthetic,Generated,Positive
Unknown,General,Anonymous,,"2. ""Airline Y provided a decent service. The staff were polite and the plane was clean.""",,,,,,Neutral,synthetic,Generated,Positive
Unknown,General,Anonymous,,"12. My flight with Virgin Atlantic was generally good. The seats were comfortable, but the in-flight entertainment could use an upgrade.",,,,,,Neutral,synthetic,Generated,Positive
Unknown,General,Anonymous,,"6. ""My trip with Airline C was pretty standard. The food was average and the staff was courteous.""",,,,,,Neutral,synthetic,Generated,Positive
Unknown,General,Anonymous,,"10. Air France's flight was fine. The staff was polite and the legroom was adequate, but the food was just okay.",,,,,,Neutral,synthetic,Generated,Positive
Unknown,General,Anonymous,,"3. ""The Air France flight was comfortable enough. Crew members were polite, and the legroom was satisfactory.""",,,,,,Neutral,synthetic,Generated,Positive
Unknown,General,Anonymous,,1. The flight with Airline X was average. The seating was comfortable enough and the cabin crew was polite.,,,,,,Neutral,synthetic,Generated,Positive
Unknown,General,Anonymous,,"16. My flight with Air France was adequate. The seats were comfortable, but the food was average.",,,,,,Neutral,synthetic,Generated,Positive
Unknown,General,Anonymous,,8. My experience with Spirit Airlines was fairly basic. The seats were a bit cramped but the flight was cost-effective.,,,,,,Neutral,synthetic,Generated,Positive
Unknown,General,Anonymous,,"7. ""Qatar Airways provided a comfortable journey. The seats were pretty average, but the crew members were attentive.""",,,,,,Neutral,synthetic,Generated,Positive
Unknown,General,Anonymous,,2. Emirates provided a basic level of comfort on our long-haul flight. The entertainment system was adequate with a decent selection of films.,,,,,,Neutral,synthetic,Generated,Positive
Unknown,General,Anonymous,,"1. ""Delta Airlines provides a pretty standard service. The cabin crew is friendly and the seats are reasonably comfortable.""",,,,,,Neutral,synthetic,Generated,Positive
Unknown,General,Anonymous,,"8. The JetBlue flight was satisfactory. While the seats were comfortable, the variety in food options was not impressive.",,,,,,Neutral,synthetic,Generated,Positive
Unknown,General,Anonymous,,"13. ""KLM's service was efficient, and the flight was on time. However, the legroom was a bit restricted.""",,,,,,Neutral,synthetic,Generated,Negative
Unknown,General,Anonymous,,"5. ""Airline E's flight was smooth and landed on time. The meal options were quite limited though.""",,,,,,Neutral,synthetic,Generated,Negative
Unknown,General,Anonymous,,"7. ""The boarding process with Airline D was organized. The flight was a bit delayed but overall, the experience was okay.""",,,,,,Neutral,synthetic,Generated,Negative
Unknown,General,Anonymous,,"3. ""The in-flight entertainment on Airline Z was decent. The food could have been better, but it was not terrible.""",,,,,,Neutral,synthetic,Generated,Negative
Unknown,General,Anonymous,,"10. ""My trip with Southwest Airlines was pretty typical. The boarding process was organized, and the flight crew was amicable.""",,,,,,Neutral,synthetic,Generated,Positive
Unknown,General,Anonymous,,"11. ""Emirates' cabin crew were polite and helpful. The in-flight meals were typical airline food.""",,,,,,Neutral,synthetic,Generated,Positive
Unknown,General,Anonymous,,"19. The Singapore Airlines flight was okay. The food could be improved, but the staff was polite.",,,,,,Neutral,synthetic,Generated,Positive
Unknown,General,Anonymous,,15. Spirit Airlines offered a basic service. The plane was clean and the flight departed on time.,,,,,,Neutral,synthetic,Generated,Positive
Unknown,General,Anonymous,,"17. ""The overall experience with Airline N was OK. The flight was slightly delayed but the boarding process was smooth.""",,,,,,Neutral,synthetic,Generated,Negative
Unknown,General,Anonymous,,"14. Turkish Airlines: The flight was quite comfortable and the staff was courteous. However, the meal options could be improved.",,,,,,Neutral,synthetic,Generated,Positive
Unknown,General,Anonymous,,"4. Flight with Airline D was generally comfortable. The airplane was clean, but the food was nothing to write home about.",,,,,,Neutral,synthetic,Generated,Positive
Unknown,General,Anonymous,,10. Turkish Airlines provided a satisfactory service on my recent flight. The cabin crew was friendly and the in-flight entertainment had a good variety.,,,,,,Neutral,synthetic,Generated,Positive
Unknown,General,Anonymous,,12. Airline I's business class lounge was decent with a good range of snacks and beverages. The WiFi on the flight was average.,,,,,,Neutral,synthetic,Generated,Positive
Unknown,General,Anonymous,,"20. Airline Q's flight was okay. The in-flight entertainment options were limited, but the flight departed and arrived on time.",,,,,,Neutral,synthetic,Generated,Negative
Unknown,General,Anonymous,,11. The flight with American Airlines was uneventful. The staff was professional and the in-flight service was decent. The seating was a bit tight.,,,,,,Neutral,synthetic,Generated,Negative
Unknown,General,Anonymous,,7. Air France's flight from Paris to Rome was average. The staff was helpful and the food was acceptable.,,,,,,Neutral,synthetic,Generated,Positive
Unknown,General,Anonymous,,"12. ""Airline I's flight was punctual and the cabin was clean. The food quality was average.""",,,,,,Neutral,synthetic,Generated,Positive
Unknown,General,Anonymous,,"11. ""The flight with Airline H was decent. The legroom was adequate, but the in-flight meal could be improved.""",,,,,,Neutral,synthetic,Generated,Positive
