review_name,review_type,passenger_name,review_date,review_text,rating_value,textblob_label,vader_label,keyword_label,hybrid_sentiment,review_classification,label_agreement_level,source,predicted_sentiment
Petroleum Air Services,airline,N Batchelor,2011-01-07,SSHLXRSSH Dash  Q A bit dubious as I had never heard of this Egyptian carrier and the name doesnt inspire a great deal of confidence but I was pleasantly surprised A new aircraft on this short  minute flight comprehensive safety demo in English that was understandable Complimentary juice and a small snack provided I would not hesitate to use this airline again,8.0,Positive,Positive,Positive,Positive,Positive,3/3,,Neutral
Air Berlin,airline,Kannan Pazhayedath,2017-09-19,Frankfurt to Berlin our first flight was cancelled but they arranged me other flight Next day I use Air Berlin also this time their service was on time and good service and cabin crew  they are very friendly and helpful I was very happy their service,10.0,Positive,Positive,Positive,Positive,Positive,3/3,,Negative
Hobart,airport,M Duke,2016-09-20,Every time on arrival from either holiday work meetings interstate or visiting relatives in Melbourne I feel all the renovations look great but please put the car park ticket machines near the carousel  arrival hall out of the weather When some people pay at the gate they hold up the traffic I travel with Virgin regularly and cant wait for the renovations to be finished,7.0,Positive,Positive,Positive,Positive,Positive,3/3,,Neutral
Ultra Air,airline,G Aldana,2023-02-11,Check in at San Andres had to be done at the airport since I had a bag to drop off the line was very long so I waited about  minutes Since there are no drinks or snacks available for sale on the plane I bought some stuff at the airport to bring along on the plane Flight back to Bogota was quite smooth quiet and easy I flew back on the same plane that had brought me to San Andres Nothing to complain about Cheap option to San Andres and very efficient,10.0,Positive,Positive,Positive,Positive,Positive,3/3,,Neutral
Pacific Airlines,airline,M Evans,2023-03-28,Return leg of my round trip Again the great thing about this airline is the departure from Bangkoks main airport rather than the budget terminal across town Check in was done smoothly and boarding is by passenger ramp instead of being bussed about the airfield so is very convenient and quick Flight departed on time and was fairly uneventful Flight arrived  minutes ahead of scheduled time The only let down of the journey was deplaning at Ha Noi was by ground service ramp and bus to the terminal,8.0,Positive,Positive,Positive,Positive,Positive,3/3,,Neutral
Omni Air International,airline,C Rowe,2023-11-12,We were originally booked in Premium Economy with Air Canada Due to a substitution of aircraft we were switched onto Omni in economy class While the aircraft was fairly old and we were delayed  hour in takeoff everything else was fine Seats were comfortable food was okay and cabin crew were very friendly and efficient Air Canada processed the promised refund due to us being downgraded We would be okay with flying Omni again but prefer flying on an aircraft with a premium economy cabin,8.0,Positive,Positive,Positive,Positive,Positive,3/3,,Negative
Dresden,airport,Mark Evans,2007-05-08,Little expense has been spared to make DRS a spacious and stateofthe art An allround highly agreeable experience with the added advantage of DRS being very close to the city centre A halfhourly rail service connects DRS with Dresden Hautbahnof a minute journey with several intermediate stops all for a princely EUR  oneway fare BA has recently launched an LGWDRS service great views of the heart of the city on the landing approach from the starboard side but the airport remains somewhat underutilised,4.0,Positive,Positive,Positive,Positive,Positive,3/3,,Neutral
Colombo,airport,Patrick Gold,2023-06-06,Frequented CMB many times in the last decade and on the whole its ok  It runs pretty smoothly and in fact has improved over the years the immigration particularly seems quicker I do however hate the exorbitant dollar priced fooddrink and duty free etc The contrast between what this cost just outside the door or the airport and the terminal prices must be one of the biggest contrasts in the world That said its a pretty painless experience to pass through,8.0,Positive,Positive,Positive,Positive,Positive,3/3,,Negative
Yemenia,airline,Ian Howarth,2011-04-25,SanaaParis on A Ontime departure in spite of elaborate boarding procedures All pax bussed to aircraft Inflight fine choice of meal and range of nonalcoholic drinks Cabin crew courteous with passable English Economy cabin looked a real mess after meal service  not cleaned Limited inflight entertainment,5.0,Positive,Positive,Positive,Positive,Positive,3/3,,Neutral
Palm Springs,airport,J Marshall,2011-10-29,Great little airport Everything in one location  baggage belts next to car hire desks and you walk out into the car park and collect your car Will be my preferred choice now rather than coming in via LAX or SAN and facing a  hour drive,10.0,Positive,Positive,Positive,Positive,Positive,3/3,,Neutral
Bhopal,airport,Swapnil Varghese,2017-04-12,I wanted to acknowledge the entire ground staff including the Security who helped us a great deal to arrange boarding the aircraft We reached airport just  min before scheduled departure and the checkin was closed After requests since we as a family had to take onward flight from Delhi the ground staff went out of their way to help us,10.0,Positive,Positive,Positive,Positive,Positive,3/3,,Neutral
Turkish Airlines,airline,123 reviewsMichael Schade,2025-04-06,Checkin was very slow with just three counters open for the full flight Boarding was unorganized and chaotic with just two gate agents being overwhelmed controlling the crowd There were no boarding groups and at the end they gave up and it was free for all As a result the flight took off  minutes late Seats on the A were comfortable with a responsible seat pitch Service was good with ok food,7.0,Positive,Positive,Positive,Positive,Positive,3/3,,Negative
Read more,airline,123 reviewsMichael Schade,2025-04-06,Checkin was very slow with just three counters open for the full flight Boarding was unorganized and chaotic with just two gate agents being overwhelmed controlling the crowd There were no boarding groups and at the end they gave up and it was free for all As a result the flight took off  minutes late Seats on the A were comfortable with a responsible seat pitch Service was good with ok food,7.0,Positive,Positive,Positive,Positive,Positive,3/3,,Negative
Yemenia,airline,Ian Howarth,2011-04-25,SanaaParis on A Ontime departure in spite of elaborate boarding procedures All pax bussed to aircraft Inflight fine choice of meal and range of nonalcoholic drinks Cabin crew courteous with passable English Economy cabin looked a real mess after meal service  not cleaned Limited inflight entertainment,5.0,Positive,Positive,Positive,Positive,Positive,3/3,,Neutral
CSA Czech Airlines,airline,4 reviewsDavid Cerny,2020-01-10,Prague to Copenhagen Flight was operated by Czech Airlines A reg OKMEL not with lowcost Smartwings  like almost all other CSA flights Departure was delayed only about  minutes we arrived on time Staff was nice and friendly Ordered food was so expensive CZK but delicious Aircraft was clean and seats were comfortable,9.0,Positive,Positive,Positive,Positive,Positive,3/3,,Negative
Jetstar Pacific,airline,Anders Pedersen,2020-01-04,Hong Kong to Hanoi Regional flight Hong Kong toHanoi  January  on an A aircraft Ticket included free services and luggage Hot meal given was OK Flight full on time Nice clean aircraft Seats were good but space to front seat was horrible and extremely tiny small de facto painful to knees CheckIn in Hong Kong was quick and easy though my handluggage was double the limit Checked in luggage arrived smoothly checked by customs in Hong Kong who had left a note inside the bag Airbridge provided at both ends,7.0,Positive,Positive,Positive,Positive,Positive,3/3,,Negative
Lugano,airport,Riccardo Cerutti,2008-02-25,LuganoAgno is a little airport maybe the smallest in Switzerland but I think its the most efficient Its commercial says Youll be in the air in  minutes and its the truth I think its a great airport,4.0,Positive,Positive,Positive,Positive,Positive,3/3,,Neutral
Read more,airline,123 reviewsMichael Schade,2025-04-06,Checkin was very slow with just three counters open for the full flight Boarding was unorganized and chaotic with just two gate agents being overwhelmed controlling the crowd There were no boarding groups and at the end they gave up and it was free for all As a result the flight took off  minutes late Seats on the A were comfortable with a responsible seat pitch Service was good with ok food,7.0,Positive,Positive,Positive,Positive,Positive,3/3,,Negative
Louisville,airport,5 reviewsBob Motto,2015-07-17,Louisville Airport is a great airport very clean and improvements being made all of the time Arrived from Chicago off of the aircraft and by the luggage claim within  minutes Local staff are all very helpful and polite as well as being professional For some passengers there were some issues with delayed or lost luggage but the American Eagle ground staff were very professional and sorted out their problems quickly,9.0,Positive,Positive,Positive,Positive,Positive,3/3,,Negative
Louisville,airport,5 reviewsBob Motto,2015-07-17,Louisville Airport is a great airport very clean and improvements being made all of the time Arrived from Chicago off of the aircraft and by the luggage claim within  minutes Local staff are all very helpful and polite as well as being professional For some passengers there were some issues with delayed or lost luggage but the American Eagle ground staff were very professional and sorted out their problems quickly,9.0,Positive,Positive,Positive,Positive,Positive,3/3,,Negative
Olbia Costa Smeralda,airport,John Howson,2008-06-09,This is a smashing little airport  friendly well laid out and very well run Because of its location very attractive to fly in and out of too  always a big shock returning to Gatwick Good ice cream too,5.0,Positive,Positive,Positive,Positive,Positive,3/3,,Neutral
London City,airport,Ashley Dickson,2019-11-15,Avoid at peak times security is a mess Gone are the days of the  minute check in and smooth easy journey This used to be my go to airport due to the ease of transit Such a shame they have added so much flight capacity and not matched it with security,3.0,Positive,Positive,Positive,Positive,Positive,3/3,,Neutral
TUS Airways,airline,Georgios Vrontos,2023-02-13,Boarding on TLV was done on time but delayed to get permission to depart A was in a good condition and clean Stewardesses were professional and friendly Inflight service was beverages coffee water sandwich and granola bar On the return flight there was a  minutes later departure schedule change they informed us with email  days in advance,10.0,Positive,Positive,Positive,Positive,Positive,3/3,,Negative
Minneapolis St Paul,airport,Scott D Drikakis,2022-07-11,MSP Airport does a great job with stores and restaurant options and recently completed some moderate improvements in aesthetics to terminal  They currently offer a total of  electric parking spots which are spread out across  sites It appears the planning team completely overlooked this aspect of the customer experience,6.0,Positive,Positive,Positive,Positive,Positive,3/3,,Neutral
TUS Airways,airline,Georgios Vrontos,2023-02-13,Boarding on TLV was done on time but delayed to get permission to depart A was in a good condition and clean Stewardesses were professional and friendly Inflight service was beverages coffee water sandwich and granola bar On the return flight there was a  minutes later departure schedule change they informed us with email  days in advance,10.0,Positive,Positive,Positive,Positive,Positive,3/3,,Negative
Damascus,airport,Ralph Loehner,2009-09-14,It is not the most beautiful airport in the world but not the worst I always found it OK  speed to checkin pass passport control is OK Shopping cheap and wide range of products  VIP Lounge comfortable but old fashioned The information system is getting better and friendliness of officials is good,3.0,Positive,Positive,Positive,Positive,Positive,3/3,,Negative
Derry,airport,Paul Devine,2014-11-12,Great Airport  used it for a Ryanair flight to Stansted Small highly efficient  great bar restaurant and shops A breeze to get through  am going to use again Wish they were all like this,10.0,Positive,Positive,Positive,Positive,Positive,3/3,,Neutral
Bandung,airport,Henri Bemelmans,2018-05-20,Not Verified The new airport is much better than the old but the issue with taxis remains The military controls the airport and hence which taxis are used No meters and extortionate fares Better off walking  minutes south on road outside arrivals right angle to airport terminal and pickup a bluebird or AA cab from there Clean and metered Pity the Government does not stop in and do something about this as it is a horrible welcome to what is otherwise a friendly and interesting city and region,7.0,Positive,Positive,Positive,Positive,Positive,3/3,,Negative
CSA Czech Airlines,airline,4 reviewsDavid Cerny,2020-01-10,Prague to Copenhagen Flight was operated by Czech Airlines A reg OKMEL not with lowcost Smartwings  like almost all other CSA flights Departure was delayed only about  minutes we arrived on time Staff was nice and friendly Ordered food was so expensive CZK but delicious Aircraft was clean and seats were comfortable,9.0,Positive,Positive,Positive,Positive,Positive,3/3,,Negative
Martinair,airline,A Rochard,2008-11-06,YYZAMSYYZ Legroom was okay got the exit row on the way back Food decent for a charter Seat width normal unlike Air Transat they dont squeeze an extra row of seats in I didnt feel the need to upgrade to Economy plus The personal entertainment device portable hard drive with monitor was great Worth the  euro on the day flight back,4.0,Positive,Positive,Positive,Positive,Positive,3/3,,Neutral
Bhopal,airport,Swapnil Varghese,2017-04-12,I wanted to acknowledge the entire ground staff including the Security who helped us a great deal to arrange boarding the aircraft We reached airport just  min before scheduled departure and the checkin was closed After requests since we as a family had to take onward flight from Delhi the ground staff went out of their way to help us,10.0,Positive,Positive,Positive,Positive,Positive,3/3,,Neutral
Colombo,airport,Patrick Gold,2023-06-06,Frequented CMB many times in the last decade and on the whole its ok  It runs pretty smoothly and in fact has improved over the years the immigration particularly seems quicker I do however hate the exorbitant dollar priced fooddrink and duty free etc The contrast between what this cost just outside the door or the airport and the terminal prices must be one of the biggest contrasts in the world That said its a pretty painless experience to pass through,8.0,Positive,Positive,Positive,Positive,Positive,3/3,,Negative
Colorado Springs,airport,Scott Franks,2016-01-09,Great airport to travel from and return to No great distances to walk easy access to check in counters TSA actually seems to care and think rather than defaulting to lowest level of acceptable service ie  Denver Early morning flights are great as the food court has great breakfast burritos and coffee The only problem seems to be the luggage getting from the plane back to you Once you have your bags the rest of the trip out is a breeze,9.0,Positive,Positive,Positive,Positive,Positive,3/3,,Neutral
Pittsburgh,airport,Vineet Bapat,2006-03-18,Agree with all the positive comments  only in transit at Pittsburgh International recently and found it to be a very pleasnt experience due in large part to the variety of shops and restaurants An uncrowded spacious layout adds to the comfort level Also agree with a previous comment regarding the downside of this airport being the near monopoly of US Airways a greater presence by competing carriers would be a real plus,0.0,Positive,Positive,Positive,Positive,Positive,3/3,,Neutral
BH Air,airline,Andrew Craig,2013-07-07,Flew them on the Frankfurt  Sarajevo trip on board their B I found the airline staff professional and friendly which cant be said about the customs at SJJ airport most of whom looked downright angry and like they hate their job The BH airlines crew were great and boarding was quick and breeze The flight arrived a few minutes early and I found the cabin fairly modern and clean,10.0,Positive,Positive,Positive,Positive,Positive,3/3,,Negative
Milwaukee,airport,Kevin Milner,2015-07-26,Big enough to serve all of your needs yet small enough and easy enough to get in and out of What a contrast when compared to Kansas City and Atlanta where my journey originated They have a childrens play area great local restaurants beers coffee etc  It is about the same airfare to fly into Milwaukee often times as it is to fly into Chicago with a lot less hassle,9.0,Positive,Positive,Positive,Positive,Positive,3/3,,Neutral
Vnukovo,airport,Klim Sviridov,2015-09-13,Vnukovo Airport Waiting for baggage almost  hour now and havent get it yet No extra infornation from airport officials In combination with absence of smoking rooms everything becomes socalled great Ill consider another airport the next time Though ceiling is ok,4.0,Positive,Positive,Positive,Positive,Positive,3/3,,Neutral
Vnukovo,airport,Klim Sviridov,2015-09-13,Vnukovo Airport Waiting for baggage almost  hour now and havent get it yet No extra infornation from airport officials In combination with absence of smoking rooms everything becomes socalled great Ill consider another airport the next time Though ceiling is ok,4.0,Positive,Positive,Positive,Positive,Positive,3/3,,Neutral
London City,airport,Ashley Dickson,2019-11-15,Avoid at peak times security is a mess Gone are the days of the  minute check in and smooth easy journey This used to be my go to airport due to the ease of transit Such a shame they have added so much flight capacity and not matched it with security,3.0,Positive,Positive,Positive,Positive,Positive,3/3,,Neutral
Bilbao,airport,Alastair Wharton,2017-09-19,Great regional airport by Spanish Standards Easy to Navigate when both landing and departing Arrivals was easy immigration was quick and at the end of the arrivals lounge is the transit bus to the city centre  minutes from getting of the plane and on a bus into the city Check in was easy and simple the only departures terminal has about  check in desks in the main hall and queues at security where not to long The airside shopping is adequate and walking to the furthest gate takes no more than  minutes,8.0,Positive,Positive,Positive,Positive,Positive,3/3,,Neutral
TACA Airlines,airline,Georgios S Vrontos,2016-01-11,Flew TACA Airlines from Lima to Bogota Only the outside of the aircraft and the food carriage were TACA The rest magazine and crew were Avianca Food service for the  and a half hour flight was great full meal Full service of drinks juices beers alcoholic I would fly with them again,7.0,Positive,Positive,Positive,Positive,Positive,3/3,,Neutral
Dresden,airport,Mark Evans,2007-05-08,Little expense has been spared to make DRS a spacious and stateofthe art An allround highly agreeable experience with the added advantage of DRS being very close to the city centre A halfhourly rail service connects DRS with Dresden Hautbahnof a minute journey with several intermediate stops all for a princely EUR  oneway fare BA has recently launched an LGWDRS service great views of the heart of the city on the landing approach from the starboard side but the airport remains somewhat underutilised,4.0,Positive,Positive,Positive,Positive,Positive,3/3,,Neutral
Iberia Express,airline,Javier Bacallado,2024-11-21,The usual service everything ok Lounge at Madrid airport is just great Late boarding and late departure due to traffic control arrived  min late On board crew is just great as usual very attentive full lunch served with open bar Seat comfort nothing special but fine for a hr flight Everything worked out well they need to pay attention to punctuality,10.0,Positive,Positive,Positive,Positive,Positive,3/3,,Neutral
Ultra Air,airline,G Aldana,2023-02-11,Check in at San Andres had to be done at the airport since I had a bag to drop off the line was very long so I waited about  minutes Since there are no drinks or snacks available for sale on the plane I bought some stuff at the airport to bring along on the plane Flight back to Bogota was quite smooth quiet and easy I flew back on the same plane that had brought me to San Andres Nothing to complain about Cheap option to San Andres and very efficient,10.0,Positive,Positive,Positive,Positive,Positive,3/3,,Neutral
Iberia Express,airline,Javier Bacallado,2024-11-21,The usual service everything ok Lounge at Madrid airport is just great Late boarding and late departure due to traffic control arrived  min late On board crew is just great as usual very attentive full lunch served with open bar Seat comfort nothing special but fine for a hr flight Everything worked out well they need to pay attention to punctuality,10.0,Positive,Positive,Positive,Positive,Positive,3/3,,Neutral
Olbia Costa Smeralda,airport,John Howson,2008-06-09,This is a smashing little airport  friendly well laid out and very well run Because of its location very attractive to fly in and out of too  always a big shock returning to Gatwick Good ice cream too,5.0,Positive,Positive,Positive,Positive,Positive,3/3,,Neutral
Little Rock,airport,D Orlando,2015-07-28,One of the nicest and  cleanest airports Ive experienced Thoughtful touches are everywhere from the piano in the food court to bags for wet umbrellas to a cart of peanuts and pretzels from Delta identical to what they give out in flight at the baggage claim Bathrooms are spotless And clocks throughout the airport,9.0,Positive,Positive,Positive,Positive,Positive,3/3,,Neutral
Hobart,airport,M Duke,2016-09-20,Every time on arrival from either holiday work meetings interstate or visiting relatives in Melbourne I feel all the renovations look great but please put the car park ticket machines near the carousel  arrival hall out of the weather When some people pay at the gate they hold up the traffic I travel with Virgin regularly and cant wait for the renovations to be finished,7.0,Positive,Positive,Positive,Positive,Positive,3/3,,Neutral
Melbourne Avalon,airport,Tim Costello,2012-10-13,Living in Geelong this airport is great  mins from my parents place and traffic is rarely a problem Check in is quick quicker with no bags  check in online the night before stroll through security and a short walk onto the plane Only criticism is that the airport is small  gates and only  bar  cafe and  newsagents Hopefully with the new International terminal theyre cleared to build theyll upgrade the domestic terminal too,9.0,Positive,Positive,Positive,Positive,Positive,3/3,,Neutral
Bremen,airport,9 reviewsD Andrews,2016-10-29,Bremen Airport Terminal E is a big shed with Ryanair inside No doubt noisy in a hail storm its open and breezy Staff efficient Plenty of natural light skylights in the roof The light rail service line  service from the station is great too Beware it does not take credit cards or bank notes over  Euros  functional,3.0,Positive,Positive,Positive,Positive,Positive,3/3,,Negative
Mexico City,airport,Christopher Branski,2024-06-30,MEX consists of two terminals with Aeromexico Delta Copa and LATAM taking up the newer Terminal  and everyone else essentially taking up Terminal  Terminal  is definitely more userfriendly with Terminal  being well over capacity This honestly I dont think will change given that its proximity to the center of Mexico City makes it quite convenient in spite of its shortcomings,5.0,Positive,Positive,Positive,Positive,Positive,3/3,,Neutral
Derry,airport,Paul Devine,2014-11-12,Great Airport  used it for a Ryanair flight to Stansted Small highly efficient  great bar restaurant and shops A breeze to get through  am going to use again Wish they were all like this,10.0,Positive,Positive,Positive,Positive,Positive,3/3,,Neutral
Bilbao,airport,Alastair Wharton,2017-09-19,Great regional airport by Spanish Standards Easy to Navigate when both landing and departing Arrivals was easy immigration was quick and at the end of the arrivals lounge is the transit bus to the city centre  minutes from getting of the plane and on a bus into the city Check in was easy and simple the only departures terminal has about  check in desks in the main hall and queues at security where not to long The airside shopping is adequate and walking to the furthest gate takes no more than  minutes,8.0,Positive,Positive,Positive,Positive,Positive,3/3,,Neutral
Birmingham,airport,John Hyde,2024-05-11,Monday th April what an absolute disgrace  hours to get through security after being told  minutes  lifts  out of order another reserved for staff when you escaped the great long queues  conveyor belts working out of  very little staff available On return  hour wait for luggage an absolute disgrace A final comment I will never use Birmingham again and yet only  minutes from home and have used this airports many many times and many times had problems but no more East Midlands much better,2.0,Positive,Positive,Positive,Positive,Positive,3/3,,Neutral
BH Air,airline,Andrew Craig,2013-07-07,Flew them on the Frankfurt  Sarajevo trip on board their B I found the airline staff professional and friendly which cant be said about the customs at SJJ airport most of whom looked downright angry and like they hate their job The BH airlines crew were great and boarding was quick and breeze The flight arrived a few minutes early and I found the cabin fairly modern and clean,10.0,Positive,Positive,Positive,Positive,Positive,3/3,,Negative
Berlin Schonefeld,airport,J Wilkin,2020-02-08,The security staff were incredibly slow and seemed to be more interested in personal chats than getting customers through the security process as quickly as possible Why not be more proactive  you will get less tension with customers shorter queues and a better job satisfaction You dont need to be unfriendly and impersonal,2.0,Positive,Positive,Positive,Positive,Positive,3/3,,Negative
TACA Airlines,airline,Georgios S Vrontos,2016-01-11,Flew TACA Airlines from Lima to Bogota Only the outside of the aircraft and the food carriage were TACA The rest magazine and crew were Avianca Food service for the  and a half hour flight was great full meal Full service of drinks juices beers alcoholic I would fly with them again,7.0,Positive,Positive,Positive,Positive,Positive,3/3,,Neutral
Sunan Pyongyang,airport,Martin Borland,2012-12-28,The airport was not busy when we arrived but this did not stop it taking  minutes to pass through immigration and collect bags Facilities are what you expect from an airport about  years out of date and did not expect anything different I guess Found the staff to be unfriendly and there were no painted on smiles available here,1.0,Positive,Positive,Positive,Positive,Positive,3/3,,Neutral
Bournemouth,airport,S Pinchbeck,2024-09-29,I would like to say a huge thank to Yasmin who went to great lengths to find us a new flight the same day but from Bristol airport flight missed just Start of holiday delayed by  hours only her professional and helpful support was greatly appreciated Thank you again,7.0,Positive,Positive,Positive,Positive,Positive,3/3,,Negative
Mauritius,airport,S Koh,2023-04-24,Overall a great airport with great facilities and ample outlets to eatdrinkshop The only issue about this airport is the queues at immigration and security which is serious For instance immigration at arrival took  minutes although there were only  people in front of me and this was because only  windows were open for processing,5.0,Positive,Positive,Positive,Positive,Positive,3/3,,Neutral
Antwerp Deurne,airport,Michael Newport,2005-08-16,Great airport not many flights so no hassle From check in to take off  minutes Car parking also free,0.0,Positive,Positive,Positive,Positive,Positive,3/3,,Neutral
Thai Airways,airline,81 reviewsRichard Laycock,2025-02-11,First time the flight left on time and even earlier for the first time in  years I thought we were going to be landing way in advance Unfortunately we were then in a holding pattern in Bangkok for mins You win some you loose some It was a ten year old Boeing  The first meal service was lovely the breakfast was poor I didnt eat that The recline on my seat was broke which isnt a deal breaker for me anyway Crew were great I still think they can improve but the convenience is the key with a direct flight,8.0,Positive,Positive,Positive,Positive,Positive,3/3,,Negative
Sunan Pyongyang,airport,Martin Borland,2012-12-28,The airport was not busy when we arrived but this did not stop it taking  minutes to pass through immigration and collect bags Facilities are what you expect from an airport about  years out of date and did not expect anything different I guess Found the staff to be unfriendly and there were no painted on smiles available here,1.0,Positive,Positive,Positive,Positive,Positive,3/3,,Neutral
Doncaster Sheffield,airport,R Heath,2019-05-28,This is a great airport us my wife and self We fly from it twice a year We have just returned from Lanzarote We had no problems at all until we arrived back at  hrs  mins late There was a full plane load of passengers and only  Border Control Officers on duty We were stood in a snakelike queue for nearly half an hour in a room that was like a shed I think that Border Control can do a lot better and should be doing so After saying this we are flying from Doncaster again in Sept,9.0,Positive,Positive,Positive,Positive,Positive,3/3,,Neutral
Gothenburg City,airport,James Williamson,2010-10-30,Have used this airport twice in the last year and found it very smooth From plane arriving at terminal only ten minutes to clear border control collect bags and exit airport Bus to Gothenburg outside terminal to meet each flight and in to city in about  minutes  quicker than from the main Gothenburg airport Adequate facilities in airport and an outside area airside for smokers to sit in the sun with a drink,5.0,Positive,Positive,Positive,Positive,Positive,3/3,,Neutral
Jetstar Pacific,airline,Anders Pedersen,2020-01-04,Hong Kong to Hanoi Regional flight Hong Kong toHanoi  January  on an A aircraft Ticket included free services and luggage Hot meal given was OK Flight full on time Nice clean aircraft Seats were good but space to front seat was horrible and extremely tiny small de facto painful to knees CheckIn in Hong Kong was quick and easy though my handluggage was double the limit Checked in luggage arrived smoothly checked by customs in Hong Kong who had left a note inside the bag Airbridge provided at both ends,7.0,Positive,Positive,Positive,Positive,Positive,3/3,,Negative
Turkish Airlines,airline,123 reviewsMichael Schade,2025-04-06,Checkin was very slow with just three counters open for the full flight Boarding was unorganized and chaotic with just two gate agents being overwhelmed controlling the crowd There were no boarding groups and at the end they gave up and it was free for all As a result the flight took off  minutes late Seats on the A were comfortable with a responsible seat pitch Service was good with ok food,7.0,Positive,Positive,Positive,Positive,Positive,3/3,,Negative
Bandung,airport,Henri Bemelmans,2018-05-20,Not Verified The new airport is much better than the old but the issue with taxis remains The military controls the airport and hence which taxis are used No meters and extortionate fares Better off walking  minutes south on road outside arrivals right angle to airport terminal and pickup a bluebird or AA cab from there Clean and metered Pity the Government does not stop in and do something about this as it is a horrible welcome to what is otherwise a friendly and interesting city and region,7.0,Positive,Positive,Positive,Positive,Positive,3/3,,Negative
Mexico City,airport,Christopher Branski,2024-06-30,MEX consists of two terminals with Aeromexico Delta Copa and LATAM taking up the newer Terminal  and everyone else essentially taking up Terminal  Terminal  is definitely more userfriendly with Terminal  being well over capacity This honestly I dont think will change given that its proximity to the center of Mexico City makes it quite convenient in spite of its shortcomings,5.0,Positive,Positive,Positive,Positive,Positive,3/3,,Neutral
Milwaukee,airport,Kevin Milner,2015-07-26,Big enough to serve all of your needs yet small enough and easy enough to get in and out of What a contrast when compared to Kansas City and Atlanta where my journey originated They have a childrens play area great local restaurants beers coffee etc  It is about the same airfare to fly into Milwaukee often times as it is to fly into Chicago with a lot less hassle,9.0,Positive,Positive,Positive,Positive,Positive,3/3,,Neutral
Nashville,airport,S Palen,2023-10-31,Had a great experience Going through security was fast had no wait time They had great local beers on tap and even a smoking section It costs  bucks to enter but considering I havent been in an airport that had one in  years it made the wait SO much better  will layover in,10.0,Positive,Positive,Positive,Positive,Positive,3/3,,Neutral
Pittsburgh,airport,Vineet Bapat,2006-03-18,Agree with all the positive comments  only in transit at Pittsburgh International recently and found it to be a very pleasnt experience due in large part to the variety of shops and restaurants An uncrowded spacious layout adds to the comfort level Also agree with a previous comment regarding the downside of this airport being the near monopoly of US Airways a greater presence by competing carriers would be a real plus,0.0,Positive,Positive,Positive,Positive,Positive,3/3,,Neutral
Turkish Airlines2739 Reviews,airline,123 reviewsMichael Schade,2025-04-06,Checkin was very slow with just three counters open for the full flight Boarding was unorganized and chaotic with just two gate agents being overwhelmed controlling the crowd There were no boarding groups and at the end they gave up and it was free for all As a result the flight took off  minutes late Seats on the A were comfortable with a responsible seat pitch Service was good with ok food,7.0,Positive,Positive,Positive,Positive,Positive,3/3,,Negative
Omni Air International,airline,C Rowe,2023-11-12,We were originally booked in Premium Economy with Air Canada Due to a substitution of aircraft we were switched onto Omni in economy class While the aircraft was fairly old and we were delayed  hour in takeoff everything else was fine Seats were comfortable food was okay and cabin crew were very friendly and efficient Air Canada processed the promised refund due to us being downgraded We would be okay with flying Omni again but prefer flying on an aircraft with a premium economy cabin,8.0,Positive,Positive,Positive,Positive,Positive,3/3,,Negative
Yemenia,airline,Ian Howarth,2011-04-25,SanaaParis on A Ontime departure in spite of elaborate boarding procedures All pax bussed to aircraft Inflight fine choice of meal and range of nonalcoholic drinks Cabin crew courteous with passable English Economy cabin looked a real mess after meal service  not cleaned Limited inflight entertainment,5.0,Positive,Positive,Positive,Positive,Positive,3/3,,Neutral
Antwerp Deurne,airport,Michael Newport,2005-08-16,Great airport not many flights so no hassle From check in to take off  minutes Car parking also free,0.0,Positive,Positive,Positive,Positive,Positive,3/3,,Neutral
Lugano,airport,Riccardo Cerutti,2008-02-25,LuganoAgno is a little airport maybe the smallest in Switzerland but I think its the most efficient Its commercial says Youll be in the air in  minutes and its the truth I think its a great airport,4.0,Positive,Positive,Positive,Positive,Positive,3/3,,Neutral
Melbourne Avalon,airport,Tim Costello,2012-10-13,Living in Geelong this airport is great  mins from my parents place and traffic is rarely a problem Check in is quick quicker with no bags  check in online the night before stroll through security and a short walk onto the plane Only criticism is that the airport is small  gates and only  bar  cafe and  newsagents Hopefully with the new International terminal theyre cleared to build theyll upgrade the domestic terminal too,9.0,Positive,Positive,Positive,Positive,Positive,3/3,,Neutral
Jacksonville,airport,Matthew Weaver,2023-09-05,The gate agents are great but they might have the most inefficient TSA security checkpoint Ive ever witnessed It took them around  minutes to scan  bags and only one was flagged out of the  They seem to be the only airport where the analogic machines have actually made the security checkpoint slower which is wild considering the technology of those things Everywhere else seems to have competent people to run them,1.0,Positive,Positive,Positive,Positive,Positive,3/3,,Neutral
Colorado Springs,airport,Scott Franks,2016-01-09,Great airport to travel from and return to No great distances to walk easy access to check in counters TSA actually seems to care and think rather than defaulting to lowest level of acceptable service ie  Denver Early morning flights are great as the food court has great breakfast burritos and coffee The only problem seems to be the luggage getting from the plane back to you Once you have your bags the rest of the trip out is a breeze,9.0,Positive,Positive,Positive,Positive,Positive,3/3,,Neutral
Martinair,airline,A Rochard,2008-11-06,YYZAMSYYZ Legroom was okay got the exit row on the way back Food decent for a charter Seat width normal unlike Air Transat they dont squeeze an extra row of seats in I didnt feel the need to upgrade to Economy plus The personal entertainment device portable hard drive with monitor was great Worth the  euro on the day flight back,4.0,Positive,Positive,Positive,Positive,Positive,3/3,,Neutral
Mauritius,airport,S Koh,2023-04-24,Overall a great airport with great facilities and ample outlets to eatdrinkshop The only issue about this airport is the queues at immigration and security which is serious For instance immigration at arrival took  minutes although there were only  people in front of me and this was because only  windows were open for processing,5.0,Positive,Positive,Positive,Positive,Positive,3/3,,Neutral
Palm Springs,airport,J Marshall,2011-10-29,Great little airport Everything in one location  baggage belts next to car hire desks and you walk out into the car park and collect your car Will be my preferred choice now rather than coming in via LAX or SAN and facing a  hour drive,10.0,Positive,Positive,Positive,Positive,Positive,3/3,,Neutral
Orient Thai Airlines,airline,M Sun,2012-11-01,HKGBKK I booked with them because it was the only airline available Check in took  hr in HKG and plane was a  year old B Entertainment was pretty much nothing and seats were the most uncomfortable Ive ever experienced Plane and bathroom were unclean I booked a seat in the upper deck and it was quiet Food was horrible Only good thing was the value because I you pretty much get everything for that cheap price,3.0,Positive,Positive,Positive,Positive,Positive,3/3,,Negative
Richmond,airport,Tim Buntin,2012-02-23,My experiences have always been pleasant Security lines are extremely short and there is a lot of open space Checking in is never a hasslewe have been able to pass by the checkin desk in  minutes or less on the worst of days Bathrooms are clean and theres always a cafe or news store open Delta seems to have the largest concentration of flights at the airport most of them being on their regional affiliates running under Delta Connection Overall the airport is very good clean and friendly,9.0,Positive,Positive,Positive,Positive,Positive,3/3,,Negative
Nashville,airport,S Palen,2023-10-31,Had a great experience Going through security was fast had no wait time They had great local beers on tap and even a smoking section It costs  bucks to enter but considering I havent been in an airport that had one in  years it made the wait SO much better  will layover in,10.0,Positive,Positive,Positive,Positive,Positive,3/3,,Neutral
Air Berlin,airline,Kannan Pazhayedath,2017-09-19,Frankfurt to Berlin our first flight was cancelled but they arranged me other flight Next day I use Air Berlin also this time their service was on time and good service and cabin crew  they are very friendly and helpful I was very happy their service,10.0,Positive,Positive,Positive,Positive,Positive,3/3,,Negative
Thai Airways,airline,81 reviewsRichard Laycock,2025-02-11,First time the flight left on time and even earlier for the first time in  years I thought we were going to be landing way in advance Unfortunately we were then in a holding pattern in Bangkok for mins You win some you loose some It was a ten year old Boeing  The first meal service was lovely the breakfast was poor I didnt eat that The recline on my seat was broke which isnt a deal breaker for me anyway Crew were great I still think they can improve but the convenience is the key with a direct flight,8.0,Positive,Positive,Positive,Positive,Positive,3/3,,Negative
Aalborg,airport,Paul Van Alsten,2011-05-22,AMSAAL and quite satisfied with this regional airport Only a few flights per day so baggage reclaim understandably very quick Bus line  connects with downtown Aalborg every  minutes weekdays but only hourly during the weekend  travel time is  mins and costs DKK Checkin efficient and hasslefree using selfservice kiosks Free Internet computers are available landside  a nice touch Security staff very friendly Boarding area is rather cramped with limited seating  do not go airside too early,5.0,Positive,Positive,Positive,Positive,Positive,3/3,,Negative
Weeze,airport,6 reviewsMax Meijer,2023-07-12,It is an efficiently run small low cost carrier hub As long as you consider it as such it is appropriate and convenient I see it more as a kind of bus stop for airplanes to a limited number of countries Parking is great and affordable an in walking distance to the terminal Guess total distance from car door to plane door is appx  metres Services are limited and foodshops overpriced Big airport prices here on this small airfield Boarding procedures check in and security OK Kind staff,7.0,Positive,Positive,Positive,Positive,Positive,3/3,,Negative
Orient Thai Airlines,airline,M Sun,2012-11-01,HKGBKK I booked with them because it was the only airline available Check in took  hr in HKG and plane was a  year old B Entertainment was pretty much nothing and seats were the most uncomfortable Ive ever experienced Plane and bathroom were unclean I booked a seat in the upper deck and it was quiet Food was horrible Only good thing was the value because I you pretty much get everything for that cheap price,3.0,Positive,Positive,Positive,Positive,Positive,3/3,,Negative
Bremen,airport,9 reviewsD Andrews,2016-10-29,Bremen Airport Terminal E is a big shed with Ryanair inside No doubt noisy in a hail storm its open and breezy Staff efficient Plenty of natural light skylights in the roof The light rail service line  service from the station is great too Beware it does not take credit cards or bank notes over  Euros  functional,3.0,Positive,Positive,Positive,Positive,Positive,3/3,,Negative
Damascus,airport,Ralph Loehner,2009-09-14,It is not the most beautiful airport in the world but not the worst I always found it OK  speed to checkin pass passport control is OK Shopping cheap and wide range of products  VIP Lounge comfortable but old fashioned The information system is getting better and friendliness of officials is good,3.0,Positive,Positive,Positive,Positive,Positive,3/3,,Negative
Doncaster Sheffield,airport,R Heath,2019-05-28,This is a great airport us my wife and self We fly from it twice a year We have just returned from Lanzarote We had no problems at all until we arrived back at  hrs  mins late There was a full plane load of passengers and only  Border Control Officers on duty We were stood in a snakelike queue for nearly half an hour in a room that was like a shed I think that Border Control can do a lot better and should be doing so After saying this we are flying from Doncaster again in Sept,9.0,Positive,Positive,Positive,Positive,Positive,3/3,,Neutral
Myanmar National Airlines,airline,4 reviewsMin Htet,2017-12-08,Yangon to Mandalay Lounge photo and In flight meal photo are added We can access Lounge at Yangon International Airport for all Business Class traveler variety of Breakfast Lounge is located at the rd floor of Yangon International Airport Terminal  for domestic In flight meal is great but simple because it is just a  hour short flight,10.0,Positive,Positive,Positive,Positive,Positive,3/3,,Neutral
Pacific Airlines,airline,M Evans,2023-03-28,Return leg of my round trip Again the great thing about this airline is the departure from Bangkoks main airport rather than the budget terminal across town Check in was done smoothly and boarding is by passenger ramp instead of being bussed about the airfield so is very convenient and quick Flight departed on time and was fairly uneventful Flight arrived  minutes ahead of scheduled time The only let down of the journey was deplaning at Ha Noi was by ground service ramp and bus to the terminal,8.0,Positive,Positive,Positive,Positive,Positive,3/3,,Neutral
Air Tanzania,airline,Kerapetsi Moyo,2024-12-13,Was utterly disappointed with the luggage delay left Dubai on the  December  Today its the th still havent received my luggage and Im supposed to connect to Zimbabwe the inconveniences are expensive on my end hotel stays and having to shop for clothes,3.0,Negative,Negative,Negative,Negative,Negative,3/3,,Neutral
Gdansk,airport,D Diana,2024-07-13,Horrible security staff who went on the power trip Rude unprofessional and very unpleasant person There is no need to act like that Please do better  Other staff members at the check in were fantastic,1.0,Negative,Negative,Negative,Negative,Negative,3/3,,Positive
Jacksonville,airport,Chris Dickmann,2022-12-30,Lousy baggage claim Actually the worst ever  And its consistently bad An hour for the baggage belt to even turn on is completely unacceptable  pitiful,2.0,Negative,Negative,Negative,Negative,Negative,3/3,,Neutral
Air Tanzania,airline,Kerapetsi Moyo,2024-12-13,Was utterly disappointed with the luggage delay left Dubai on the  December  Today its the th still havent received my luggage and Im supposed to connect to Zimbabwe the inconveniences are expensive on my end hotel stays and having to shop for clothes,3.0,Negative,Negative,Negative,Negative,Negative,3/3,,Neutral
Biman Bangladesh Airlines,airline,18 reviewsZiauddin Ahmed,2023-04-19,I was traveling from Bangkok to Dhaka I purchased the one way ticket online from Bangladesh one month back prior my journey and received  discount Ground service was good Food was very poor in quality and taste Entertainment was bad,5.0,Negative,Negative,Negative,Negative,Negative,3/3,,Positive
Malaga,airport,Rak Meghoe,2023-08-30,What a nightmare It starts with the fact that they do not try to speak English and if they can do it its very bad Customs certainly dont know what they are doing  all in all very bad,2.0,Negative,Negative,Negative,Negative,Negative,3/3,,Neutral
Antalya,airport,Ruben Turner,2024-09-01,So expensive Yes I know that airports are known to be expensive but this was astonishingly expensive  euros for a cab of beer The restaurant we ate at was unpleasantly busy and when we finally got our food when we were about to sit down this random woman and came and took our chairs and then other people had to give their chairs to us which quite frankly is disgusting behaviour The queues are massive and the landing from the flight wasnt the best Its a pretty bad airport,2.0,Negative,Negative,Negative,Negative,Negative,3/3,,Positive
Phuket,airport,S Keare,2025-02-09,Almost every very store in the airport I purchased souvenirs was a very unpleasant experience No one smiles they are talking to you like you are a criminal No explanations no thank you They all stand behind the counter like soldiers with uniform and their heads covered Very unpleasant experience We were group of  friends we simply stop shopping after going through  different stores Bad business I would change the system or management to make the experiance more pleasant and exciting for tourist,2.0,Negative,Negative,Negative,Negative,Negative,3/3,,Positive
Alitalia,airline,D Cullus,2021-09-20,Ive never seen such a bad company Rude people No service at all They lost my luggage Well it has been on delivery for the last  days Terrible choice,1.0,Negative,Negative,Negative,Negative,Negative,3/3,,Neutral
Ravn Alaska,airline,Diana Hutt,2015-11-20,I have flown out of Homer  times this year to Anchorage and Ravn Alaska was never on time One time it was so late we missed our connectung flight This is our only choice in Homer If you take that flight make your connecting flights a few hours out and expect a delay Then you wont be dissapointed,5.0,Negative,Negative,Negative,Negative,Negative,3/3,,Neutral
Lynx Air,airline,Pieternella Toering,2024-02-19,Have flown Lynx at least  times in the last  years and Im done Never again Apart from the endless delays spent one time  hours waiting for my flight to leave without any compensation whatsoever the fact that you now get charged for a backpack is ridiculous It is no longer a low cost airline if you start adding every thing up plus the ridiculous flying times Going back to the traditional airlines Certainly a lot less hassle,1.0,Negative,Negative,Negative,Negative,Negative,3/3,,Neutral
Sal,airport,Michael Hew,2023-02-26,Almost a shambles Wait an hour a half for boarding pass  to check in luggage a further hour through customs  flights going out only two desks open then a further  minutes in passport control So badly managed and very badly understaffed,2.0,Negative,Negative,Negative,Negative,Negative,3/3,,Neutral
Jacksonville,airport,Chris Dickmann,2022-12-30,Lousy baggage claim Actually the worst ever  And its consistently bad An hour for the baggage belt to even turn on is completely unacceptable  pitiful,2.0,Negative,Negative,Negative,Negative,Negative,3/3,,Neutral
Central Mountain Air,airline,M Robinson,2024-01-31,Brutal airline Will never fly again or recommend them Over  day delay on my flight down to Vancouver with  trips to airport because they failed to contact me No compensation of courseI mean why would they Now on flight home same thing No warning no heads up nothing Again now sitting around Airport for hours and this is not a weather thing either Again no compensation I WILL NEVER GET ON ANOTHER CMA FLIGHT AGAIN Paid a premium for service without getting the service Hope this airline gets shutdown,2.0,Negative,Negative,Negative,Negative,Negative,3/3,,Positive
Lynx Air,airline,Pieternella Toering,2024-02-19,Have flown Lynx at least  times in the last  years and Im done Never again Apart from the endless delays spent one time  hours waiting for my flight to leave without any compensation whatsoever the fact that you now get charged for a backpack is ridiculous It is no longer a low cost airline if you start adding every thing up plus the ridiculous flying times Going back to the traditional airlines Certainly a lot less hassle,1.0,Negative,Negative,Negative,Negative,Negative,3/3,,Neutral
Bratislava,airport,T Calidis,2022-05-27,Avoid this airport The police in this airport is the rudest I have ever encountered  Please dont call it an international airport The Slovak police is dangerous,1.0,Negative,Negative,Negative,Negative,Negative,3/3,,Neutral
San Diego,airport,Nelson Garcia,2024-03-04,Connected thru SAN on my way to HNL The terminal is so small and crowded that one has to exit to baggage claim and reenter thru TSA check in order to change gates Once I made it to the gate area it looked like a refugee crisis Each gate only had  seats and there were  gates arrange in a circle around a restaurant I stood for an hour of my  hour layover I would recommend not reentering thru TSA until the last minute I thought LGA and PHL were bad this is worse,1.0,Negative,Negative,Negative,Negative,Negative,3/3,,Positive
Central Mountain Air,airline,M Robinson,2024-01-31,Brutal airline Will never fly again or recommend them Over  day delay on my flight down to Vancouver with  trips to airport because they failed to contact me No compensation of courseI mean why would they Now on flight home same thing No warning no heads up nothing Again now sitting around Airport for hours and this is not a weather thing either Again no compensation I WILL NEVER GET ON ANOTHER CMA FLIGHT AGAIN Paid a premium for service without getting the service Hope this airline gets shutdown,2.0,Negative,Negative,Negative,Negative,Negative,3/3,,Positive
Alitalia,airline,D Cullus,2021-09-20,Ive never seen such a bad company Rude people No service at all They lost my luggage Well it has been on delivery for the last  days Terrible choice,1.0,Negative,Negative,Negative,Negative,Negative,3/3,,Neutral
San Diego,airport,Nelson Garcia,2024-03-04,Connected thru SAN on my way to HNL The terminal is so small and crowded that one has to exit to baggage claim and reenter thru TSA check in order to change gates Once I made it to the gate area it looked like a refugee crisis Each gate only had  seats and there were  gates arrange in a circle around a restaurant I stood for an hour of my  hour layover I would recommend not reentering thru TSA until the last minute I thought LGA and PHL were bad this is worse,1.0,Negative,Negative,Negative,Negative,Negative,3/3,,Positive
Sal,airport,Michael Hew,2023-02-26,Almost a shambles Wait an hour a half for boarding pass  to check in luggage a further hour through customs  flights going out only two desks open then a further  minutes in passport control So badly managed and very badly understaffed,2.0,Negative,Negative,Negative,Negative,Negative,3/3,,Neutral
Biman Bangladesh Airlines,airline,18 reviewsZiauddin Ahmed,2023-04-19,I was traveling from Bangkok to Dhaka I purchased the one way ticket online from Bangladesh one month back prior my journey and received  discount Ground service was good Food was very poor in quality and taste Entertainment was bad,5.0,Negative,Negative,Negative,Negative,Negative,3/3,,Positive
Volotea,airline,E Malesa,2025-03-24,A very decent company The service is up to par for a very reasonable price No delays on this Lille Barcelona Lille line which I used several times this year Une compagnie trs correcte Le service est  la hauteur pour un prix trs raisonnable  Pas de retard pour ce qui est de cette ligne lille Barcelone lille utilise plusieurs fois cette anne,10.0,Negative,Negative,Negative,Negative,Negative,3/3,,Neutral
Germanwings,airline,Karen Kirner,2016-08-16,I have been a frequent traveler for  years and have flown every distance and cabin from first class to budget Yet I have never been treated as badly as on todays Germanwings flight from Dsseldorf to Vienna The purser was outright cruel,1.0,Negative,Negative,Negative,Negative,Negative,3/3,,Neutral
Jetblue Airways,airline,J Merson,2025-03-17,Having a delay is one thing But keep us informed when you do have a delay Sitting for over  hours while the intended flight crew goes to another airport They cobbled together a flight crew hours later We do get an apology as we waited even longer in the plane This discount experience wasnt worth it Next time Ill wait a few days and take Breeze Im tired of JetBlue taking its customers for granted Maybe offer us a drink for our hours long inconvenience I doubt it I just hope we get home,1.0,Negative,Negative,Negative,Negative,Negative,3/3,,Neutral
Jetblue Airways,airline,J Merson,2025-03-17,Having a delay is one thing But keep us informed when you do have a delay Sitting for over  hours while the intended flight crew goes to another airport They cobbled together a flight crew hours later We do get an apology as we waited even longer in the plane This discount experience wasnt worth it Next time Ill wait a few days and take Breeze Im tired of JetBlue taking its customers for granted Maybe offer us a drink for our hours long inconvenience I doubt it I just hope we get home,1.0,Negative,Negative,Negative,Negative,Negative,3/3,,Neutral
Phuket,airport,S Keare,2025-02-09,Almost every very store in the airport I purchased souvenirs was a very unpleasant experience No one smiles they are talking to you like you are a criminal No explanations no thank you They all stand behind the counter like soldiers with uniform and their heads covered Very unpleasant experience We were group of  friends we simply stop shopping after going through  different stores Bad business I would change the system or management to make the experiance more pleasant and exciting for tourist,2.0,Negative,Negative,Negative,Negative,Negative,3/3,,Positive
Avianca Ecuador,airline,S Sal,2025-02-17,We had a total delay of  hours Were about to take off and somehow we come back to parking spot because the airplane is too heavy so they can remove some luggage Ridiculous I cant believe this is happening Never ever agin with this airline,1.0,Negative,Negative,Negative,Negative,Negative,3/3,,Neutral
Ravn Alaska,airline,Diana Hutt,2015-11-20,I have flown out of Homer  times this year to Anchorage and Ravn Alaska was never on time One time it was so late we missed our connectung flight This is our only choice in Homer If you take that flight make your connecting flights a few hours out and expect a delay Then you wont be dissapointed,5.0,Negative,Negative,Negative,Negative,Negative,3/3,,Neutral
Antalya,airport,Ruben Turner,2024-09-01,So expensive Yes I know that airports are known to be expensive but this was astonishingly expensive  euros for a cab of beer The restaurant we ate at was unpleasantly busy and when we finally got our food when we were about to sit down this random woman and came and took our chairs and then other people had to give their chairs to us which quite frankly is disgusting behaviour The queues are massive and the landing from the flight wasnt the best Its a pretty bad airport,2.0,Negative,Negative,Negative,Negative,Negative,3/3,,Positive
Avianca Ecuador,airline,S Sal,2025-02-17,We had a total delay of  hours Were about to take off and somehow we come back to parking spot because the airplane is too heavy so they can remove some luggage Ridiculous I cant believe this is happening Never ever agin with this airline,1.0,Negative,Negative,Negative,Negative,Negative,3/3,,Neutral
Germanwings,airline,Karen Kirner,2016-08-16,I have been a frequent traveler for  years and have flown every distance and cabin from first class to budget Yet I have never been treated as badly as on todays Germanwings flight from Dsseldorf to Vienna The purser was outright cruel,1.0,Negative,Negative,Negative,Negative,Negative,3/3,,Neutral
Bratislava,airport,T Calidis,2022-05-27,Avoid this airport The police in this airport is the rudest I have ever encountered  Please dont call it an international airport The Slovak police is dangerous,1.0,Negative,Negative,Negative,Negative,Negative,3/3,,Neutral
Kalamata,airport,Simon Phillips,2023-04-22,Shambolic Small regional airport convenient for Messina but badly run Despite being only flight to arrive passport control took over an hour On departure we arrived  hours early and stood queuing for Checkin security and finally passport control for  hours  minutes Others were further back in the queue and so we took off  hour later than scheduled Never again,2.0,Negative,Negative,Negative,Negative,Negative,3/3,,Neutral
Kalamata,airport,Simon Phillips,2023-04-22,Shambolic Small regional airport convenient for Messina but badly run Despite being only flight to arrive passport control took over an hour On departure we arrived  hours early and stood queuing for Checkin security and finally passport control for  hours  minutes Others were further back in the queue and so we took off  hour later than scheduled Never again,2.0,Negative,Negative,Negative,Negative,Negative,3/3,,Neutral
Volotea,airline,E Malesa,2025-03-24,A very decent company The service is up to par for a very reasonable price No delays on this Lille Barcelona Lille line which I used several times this year Une compagnie trs correcte Le service est  la hauteur pour un prix trs raisonnable  Pas de retard pour ce qui est de cette ligne lille Barcelone lille utilise plusieurs fois cette anne,10.0,Negative,Negative,Negative,Negative,Negative,3/3,,Neutral
Gdansk,airport,D Diana,2024-07-13,Horrible security staff who went on the power trip Rude unprofessional and very unpleasant person There is no need to act like that Please do better  Other staff members at the check in were fantastic,1.0,Negative,Negative,Negative,Negative,Negative,3/3,,Positive
Malaga,airport,Rak Meghoe,2023-08-30,What a nightmare It starts with the fact that they do not try to speak English and if they can do it its very bad Customs certainly dont know what they are doing  all in all very bad,2.0,Negative,Negative,Negative,Negative,Negative,3/3,,Neutral
Unknown,General,Anonymous,,1. The flight with Delta Airlines was satisfactory. The seats were comfortable but the legroom was a bit cramped. In-flight entertainment was adequate.,,,,,,Neutral,Generated,synthetic,Positive
Unknown,General,Anonymous,,12. Airline I had a standard check-in process. The staff was polite and the flight itself was uneventful.,,,,,,Neutral,Generated,synthetic,Positive
Unknown,General,Anonymous,,"17. ""The flight with Airline N had decent legroom and comfortable seats. The meal options were limited.""",,,,,,Neutral,Generated,synthetic,Positive
Unknown,General,Anonymous,,"17. The flight with Aer Lingus was on time, the cabin was clean but the seats were a bit uncomfortable for a long flight.",,,,,,Neutral,Generated,synthetic,Positive
Unknown,General,Anonymous,,2. British Airways offered a standard service. The seats were comfortable enough for a long-haul flight and in-flight entertainment was decent.,,,,,,Neutral,Generated,synthetic,Positive
Unknown,General,Anonymous,,"20. ""Airline T's flight left and arrived on time. The meal service was basic and the cabin was maintained at a comfortable temperature.""",,,,,,Neutral,Generated,synthetic,Positive
Unknown,General,Anonymous,,20. The Etihad Airways flight was satisfactory. The seats were comfortable and the in-flight entertainment was decent.,,,,,,Neutral,Generated,synthetic,Positive
Unknown,General,Anonymous,,"5. ""The Lufthansa flight was acceptable. The airplane was clean and the flight landed right on schedule.""",,,,,,Neutral,Generated,synthetic,Positive
Unknown,General,Anonymous,,"18. ""Airline O's flight was tolerable. The seats were not very comfortable but the staff was friendly.""",,,,,,Neutral,Generated,synthetic,Positive
Unknown,General,Anonymous,,"2. ""Airline Y's customer service was commendable. The flight was a bit delayed but they kept us informed throughout.""",,,,,,Neutral,Generated,synthetic,Negative
Unknown,General,Anonymous,,"18. ""Turkish Airlines offers a standard service. The food was fine and the flight was comfortable enough.""",,,,,,Neutral,Generated,synthetic,Positive
Unknown,General,Anonymous,,"11. ""Airline K offered a satisfactory flight experience. The food was okay, and the seating was comfortable enough.""",,,,,,Neutral,Generated,synthetic,Positive
Unknown,General,Anonymous,,15. The KLM flight was fine. The seats were comfortable enough for a short haul flight.,,,,,,Neutral,Generated,synthetic,Positive
Unknown,General,Anonymous,,7. The baggage handling on Airline D was acceptable with no issues. The flight attendants were polite and the flight was mostly smooth.,,,,,,Neutral,Generated,synthetic,Positive
Unknown,General,Anonymous,,"11. ""Turkish Airlines' flight was quite normal. Comfortable seats, acceptable food, nothing too impressive.""",,,,,,Neutral,Generated,synthetic,Positive
Unknown,General,Anonymous,,"2. Flew with United Airlines recently. The cabin crew was polite and professional. However, the food could have been better.",,,,,,Neutral,Generated,synthetic,Positive
Unknown,General,Anonymous,,"8. ""The seats on Airline E's flight were comfortable enough for a short haul. The cabin crew was cordial.""",,,,,,Neutral,Generated,synthetic,Positive
Unknown,General,Anonymous,,8. The flight with Emirates was typical. The staff was friendly and the flight landed on time. The food was average.,,,,,,Neutral,Generated,synthetic,Positive
Unknown,General,Anonymous,,"4. ""Airline A's cabin was clean and maintained. The entertainment options were satisfactory, but not extensive.""",,,,,,Neutral,Generated,synthetic,Positive
Unknown,General,Anonymous,,"17. ""The flight with Spirit Airlines was typical. The seats were a bit cramped but the crew was friendly.""",,,,,,Neutral,Generated,synthetic,Negative
Unknown,General,Anonymous,,9. Ryanair offered a no-frills service. The flight was on time and the crew was friendly enough.,,,,,,Neutral,Generated,synthetic,Positive
Unknown,General,Anonymous,,17. My flight with Airline N was fine. The seats were fairly comfortable and the food was average.,,,,,,Neutral,Generated,synthetic,Positive
Unknown,General,Anonymous,,7. Airline D offered a comfortable flight experience. The snacks provided were not up to the mark though.,,,,,,Neutral,Generated,synthetic,Positive
Unknown,General,Anonymous,,"20. My flight on Norwegian Air was typical. The plane was clean and the flight was smooth, but the legroom was slightly limited.",,,,,,Neutral,Generated,synthetic,Positive
Unknown,General,Anonymous,,"4. ""Air Canada provided a clean cabin and on-time departure. The meal was average.""",,,,,,Neutral,Generated,synthetic,Positive
Unknown,General,Anonymous,,"6. ""Emirates provided a standard flight experience with no major issues. The cabin was clean and the in-flight entertainment was satisfactory.""",,,,,,Neutral,Generated,synthetic,Positive
Unknown,General,Anonymous,,"13. ""The boarding process with Airline J was a bit slow. The flight was comfortable with a decent meal.""",,,,,,Neutral,Generated,synthetic,Positive
Unknown,General,Anonymous,,8. The seating on the British Airways flight was a bit cramped but tolerable. The crew was responsive to requests.,,,,,,Neutral,Generated,synthetic,Negative
Unknown,General,Anonymous,,"14. ""Ryanair offered a standard low-cost flight experience. The seats were not the most comfortable but acceptable for the short flight.""",,,,,,Neutral,Generated,synthetic,Positive
Unknown,General,Anonymous,,"15. The customer service of Airline L was helpful in resolving queries, but the waiting time on the call was long.",,,,,,Neutral,Generated,synthetic,Positive
Unknown,General,Anonymous,,11. My flight with Airline H was average. The seats were comfortable but the in-flight entertainment was limited.,,,,,,Neutral,Generated,synthetic,Positive
Unknown,General,Anonymous,,"3. ""My flight with Airline Z was as expected. The seats were somewhat comfortable and the entertainment options were diverse.""",,,,,,Neutral,Generated,synthetic,Positive
Unknown,General,Anonymous,,4. The flight with American Airlines was standard. Seats were comfortable but could use a bit more legroom.,,,,,,Neutral,Generated,synthetic,Positive
Unknown,General,Anonymous,,"5. ""Virgin Atlantic provided a comfortable flight. The meals were satisfactory and the cabin crew was polite.""",,,,,,Neutral,Generated,synthetic,Positive
Unknown,General,Anonymous,,"16. ""EasyJet provided a decent flight. The seats were a bit cramped but the flight was on time.""",,,,,,Neutral,Generated,synthetic,Negative
Unknown,General,Anonymous,,15. Flew with Airline O and the seats were reasonably comfortable. The flight was slightly delayed but the communication was good.,,,,,,Neutral,Generated,synthetic,Negative
Unknown,General,Anonymous,,"2. ""JetBlue offers a fairly comfortable ride. The legroom was decent, and the snack options were standard.""",,,,,,Neutral,Generated,synthetic,Positive
Unknown,General,Anonymous,,20. The flight with Singapore Airlines was alright. The food was good and the cabin crew was professional.,,,,,,Neutral,Generated,synthetic,Positive
Unknown,General,Anonymous,,"11. ""The flight with Airline H was typical. The crew was polite and the plane was clean.""",,,,,,Neutral,Generated,synthetic,Positive
Unknown,General,Anonymous,,15. The United Airlines flight was standard. The seats were moderately comfortable and the crew was courteous.,,,,,,Neutral,Generated,synthetic,Positive
Unknown,General,Anonymous,,"3. Flew with Airline Z recently. The flight was slightly delayed but overall, it was a smooth journey.",,,,,,Neutral,Generated,synthetic,Negative
Unknown,General,Anonymous,,"18. ""Airline O's flight was satisfactory with a friendly crew. The seat comfort was average.""",,,,,,Neutral,Generated,synthetic,Positive
Unknown,General,Anonymous,,"7. ""Airline D's staff were polite and did their best to accommodate passenger requests.""",,,,,,Neutral,Generated,synthetic,Positive
Unknown,General,Anonymous,,"16. My flight with Airline P was satisfactory. The airplane was clean and the staff was polite, but the layover was a bit long.",,,,,,Neutral,Generated,synthetic,Positive
Unknown,General,Anonymous,,"3. ""Air Canada's economy class seating was comfortable enough for a short haul flight. The cabin temperature was a bit too cold for my liking.""",,,,,,Neutral,Generated,synthetic,Positive
Unknown,General,Anonymous,,"14. ""Singapore Airlines offers a good service. The seats were reasonably comfortable and the food was edible.""",,,,,,Neutral,Generated,synthetic,Positive
Unknown,General,Anonymous,,"18. The service on Singapore Airlines was adequate. The food was good and the cabin was clean, but the in-flight service was a bit slow.",,,,,,Neutral,Generated,synthetic,Positive
Unknown,General,Anonymous,,"17. ""The trip on Airline N was normal. The cabin crew were polite and the flight landed on time.""",,,,,,Neutral,Generated,synthetic,Positive
Unknown,General,Anonymous,,6. Qantas Airways provided a standard service. The check-in was efficient and the flight was comfortable enough.,,,,,,Neutral,Generated,synthetic,Positive
Unknown,General,Anonymous,,"19. Airline P's flight had a clean cabin and friendly staff, but the entertainment system was outdated.",,,,,,Neutral,Generated,synthetic,Positive
Unknown,General,Anonymous,,"5. ""Airline B's flight was typical. The food was edible, nothing impressive but not bad either.""",,,,,,Neutral,Generated,synthetic,Negative
Unknown,General,Anonymous,,16. The flight with Etihad was as expected. The in-flight entertainment was good but the food was just okay.,,,,,,Neutral,Generated,synthetic,Positive
Unknown,General,Anonymous,,"5. ""Our flight on Airline B was ordinary, with a friendly enough crew. The inflight Wi-Fi was a bit slow.""",,,,,,Neutral,Generated,synthetic,Positive
Unknown,General,Anonymous,,"8. Airline E provided a comfortable flight with enough space, however, the temperature in the cabin was a little cold.",,,,,,Neutral,Generated,synthetic,Positive
Unknown,General,Anonymous,,15. Flew with Airline L this week. The flight was a bit crowded but the cabin crew managed it well.,,,,,,Neutral,Generated,synthetic,Negative
Unknown,General,Anonymous,,"3. ""Airline C's services met my expectations. The leg room was just enough for a comfortable journey.""",,,,,,Neutral,Generated,synthetic,Positive
Unknown,General,Anonymous,,"5. Had a standard experience with American Airlines. The crew was polite and the flight was smooth, although the in-flight amenities were only average.",,,,,,Neutral,Generated,synthetic,Positive
Unknown,General,Anonymous,,"2. ""Airline B offers a comfortable flight experience with ample legroom. However, the in-flight entertainment could use an update.""",,,,,,Neutral,Generated,synthetic,Positive
Unknown,General,Anonymous,,"16. ""My flight with Airline M was alright. The cabin was clean and the food was satisfactory.""",,,,,,Neutral,Generated,synthetic,Positive
Unknown,General,Anonymous,,"12. ""The Ryanair flight was decent. The plane was clean and the staff was professional.""",,,,,,Neutral,Generated,synthetic,Positive
Unknown,General,Anonymous,,7. Airline G's seats were a bit narrow but manageable for a short flight. The crew was polite and attentive.,,,,,,Neutral,Generated,synthetic,Positive
Unknown,General,Anonymous,,10. Airline G's check-in process was quick and efficient. The seats were comfortable but the in-flight service was average.,,,,,,Neutral,Generated,synthetic,Positive
Unknown,General,Anonymous,,"15. ""KLM Royal Dutch Airlines' flight was punctual. The cabin was clean but the in-flight entertainment could use more variety.""",,,,,,Neutral,Generated,synthetic,Positive
Unknown,General,Anonymous,,"19. ""Airline P's flight was as expected. The seats were comfortable enough for the long flight.""",,,,,,Neutral,Generated,synthetic,Positive
Unknown,General,Anonymous,,"4. ""Airline A's seats were reasonably comfortable for a short-haul flight. No significant complaints.""",,,,,,Neutral,Generated,synthetic,Positive
Unknown,General,Anonymous,,"2. ""JetBlue provided a comfortable flying experience. The in-flight entertainment was fairly good with a nice variety of options.""",,,,,,Neutral,Generated,synthetic,Positive
Unknown,General,Anonymous,,5. The flight with Emirates to Dubai was fairly comfortable. The meals served were of good quality.,,,,,,Neutral,Generated,synthetic,Positive
Unknown,General,Anonymous,,9. Flew with Lufthansa from Frankfurt to Munich. The plane was clean and the flight crew was professional.,,,,,,Neutral,Generated,synthetic,Positive
Unknown,General,Anonymous,,"8. ""My experience with Airline H was standard. The economy seating was somewhat cramped but manageable for a short flight.""",,,,,,Neutral,Generated,synthetic,Negative
Unknown,General,Anonymous,,"15. My journey with Qantas was standard. The seats were comfortable and the staff was friendly. The food options could have been better, though.",,,,,,Neutral,Generated,synthetic,Positive
Unknown,General,Anonymous,,"15. ""The flight with Etihad Airways was standard. The seats were comfortable enough and the meal service was okay.""",,,,,,Neutral,Generated,synthetic,Positive
Unknown,General,Anonymous,,"8. ""My flight with Airline E was just fine. The plane was clean and the crew was attentive.""",,,,,,Neutral,Generated,synthetic,Positive
Unknown,General,Anonymous,,9. My journey with Singapore Airlines was average. The seat was comfortable and the meal was acceptable.,,,,,,Neutral,Generated,synthetic,Positive
Unknown,General,Anonymous,,13. Airline J's service was acceptable. The crew was polite and the flight was on schedule.,,,,,,Neutral,Generated,synthetic,Positive
Unknown,General,Anonymous,,"20. ""Airline Q's flight was comfortable with professional cabin crew. The entertainment options were satisfactory, but not extensive.""",,,,,,Neutral,Generated,synthetic,Positive
Unknown,General,Anonymous,,"3. On my flight with Airline C, the in-flight entertainment had a good variety of movies. The seats were fairly comfortable.",,,,,,Neutral,Generated,synthetic,Positive
Unknown,General,Anonymous,,18. Aer Lingus provided a standard service for my recent flight. The cabin was clean and the staff was friendly.,,,,,,Neutral,Generated,synthetic,Positive
Unknown,General,Anonymous,,"6. ""Airline F's flight attendants were friendly and attentive. The plane was clean but the in-flight entertainment system was outdated.""",,,,,,Neutral,Generated,synthetic,Positive
Unknown,General,Anonymous,,13. The seats on Air France were comfortable enough for a short-haul flight. The service was efficient and the food was average.,,,,,,Neutral,Generated,synthetic,Positive
Unknown,General,Anonymous,,11. Airline H's flight was moderately comfortable. The check-in process was a bit slow but the flight was on time.,,,,,,Neutral,Generated,synthetic,Negative
Unknown,General,Anonymous,,"2. ""Air Canada provided a satisfactory service on my recent trip. The plane was clean and the in-flight entertainment was up-to-date.""",,,,,,Neutral,Generated,synthetic,Positive
Unknown,General,Anonymous,,"5. Southwest Airlines had clean planes and the attendants were professional. The WiFi was a bit slow, however.",,,,,,Neutral,Generated,synthetic,Positive
Unknown,General,Anonymous,,7. My flight with Virgin Atlantic was fine. The seats were comfortable enough for a long haul flight. The in-flight entertainment was okay.,,,,,,Neutral,Generated,synthetic,Positive
Unknown,General,Anonymous,,4. My flight with Qatar Airways was fine. The cabin crew was polite and the food was decent.,,,,,,Neutral,Generated,synthetic,Positive
Unknown,General,Anonymous,,"1. ""Flight was on time with Delta airlines. The seating was a bit cramped but manageable. Snacks were standard.""",,,,,,Neutral,Generated,synthetic,Negative
Unknown,General,Anonymous,,19. My journey with Aer Lingus was standard. The cabin was clean and the flight attendants were professional.,,,,,,Neutral,Generated,synthetic,Positive
Unknown,General,Anonymous,,13. The staff on Airline J were friendly and professional. The legroom was a bit limited for a long-haul flight.,,,,,,Neutral,Generated,synthetic,Positive
Unknown,General,Anonymous,,"4. ""American Airlines provided a reasonable service. The legroom was somewhat cramped but the food served was quite tasty.""",,,,,,Neutral,Generated,synthetic,Negative
Unknown,General,Anonymous,,"6. ""Air France provided a comfortable flight experience. The legroom was sufficient, and the flight departed on schedule.""",,,,,,Neutral,Generated,synthetic,Positive
Unknown,General,Anonymous,,"2. United Airlines was comfortable enough for the long flight. The in-flight entertainment could use some updates, but the food was decent.",,,,,,Neutral,Generated,synthetic,Positive
Unknown,General,Anonymous,,18. My flight with Cathay Pacific was average. The seats were comfortable but the cabin temperature fluctuated quite a bit.,,,,,,Neutral,Generated,synthetic,Positive
Unknown,General,Anonymous,,"5. ""The Lufthansa flight was fairly comfortable with adequate legroom. The food could have been better, but the service was efficient.""",,,,,,Neutral,Generated,synthetic,Positive
Unknown,General,Anonymous,,"8. JetBlue's service was standard, with comfortable enough seating. The flight left and arrived as scheduled.",,,,,,Neutral,Generated,synthetic,Positive
Unknown,General,Anonymous,,"19. ""Cathay Pacific provides a good service. The seats could have been more comfortable, but the in-flight entertainment was good.""",,,,,,Neutral,Generated,synthetic,Positive
Unknown,General,Anonymous,,"7. ""The flight with Emirates was average. The seat was comfortable and the food was okay.""",,,,,,Neutral,Generated,synthetic,Positive
Unknown,General,Anonymous,,"8. ""Qatar Airways offered a good selection of movies for in-flight entertainment. The food was average.""",,,,,,Neutral,Generated,synthetic,Positive
Unknown,General,Anonymous,,"1. ""The flight was satisfactory with Delta Airlines. Seats were comfortable enough for the long-haul flight and the meal service was timely.""",,,,,,Neutral,Generated,synthetic,Positive
Unknown,General,Anonymous,,3. I found my experience with Virgin Atlantic to be average. The cabin crew was polite and the flight was mostly on time.,,,,,,Neutral,Generated,synthetic,Positive
Unknown,General,Anonymous,,"9. ""Airline F delivered an ordinary flying experience. There was a good selection of movies and the flight was punctual.""",,,,,,Neutral,Generated,synthetic,Positive
Unknown,General,Anonymous,,14. Ryanair offered a cost-effective service. The seats were a bit cramped but the flight was on time.,,,,,,Neutral,Generated,synthetic,Negative
Unknown,General,Anonymous,,"8. ""Flew with Virgin Atlantic from New York to London. The plane was clean and the staff was quite friendly. The meals were nothing special.""",,,,,,Neutral,Generated,synthetic,Positive
Unknown,General,Anonymous,,"6. ""On my flight with Airline C, the cabin was comfortable enough. The food could have been better.""",,,,,,Neutral,Generated,synthetic,Positive
Unknown,General,Anonymous,,15. Airline O offered an average service. The seats were comfortable enough but the meal options were not very diverse.,,,,,,Neutral,Generated,synthetic,Positive
Unknown,General,Anonymous,,"17. The flight with Airline N was comfortable enough, with fairly decent service from the crew.",,,,,,Neutral,Generated,synthetic,Positive
Unknown,General,Anonymous,,"2. ""United Airlines' in-flight entertainment was adequate, with a good selection of movies. The food, however, was just average.""",,,,,,Neutral,Generated,synthetic,Positive
Unknown,General,Anonymous,,"4. I was comfortable during my flight with American Airlines. The flight attendants were friendly, and the in-flight entertainment was decent.",,,,,,Neutral,Generated,synthetic,Positive
Unknown,General,Anonymous,,14. The flight with Cathay Pacific was satisfactory. The cabin was clean and the in-flight meals were up to the mark.,,,,,,Neutral,Generated,synthetic,Positive
Unknown,General,Anonymous,,"14. The flight with Cathay Pacific was average, the staff was polite but the in-flight entertainment was a bit outdated.",,,,,,Neutral,Generated,synthetic,Positive
Unknown,General,Anonymous,,"14. ""Flown with Airline K, the cabin was clean and the flight was on time. The food was average with limited drink options.""",,,,,,Neutral,Generated,synthetic,Positive
Unknown,General,Anonymous,,14. Airline K's flight was on schedule and the cabin crew was friendly. The baggage claim process was a bit slow but manageable.,,,,,,Neutral,Generated,synthetic,Negative
Unknown,General,Anonymous,,4. The seats on Delta Airlines were reasonably comfortable for a long-haul flight. The cabin crew were professional and attentive.,,,,,,Neutral,Generated,synthetic,Positive
Unknown,General,Anonymous,,"6. ""Southwest Airlines offered a basic, no-frills flight experience. The seats were reasonably comfortable for the price.""",,,,,,Neutral,Generated,synthetic,Positive
Unknown,General,Anonymous,,"16. ""Aeroflot's service was pretty standard. The flight was punctual, and the staff was professional. The plane was clean but a bit cramped.""",,,,,,Neutral,Generated,synthetic,Positive
Unknown,General,Anonymous,,"13. Singapore Airlines: The plane was clean and the service was efficient, but the in-flight entertainment could use more variety.",,,,,,Neutral,Generated,synthetic,Positive
Unknown,General,Anonymous,,"15. ""The cabin crew on Airline L's flight was polite and professional. The food, however, could use some improvement.""",,,,,,Neutral,Generated,synthetic,Positive
Unknown,General,Anonymous,,"10. Qantas: The overall flight experience was average, with a comfortable seat and acceptable service.",,,,,,Neutral,Generated,synthetic,Positive
Unknown,General,Anonymous,,"11. ""EasyJet provided a typical low-cost service. The plane was clean and the flight was on time.""",,,,,,Neutral,Generated,synthetic,Positive
Unknown,General,Anonymous,,4. Southwest Airlines offered a smooth check-in process. The flight was pleasant with minimal turbulence.,,,,,,Neutral,Generated,synthetic,Positive
Unknown,General,Anonymous,,"17. The KLM flight was acceptable. The cabin was clean and the flight was on time, although the in-flight entertainment system was a bit outdated.",,,,,,Neutral,Generated,synthetic,Positive
Unknown,General,Anonymous,,1. I had a satisfactory journey with Air Canada. The seating was comfortable and the food was acceptable.,,,,,,Neutral,Generated,synthetic,Positive
Unknown,General,Anonymous,,18. The Aer Lingus flight was average. The seats were comfortable enough and the flight was punctual.,,,,,,Neutral,Generated,synthetic,Positive
Unknown,General,Anonymous,,"16. The Virgin Atlantic flight was as expected. The cabin was clean and the staff was friendly, but the legroom was a bit limited.",,,,,,Neutral,Generated,synthetic,Positive
Unknown,General,Anonymous,,4. Lufthansa's flight was overall up to the mark. The seats were comfortable but the food could use some improvement.,,,,,,Neutral,Generated,synthetic,Positive
Unknown,General,Anonymous,,16. My flight with Air India was fine. The cabin was clean and the flight departed on time. The food was average.,,,,,,Neutral,Generated,synthetic,Positive
Unknown,General,Anonymous,,17. My flight on Turkish Airlines was average. The seats were comfortable and the food was decent.,,,,,,Neutral,Generated,synthetic,Positive
Unknown,General,Anonymous,,"7. ""Singapore Airlines has a clean cabin environment, although the cabin crew could be more responsive.""",,,,,,Neutral,Generated,synthetic,Positive
Unknown,General,Anonymous,,13. The restrooms on Airline J's flight were kept clean but could have been restocked more frequently.,,,,,,Neutral,Generated,synthetic,Positive
Unknown,General,Anonymous,,7. The Lufthansa flight was on time and the food was acceptable. The in-flight entertainment had a good variety.,,,,,,Neutral,Generated,synthetic,Positive
Unknown,General,Anonymous,,"10. Airline J provided a comfortable journey. The boarding process was smooth, but the food options were limited.",,,,,,Neutral,Generated,synthetic,Positive
Unknown,General,Anonymous,,4. Airline A's seats were sufficiently comfortable for a short-haul flight. The snack provided was satisfactory.,,,,,,Neutral,Generated,synthetic,Positive
Unknown,General,Anonymous,,5. Airline E's flight was mildly delayed but the communication from the crew was clear. The food served was decent.,,,,,,Neutral,Generated,synthetic,Negative
Unknown,General,Anonymous,,7. Airline D provided a standard flying experience. The cabin crew was polite and the plane was clean.,,,,,,Neutral,Generated,synthetic,Positive
Unknown,General,Anonymous,,"6. Lufthansa's flight was comfortable, the cabin was clean and the staff was polite, although the in-flight entertainment needs an update.",,,,,,Neutral,Generated,synthetic,Positive
Unknown,General,Anonymous,,1. The overall flight with Air Canada was average. The staff was polite and the seats were fairly comfortable. Food options could have been better.,,,,,,Neutral,Generated,synthetic,Positive
Unknown,General,Anonymous,,10. Airline G had a good range of in-flight movies. The food could use some improvement though.,,,,,,Neutral,Generated,synthetic,Positive
Unknown,General,Anonymous,,"11. Flight was delayed with Airline H, but they kept passengers informed. The food and drink service was prompt.",,,,,,Neutral,Generated,synthetic,Negative
Unknown,General,Anonymous,,9. Airline F provided an acceptable service. The Wi-Fi was a bit slow but the flight itself was on time.,,,,,,Neutral,Generated,synthetic,Negative
Unknown,General,Anonymous,,"1. The flight with American Airlines was uneventful, the staff was courteous and the seats were comfortable enough for a short flight.",,,,,,Neutral,Generated,synthetic,Positive
Unknown,General,Anonymous,,"19. ""The Iberia flight was fine. The food was average and the seats were comfortable enough for the journey.""",,,,,,Neutral,Generated,synthetic,Positive
Unknown,General,Anonymous,,"9. ""Airline F's flight was just fine. The seats were moderately comfortable and the meal was average.""",,,,,,Neutral,Generated,synthetic,Positive
Unknown,General,Anonymous,,"8. ""Airline E's service was up to par, with clean cabins and punctual departure. However, the meal portions were quite small.""",,,,,,Neutral,Generated,synthetic,Positive
Unknown,General,Anonymous,,"3. ""Emirates offers a good in-flight entertainment system. The food could be better, but it's fine for an airline meal.""",,,,,,Neutral,Generated,synthetic,Positive
Unknown,General,Anonymous,,"10. ""I had a normal experience with Airline G. The cabin was a bit crowded but the service was professional.""",,,,,,Neutral,Generated,synthetic,Negative
Unknown,General,Anonymous,,"4. My trip with British Airways was generally good. The seats were clean and comfortable, but the in-flight WiFi was slow.",,,,,,Neutral,Generated,synthetic,Positive
Unknown,General,Anonymous,,"3. I had a usual experience with Delta Airlines. The cabin was clean and the flight staff was professional. The legroom was a bit cramped, though.",,,,,,Neutral,Generated,synthetic,Positive
Unknown,General,Anonymous,,18. The flight with Qatar Airways was standard. The cabin was clean and the in-flight services were okay.,,,,,,Neutral,Generated,synthetic,Positive
Unknown,General,Anonymous,,"16. ""The flight with Airline M was standard. The cabin was clean and the flight left on time.""",,,,,,Neutral,Generated,synthetic,Positive
Unknown,General,Anonymous,,"17. ""The flight with British Airways was satisfactory. The cabin was clean and the crew was efficient.""",,,,,,Neutral,Generated,synthetic,Positive
Unknown,General,Anonymous,,"1. ""The flight was pretty standard with American Airlines. The seats were comfortable enough for a short flight, and the staff was polite.""",,,,,,Neutral,Generated,synthetic,Positive
Unknown,General,Anonymous,,"20. The flight with Virgin Atlantic was okay. The cabin crew was friendly, but the seats were a bit cramped and the in-flight entertainment selection could be improved.",,,,,,Neutral,Generated,synthetic,Negative
Unknown,General,Anonymous,,6. Emirates provided a fairly comfortable journey. The food was alright and the cabin crew was attentive.,,,,,,Neutral,Generated,synthetic,Positive
Unknown,General,Anonymous,,10. Airline G's seating was comfortable with ample legroom but the in-flight Wi-Fi was spotty.,,,,,,Neutral,Generated,synthetic,Positive
Unknown,General,Anonymous,,12. The Turkish Airlines flight was standard. The plane was clean and the in-flight service was adequate.,,,,,,Neutral,Generated,synthetic,Positive
Unknown,General,Anonymous,,6. My flight with Emirates was standard. The seats were comfortable but the food was nothing extraordinary.,,,,,,Neutral,Generated,synthetic,Positive
Unknown,General,Anonymous,,"7. ""The Air France flight was average with usual service and facilities. The flight attendants were polite and the flight was punctual.""",,,,,,Neutral,Generated,synthetic,Positive
Unknown,General,Anonymous,,5. Airline B's flight was punctual and the boarding process was well organized. The in-flight meal was not exceptional but was satisfactory.,,,,,,Neutral,Generated,synthetic,Positive
Unknown,General,Anonymous,,"10. I travelled with Qatar Airways. The flight departed and arrived as scheduled, the seats were comfortable enough, and the food was average.",,,,,,Neutral,Generated,synthetic,Positive
Unknown,General,Anonymous,,"3. Emirates offered a good selection of in-flight entertainment. The food was typical airplane fare, nothing exceptional.",,,,,,Neutral,Generated,synthetic,Positive
Unknown,General,Anonymous,,2. Airline Y had friendly staff and clean planes. The food was average for airline fare.,,,,,,Neutral,Generated,synthetic,Positive
Unknown,General,Anonymous,,1. Airline X provided a satisfactory flight experience. The cabin was clean and the check-in process was straightforward.,,,,,,Neutral,Generated,synthetic,Positive
Unknown,General,Anonymous,,"4. Southwest Airlines: The free checked bag policy is a nice perk, but the flight was a bit delayed.",,,,,,Neutral,Generated,synthetic,Positive
Unknown,General,Anonymous,,"9. ""Airline I's flight was acceptable. The cabin crew was polite but the in-flight services were nothing out of the ordinary.""",,,,,,Neutral,Generated,synthetic,Positive
Unknown,General,Anonymous,,"12. ""Lufthansa's service was efficient. The flight was relatively comfortable and the in-flight meals were average.""",,,,,,Neutral,Generated,synthetic,Positive
Unknown,General,Anonymous,,"11. ""Virgin Atlantic provides a comfortable in-flight experience. The food is average, but the service is good.""",,,,,,Neutral,Generated,synthetic,Positive
Unknown,General,Anonymous,,15. Etihad Airways: The seat was comfortable and the staff was professional. The in-flight entertainment was average.,,,,,,Neutral,Generated,synthetic,Positive
Unknown,General,Anonymous,,1. The flight was on time with Delta Airlines. The crew was friendly and the seats were satisfactory.,,,,,,Neutral,Generated,synthetic,Positive
Unknown,General,Anonymous,,"10. ""Air France's flight was on time, which is always a good start. The in-flight service was unremarkable but efficient.""",,,,,,Neutral,Generated,synthetic,Positive
Unknown,General,Anonymous,,"9. ""Airline I's flight was reasonably comfortable with adequate legroom. The selection of in-flight movies was decent.""",,,,,,Neutral,Generated,synthetic,Positive
Unknown,General,Anonymous,,1. The flight with Airline X was satisfactory. The seats were comfortable and the flight departed on time.,,,,,,Neutral,Generated,synthetic,Positive
Unknown,General,Anonymous,,"9. ""Qatar Airways has a comfortable cabin. The in-flight entertainment could use an upgrade, but overall it was a standard flight.""",,,,,,Neutral,Generated,synthetic,Positive
Unknown,General,Anonymous,,"10. ""American Airlines offers a standard service. The cabin crew was polite and the plane was clean.""",,,,,,Neutral,Generated,synthetic,Positive
Unknown,General,Anonymous,,3. JetBlue: The plane was clean and the seats were comfortable enough for the long journey.,,,,,,Neutral,Generated,synthetic,Positive
Unknown,General,Anonymous,,"5. Airline B's in-flight entertainment had a good variety, but the headphones provided were of average quality.",,,,,,Neutral,Generated,synthetic,Positive
Unknown,General,Anonymous,,"11. I recently flew with United Airlines. The flight was on time and the cabin was clean; however, the food was nothing special.",,,,,,Neutral,Generated,synthetic,Positive
Unknown,General,Anonymous,,16. My journey with Airline M was standard. The plane was clean and the service was acceptable.,,,,,,Neutral,Generated,synthetic,Positive
Unknown,General,Anonymous,,20. Airline Q's service was acceptable. The seats were comfortable enough and the crew was professional.,,,,,,Neutral,Generated,synthetic,Positive
Unknown,General,Anonymous,,2. The service on United Airlines was as expected. The food was average and the in-flight entertainment had a good variety.,,,,,,Neutral,Generated,synthetic,Positive
Unknown,General,Anonymous,,"13. The Southwest Airlines flight was average. The seats were comfortable enough, but the in-flight entertainment options were limited.",,,,,,Neutral,Generated,synthetic,Positive
Unknown,General,Anonymous,,"5. Delta Air Lines provided a good service, their in-flight Wi-Fi was a nice touch but it was a bit slow at times.",,,,,,Neutral,Generated,synthetic,Positive
Unknown,General,Anonymous,,"1. The flight with Air Canada was overall acceptable, the staff were polite and the airplane was clean. Food quality could be improved.",,,,,,Neutral,Generated,synthetic,Positive
Unknown,General,Anonymous,,2. Airline Y offered a comfortable flight but could use some updates on their in-flight entertainment system.,,,,,,Neutral,Generated,synthetic,Positive
Unknown,General,Anonymous,,"12. My experience with Singapore Airlines was typical. The cabin crew was polite and the plane was clean, but the food was just average.",,,,,,Neutral,Generated,synthetic,Positive
Unknown,General,Anonymous,,"14. ""Air New Zealand's service was adequate. The seats were comfortable enough for a long-haul flight. The food was standard.""",,,,,,Neutral,Generated,synthetic,Positive
Unknown,General,Anonymous,,"9. Air Canada's flight was typical. Seats were comfortable enough, and the in-flight entertainment was reasonably good.",,,,,,Neutral,Generated,synthetic,Positive
Unknown,General,Anonymous,,5. Delta Airlines provided a typical flying experience. The cabin was clean and the flight staff was attentive.,,,,,,Neutral,Generated,synthetic,Positive
Unknown,General,Anonymous,,"5. My Qantas flight was acceptable. The aircraft was a bit older, but the crew made the journey pleasant enough.",,,,,,Neutral,Generated,synthetic,Positive
Unknown,General,Anonymous,,"16. ""Airline M's staff were polite and the flight was comfortable. However, the in-flight meal could have been better.""",,,,,,Neutral,Generated,synthetic,Positive
Unknown,General,Anonymous,,6. My flight with Alaska Airlines was satisfactory. The cabin was clean and the crew was polite.,,,,,,Neutral,Generated,synthetic,Positive
Unknown,General,Anonymous,,"16. With Airline M, the boarding process was a bit slow but overall the flight was fine and landed on time.",,,,,,Neutral,Generated,synthetic,Negative
Unknown,General,Anonymous,,"4. ""I flew with Airline A. The seats were quite comfortable but the cabin was a bit chilly.""",,,,,,Neutral,Generated,synthetic,Positive
Unknown,General,Anonymous,,"15. ""Airline L offered a decent flying experience. The seats were comfortable and the flight was on time.""",,,,,,Neutral,Generated,synthetic,Positive
Unknown,General,Anonymous,,"9. ""Emirates provided a satisfactory service. The seats were comfortable enough and the in-flight meal was okay.""",,,,,,Neutral,Generated,synthetic,Positive
Unknown,General,Anonymous,,7. The flight with Airline D was comfortable enough. The in-flight movie selection was decent.,,,,,,Neutral,Generated,synthetic,Positive
Unknown,General,Anonymous,,7. My flight with Qatar Airways was fine. The aircraft was clean but the food was just average.,,,,,,Neutral,Generated,synthetic,Positive
Unknown,General,Anonymous,,"3. My flight with Southwest was routine. Comfortable seats, and the crew was professional.",,,,,,Neutral,Generated,synthetic,Positive
Unknown,General,Anonymous,,"10. ""The flight with Air France was decent. The food served was average and the seats were comfortable enough for the short journey.""",,,,,,Neutral,Generated,synthetic,Positive
Unknown,General,Anonymous,,19. My trip with Airline P was typical. The seats were comfortable enough for a short haul flight.,,,,,,Neutral,Generated,synthetic,Positive
Unknown,General,Anonymous,,5. Airline B's flight was pretty standard. The staff was professional and the seats were comfortable enough.,,,,,,Neutral,Generated,synthetic,Positive
Unknown,General,Anonymous,,"14. ""My experience with Airline K was ordinary. The flight was a bit noisy but the staff was friendly.""",,,,,,Neutral,Generated,synthetic,Negative
Unknown,General,Anonymous,,8. Air France's service was standard. The cabin was clean and the in-flight meal was satisfactory.,,,,,,Neutral,Generated,synthetic,Positive
Unknown,General,Anonymous,,"13. ""The Turkish Airlines flight was uneventful. The seats were comfortable and the service was routine.""",,,,,,Neutral,Generated,synthetic,Positive
Unknown,General,Anonymous,,"8. ""My Southwest Airlines flight was on time. The seats were a bit cramped but the cabin crew was friendly and attentive.""",,,,,,Neutral,Generated,synthetic,Negative
Unknown,General,Anonymous,,"9. ""The staff on Airline F were polite, though not particularly warm. The seats were comfortable enough for the long flight.""",,,,,,Neutral,Generated,synthetic,Positive
Unknown,General,Anonymous,,19. KLM: The plane was clean and the in-flight entertainment was satisfactory. The food was standard airline fare.,,,,,,Neutral,Generated,synthetic,Positive
Unknown,General,Anonymous,,13. My experience with Airline J was typical. The cabin was clean and the flight departed on time.,,,,,,Neutral,Generated,synthetic,Positive
Unknown,General,Anonymous,,"20. ""The flight with Qantas from Sydney to LA was comfortable. The staff was professional, and the in-flight entertainment was decent. The meal service was a bit slow though.""",,,,,,Neutral,Generated,synthetic,Negative
Unknown,General,Anonymous,,19. Airline P's baggage handling was efficient. The in-flight entertainment system had a good variety of options.,,,,,,Neutral,Generated,synthetic,Positive
Unknown,General,Anonymous,,5. Had a standard flight with Airline B. The cabin was clean and the boarding process was efficient.,,,,,,Neutral,Generated,synthetic,Positive
Unknown,General,Anonymous,,12. The flight with Virgin Atlantic was satisfactory. The plane was clean and the flight departed and arrived as scheduled.,,,,,,Neutral,Generated,synthetic,Positive
Unknown,General,Anonymous,,2. The flight with Airline Y was unremarkable. The staff were polite and did their job efficiently.,,,,,,Neutral,Generated,synthetic,Positive
Unknown,General,Anonymous,,"16. The flight on Aer Lingus was quite average. The staff was friendly and the flight was smooth, but the food served was unremarkable.",,,,,,Neutral,Generated,synthetic,Positive
Unknown,General,Anonymous,,17. The KLM flight to Amsterdam was decent. The seats were comfortable enough and the in-flight meal was acceptable.,,,,,,Neutral,Generated,synthetic,Positive
Unknown,General,Anonymous,,"2. ""Airline Y provided a decent service. The staff were polite and the plane was clean.""",,,,,,Neutral,Generated,synthetic,Positive
Unknown,General,Anonymous,,"10. Air France's flight was fine. The staff was polite and the legroom was adequate, but the food was just okay.",,,,,,Neutral,Generated,synthetic,Positive
Unknown,General,Anonymous,,"18. ""The Virgin Atlantic flight was satisfactory. The airplane was clean and the in-flight entertainment options were decent.""",,,,,,Neutral,Generated,synthetic,Positive
Unknown,General,Anonymous,,"3. ""The Air France flight was comfortable enough. Crew members were polite, and the legroom was satisfactory.""",,,,,,Neutral,Generated,synthetic,Positive
Unknown,General,Anonymous,,1. The flight with Airline X was average. The seating was comfortable enough and the cabin crew was polite.,,,,,,Neutral,Generated,synthetic,Positive
Unknown,General,Anonymous,,8. My experience with Spirit Airlines was fairly basic. The seats were a bit cramped but the flight was cost-effective.,,,,,,Neutral,Generated,synthetic,Negative
Unknown,General,Anonymous,,15. The boarding process with Airline L was efficient. The flight itself was comfortable enough for a short journey.,,,,,,Neutral,Generated,synthetic,Positive
Unknown,General,Anonymous,,"7. ""Qatar Airways provided a comfortable journey. The seats were pretty average, but the crew members were attentive.""",,,,,,Neutral,Generated,synthetic,Positive
Unknown,General,Anonymous,,"5. ""Airline B provided an average experience. The staff was friendly and the flight was smooth.""",,,,,,Neutral,Generated,synthetic,Positive
Unknown,General,Anonymous,,6. My journey with Airline F was generally smooth. The seat was comfortable enough for a short haul flight.,,,,,,Neutral,Generated,synthetic,Positive
Unknown,General,Anonymous,,"1. ""Delta Airlines provides a pretty standard service. The cabin crew is friendly and the seats are reasonably comfortable.""",,,,,,Neutral,Generated,synthetic,Positive
Unknown,General,Anonymous,,"1. ""Airline X had friendly staff and the flight was on time. The in-flight meal was average.""",,,,,,Neutral,Generated,synthetic,Positive
Unknown,General,Anonymous,,4. The Lufthansa flight was clean and the in-flight service was up to expectations. No significant issues to report.,,,,,,Neutral,Generated,synthetic,Positive
Unknown,General,Anonymous,,"7. ""The boarding process with Airline D was organized. The flight was a bit delayed but overall, the experience was okay.""",,,,,,Neutral,Generated,synthetic,Negative
Unknown,General,Anonymous,,"11. ""Emirates' cabin crew were polite and helpful. The in-flight meals were typical airline food.""",,,,,,Neutral,Generated,synthetic,Positive
Unknown,General,Anonymous,,15. Spirit Airlines offered a basic service. The plane was clean and the flight departed on time.,,,,,,Neutral,Generated,synthetic,Positive
Unknown,General,Anonymous,,"17. ""The overall experience with Airline N was OK. The flight was slightly delayed but the boarding process was smooth.""",,,,,,Neutral,Generated,synthetic,Negative
Unknown,General,Anonymous,,"1. The flight on Air Canada was satisfactory. The plane was clean and the service was efficient, nothing out of the ordinary.",,,,,,Neutral,Generated,synthetic,Positive
Unknown,General,Anonymous,,"14. Turkish Airlines: The flight was quite comfortable and the staff was courteous. However, the meal options could be improved.",,,,,,Neutral,Generated,synthetic,Positive
Unknown,General,Anonymous,,10. Turkish Airlines provided a satisfactory service on my recent flight. The cabin crew was friendly and the in-flight entertainment had a good variety.,,,,,,Neutral,Generated,synthetic,Positive
Unknown,General,Anonymous,,"9. On my flight with Airline I, the cabin was clean and the boarding process was well-organized.",,,,,,Neutral,Generated,synthetic,Positive
Unknown,General,Anonymous,,12. Airline I's business class lounge was decent with a good range of snacks and beverages. The WiFi on the flight was average.,,,,,,Neutral,Generated,synthetic,Positive
Unknown,General,Anonymous,,7. Air France's flight from Paris to Rome was average. The staff was helpful and the food was acceptable.,,,,,,Neutral,Generated,synthetic,Positive
Unknown,General,Anonymous,,"2. ""American Airlines offers basic amenities, with relatively comfortable seating and average in-flight food.""",,,,,,Neutral,Generated,synthetic,Positive
Unknown,General,Anonymous,,"1. ""Flight was on time with Delta Airlines and the service was satisfactory. The food was decent and the seating was comfortable enough for a short haul flight.""",,,,,,Neutral,Generated,synthetic,Positive
,,,,I had an extremely bad experience with this company. They charged me extra fees without explanation.,,,,,,Negative,,,Neutral
,,,,This was the worst experience ever. The product didn't match the description at all.,,,,,,Negative,,,Neutral
,,,,The quality of the product was horrible. It broke within a day!,,,,,,Negative,,,Neutral
,,,,The quality of the product was horrible. It broke within a day!,,,,,,Negative,,,Neutral
,,,,I can't believe how bad this product is. It's completely useless.,,,,,,Negative,,,Neutral
,,,,This service was absolutely terrible. I had to wait for hours and no one seemed to care.,,,,,,Negative,,,Neutral
,,,,I can't believe how bad this product is. It's completely useless.,,,,,,Negative,,,Neutral
,,,,I can't believe how bad this product is. It's completely useless.,,,,,,Negative,,,Neutral
,,,,This service was absolutely terrible. I had to wait for hours and no one seemed to care.,,,,,,Negative,,,Neutral
,,,,The quality of the product was horrible. It broke within a day!,,,,,,Negative,,,Neutral
,,,,This was the worst experience ever. The product didn't match the description at all.,,,,,,Negative,,,Neutral
,,,,They failed to deliver my order on time and didn't even apologize.,,,,,,Negative,,,Neutral
,,,,"The service was incredibly slow, and the staff was rude. Definitely not coming back.",,,,,,Negative,,,Neutral
,,,,This was the worst experience ever. The product didn't match the description at all.,,,,,,Negative,,,Neutral
,,,,This service was absolutely terrible. I had to wait for hours and no one seemed to care.,,,,,,Negative,,,Neutral
,,,,"The service was incredibly slow, and the staff was rude. Definitely not coming back.",,,,,,Negative,,,Neutral
,,,,They failed to deliver my order on time and didn't even apologize.,,,,,,Negative,,,Neutral
,,,,I am really disappointed with this purchase. It doesn't work as advertised.,,,,,,Negative,,,Neutral
,,,,I can't believe how bad this product is. It's completely useless.,,,,,,Negative,,,Neutral
,,,,I can't believe how bad this product is. It's completely useless.,,,,,,Negative,,,Neutral
,,,,This was the worst experience ever. The product didn't match the description at all.,,,,,,Negative,,,Neutral
,,,,I had an extremely bad experience with this company. They charged me extra fees without explanation.,,,,,,Negative,,,Neutral
,,,,I had an extremely bad experience with this company. They charged me extra fees without explanation.,,,,,,Negative,,,Neutral
,,,,"The service was incredibly slow, and the staff was rude. Definitely not coming back.",,,,,,Negative,,,Neutral
,,,,I can't believe how bad this product is. It's completely useless.,,,,,,Negative,,,Neutral
,,,,The quality of the product was horrible. It broke within a day!,,,,,,Negative,,,Neutral
,,,,This service was absolutely terrible. I had to wait for hours and no one seemed to care.,,,,,,Negative,,,Neutral
,,,,This was the worst experience ever. The product didn't match the description at all.,,,,,,Negative,,,Neutral
,,,,I am really disappointed with this purchase. It doesn't work as advertised.,,,,,,Negative,,,Neutral
,,,,I can't believe how bad this product is. It's completely useless.,,,,,,Negative,,,Neutral
,,,,They failed to deliver my order on time and didn't even apologize.,,,,,,Negative,,,Neutral
,,,,I am really disappointed with this purchase. It doesn't work as advertised.,,,,,,Negative,,,Neutral
,,,,The quality of the product was horrible. It broke within a day!,,,,,,Negative,,,Neutral
,,,,I can't believe how bad this product is. It's completely useless.,,,,,,Negative,,,Neutral
,,,,"The service was incredibly slow, and the staff was rude. Definitely not coming back.",,,,,,Negative,,,Neutral
,,,,I am really disappointed with this purchase. It doesn't work as advertised.,,,,,,Negative,,,Neutral
,,,,I am really disappointed with this purchase. It doesn't work as advertised.,,,,,,Negative,,,Neutral
,,,,I can't believe how bad this product is. It's completely useless.,,,,,,Negative,,,Neutral
,,,,The quality of the product was horrible. It broke within a day!,,,,,,Negative,,,Neutral
,,,,They failed to deliver my order on time and didn't even apologize.,,,,,,Negative,,,Neutral
,,,,This service was absolutely terrible. I had to wait for hours and no one seemed to care.,,,,,,Negative,,,Neutral
,,,,I am really disappointed with this purchase. It doesn't work as advertised.,,,,,,Negative,,,Neutral
,,,,They failed to deliver my order on time and didn't even apologize.,,,,,,Negative,,,Neutral
,,,,They failed to deliver my order on time and didn't even apologize.,,,,,,Negative,,,Neutral
,,,,I had an extremely bad experience with this company. They charged me extra fees without explanation.,,,,,,Negative,,,Neutral
,,,,I had an extremely bad experience with this company. They charged me extra fees without explanation.,,,,,,Negative,,,Neutral
,,,,I can't believe how bad this product is. It's completely useless.,,,,,,Negative,,,Neutral
,,,,I had an extremely bad experience with this company. They charged me extra fees without explanation.,,,,,,Negative,,,Neutral
,,,,I had an extremely bad experience with this company. They charged me extra fees without explanation.,,,,,,Negative,,,Neutral
,,,,The quality of the product was horrible. It broke within a day!,,,,,,Negative,,,Neutral
,,,,I am really disappointed with this purchase. It doesn't work as advertised.,,,,,,Negative,,,Neutral
,,,,"The service was incredibly slow, and the staff was rude. Definitely not coming back.",,,,,,Negative,,,Neutral
,,,,"The service was incredibly slow, and the staff was rude. Definitely not coming back.",,,,,,Negative,,,Neutral
,,,,The quality of the product was horrible. It broke within a day!,,,,,,Negative,,,Neutral
,,,,This service was absolutely terrible. I had to wait for hours and no one seemed to care.,,,,,,Negative,,,Neutral
,,,,The quality of the product was horrible. It broke within a day!,,,,,,Negative,,,Neutral
,,,,"The service was incredibly slow, and the staff was rude. Definitely not coming back.",,,,,,Negative,,,Neutral
,,,,This service was absolutely terrible. I had to wait for hours and no one seemed to care.,,,,,,Negative,,,Neutral
,,,,I had an extremely bad experience with this company. They charged me extra fees without explanation.,,,,,,Negative,,,Neutral
,,,,I am really disappointed with this purchase. It doesn't work as advertised.,,,,,,Negative,,,Neutral
,,,,They failed to deliver my order on time and didn't even apologize.,,,,,,Negative,,,Neutral
,,,,I can't believe how bad this product is. It's completely useless.,,,,,,Negative,,,Neutral
,,,,This service was absolutely terrible. I had to wait for hours and no one seemed to care.,,,,,,Negative,,,Neutral
,,,,I can't believe how bad this product is. It's completely useless.,,,,,,Negative,,,Neutral
,,,,I am really disappointed with this purchase. It doesn't work as advertised.,,,,,,Negative,,,Neutral
,,,,I had an extremely bad experience with this company. They charged me extra fees without explanation.,,,,,,Negative,,,Neutral
,,,,This was the worst experience ever. The product didn't match the description at all.,,,,,,Negative,,,Neutral
,,,,They failed to deliver my order on time and didn't even apologize.,,,,,,Negative,,,Neutral
,,,,I can't believe how bad this product is. It's completely useless.,,,,,,Negative,,,Neutral
,,,,The quality of the product was horrible. It broke within a day!,,,,,,Negative,,,Neutral
,,,,This was the worst experience ever. The product didn't match the description at all.,,,,,,Negative,,,Neutral
,,,,I had an extremely bad experience with this company. They charged me extra fees without explanation.,,,,,,Negative,,,Neutral
,,,,They failed to deliver my order on time and didn't even apologize.,,,,,,Negative,,,Neutral
,,,,This service was absolutely terrible. I had to wait for hours and no one seemed to care.,,,,,,Negative,,,Neutral
,,,,I am really disappointed with this purchase. It doesn't work as advertised.,,,,,,Negative,,,Neutral
,,,,"The service was incredibly slow, and the staff was rude. Definitely not coming back.",,,,,,Negative,,,Neutral
,,,,I am really disappointed with this purchase. It doesn't work as advertised.,,,,,,Negative,,,Neutral
,,,,They failed to deliver my order on time and didn't even apologize.,,,,,,Negative,,,Neutral
,,,,I had an extremely bad experience with this company. They charged me extra fees without explanation.,,,,,,Negative,,,Neutral
,,,,This was the worst experience ever. The product didn't match the description at all.,,,,,,Negative,,,Neutral
,,,,I had an extremely bad experience with this company. They charged me extra fees without explanation.,,,,,,Negative,,,Neutral
,,,,"The service was incredibly slow, and the staff was rude. Definitely not coming back.",,,,,,Negative,,,Neutral
,,,,I had an extremely bad experience with this company. They charged me extra fees without explanation.,,,,,,Negative,,,Neutral
,,,,This was the worst experience ever. The product didn't match the description at all.,,,,,,Negative,,,Neutral
,,,,This was the worst experience ever. The product didn't match the description at all.,,,,,,Negative,,,Neutral
,,,,The quality of the product was horrible. It broke within a day!,,,,,,Negative,,,Neutral
,,,,The quality of the product was horrible. It broke within a day!,,,,,,Negative,,,Neutral
,,,,They failed to deliver my order on time and didn't even apologize.,,,,,,Negative,,,Neutral
,,,,I can't believe how bad this product is. It's completely useless.,,,,,,Negative,,,Neutral
,,,,They failed to deliver my order on time and didn't even apologize.,,,,,,Negative,,,Neutral
,,,,This service was absolutely terrible. I had to wait for hours and no one seemed to care.,,,,,,Negative,,,Neutral
,,,,This was the worst experience ever. The product didn't match the description at all.,,,,,,Negative,,,Neutral
,,,,I am really disappointed with this purchase. It doesn't work as advertised.,,,,,,Negative,,,Neutral
,,,,I had an extremely bad experience with this company. They charged me extra fees without explanation.,,,,,,Negative,,,Neutral
,,,,This service was absolutely terrible. I had to wait for hours and no one seemed to care.,,,,,,Negative,,,Neutral
,,,,They failed to deliver my order on time and didn't even apologize.,,,,,,Negative,,,Neutral
,,,,"The service was incredibly slow, and the staff was rude. Definitely not coming back.",,,,,,Negative,,,Neutral
,,,,This was the worst experience ever. The product didn't match the description at all.,,,,,,Negative,,,Neutral
,,,,"The service was incredibly slow, and the staff was rude. Definitely not coming back.",,,,,,Negative,,,Neutral
,,,,They failed to deliver my order on time and didn't even apologize.,,,,,,Negative,,,Neutral
,,,,This was the worst experience ever. The product didn't match the description at all.,,,,,,Negative,,,Neutral
,,,,I had an extremely bad experience with this company. They charged me extra fees without explanation.,,,,,,Negative,,,Neutral
,,,,I had an extremely bad experience with this company. They charged me extra fees without explanation.,,,,,,Negative,,,Neutral
,,,,They failed to deliver my order on time and didn't even apologize.,,,,,,Negative,,,Neutral
,,,,"The service was incredibly slow, and the staff was rude. Definitely not coming back.",,,,,,Negative,,,Neutral
,,,,The quality of the product was horrible. It broke within a day!,,,,,,Negative,,,Neutral
,,,,I am really disappointed with this purchase. It doesn't work as advertised.,,,,,,Negative,,,Neutral
,,,,"The service was incredibly slow, and the staff was rude. Definitely not coming back.",,,,,,Negative,,,Neutral
,,,,"The service was incredibly slow, and the staff was rude. Definitely not coming back.",,,,,,Negative,,,Neutral
,,,,I can't believe how bad this product is. It's completely useless.,,,,,,Negative,,,Neutral
,,,,"The service was incredibly slow, and the staff was rude. Definitely not coming back.",,,,,,Negative,,,Neutral
,,,,I can't believe how bad this product is. It's completely useless.,,,,,,Negative,,,Neutral
,,,,"The service was incredibly slow, and the staff was rude. Definitely not coming back.",,,,,,Negative,,,Neutral
,,,,I am really disappointed with this purchase. It doesn't work as advertised.,,,,,,Negative,,,Neutral
,,,,I had an extremely bad experience with this company. They charged me extra fees without explanation.,,,,,,Negative,,,Neutral
,,,,They failed to deliver my order on time and didn't even apologize.,,,,,,Negative,,,Neutral
,,,,"The service was incredibly slow, and the staff was rude. Definitely not coming back.",,,,,,Negative,,,Neutral
,,,,They failed to deliver my order on time and didn't even apologize.,,,,,,Negative,,,Neutral
,,,,The quality of the product was horrible. It broke within a day!,,,,,,Negative,,,Neutral
,,,,They failed to deliver my order on time and didn't even apologize.,,,,,,Negative,,,Neutral
,,,,I am really disappointed with this purchase. It doesn't work as advertised.,,,,,,Negative,,,Neutral
,,,,I had an extremely bad experience with this company. They charged me extra fees without explanation.,,,,,,Negative,,,Neutral
,,,,"The service was incredibly slow, and the staff was rude. Definitely not coming back.",,,,,,Negative,,,Neutral
,,,,The quality of the product was horrible. It broke within a day!,,,,,,Negative,,,Neutral
,,,,They failed to deliver my order on time and didn't even apologize.,,,,,,Negative,,,Neutral
,,,,This service was absolutely terrible. I had to wait for hours and no one seemed to care.,,,,,,Negative,,,Neutral
,,,,I had an extremely bad experience with this company. They charged me extra fees without explanation.,,,,,,Negative,,,Neutral
,,,,I can't believe how bad this product is. It's completely useless.,,,,,,Negative,,,Neutral
,,,,"The service was incredibly slow, and the staff was rude. Definitely not coming back.",,,,,,Negative,,,Neutral
,,,,I can't believe how bad this product is. It's completely useless.,,,,,,Negative,,,Neutral
,,,,They failed to deliver my order on time and didn't even apologize.,,,,,,Negative,,,Neutral
,,,,They failed to deliver my order on time and didn't even apologize.,,,,,,Negative,,,Neutral
,,,,"The service was incredibly slow, and the staff was rude. Definitely not coming back.",,,,,,Negative,,,Neutral
,,,,"The service was incredibly slow, and the staff was rude. Definitely not coming back.",,,,,,Negative,,,Neutral
,,,,This was the worst experience ever. The product didn't match the description at all.,,,,,,Negative,,,Neutral
,,,,The quality of the product was horrible. It broke within a day!,,,,,,Negative,,,Neutral
,,,,I had an extremely bad experience with this company. They charged me extra fees without explanation.,,,,,,Negative,,,Neutral
,,,,I am really disappointed with this purchase. It doesn't work as advertised.,,,,,,Negative,,,Neutral
,,,,This service was absolutely terrible. I had to wait for hours and no one seemed to care.,,,,,,Negative,,,Neutral
,,,,I am really disappointed with this purchase. It doesn't work as advertised.,,,,,,Negative,,,Neutral
,,,,They failed to deliver my order on time and didn't even apologize.,,,,,,Negative,,,Neutral
,,,,I can't believe how bad this product is. It's completely useless.,,,,,,Negative,,,Neutral
,,,,"The service was incredibly slow, and the staff was rude. Definitely not coming back.",,,,,,Negative,,,Neutral
,,,,They failed to deliver my order on time and didn't even apologize.,,,,,,Negative,,,Neutral
,,,,This was the worst experience ever. The product didn't match the description at all.,,,,,,Negative,,,Neutral
,,,,"The service was incredibly slow, and the staff was rude. Definitely not coming back.",,,,,,Negative,,,Neutral
,,,,This was the worst experience ever. The product didn't match the description at all.,,,,,,Negative,,,Neutral
,,,,This was the worst experience ever. The product didn't match the description at all.,,,,,,Negative,,,Neutral
,,,,I am really disappointed with this purchase. It doesn't work as advertised.,,,,,,Negative,,,Neutral
,,,,I am really disappointed with this purchase. It doesn't work as advertised.,,,,,,Negative,,,Neutral
,,,,I had an extremely bad experience with this company. They charged me extra fees without explanation.,,,,,,Negative,,,Neutral
,,,,The quality of the product was horrible. It broke within a day!,,,,,,Negative,,,Neutral
,,,,I can't believe how bad this product is. It's completely useless.,,,,,,Negative,,,Neutral
,,,,They failed to deliver my order on time and didn't even apologize.,,,,,,Negative,,,Neutral
,,,,The quality of the product was horrible. It broke within a day!,,,,,,Negative,,,Neutral
,,,,They failed to deliver my order on time and didn't even apologize.,,,,,,Negative,,,Neutral
,,,,I can't believe how bad this product is. It's completely useless.,,,,,,Negative,,,Neutral
,,,,This service was absolutely terrible. I had to wait for hours and no one seemed to care.,,,,,,Negative,,,Neutral
,,,,This service was absolutely terrible. I had to wait for hours and no one seemed to care.,,,,,,Negative,,,Neutral
,,,,I had an extremely bad experience with this company. They charged me extra fees without explanation.,,,,,,Negative,,,Neutral
,,,,I can't believe how bad this product is. It's completely useless.,,,,,,Negative,,,Neutral
,,,,I can't believe how bad this product is. It's completely useless.,,,,,,Negative,,,Neutral
,,,,I had an extremely bad experience with this company. They charged me extra fees without explanation.,,,,,,Negative,,,Neutral
,,,,This service was absolutely terrible. I had to wait for hours and no one seemed to care.,,,,,,Negative,,,Neutral
,,,,They failed to deliver my order on time and didn't even apologize.,,,,,,Negative,,,Neutral
,,,,I can't believe how bad this product is. It's completely useless.,,,,,,Negative,,,Neutral
,,,,I am really disappointed with this purchase. It doesn't work as advertised.,,,,,,Negative,,,Neutral
,,,,They failed to deliver my order on time and didn't even apologize.,,,,,,Negative,,,Neutral
,,,,The quality of the product was horrible. It broke within a day!,,,,,,Negative,,,Neutral
,,,,The quality of the product was horrible. It broke within a day!,,,,,,Negative,,,Neutral
,,,,I am really disappointed with this purchase. It doesn't work as advertised.,,,,,,Negative,,,Neutral
,,,,The quality of the product was horrible. It broke within a day!,,,,,,Negative,,,Neutral
,,,,They failed to deliver my order on time and didn't even apologize.,,,,,,Negative,,,Neutral
,,,,They failed to deliver my order on time and didn't even apologize.,,,,,,Negative,,,Neutral
,,,,This was the worst experience ever. The product didn't match the description at all.,,,,,,Negative,,,Neutral
,,,,They failed to deliver my order on time and didn't even apologize.,,,,,,Negative,,,Neutral
,,,,They failed to deliver my order on time and didn't even apologize.,,,,,,Negative,,,Neutral
,,,,This was the worst experience ever. The product didn't match the description at all.,,,,,,Negative,,,Neutral
,,,,This was the worst experience ever. The product didn't match the description at all.,,,,,,Negative,,,Neutral
,,,,"The service was incredibly slow, and the staff was rude. Definitely not coming back.",,,,,,Negative,,,Neutral
,,,,I can't believe how bad this product is. It's completely useless.,,,,,,Negative,,,Neutral
,,,,"The service was incredibly slow, and the staff was rude. Definitely not coming back.",,,,,,Negative,,,Neutral
,,,,"The service was incredibly slow, and the staff was rude. Definitely not coming back.",,,,,,Negative,,,Neutral
,,,,"The service was incredibly slow, and the staff was rude. Definitely not coming back.",,,,,,Negative,,,Neutral
,,,,They failed to deliver my order on time and didn't even apologize.,,,,,,Negative,,,Neutral
,,,,I am really disappointed with this purchase. It doesn't work as advertised.,,,,,,Negative,,,Neutral
,,,,I am really disappointed with this purchase. It doesn't work as advertised.,,,,,,Negative,,,Neutral
,,,,This was the worst experience ever. The product didn't match the description at all.,,,,,,Negative,,,Neutral
,,,,This service was absolutely terrible. I had to wait for hours and no one seemed to care.,,,,,,Negative,,,Neutral
,,,,The quality of the product was horrible. It broke within a day!,,,,,,Negative,,,Neutral
,,,,I can't believe how bad this product is. It's completely useless.,,,,,,Negative,,,Neutral
