review_name,review_type,passenger_name,review_date,review_text,rating_value,textblob_label,vader_label,keyword_label,hybrid_sentiment,review_classification,source,label_agreement_level,predicted_emotion
Langkawi,airport,12 reviewsPrayash Giria,2016-01-07,Small functional airport which is a bit drab for a holiday destination like Langkawi Clean but a bit rusty A decent common hall with shopping and eating before check in after baggage claim but next to nothing to do on the airside Still more pleasant than KLIA or Subang,4.0,Positive,Positive,Positive,Positive,Positive,,4/4,Neutral
Langkawi,airport,12 reviewsPrayash Giria,2016-01-07,Small functional airport which is a bit drab for a holiday destination like Langkawi Clean but a bit rusty A decent common hall with shopping and eating before check in after baggage claim but next to nothing to do on the airside Still more pleasant than KLIA or Subang,4.0,Positive,Positive,Positive,Positive,Positive,,4/4,Neutral
Abu Dhabi,airport,4 reviewsNash Degaonkar,2024-12-13,The Airport is pretty decent in a lot of aspects The duty free is vast the airport staff and security are ultra professional helped me guide through the terminal on where to find my gate However the WiFi experience could have been better because doing facetime calls was a problem considering whatsapp is not allowed Anyhow it is massive,8.0,Positive,Positive,Neutral,POSITIVE,Positive,,2/4,Neutral
Aguascalientes,airport,2 reviewsHoward Atkins,2016-10-20,This is a small airport but over the past couple of years it has improved a lot The customs and immigration are polite and fast with the baggage also coming fast There is a coffee shop outside the secure area and also one inside but the coffee outside is better There is also now free WiFi in the airport There is a lounge but this is not connected to the airlines but for payment No need to arrive to early,5.0,Positive,Positive,Neutral,POSITIVE,Positive,,2/4,Neutral
Albany,airport,Andrew Champagne,2012-05-16,I fly into and out of Albany a few times a year on business For my money its one of the most efficient airports in terms of securityTSA in the country They get you in out and on your way with very little hassle the way it should be The airport itself isnt huge and doesnt have some of the amenities of a larger hub but as a traveller Im looking for efficiency and thats what Albany Airport provides,9.0,Positive,Positive,Neutral,POSITIVE,Positive,,2/4,Neutral
Albany,airport,I Abodunrin,2009-08-09,Its a relatively small airport I agree with the earlier post about its speediness One of my friends once arrive less than half an hour before his flight departed and was still able to fly out though I wouldnt recommend trying this Overall a very good airport,5.0,Positive,Positive,Neutral,POSITIVE,Positive,,2/4,Neutral
Alicante,airport,Janet Westgarth,2024-09-09,I was travelling with sight impaired friends Assistance was prebooked with Easyjet I cannot praise the staff highly enough We arrived late at night and we were wheeled very efficiently and cheerfully The staff cared for us very well and made sure we got safely to our taxi,10.0,Positive,Positive,Neutral,POSITIVE,Positive,,2/4,Neutral
Alicante,airport,Vera McMullan,2022-08-05,I want to commend staff at Alicante airport on what was my first airport visit post covid Arriving and departing was prompt and hassle free When I accidentally broke a mug at the Starbucks counter the staff were just concerned about how I was feeling Also the girl at the EasyJet gate took my postcards which I had forgotten to post and promised to post them for me They all arrived eventually so thank you,9.0,Positive,Positive,Neutral,POSITIVE,Positive,,2/4,Neutral
Almeria,airport,Mike Saunders,2018-10-09,First time to this airport When we arrived it was such a pleasant surprise to see how small it was The time from landing to being on the transfer bus was minutes The cases were already waiting after passport control On the return visit it was much busier as several flights were taking off in a short period However they dealt with the people quickly with no issues at all I wish all airports were like this one,10.0,Positive,Positive,Neutral,POSITIVE,Positive,,2/4,Neutral
Ancona,airport,3 reviewsBen Apsley,2015-12-17,Being a frequent traveler to Ancona Airport I have expectations that are met every time Since this airport is so tiny checkin and security are a breeze The single terminal is fairly clean and peaceful The Italian shops have what you expect The only problem I have with this airport is that you cant get coffee in the terminal This isnt much of a problem though because you can simply get it outside There isnt anything wrong with this airport but its not extraordinary It is very relaxed and is a good airport,8.0,Neutral,Positive,Positive,POSITIVE,Positive,,2/4,Negative
Antwerp Deurne,airport,C Wajsberg,2012-10-27,Very small airport with not many destinations to fly to from Free parking in front of airport very fast check in One restaurant coffee shop with nice local food Arriving at Antwerp airport it will take you around to after disembarking until you receive your suitcase and are in a taxi home,10.0,Positive,Positive,Neutral,POSITIVE,Positive,,2/4,Neutral
Arkhangelsk,airport,Y Kiselev,2010-10-03,Used this airport on numerous occasions over the last years Over the last year both domestic and international terminals underwent some renovation and rearrangement of facilities in my opinion for the better Of all facilitiesservices expectable from a midsize regional airport ARH lacks free WIFI coverage and cafes serving hot meals Overall it is a decently wellkept airport which may though benefit from further renovations and improvements,4.0,Positive,Positive,Neutral,POSITIVE,Positive,,2/4,Neutral
Barnaul,airport,David Pryer,2008-12-10,The terminal is Sovietstyle and a little big for just or flights a day to Moscow and the occasional charter Checkin was slow with initially only one desk open but the service was friendly and efficient when eventually obtained With a blizzard on the tarmac it was unsafe for the bus to drive out to the plane Stumbling across the whipped up snow and ice is not something for the fainthearted The early offer of an onboard drink was appreciated,3.0,Neutral,Positive,Positive,POSITIVE,Positive,,2/4,Neutral
Belfast City,airport,Sandro Magliocco,2024-01-12,A small airport with all the benefits of that short distances quick security not too crowded Its also quite quick to get into the city Limited flights compared to Belfast International or Dublin but when I have the option Id choose this over the others The business lounge is also very well maintained and spacious plus good food and drink options,8.0,Positive,Positive,Neutral,POSITIVE,Positive,,2/4,Neutral
Bellingham,airport,J Pitalo,2020-01-01,Thank you for your kind service My elderly parents flew out and the patience and attention to their comfort was impressive and appreciative They contacted me upon their arrival and both were very calm and satisfied They have been worried about flying days coming into it All that went away at the airport in Bellingham They were greeted upon their arrival at their destination with the necessary extra services Thank you so much,9.0,Positive,Positive,Neutral,POSITIVE,Positive,,2/4,Neutral
Belo Horizonte Confins,airport,A Hetier,2009-12-07,I concur with the comment below Confins is underused But there is a big plus Conexao Aeroporto buses that take you to the city centre are punctual and efficient Things have changed since and there should be more improvements in the future,3.0,Positive,Positive,Neutral,POSITIVE,Positive,,2/4,Neutral
Bergerac,airport,R Vines,2017-05-06,Its a small airport with the most basic of facilities but there were no delays in either direction I hope that means they have sorted out immigraton though it may be that my BA flight from London City arrived at a quiet time My only gripe is about one woman on security who was quite unfriendly when she told me I had to return to checkin because she didnt like the look of a vase I had in my carryon bag Otherwise the staff seemed quite friendly,6.0,Positive,Positive,Neutral,POSITIVE,Positive,,2/4,Negative
Berlin Tegel,airport,J Meeson,2020-11-01,Im autistic and was nonverbal unable to speak when I went through security but the staff were incredibly kind and helpful It was very much appreciated as its obviously very difficult to navigate the world when one cannot speak and the staff were completely understanding Be proud,10.0,Neutral,Positive,Positive,POSITIVE,Positive,,2/4,Neutral
Berlin Tempelhof,airport,Lisa Sanders,2008-06-06,Templehof is a dream The architecture is beautiful and the departure hall is stunning Some of the original features can be found a true jewel It oozes nostalgia and would be a tragedy to lose such a wonderful piece of history The most civilised journey Ive embarked on to date was Templehof to Brussels,5.0,Positive,Positive,Neutral,POSITIVE,Positive,,2/4,Neutral
Biarritz,airport,R Vines,2024-11-19,I was pleasantly surprised by Biarritz a small airport where everything seemed to work fine I was particularly impressed by the fact that the immigration officers on arrival and departure were smiling and courteous I wasnt expecting to see the negative reviews below but they are not too recent so maybe things have improved,7.0,Positive,Positive,Neutral,POSITIVE,Positive,,2/4,Neutral
Bilbao,airport,Annette Thomas,2017-09-01,Because of the items in the news about delays and queues we were quite worried about going to Bilbao airport We did have to wait a few minutes at passport control but not too long The airport is a new building very light and modern we didnt have to use any steps at all which was brilliant On our return journey we purchased food and drinks in the cafe they were nicely prepared and the area was very clean and tidy All in all a very good experience and the area can be proud of the facilities,10.0,Positive,Positive,Neutral,POSITIVE,Positive,,2/4,Neutral
Bloemfontein,airport,Abraham Faure,2007-09-19,Bloemfontein airport is currently undergoing improvements to its buildings and facilities This is with a view to the FIFA Soccer World Cup to be held in South Africa I love this little airport because there is an air of excitement and a bustle of activity While the upstairs cafeteria is undergoing improvements there is a downstairs cafeteria where refreshments may be purchased The airport personnel are some of the friendliest i have ever met Their are ample parking and car rental facilities available,4.0,Positive,Positive,Neutral,POSITIVE,Positive,,2/4,Neutral
Bohol-Panglao,airport,15 reviewsT Pearce,2025-03-26,Busy regional airport with many flights to South Korea Manila and other Philippine airports Airbridges and some remote stands Opened in and relatively modern in terms of layout with level for departures and one for arrivals Speed of baggage retrieval very good and distances from arrival to the carpark opposite the airport very short Free WiFi available,9.0,Positive,Positive,Neutral,POSITIVE,Positive,,2/4,Neutral
Bohol-Panglao,airport,13 reviewsAndreas Becker,2022-05-28,Quiet new airport opened in Check in was efficient Distance to Alona Beach only a few minutes Therefore very comfortable for people staying at the beach There are only few food stalls available Overall a fast and efficient airport,8.0,Neutral,Positive,Positive,POSITIVE,Positive,,2/4,Neutral
Bremen,airport,Eric Decamps,2015-09-06,Nothing special to write it looks more like a train station than an airport but its a small city anyway so thats fair Access from the city center by tram makes it the easiest cheapest and fastest airport to reach Ive seen in my life Fans of space will love the huge International Space Station model in the main hall and aviation fans will love the souvenir shop where you can buy many Airbus collectors items One thing they should put more power sockets,8.0,Positive,Positive,Neutral,POSITIVE,Positive,,2/4,Neutral
Brussels Zaventem,airport,8 reviewsNorman Mackenzie,2024-12-09,I have to say I was quite impressed with this place The two terminals are easy to navigate and there is plenty of space Plenty of retail if such is your thing an I enjoyed my Stella as I waited for my next leg One thing I really liked is the ability to get WhatsApp updates for your flight schedule checkin gate departure gate etc I hadnt seen this before Surprised that all the announcements are in English,8.0,Positive,Positive,Neutral,POSITIVE,Positive,,2/4,Neutral
Chania,airport,R Cooper,2018-07-06,I am sat in a light and airy air conditioned building drinking Cappicino Freddo The queue for checking in was small but very organised and the whole building is welcoming Arrival was just as good although a slight wait for baggage due to three aircraft coming in close together This airport has come on a lot since last year and I recommend it The indicator boards all seem to be working ok and the WiFi is good What more can you want Dont blame the airport for things they dont control,10.0,Positive,Positive,Neutral,POSITIVE,Positive,,2/4,Neutral
Chattanooga Metropolitan,airport,Bill Peterson,2006-05-12,CHA has the misfortune of being too close to Atlanta Over half of Chattanooga flyers drive to Atlanta or Nashville or Birmingham to fly However CHA offers competitive fares and I would guess most flights now are regional jet The airport itself is beautiful with a large copper dome as the facilitys trademark in honor of the citys railroad heritage CHA is a modern stateoftheart airport and is where I choose to fly out of even though I live in the northern Atlanta burbs,0.0,Positive,Positive,Neutral,POSITIVE,Positive,,2/4,Neutral
Cochin,airport,Vidya Iyer,2021-11-06,Very disappointed to see that you are busy aping the western culture and forget our own roots As an Indian I am very proud of my heritage and all my traditional food However Cochin airport is a far cry from that You will happily serve cappuccino coffee to please a foreigner while completely omitting to serve a traditional Indian masala tea or a nice bru coffee It is very sad what Cochin airport has come to,2.0,Positive,Positive,Neutral,POSITIVE,Positive,,2/4,Neutral
Corpus Christi,airport,Simon Channon,2011-03-21,It looks like a white elephant but what an elegant one Corpus Christi appears to handle only connecting flights to Dallas and Houston thats the international bit with just three airlines operating there It is light bright airy and wonderfully free of the normal hustle and bustle of a modern airport Checking in took three minutes passport control and security about the same they have new full body scanner Each airline has its own gate complete with airbridge to connect even to small planes,5.0,Positive,Positive,Neutral,POSITIVE,Positive,,2/4,Neutral
Dallas Fort-Worth,airport,52 reviewsMahmud Noormohamed,2024-07-09,Whats not to like about DFW You can park at any terminal and take the SkyLink to whichever terminal youre departing from Departure from Terminal E and arrival at Terminal A Parked across from Terminal E United Airlines gates TSAPre took a little bit longer than usual to clear minutes Both Terminals A E are spacious with plenty of shops and dining options Terminals were clean,8.0,Neutral,Positive,Positive,POSITIVE,Positive,,2/4,Neutral
Damascus,airport,J Delmonte,2011-05-01,I first arrived in Damascus in Feb Since then I have been back and forth almost times a year since then I am an Englishman who met and married a Syrian girl in The airport in my view was more relaxed in the old days whereby you could check in and walk back into the loungecafe for tea etc with your friends and family,4.0,Positive,Positive,Neutral,POSITIVE,Positive,,2/4,Neutral
Douala,airport,Mark Bickerton,2008-12-28,I flew into Douala on Swiss and departed on Virgin Nigeria Both experiences were quite pleasant I had only hand luggage and was in and out of the airport quite quickly When departing we waited at the gate which was quite calm and cool Yes its a bit manic as you walk out of the airport with people and noise everywhere but lots of places are like that If you know where you are going or have someone to meet you its fine,3.0,Positive,Positive,Neutral,POSITIVE,Positive,,2/4,Neutral
Dunedin,airport,Y Ren,2011-11-13,DUD is a small but efficient airport with everything you need Landed from Wellington bags out very quickly The airport is quite far from city centre mins cost nearly dollars by Taxi and dollars by super shuttle Departure is well organised checkin sufficient airline lounge is located upstairs security check right before you board,9.0,Positive,Positive,Neutral,POSITIVE,Positive,,2/4,Neutral
Durban,airport,Rich Jenkins,2016-08-22,A generally good experience at Durban airport Arrival is quite simple and they seem to keep the touts out of the waiting area The checkin is well organized and immigration outbound proceeded quickly There are a number of shops and restaurants The food and the shopping are forgettable but not expensive Decent amount of seating at the gates Wifi works fine,9.0,Positive,Positive,Neutral,POSITIVE,Positive,,2/4,Neutral
Durgapur,airport,Jayastu Senapati,2020-03-10,Kazi Nazrul Islam airport RDP Durgapur is a new greenfield airport in the the industrial city of Durgapur West Bengal Eastern India It is a growing airport which holds much promise for improving air connectivity to this part of the state and can become a major player in boosting tourism and business in the area The connectivity from the city to the airport has improved but still needs more intervention including development of the surrounding areas,7.0,Positive,Positive,Neutral,POSITIVE,Positive,,2/4,Neutral
Florence,airport,40 reviewsS Berten,2025-02-16,A rather small airport serving Firenze I used the airport in the winter season so imagine it during the busy summer season Theres bus boarding only and max small gates It has a abundance of dutyfree shops and food beverages counters Prices are reasonable Staff is friendly and efficiently working,6.0,Neutral,Positive,Positive,POSITIVE,Positive,,2/4,Neutral
Friedrichshafen,airport,H Oberbeckmann,2013-07-07,The airport is very small with just about million passengers a year The few checkin desks are enough service is fast no queues travel agencys most big car rental companys have a desk and restaurants and visitors terrace with a nice view are available,10.0,Positive,Positive,Neutral,POSITIVE,Positive,,2/4,Neutral
Fuzhou,airport,Ethan Lin,2016-07-18,The signs at Fuzhou airport are quite helpful since available in both English and Chinese The border security counter has a rating system where you can rate them based on your experience If you dont speak Chinese it may be slightly difficult to get around Queue was quite long and it took quite long to find your baggage However it was an OK experience The staff was very friendly and friendlier than I had expected,5.0,Neutral,Positive,Positive,POSITIVE,Positive,,2/4,Neutral
Gothenburg-landvetter,airport,6 reviewsThomas Lemoigne,2017-08-02,Landvetter airport is a rather small one well organized and neat Security checks have seldom long queuing and are generally fast Lots of toilets are available very clean with taps to fillin bottles with water So do not hesitate to pass security with an empty bottle Shopping options are limited as the airport is small but the choice is more than correct This airport seems well managed,8.0,Neutral,Positive,Positive,POSITIVE,Positive,,2/4,Neutral
Guayaquil,airport,Joseph Travis,2011-08-07,Guayaquils airport has most of the services that we have here in Australia they even offer jetways into planes There are restaurants ATMs machines banks coffee shops and entertainment it passed our expectations without doubt,5.0,Positive,Positive,Neutral,POSITIVE,Positive,,2/4,Neutral
Haikou,airport,1 reviewsQiteng Lu,2018-12-25,The international terminal of Haikou Airport is a very spacious terminal I have ever seen The terminal is small and dedicated The staff of VIP room help me to carry the language when I arrived and welcome me before I check in and keep me company all the way to the lounge There is a beautiful tropical garden in the terminal The staff in the airport is professional and dedicated I want to thank them for treating me so well,10.0,Positive,Positive,Neutral,POSITIVE,Positive,,2/4,Neutral
Hangzhou,airport,Joe Bailey,2008-11-06,Pretty basic as airports go Way out of town it is simply ridiculous and taxis are well keep your belt on and wear a helmet if you have one The airport sort of works but this is a typical domestic Chinese airport not great not entirely hideous but you know what If you want to fly to Hangzhou its this or nothing I can tell you it is heaven compared to the central rail station,2.0,Neutral,Positive,Positive,POSITIVE,Positive,,2/4,Negative
Hatay,airport,M Veitch,2011-04-16,Hatay HTY I flew into Hatay last year for my daughters wedding celebration airport was small but adequate and staff were helpful,5.0,Neutral,Positive,Positive,POSITIVE,Positive,,2/4,Neutral
Hong Kong,airport,2 reviewsBarnaby Emmerson,2024-11-02,Very clean and big airport Nice facilities Good open space Lots of shops and restaurants and fast food services including MDS and KFC All of it was pretty much airside The queue in Security wasnt that bad Nice airport and a lot of air conditioning,8.0,Positive,Positive,Neutral,POSITIVE,Positive,,2/4,Neutral
Iloilo,airport,Nancy Macendo,2022-07-23,Waiting area is too far from the entrance a lot of mosquitos in waiting area as its open crowded too My flight at am and I arrived long hours before my flight in which they decided to let me stay in waiting area overnight and mosquitos enjoying to eat you alive Please do something,1.0,Positive,Positive,Neutral,POSITIVE,Positive,,2/4,Neutral
Iloilo,airport,E Carew,2015-04-23,I arrived at night so it was difficult to be as observant as during the day but baggage came off the conveyor belt within minutes and I obtained a modern car with a very pleasant driver for the transfer to my city hotel the transfer costing P which was reasonable Overall an airport that delivered for me on this trip,9.0,Positive,Positive,Neutral,POSITIVE,Positive,,2/4,Neutral
Islamabad,airport,A Talat,2019-07-17,Massive improvement in airport and staff Very clean public facilities are well maintained Staff are a bit friendlier now and fewer queues on departure and arrival securityimmigration clearance due to having extra staff on counters Just need a few more shops in the terminal,9.0,Neutral,Positive,Positive,POSITIVE,Positive,,2/4,Neutral
Jakarta,airport,Angela Avida,2020-02-29,Most of the airport was hot Only felt moderately cool at the quiet area which wasnt quiet at all It was right next to noisy escalators and on top of an area where staff I assume they were staff would congregate and loudly converse The rest of the time I thought staff were loudly and the airport was nice enough Lots of restaurants and little shops although most closed at night I arrived and was in transit for hours Outlets everywhere and potable water available,6.0,Positive,Positive,Neutral,POSITIVE,Positive,,2/4,Neutral
John Wayne,airport,T Tracy,2019-05-22,John Wayne airport is a nice little smallhumble airport good for traveling with kids It is a small airport with only gates everything in the airport is close by If you live by John Wayne I definitely would recommend,8.0,Positive,Positive,Neutral,POSITIVE,Positive,,2/4,Neutral
Karlsruhe,airport,S Townsley,2011-06-19,Since my last review Karlsruhe airport has improved beyond expectations Regular flights to more destinations and vastly improved bus services to Baden and Rastatt Eating and shopping facilities need to be improved especially on Sundays when the duty free shop and gate one bar are generally closed,4.0,Positive,Positive,Negative,POSITIVE,Positive,,2/4,Neutral
Kent,airport,O Beardsmore,2014-03-06,The airport is very small however the staff provided a very good service We went through the airport very quickly,10.0,Positive,Positive,Neutral,POSITIVE,Positive,,2/4,Neutral
Khartoum,airport,Malachy Roscoe,2004-05-04,The obligatory show of your boarding pass on boarding the plane Dont expect duty free air conditioned waiting areas business lounges or facilities smiles hello thank you goodbye catering information desk assistance even from airline representatives or toilet facilities and you wont be left disappointed But once outside the Worlds Worst Airport you will meet the most pleasant courteous and honest people that I have ever personally encountered Welcome to the real Sudan,0.0,Positive,Positive,Neutral,POSITIVE,Positive,,2/4,Negative
Kigali,airport,Barrie Enslin,2014-02-17,One of the better airports in Africa I made use of the pay lounge at USD where they served snacks and drinks I had a medical situation was referred to the medical station and received good medical attention,6.0,Positive,Positive,Neutral,POSITIVE,Positive,,2/4,Neutral
Kilimanjaro,airport,Adam Simmons,2010-06-23,Compared to so many airports a delightful experience I was first off my arriving flight and so did not have to queue for a visa Only one person was doling them out so I guess that stragglers had quite a wait On departure plenty of shops for such a small airport with plenty of seating both indoors and out no problems in either direction with passport or customs,5.0,Positive,Positive,Neutral,POSITIVE,Positive,,2/4,Negative
King Mswati III Intl,airport,3 reviewsTeayaung Kim,2016-02-09,Recently opened airport because the former airport in Matshapa is now being used as something else The new location is quite inconvenient because it takes more than an hour from Mbabane city centre and I would strongly recommend that you use the road from Johannesburg to Mbabane because it takes only four hours from SA Cost wise it is also efficient to use the road,5.0,Positive,Positive,Neutral,POSITIVE,Positive,,2/4,Neutral
Kinshasa,airport,S Ross,2016-10-13,I read horror stories and read terrible reviews about Kinshasa FIH Ndjilli Airport I was very nervous about going through there What a lovely surprise awaited me A brand new terminal clean bright air conditioned well a big plus in Africa all employees well dressed and polite Procedures took time and were very detailed but nothing out of the ordinary You dont really need to pay a VIP service to go through you will be OK on your own Make sure all your travel documents and stay details ready for inspection,9.0,Positive,Positive,Neutral,POSITIVE,Positive,,2/4,Negative
Koh Samui,airport,Andrew Mortimer,2022-12-12,Brilliant little airport with thoughtful touches such as free snacks and water Only downside was the open air departure lounges so no air conditioning ie humidity very high,7.0,Positive,Positive,Neutral,POSITIVE,Positive,,2/4,Neutral
Koh Samui,airport,2 reviewsA Davids,2017-04-15,From the first step of the airplane at Koh Samui Airport I felt that I was in a tropical paradise It was not a standard airport bus but a train of small wagons painted in bright colours Airport is a complex of many small buildings in Thai style connected by open galleries A lot of open space just covered with roof from rain Many trees and flowers Even an aquarium in WC There are minibuses for transfer to Samui hotels and of course you can take an individual taxi with fixed price,10.0,Positive,Positive,Neutral,POSITIVE,Positive,,2/4,Negative
Kota Kinabalu,airport,2 reviewsAzizul Ismail,2015-11-30,A modern medium size airport with ample space airside got plenty of outlets at the departure area and efficient checkin counter The airport is near to the city centre and it is easy to reach by taxi and private transportation Once through the security check you will be greeted by an airy airside with an ample seating area near to the gate and due to the design of the terminal the distance of the gate is really short and gave ample time for the passenger to catch their flight,10.0,Positive,Positive,Neutral,POSITIVE,Positive,,2/4,Neutral
Krabi,airport,Mohammed Gother,2024-02-25,Small airport arrival was smooth half hour queue at immigration but bags waiting for uson departure ten minutes from check in to be sat at the gate on comfortable seats and soft carpetairport is very clean and did not come across any rude staffin fact they were very polite,10.0,Neutral,Positive,Positive,POSITIVE,Positive,,2/4,Negative
Lamu,airport,Jonathan Beard,2010-04-29,The current airport consists of two buildings The first houses the security scanners and the second an open air thatched building the manual check in Very pleasant for small groups A new terminal is being constructed and should be ready in a few years Like most things in Lamu this is a simple functional relaxed airport From the terminal you walk meters to the fast boats for the minute ride to Lamu Town or to Shela Beach,4.0,Positive,Positive,Neutral,POSITIVE,Positive,,2/4,Neutral
Langkawi,airport,Y Ren,2013-08-11,Small airport only serves a couple of airlines Landing process was pretty fast seem the airport does not have air bridges Bags delivered pretty fast Check in at airport was fine many dining options Security check was fast Not sure about transportation options because we were picked up and dropped off by our hotel It is a very sufficient regional airport,7.0,Positive,Positive,Neutral,POSITIVE,Positive,,2/4,Neutral
Leon Guanajuato,airport,Sandy Huff,2007-02-05,Ive flown in and out of BJX a half dozen times and have no problems Take along a book or knitting as there are only a couple of souvenir shops but they are colorful and reasonable My destination has been San Miguel de Allende the art colony thats popular with US citizens,0.0,Positive,Positive,Neutral,POSITIVE,Positive,,2/4,Neutral
Leon Guanajuato,airport,Edgar Solis,2006-05-31,This is a small and nice airport Ive landed and departed from this airport before and it has changed a lot I dont know why it is called Leon Airport if it is closer to Silao Gto I landed there a few months ago my destination was Romita Gto my mothers hometown This airport is very convenient for us since it is only about mins away from Romita Also this airport is not very far from Guanajuato city I recommend people to visit Guanajuato this is perhaps the most European style city in Mexico,0.0,Positive,Positive,Neutral,POSITIVE,Positive,,2/4,Neutral
Limoges,airport,1 reviewsFlorian Chissadon,2016-12-28,I travel from Limoges to and from Paris The terminal is a little bit small but it is very clean There is a not a very long queue time and the staff were very proactive At this airport there is one bar and one restaurant but there are no lounges or dutyfree The boarding area is very small and there is not much seating This is a little but very efficient airport,9.0,Neutral,Positive,Positive,POSITIVE,Positive,,2/4,Neutral
Lviv,airport,Ivan Dzhur,2015-01-19,Once again I used Lviv Airport four times in August Very satisfied with facilities and staff who work there Definitely beats many USA airport who have a lot to do in order to improve,10.0,Positive,Positive,Neutral,POSITIVE,Positive,,2/4,Neutral
Malta,airport,G Giocondi,2024-05-18,I would like to thank Alessandra at the customer services desk for the phenomenal service and friendliness she has provided me at the airport She is an absolute gem,10.0,Positive,Positive,Neutral,POSITIVE,Positive,,2/4,Neutral
Medan,airport,Anthony C Lawman,2012-08-07,I have used Polonia six times in the last four year both international and domestic arrival and departure No problems with taxis overcharging just as for any airport do your research Be affirmative informed and polite,6.0,Positive,Positive,Neutral,POSITIVE,Positive,,2/4,Neutral
Medellin,airport,1 reviewsJuan Zapata,2019-03-27,The airport services were very attentive to the plane we arrived at local time when we left the plane the luggage gang was already in operation and the suitcases were in very good condition,10.0,Positive,Positive,Neutral,POSITIVE,Positive,,2/4,Neutral
Miami,airport,Stefania Miniucchi,2024-11-11,Arriving at Miami International Airport to return to Rome we had the invaluable assistance at the automatic checkin before the Air Canada desk so I dont think an Air Canada employee helped us so much to understand how we had to make our boarding passes and what to do with our luggage Thanks to him the passage through this airport seemed delightful,8.0,Positive,Positive,Neutral,POSITIVE,Positive,,2/4,Neutral
Monastir,airport,G Moran,2010-03-10,We travelled through Monastir Airport and found it to be pretty good for a small airport The queues coming in were fairly smooth and on the way out of the country everything went smoothly as well Facilities are perhaps a little limited but its only a small airport comparatively and at least it was clean,4.0,Neutral,Positive,Positive,POSITIVE,Positive,,2/4,Neutral
Monastir,airport,Amanda Taylor,2007-08-06,I agree most strongly that passport control is a nightmare I could not believe the length of time it takes to get passengers through and especially when the airport is so hot and lacked air conditioning I have visited this Airport twice now and hope that in future they can implement a more effective way of getting through control The rest of the airport was fine and even homeward bound found it was comfortably set out with refreshments and enjoyed a last encounter of some traditional Tunisian retail shops,4.0,Positive,Positive,Neutral,POSITIVE,Positive,,2/4,Neutral
Monastir,airport,Iain Murray,2005-08-29,Impressed by this airport apart from the queue at Passport control It took ages once through to Departures everything was fine Duty Free was reasonable and plenty of places to get a drink or something to eat,0.0,Positive,Positive,Neutral,POSITIVE,Positive,,2/4,Neutral
Montpellier,airport,40 reviewsH Rowe,2020-07-30,A small yet very convenient airport in the south of France From the plane to the exit takes no more than min Signaling shopping etc is all fine given the size and role of the airport Its not the most modern airport but everything is well maintained Theres a convenient bus service to the city center,8.0,Positive,Positive,Neutral,POSITIVE,Positive,,2/4,Neutral
Murcia San Javier,airport,3 reviewsChristian Dyer,2015-07-04,A pleasant small airport very useful for southern Spain A minus point would be being held in the sun before boarding a plane this is quite unpleasant Announcements are very clear Very good airport,8.0,Positive,Positive,Neutral,POSITIVE,Positive,,2/4,Neutral
Muscat Seeb,airport,30 reviewsZiauddin Ahmed,2020-02-27,I visited Oman first time in and used this airport It was then very a small and unorganized airport Now the airport has become huge with many other facilities There is a museum with Omani architectures There are many handicrafts shops with very high prices of commodities There are KFC and McDonalds that offer food at an affordable price There are Muslim prayer room and toilets as well,8.0,Positive,Positive,Neutral,POSITIVE,Positive,,2/4,Negative
Muscat Seeb,airport,A Trang,2020-01-19,I visited Oman first time in and used this airport It was then very a small and unorganized airport Now the airport has become huge with many other facilities There is a museum with Omani architectures There are many handicrafts shops with very high prices of commodities There are KFC and McDonalds that offer food at an affordable price There are Muslim prayer room and toilets as well,8.0,Positive,Positive,Neutral,POSITIVE,Positive,,2/4,Negative
Nanning Wuxu,airport,P Hu,2016-04-28,The airport is very new and modern I have flown through this airport multiple times but this is the first time at the new terminal It is a lot larger than the original terminal There was finally free WiFi and it was pretty fast considering the internet in China It was mainly based off of Shanghai Pudong the airport I was actually flying to and had the identical announcement system that PVG terminal had Although there were a few foreigners including me it felt very open and very welcoming,8.0,Positive,Positive,Neutral,POSITIVE,Positive,,2/4,Neutral
Naples,airport,O Assam,2024-07-12,Lives up to its name no signs chaos rude airport staff overflowing rubbish bins of flight delayed and no aircon but great food Unless one wants to fly to Rome and drive not many options to visit Campania and it is worth visiting so just have to roll with it and accept it,2.0,Positive,Positive,Negative,POSITIVE,Positive,,2/4,Neutral
Ningbo Lishe,airport,Josef Sonntag,2015-07-09,Modern airport medium in Chinese terms Incoming by bus from runway efficient and fast very simple to get your bearings Outgoing fast very clear information very efficient checkin good facilities About min from city center,8.0,Positive,Positive,Neutral,POSITIVE,Positive,,2/4,Neutral
Okinawa Naha,airport,J Brand,2013-09-03,I live here and fly regularly New terminals are open airy and plenty of seating Limited but appropriate shopping Nice caferestaurant selection for a small airport Security swift and courteous,8.0,Positive,Positive,Neutral,POSITIVE,Positive,,2/4,Neutral
Ostend–Bruges,airport,6 reviewsW Peeters,2017-09-27,A small airport where you can go from the luggage checkin to the gate within minutes There were enough places to sit down and the WiFi is good If you want to eat something before the security there is a restaurant with enough food pricequality top After the security you can also drink or eat something Boarding goes quickly,8.0,Positive,Positive,Neutral,POSITIVE,Positive,,2/4,Neutral
Ottawa,airport,Julie Pou,2016-04-04,I really like this airport it is small and not complicated It is really clean and they have a small but nice section for kids to play Just wish there were more restaurant for the US side There are usually no delays The airport is a bit far from downtown so a bit expensive in taxi but hey they have Uber and lot of parking space,9.0,Positive,Positive,Neutral,POSITIVE,Positive,,2/4,Neutral
Paderborn,airport,Martin Cox,2006-07-04,A first class airport with a good range of facilities There does not seem to be the usual hectic atmosphere of most airports bringing back the pleasure into flying Decent food at non ripoff prices particularly recommend the caferestaurant on the mezzanine floor,0.0,Positive,Positive,Neutral,POSITIVE,Positive,,2/4,Neutral
Palm Springs,airport,H Fehr,2008-03-25,PSP is a beautiful airport in the secured area However the checkin to the security point is a long walk for the many retired people that travel through this airport The open air feeling is great in this warm climate The biggest negative is that when there is poor weather and those times are few is the lack of technology for pilots to land During a rain storm and low visibility we were delayed minutes while circling and then continued to Los Angelos then bussed back to Palm Springs,4.0,Positive,Positive,Neutral,POSITIVE,Positive,,2/4,Negative
Palm Springs,airport,John Oram,2007-07-10,I arrived at PSP from SFO I have used the airport from time to time in the past It is quite capable of coping with its traffic but has experienced one major improvement whereby hired cars can now be collected on site This is very welcome especially when the heat is high,4.0,Positive,Positive,Neutral,POSITIVE,Positive,,2/4,Neutral
Paro,airport,3 reviewsTeayaung Kim,2016-02-09,Paro International Airport is located meter above sea level so flights can only fly in the morning I took a Druk Air flight from Bangkok and the other time I took a flight from Kathmandu I prefer flying from Kathmandu because I could see Himalayan Mountains if the weather permits Paro Airport has very basic amenities because they have two carriers flying in and out It replicated Bhutanese traditional architecture and it looked very beautiful as I was walking into the airport,7.0,Positive,Positive,Neutral,POSITIVE,Positive,,2/4,Neutral
Pointe Noire,airport,Dave Stanley,2009-08-09,The airport is small and modern It has both local and international flights Air France Arrivals are no problem and there is not far to walk from the aircraft to the airport exit There did not seem to be to many people bothering passengers Departures is also straight forward with modern checkin desks There are not many shops in the departure area and only one basic cafe There is adequate seating and the airconditioning works well Overall a very good experience compared with other African airports,4.0,Positive,Positive,Neutral,POSITIVE,Positive,,2/4,Neutral
Quebec City,airport,Antoine Beaulieu,2013-04-28,Love Quebecs airport Small but offers all of the facilities in a big airport Not too much people,10.0,Positive,Positive,Neutral,POSITIVE,Positive,,2/4,Neutral
Rijeka,airport,S Vanter,2022-09-07,Its a small airport at an island abt km from Rijeka Checking in and out goes quite fast at our experience Some staff members in the shop are kind of grumpy Nevertheless we are very happy with this airport how they have arranged a hotel in Opatija for our group when our flight was cancelled all of a sudden in the evening Our flight company Transavia told some people to find and book by themselves a hotel but the airport arranged bus transport and a luxurious hotel so our compliments,8.0,Positive,Positive,Neutral,POSITIVE,Positive,,2/4,Neutral
Riyadh,airport,M Anderson,2024-10-28,A supposedly international city airport and in the huge transit area the managers dont even manage to install a few water fountains for cool refreshing water for tired and thirsty travellers especially those with children What an appalling omission It is a shame really as in most other respects the airport is very pleasant,2.0,Positive,Positive,Neutral,POSITIVE,Positive,,2/4,Neutral
Rodez,airport,Matthew Noble,2007-05-16,A small little provincial airport can be a touch uncomfortable in hot weather as the large glass windows absorb the sun as you wait in the departure area One small cafe serving reasonable food and drink Check in quick and car hire points convenient to main entrance Good main road access to the town of Rodez and Tarn and Tarn et Garonne etc,4.0,Neutral,Positive,Positive,POSITIVE,Positive,,2/4,Neutral
Rotterdam,airport,R Blok,2011-09-11,As I live nearby its a convenient airport for me especially because of frequent flights to London and Southern France You can make use of free Internet Parking is cheap Connection to Rotterdam City and Port area is good and quick Hardly any queuing you can arrive mins before departure without any problems Whenever possible I make use of RotterdamThe Hague Airport,5.0,Positive,Positive,Neutral,POSITIVE,Positive,,2/4,Neutral
San Jose,airport,Amelia Kirsten,2023-07-17,Our flight arrived very late and the hotel shuttle stopped running Bryce was very kind to help us find transportation to our hotel He went above and beyond his job to make sure we arrived safely I was very satisfied,10.0,Positive,Positive,Neutral,POSITIVE,Positive,,2/4,Neutral
Santiago De Chile,airport,10 reviewsB Albrecht,2023-09-13,Terminal International Departure Efficient passport control and security check within the terminal an incredible amount of dining and bar options for every budget Wonderful new terminal maybe with not many toilet facilities as only negative point,10.0,Positive,Positive,Neutral,POSITIVE,Positive,,2/4,Neutral
Sanya,airport,R Pontida,2009-03-13,No real problem with the airport As with most chinese airports its rather recent with pretty efficient baggage claim Its also relatively close to the city ab km which means there are cheap and crowded regular buses and taxi will cost you maybe yuan But what I really love is the waiting area outside,4.0,Positive,Positive,Neutral,POSITIVE,Positive,,2/4,Neutral
Sao Paulo Congonhas,airport,Simon Smith,2011-06-05,Interesting experience This airport is very close to the city mainly for domestic flights and is extremely busy However even though really crowded all queues seem to move very quickly A reasonable mix of retail outlets and I thought the prices were OK Plenty on taxis on return there are prepay ones but for journeys into the city a metered cab is fine,4.0,Positive,Positive,Neutral,POSITIVE,Positive,,2/4,Neutral
Sarajevo,airport,Edin Dzano,2008-01-10,Its very small but convenient airport There is small duty free area and coffee bar in upper floor after immigration and also one coffee bar before immigration Toilets are clean Immigration procedures on arrival and on departure are simple and fast,4.0,Neutral,Positive,Positive,POSITIVE,Positive,,2/4,Negative
Seychelles,airport,18 reviewsGyan Fernando,2017-02-12,This is a small but friendly airport The checkin area is not air conditioned and is hot Checkin was efficient immigration and security were efficient with hardly any queues In departures there were two food and drink outlets a dutyfree shop and several other shops Boarding was efficient,9.0,Neutral,Positive,Positive,POSITIVE,Positive,,2/4,Neutral
Siem Reap,airport,Darren Mathews,2024-01-20,My experience at the new Siem Reap Airport surpassed all expectations The staffs friendliness and proactive assistance elevated my journey Navigating immigration was not only expeditious but also conducted with an admirable level of efficiency The airports outstanding features combined with the exceptional service created an atmosphere of ease and comfort,10.0,Positive,Positive,Neutral,POSITIVE,Positive,,2/4,Neutral
Skopje,airport,Angela Barwick,2017-05-17,The airport is small yet very well organized There is every service available that a person would require even for a long wait restaurant ATMs banks PO as far as airport seats go I was able to sleep on these in more comfort than others Ive been through many airports and can honestly say that Im impressed,7.0,Positive,Positive,Neutral,POSITIVE,Positive,,2/4,Neutral
St Petersburg,airport,Haji Murat,2015-08-14,From the city to the airport in minutes The new terminal is fine Beautiful geometric lines used in the design Checkin for flight did not take too long The old building renovated and converted into a zone of local flights There are many shops and cafes There was a small queue of precontrol before departure,9.0,Positive,Positive,Neutral,POSITIVE,Positive,,2/4,Neutral
Stavanger,airport,Erik Olsen,2007-01-19,Stavanger airport Sola is a small airport like the one in Bergen and Trondheim Not many international flights but quite many domestic The terminal there is only one is years old but they have started to upgrade everything All in all a comfortable airport,0.0,Neutral,Positive,Positive,POSITIVE,Positive,,2/4,Negative
Subang Kuala Lumpur,airport,1 reviewsShaharuddin Mohd Sham,2019-12-10,I cant remember when the last time I was here but nevertheless it was a pleasant surprise to use the airport again Many places to have food and the atmosphere was pleasant Just one thing that I disliked was the toilet in the common area It was really smelly and should be dealt with immediately,7.0,Positive,Positive,Neutral,POSITIVE,Positive,,2/4,Neutral
Surat Thani,airport,5 reviewsS Jackson,2017-09-22,We had quite a lot of time to kill in this airport and it didnt disappoint There was a restaurant right in the middle of the terminal that was delicious and decently priced Unfortunately the wifi was not working no matter how many times we tried but they had this nice area called the library we sat in that was pleasant and helped the time pass,9.0,Positive,Positive,Neutral,POSITIVE,Positive,,2/4,Neutral
Taipei,airport,12 reviewsK Huang,2024-05-10,The airport was a bit far from the city but well connected to the public transportation with clear signs and direction It was in general clean Queuing time at the immigration was not too long for us As many other Asian international airports TPE was full of restaurants and a shopping paradise for passengers to kill waiting time Each boarding gate had a different theme and sometimes did not have enough seats for everyone,8.0,Neutral,Positive,Positive,POSITIVE,Positive,,2/4,Neutral
Taipei,airport,L Han,2023-10-24,There is very good food and Wifi Internet The dutyfree shop has all kinds of brands and it is cheaper than neighboring countries The immigration inspection is fast and not difficult,9.0,Positive,Positive,Neutral,POSITIVE,Positive,,2/4,Neutral
Tbilisi,airport,Hanna Gatigno,2025-01-22,I forgot my prescription glasses in the Duty Free in Tbilisi Following a few emails to the Duty Free department I received a positive response that they were found Two ladies did everything in their power to have them returned to me I cant fault these people they showed care and sympathy to my problems They are Natia and Inna Thank you so much,10.0,Positive,Positive,Neutral,POSITIVE,Positive,,2/4,Neutral
Timisoara,airport,40 reviewsR Barton,2023-02-24,A small airport divided into mini terminals domestic international arrival and international departure Border control was fast and efficient despite the large amount of passengers The terminals itself are clean and well maintained but rather s looking Access to the aircraft is by bus boarding only There are many taxis to the center but negotiate well A few busses are available too but look like from a museum,6.0,Neutral,Positive,Positive,POSITIVE,Positive,,2/4,Neutral
Torp,airport,Oscar Hillgaar,2008-10-12,The little airport is getting a lot more traffic and starting to burst at the seams Even though the rail connection is a good piece of news the amount of people in the transit area isnt But still it beats Stansted queuing and even Ryanair checkin is fairly straight forward,3.0,Positive,Positive,Neutral,POSITIVE,Positive,,2/4,Neutral
Trieste,airport,4 reviewsMassimiliano Mesenasco,2015-08-26,A very small airport that mainly serves Trieste Udine Gorizia and the western part of Slovenia More similar to a train station as it often happens for small airports A few shops that mainly sell local food and wine a very small duty free and a couple of bars It also features a small but comfortable lounge,6.0,Neutral,Positive,Positive,POSITIVE,Positive,,2/4,Negative
Vancouver,airport,Sayna Davary,2024-01-20,I was with my mother at the entrance of the airport There was a young man named William He asked us if we needed help and I couldnt believe he helped us to get a wheelchair immediately That was awesome customer service compared to my experience in LA airport,10.0,Positive,Positive,Neutral,POSITIVE,Positive,,2/4,Neutral
Victoria Falls,airport,Victor Oster,2004-08-29,A very small airport no airways you walk on the tarmac to the terminal if like most people you need to buy a visa there is a line manned by only people and no organization at all then the customs man grunts at you or makes you open everything but then you are out and in one of the most beautiful places on earth,0.0,Positive,Positive,Neutral,POSITIVE,Positive,,2/4,Negative
Victoria Intl,airport,N Vieites,2012-08-07,I visited Victoria BC two weeks ago and for a small international airport I enjoyed the experience Security was quick the facilities were good and checkin was quick I recommend this airport,8.0,Positive,Positive,Neutral,POSITIVE,Positive,,2/4,Neutral
Wenzhou Longwan,airport,4 reviewsZ Yang,2019-07-16,The new terminal is really fresh and at the domestic departure some airlines merge in the same area and you can check in at any queue Everything looks good,9.0,Positive,Positive,Neutral,POSITIVE,Positive,,2/4,Neutral
Westchester County,airport,D Mitchell,2017-06-04,Although Westchester County Airport is awfully small compared to JFK or Bradley it is amazing It has car rentals an actual baggage carousel five airlines going in and out of there local planes accepted too and even have gates This is so much better than some small airports Ive been to,10.0,Positive,Positive,Negative,POSITIVE,Positive,,2/4,Negative
Xi'an,airport,M Cavanagh,2014-04-23,I departed on th April and was lucky to make my flight I was part of a tour group and as there were many groups trying to leave at the same time and not enough check in staff to process the travelers I made my flight with minutes to spare,6.0,Positive,Positive,Neutral,POSITIVE,Positive,,2/4,Neutral
Xi'an,airport,B Howard,2013-06-28,Last time I was in Xian Xianyang airport was in I have visited many times before There was always a Scrum outside the airport building for tickets and to board the airport buses for downtown Returned this year a lot has changed with the airport and getting tickets for the buses You now go to a ticket booth inside the building Then a waiting room for your respective bus What an improvement,8.0,Positive,Positive,Neutral,POSITIVE,Positive,,2/4,Neutral
Air Austral,airline,P Geare,2019-10-20,Johannesburg to St Denis Service like it was years ago professional attentive amenity kit handed out on a hour flight and the quality and quantity of the catering Ive not seen for years Thoroughly recommended,9.0,Positive,Positive,Neutral,POSITIVE,Positive,,2/4,Neutral
Air Bagan,airline,Robert Buntin,2012-12-03,Flew on four separate legs within Myanmar and found them to be surprisingly good You dont normally expect catering on flights of under an hour but there was something on all segments Arrived in good time at Heho Airport for a flight to Yangon and they automatically put me on to an earlier departure There is a certain amount of third world amateurism about the boarding process but it all seemed to work,8.0,Positive,Positive,Neutral,POSITIVE,Positive,,2/4,Neutral
Air Bagan,airline,Ian Vagg,2011-03-14,Chiang Mai to Yangon return and pleasantly surprised by the standard fairly new aircraft and meal service for minute flight Flight attendants were somewhat offhand Reasonable leg room in economy,8.0,Positive,Positive,Neutral,POSITIVE,Positive,,2/4,Neutral
Air KBZ,airline,25 reviewsMark Ellwood,2017-09-26,Yangon to Mandalay Really good flight the seating was and actual seat numbers given on boarding pass plenty of space even at inflight catering offered light snack and good coffee Nothing to worry about despite ATR aircraft type and would definitely fly again,8.0,Positive,Positive,Neutral,POSITIVE,Positive,,2/4,Neutral
Air Mediterranee,airline,J Lane,2014-10-12,The aircraft was on time from Manchester and on the return journey from Lourdes Bartres the aircraft left early The staff were a bit distant the food good overall OK,7.0,Positive,Positive,Neutral,POSITIVE,Positive,,2/4,Neutral
Air North Yukon's Airline,airline,Jade Pang,2023-05-29,We were totally amazed by their services since none of us have ever heard of this airline The trip was arranged by the travel agency who arranged our tour Even during a short trip they provided us gourmet sandwiches and a warm cookie while beverages was served twice which is far much better than what we experienced from those larger airlines How we wish they can cover more routes,10.0,Positive,Positive,Neutral,POSITIVE,Positive,,2/4,Neutral
Air Panama,airline,4 reviewsB Jahranee,2018-10-29,Panama City to David Pleasant flight experience on an old Fokker A little expensive for what you get but theres little competition in Panama Seats were comfortable spacious though the interior of the plane had not seen an update since the late s or early s Cabin crew were friendly and served soft drinks including diet options and plantain chips Flight departed and arrived about min late,8.0,Neutral,Positive,Positive,POSITIVE,Positive,,2/4,Neutral
Airlink,airline,S Pirten,2024-06-24,I was super impressed with this airline Highly recommend it for travel within Africa Im not sure what else to say Glad airlink is available now for travel in Africa,10.0,Positive,Positive,Neutral,POSITIVE,Positive,,2/4,Neutral
AirSWIFT,airline,C Gorten,2025-01-29,Everything about the flight experience went well I was worried reading the other reviews but in the end it was a very positive experience The terminal in El Nido is also very good,10.0,Positive,Positive,Neutral,POSITIVE,Positive,,2/4,Neutral
Akasa Air,airline,K Sargan,2025-03-21,From the moment I boarded the crew exuded warmth and professionalism Junu and Reeza provided assistance wherever needed The inflight service was impeccable Bhoomi and Nisha managed the meal service efficiently The crew went above and beyond to ensure passenger comfort Whether it was providing extra blankets assisting with luggage or attending to special requests they were attentive and proactive Their kindness and willingness to help truly stood out Looking forward to flying with Akasa Air again,10.0,Positive,Positive,Neutral,POSITIVE,Positive,,2/4,Neutral
Asiana Airlines,airline,1 reviewsLe Kiem,2024-07-27,I just experienced Asiana Airlines Business class food delicious flight attendants good service I give stars because flight is delay minutes and does not have wiFi,8.0,Positive,Positive,Negative,POSITIVE,Positive,,2/4,Neutral
Atlantic Airways,airline,JK Petersen,2012-10-25,Small company but very friendly and efficient staff All passengers treated as business class travelers even though Atlantic Airways only offers one class economy Small planes Bea and Airbus but the comfort is all right for the short trips between Scandinavian countries Faroe Islands and Britain,10.0,Neutral,Positive,Positive,POSITIVE,Positive,,2/4,Neutral
Atlantic Airways,airline,M Vlad,2012-06-17,CPHFAE return new aircraft on time friendly and smiling FA snack alcoholic nonalcoholic beverage served,10.0,Neutral,Positive,Positive,POSITIVE,Positive,,2/4,Neutral
Bassaka Air,airline,81 reviewsH Crickard,2016-06-23,Phnom Penh to Siem Reap with Bassaka Air and I found this airline to be brilliant in all aspects Their prices are phenomenal and I couldnt complain about anything Check in was super fast and done with a smile The plane is a little outdated but its still new and growing The flight itself was mins and for such a short flight you even got a complimentary drink,10.0,Positive,Positive,Neutral,POSITIVE,Positive,,2/4,Neutral
Beijing Capital Airlines,airline,Z Chen,2024-05-14,I take this airline from Hangzhou to Lisbon th May The food is good taste and various I have stony insomnia problem and i did not pay attention and lost my sleeping medicine into rubbish I told the air hostess she is warmheart and patiently helped me search the rubbish patiently almost taking hours and finally searched my sleeping medicine I am thankful for this,8.0,Positive,Positive,Neutral,POSITIVE,Positive,,2/4,Neutral
Beijing Capital Airlines,airline,Hao Xu,2024-03-20,Overall quite satisfied with this flight The service of the flight attendants was very good very attentive and thoughtful which made me feel their attentiveness and warmth The cabin seats were a bit hard the entertainment system was partially out of order the movie selection was relatively small the route was long and there werent enough movies to watch I am quite satisfied with everything else and would recommend this airline to my friends,8.0,Positive,Positive,Neutral,POSITIVE,Positive,,2/4,Neutral
Biman Bangladesh Airlines,airline,18 reviewsZiauddin Ahmed,2023-04-19,Dhaka to Singapore Good food good seating and comparatively better ground services at Dhaka Staff on board are just okay though My travel ticket price was high though Worst inflight entertainment service,5.0,Positive,Positive,Neutral,POSITIVE,Positive,,2/4,Negative
Boutique Air,airline,John Crawford,2022-08-05,I hope Boutique Air continues this service to altoona I have been able to get my mother who lives in Altoona back and forth to Pittsburgh for medical treatment and advanced care she needs The drive to Pittsburgh is atrocious and I hope boutique continues this route for a very long time A total life saver and an awesome experience Out of about flights i have taken only have been delayed and very short about minutes or so Their customer service is outstanding and always so friendly,10.0,Positive,Positive,Neutral,POSITIVE,Positive,,2/4,Neutral
Bulgaria Air,airline,Katina Panayotova,2022-01-10,I have travelled multiple times with them alone with the kids and bought tickets for my dad and I had everytime struggle One flight they told me at the check in that the strollers they do not put in bags and I was suppose to know that which I didnt so my stroller came broken in the us Very unprofessional and the team is the same They have wonderful flights with great connections and prices but because I had so many times struggle with them I will not book a flight with them And I am Bulgarian,1.0,Positive,Negative,Positive,POSITIVE,Positive,,2/4,Neutral
Carpatair,airline,René Engesser,2011-04-24,FCOTSRIAS Business Class Checkin in FCO terrible just counter minutes waiting time No lounge offered Inflight service with very friendly and attentive staff good food Transit in TSR as well despite of being a small and old airport was ok Here again very polite staff,9.0,Positive,Positive,Neutral,POSITIVE,Positive,,2/4,Negative
Cebu Pacific,airline,Mike Abiog,2025-02-13,I would like to give a commendation to the staff of Cebu Pacific working at the Roxas City airport who helped my father recover his lost luggage which was mistakenly picked up by another passenger These people worked hard and I have also witnessed all the efforts they made to give all the help that we needed Thank you for your hard work and dedication You guys are awesome,10.0,Positive,Positive,Neutral,POSITIVE,Positive,,2/4,Neutral
Coastal Aviation,airline,B Hertor,2018-01-17,Very short min flight to Zanzibar and back again from Dar es Salaam with Coastal Aviation Both flights were on time and our luggage arrived too Tiny aircraft and fully booked so quite a squeeze but comfortable enough for such a short flight Was very pleasantly surprised with the punctuality and reliability Would definitely recommend flying Coastal,8.0,Neutral,Positive,Positive,POSITIVE,Positive,,2/4,Neutral
Corendon Airlines,airline,D Dawes,2023-08-16,There are a lot of negative reviews for this airlines but for a budget airline what do these reviewers expect Premium airline service They have obviously never flown on EasyJet or Ryanair to make a comparison Flew to Turkey from Manchester and was quite impressed by their checkin service and legroom on the plane Recommend to anyone,7.0,Positive,Positive,Neutral,POSITIVE,Positive,,2/4,Neutral
Cyprus Airways,airline,Amir Sardari,2025-01-11,We had a challenge with checking due to a third party error Even so Sarah was super kind and efficient She made us feel at ease and resolved the issues we had promptly Thanks again,10.0,Positive,Positive,Neutral,POSITIVE,Positive,,2/4,Neutral
Ernest Airlines,airline,Bartolomeo Daddario,2019-03-20,Milan Bergamo to Tirana Lot of comfort reclining seat big leg space cheap food prices on board cabin crew very professional Flight on time,10.0,Positive,Positive,Neutral,POSITIVE,Positive,,2/4,Neutral
fastjet,airline,K Sandler,2021-08-11,Its nothing too special but it was definitely an affordable price The inflight food and beverage was comprised of a juice box and bottled water The customer service is ok There was in issue with the website where it continually declined my card but it actually charged my card every time I attempted meaning with four attempts there were in false charges Fortunately the customer service could be reached by WhatsApp and they were able to refund me for the imaginary flight bookings,5.0,Positive,Positive,Neutral,POSITIVE,Positive,,2/4,Neutral
FlyArystan,airline,L Wallace,2023-05-21,A lowcost airline and they enforce bag weights and sizes and number of bags very closely Despite that if you buy early its a good value for travel in and around Kazakhstan Purchase bags early as they charge a lot at airport My flight however was fine arrived on time with no issues Overall satisfied for what I paid,8.0,Positive,Positive,Neutral,POSITIVE,Positive,,2/4,Neutral
French Bee,airline,3 reviewsPeter Nguyen,2024-07-20,We had a great flight with French Bee from Paris back to NYC We booked late for our first ever Europe trip so we didnt want to buy expensive tickets We took a risk going with French Bee since its cheap about one way We were nervous seeing all the bad reviews especially with cancellations Turned out to be an awesome experience on time good foods no turbulence,10.0,Positive,Positive,Neutral,POSITIVE,Positive,,2/4,Neutral
Germanwings,airline,11 reviewsSander van Kan,2019-07-01,Berlin to Dusseldorf Eurowings flight operated by Germanwings This A was a different configuration then the first flight Legroom was less and was just enough for me m crew were smiling and good The flight delayed by minutes,6.0,Positive,Positive,Negative,POSITIVE,Positive,,2/4,Neutral
Go First,airline,Priyanshi Jain,2023-04-22,I fainted in the flight and where some crew may have panicked in some cases this crew handled the situation very well Provided me with all the necessary assistance and first aid and was very kind and humble till the end,8.0,Positive,Positive,Neutral,POSITIVE,Positive,,2/4,Neutral
Gol Transportes Aéreos,airline,33 reviewsNiels Petersen,2022-09-04,I took GOL twice for domestic flights during a recent trip to Brazil I chose the extra legroom seats which were available for a reasonable surcharge and offered plenty of legroom Overall the flights were comfortable and on time All passengers were offered a small snack and a drink I would choose GOL again,8.0,Neutral,Positive,Positive,POSITIVE,Positive,,2/4,Negative
Helvetic Airways,airline,A Cardane,2023-05-18,Always a pleasure to fly with Swiss safety comes first with them then the comfort On my flight back to Switzerland from Bucharest I had such a nice experience thanks to Paul who attended the business class passengers I felt like I am flying first Class because of his service,10.0,Positive,Positive,Neutral,POSITIVE,Positive,,2/4,Neutral
HiSky,airline,Daniel Toaca,2024-11-11,Very comfortable and the staff were really nice our flight was not delayed it was wonderful flying with HiSky as it was my first time flying with them and had a wonderful experience,8.0,Positive,Positive,Neutral,POSITIVE,Positive,,2/4,Neutral
Hong Kong Airlines,airline,David Hamlett,2023-02-27,Thank you to the flight attendants of flight hx today Monday the th I left my phone in my seat on my flight and my phone made it to my next gate very quickly because the staff not only were wonderful but they care enough to not just put my phone in a box I thank you from the bottom of my heart,10.0,Positive,Positive,Neutral,POSITIVE,Positive,,2/4,Neutral
IndiGo,airline,Ravi Kumar,2025-03-31,I travelled from Istanbul to Bangkok via Delhi service was good as compared to low the fare and staff behavior is also very good but for extra luggage they charge extra money,7.0,Positive,Positive,Neutral,POSITIVE,Positive,,2/4,Neutral
Jetairfly,airline,Bryan Lammens,2016-01-07,Brussels to Casablanca on Jetairfly and everything was great The price wasnt too expensive there were no delays and the staff were polite and professional Only negative point is the leg space but thats okay for less than hours in my opinion I will fly with them again,8.0,Positive,Positive,Neutral,POSITIVE,Positive,,2/4,Negative
Jetstar Airways,airline,R Layne,2024-12-27,Apart from a minute delay outbound it is hard to fault my SydneyAdelaide return trip Yes its a no frills carrier but most everything worked efficiently and I was impressed by how smiling and happy all the staff were,8.0,Positive,Positive,Negative,POSITIVE,Positive,,2/4,Neutral
Jin Air,airline,Dante Garcia,2023-07-21,I want to express my sincere thanks to Jin Air staff in Osaka I had a flight from Osaka to Seoul in May and had not completed the Keta for this reason I could not board However the checkin staff did everything possible to help me complete the documentation Despite not having completed it on time I missed my flight even so the staff offered me an available seat on the next flight I really value this collaboration I hope the staff is notified about this Thank you so much,10.0,Positive,Positive,Neutral,POSITIVE,Positive,,2/4,Neutral
Jin Air,airline,Robert Hudson,2020-02-24,Seoul to Okinawa I was very impressed my Jin Air employee that was working at gate Seoul ICN February I first told him that I needed a seat assignment and he recognized me first off by my name I was really impressed by his professionalism and mannerism,10.0,Positive,Positive,Neutral,POSITIVE,Positive,,2/4,Neutral
Korean Air,airline,Yin Cheung Chan,2025-03-17,I took KE from HKG to ICN in July As I have already known that it was a top airline I had high expectations on it The ground service was very good The seat was quite wide and the cabin crew were very polite The food was average but not many movies to watch Although it was delayed for two hours I think the whole experience is worth the price,9.0,Positive,Positive,Negative,POSITIVE,Positive,,2/4,Neutral
LAM Mozambique,airline,24 reviewsS Gupta,2025-03-18,A comfortable nononsense flight which was delayed by about minutes while departing but made up for most of the time difference by the time one landed The crew was courteous and professional the seating comfortable and there was a snack service consisting of a packet of Lays Chips and a Juice which was quite ok for the short flight The luggage arrival was also fuss free and ontime Overall quite a nice flight,7.0,Positive,Positive,Neutral,POSITIVE,Positive,,2/4,Negative
Libyan Airlines,airline,H Thompson,2009-05-12,Manchester to Tripoli Airbus A Plane was a little old and tired looking Only passengers on board and I was the only one in Business Class Seats were OK food was fine The flight took off on time and arrived in Tripoli on time Based on costs and timings this was very good value compared to British Airways,3.0,Positive,Positive,Neutral,POSITIVE,Positive,,2/4,Neutral
Mandarin Airlines,airline,Nok Him Chan,2019-11-05,Hong Kong to Kahsioung A quite nice flight It was my first time flying an Embraer jet I know it is small but the seat is comfortable and wide A delicious hot meal was served in a mins flight The crew is friendly and fluent in English The only bad thing is that the flight was delayed for hours,8.0,Positive,Positive,Neutral,POSITIVE,Positive,,2/4,Neutral
Moldavian Airlines,airline,Victor Neagu,2010-04-02,ChisinauBudapest roundtrip Both departures on time Served breakfast on the way out and lunch inbound Luggage transfer handled efficiently despite relatively short connection time in Budapest SAAB plane offers plenty of legroom and is not so noisy compared to other prop planes Friendly FAs and my favourite option for flights from Moldova to Europe,9.0,Neutral,Positive,Positive,POSITIVE,Positive,,2/4,Neutral
NAM Air,airline,17 reviewsGlenn McGee,2022-07-12,I chose this airline for the simple reason of its aircraft type Boarding was completed quickly for on time departure On board seat pitch was a little tight snack service box was offered water and a sweet coffee bun and a sales trolley after that Cabin was quite warm and no walk though by cabin crew offering water Cabin is showing it age for sure but still enjoyed my flight,7.0,Positive,Positive,Neutral,POSITIVE,Positive,,2/4,Negative
Nepal Airlines,airline,M Rai,2023-07-03,Nepal Airlines is a cheap option for direct flights from Nepal with good service Nepal Airlines improved its service over time The cabin crew were professional and meal served was good,10.0,Positive,Positive,Neutral,POSITIVE,Positive,,2/4,Neutral
Nepal Airlines,airline,M Harkajan,2023-07-02,We took Flight from Kathmandu to Bangkok by Nepal airlines for our Holiday trip Flight was on time meal provided during flight is delicious and have veg and non veg options Staff of airline were well behaved and professional I will use service of Nepal in future as well Highly recommended,9.0,Positive,Positive,Neutral,POSITIVE,Positive,,2/4,Neutral
Pobeda Airlines,airline,1 reviewsL Gurmann,2020-01-22,Berlin to Moscow You have to pay for anything apart from your personal item That includes your carryon luggage Longest queue at checkin I have seen in years as a result of everybody having to pay for carryon or luggage that was more than kg Aircraft are new and made a good impression Cabin crew young goodlooking and charmingly helpless Seat do not recline,2.0,Positive,Positive,Neutral,POSITIVE,Positive,,2/4,Neutral
Privilege Style,airline,B Carson,2019-08-17,Manchester to Tenerife On the morning of our flight TUI informed us that due to scheduling issues they have enlisted Privilege style as a charter airline The seat was comfortable only issues were my tray table was loose the window was in a position that caused pain on my neck to look out of it The interior felt somewhat tired Apart from this the flight was comfortable and landed safely,6.0,Neutral,Positive,Positive,POSITIVE,Positive,,2/4,Negative
Safarilink,airline,M Collie,2015-11-13,Short one hour flights with Safarilink to Diani from Nairobi Wilson return A very pleasant way to reach the coast from Nairobi and much quicker overall than the JKIA Nairobi Airport to Mombasa route Drink and biscuit served Both airports were small indeed Diani is described as an airstrip,7.0,Positive,Positive,Neutral,POSITIVE,Positive,,2/4,Neutral
Santa Barbara Airlines,airline,A Decolt,2011-08-18,Panama City to Caracas a journey of hrs There was very little legroom but we were served quite a decent meal and considering it was a short flight I was impressed We departed on time but arrived min late,7.0,Positive,Positive,Neutral,POSITIVE,Positive,,2/4,Neutral
Shaheen Air,airline,Sohail Ahmed,2015-09-14,Today traveled from Lahore to Karachi and a pleasant surprise For the first time I could see smiles on the faces of the cabin crew I asked one of the crew members for a coffee and she returned with a cup remembering my seat and not having me to remind her,9.0,Positive,Positive,Neutral,POSITIVE,Positive,,2/4,Neutral
Skymark Airlines,airline,S Siauw,2016-01-18,Tokyo Haneda to Sapporo return with Skymark Airlines First leg on Boeing NG New cabin comfy seat and generous legroom for a lowcost airline Even though I didnt purchase any the drinks and snakcs are sold at a cheap price Departure and arrival on time Return leg delayed for mins due to congestion at destination airport Return aircraft was an older Boeing Very warm cabin temperature But overall worth the ticket price Definetely better than AirAsia and JetStar,7.0,Positive,Positive,Negative,POSITIVE,Positive,,2/4,Neutral
Skymark Airlines,airline,Farel Silalahi,2014-08-08,Flew Tokyo Narita Sapporo Tokyo Narita Flight from Narita was on time while from Sapporo to Narita was delayed for hour Overall flight was ok Ground staff very professional,8.0,Positive,Positive,Negative,POSITIVE,Positive,,2/4,Neutral
Solomon Airlines,airline,Vernon Schmidt,2015-12-29,Flew Solomon Airlines from Brisbane to Honiara We boarded to be greeted by smiling attendants The flight was not too full so we had seats to ourselves Leg room was quite good IFE was just a screen panel lowered from the ceiling watched a movie The meal was lunch we had the beef and it was delicious Staff came around to check if we needed any more drinks throughout the flight,9.0,Positive,Positive,Neutral,POSITIVE,Positive,,2/4,Neutral
SriLankan Airlines,airline,2 reviewsDinesh Navaratne,2024-09-05,Ive seen many negative reviews about Sri Lankan airlines However my trip was so good Even though it was a hour flight they provided drinks and a snack which doesnt happen in North America The service was professional too I hope they will grow,10.0,Positive,Positive,Neutral,POSITIVE,Positive,,2/4,Neutral
StarFlyer,airline,Matthew Lubeck,2007-02-26,This airline has impressive cabin staff and a very efficient ground staff never need check in more than minutes before my flight even in Tokyo,0.0,Positive,Positive,Neutral,POSITIVE,Positive,,2/4,Neutral
Sun-Air,airline,47 reviewsColin Pay,2015-11-21,Gothenburg to Cambridge with SunAir a franchise partner of British Airways Aircraft are painted in British Airways livery and operate under BA flight numbers The flight was only half full making the seat Dornier more like a private jet than a small airliner Full meal and bar service on this hour flight Crew very good,10.0,Positive,Positive,Neutral,POSITIVE,Positive,,2/4,Neutral
Swiss Intl Air Lines,airline,M Collie,2025-03-21,Very satisfactory flights Adequate leg room with blocked off seats Rapid checkin and security Good three course hot meals both ways Swiss had subcontracted to Baltic outbound and Helvetic for the return with little noticeable change in service,8.0,Positive,Positive,Neutral,POSITIVE,Positive,,2/4,Neutral
TAROM Romanian,airline,45 reviewsG Harlun,2024-06-02,Boarding by bus transport Flight on time cabin crew friendly They served water during the short flight Got an emergency exist seat based on my frequent flyer status No entertainment available Landing ahead of schedule Nothing special but effective flight,9.0,Positive,Negative,Positive,POSITIVE,Positive,,2/4,Neutral
Thai Smile Airways,airline,N Wanasorn,2023-10-10,Thai smile offers convenient service through their app and self service at Suvarnabhumi Airport with staff support The time of flight is in time Staff gave service with hospitality,9.0,Positive,Positive,Neutral,POSITIVE,Positive,,2/4,Neutral
Titan Airways,airline,Carol Stansfield,2019-09-30,Rhodes to Birmingham We would just like to say a big thank you to all the crew on our aircraft from Rhodes to Birmingham that brought us back on the th September due to Thomas cook not trading anymore The staff was so friendly and professional Thank you once again,10.0,Neutral,Positive,Positive,POSITIVE,Positive,,2/4,Neutral
Trigana Air,airline,47 reviewsL Garzler,2019-01-03,Yahukimo to Jayapura Flight was about an hour late quite normal in this remote place Plane was comfortable enough with reclining seats and even a box of tea provided unlike on the sole competitors flights on this route,7.0,Neutral,Positive,Positive,POSITIVE,Positive,,2/4,Negative
Tropic Air Belize,airline,Pat Kelly,2022-08-10,This company is horrific We had a cancelation of our flight back home and this airline refused to refund our money Fly Maya Island Air They are exceptional less expensive and very flexible The planes are also shady You will not regret flying Maya Island Air Have a wonderful and safe flight,1.0,Positive,Positive,Neutral,POSITIVE,Positive,,2/4,Neutral
Vanilla Air,airline,N Wu,2019-01-07,Hong Kong to Tokyo Both outbound and inbound flights were ontime Very little or no turbulence experienced during journeys This was very good Checkins at ground were fast and efficient Will choose Vanilla Air again in the future,10.0,Positive,Positive,Neutral,POSITIVE,Positive,,2/4,Neutral
Xiamen Airlines,airline,Keruby Ge,2024-03-29,The experience is a unique one and I also have a trouble on how to rate this airline We start off from Singapores Changi Airport and the check in was quite smooth note that their carryon is only kg we get our boarding pass finish security and customs we finally managed to board the plane the cabin crew was very sweet and nice we are not delayed however the landing was super bad,7.0,Positive,Positive,Negative,POSITIVE,Positive,,2/4,Neutral
Abu Dhabi,airport,4 reviewsNash Degaonkar,2024-12-13,The Airport is pretty decent in a lot of aspects The duty free is vast the airport staff and security are ultra professional helped me guide through the terminal on where to find my gate However the WiFi experience could have been better because doing facetime calls was a problem considering whatsapp is not allowed Anyhow it is massive,8.0,Positive,Positive,Neutral,POSITIVE,Positive,,2/4,Neutral
Aguascalientes,airport,2 reviewsHoward Atkins,2016-10-20,This is a small airport but over the past couple of years it has improved a lot The customs and immigration are polite and fast with the baggage also coming fast There is a coffee shop outside the secure area and also one inside but the coffee outside is better There is also now free WiFi in the airport There is a lounge but this is not connected to the airlines but for payment No need to arrive to early,5.0,Positive,Positive,Neutral,POSITIVE,Positive,,2/4,Neutral
Albany,airport,Andrew Champagne,2012-05-16,I fly into and out of Albany a few times a year on business For my money its one of the most efficient airports in terms of securityTSA in the country They get you in out and on your way with very little hassle the way it should be The airport itself isnt huge and doesnt have some of the amenities of a larger hub but as a traveller Im looking for efficiency and thats what Albany Airport provides,9.0,Positive,Positive,Neutral,POSITIVE,Positive,,2/4,Neutral
Albany,airport,I Abodunrin,2009-08-09,Its a relatively small airport I agree with the earlier post about its speediness One of my friends once arrive less than half an hour before his flight departed and was still able to fly out though I wouldnt recommend trying this Overall a very good airport,5.0,Positive,Positive,Neutral,POSITIVE,Positive,,2/4,Neutral
Alicante,airport,Janet Westgarth,2024-09-09,I was travelling with sight impaired friends Assistance was prebooked with Easyjet I cannot praise the staff highly enough We arrived late at night and we were wheeled very efficiently and cheerfully The staff cared for us very well and made sure we got safely to our taxi,10.0,Positive,Positive,Neutral,POSITIVE,Positive,,2/4,Neutral
Alicante,airport,Vera McMullan,2022-08-05,I want to commend staff at Alicante airport on what was my first airport visit post covid Arriving and departing was prompt and hassle free When I accidentally broke a mug at the Starbucks counter the staff were just concerned about how I was feeling Also the girl at the EasyJet gate took my postcards which I had forgotten to post and promised to post them for me They all arrived eventually so thank you,9.0,Positive,Positive,Neutral,POSITIVE,Positive,,2/4,Neutral
Almeria,airport,Mike Saunders,2018-10-09,First time to this airport When we arrived it was such a pleasant surprise to see how small it was The time from landing to being on the transfer bus was minutes The cases were already waiting after passport control On the return visit it was much busier as several flights were taking off in a short period However they dealt with the people quickly with no issues at all I wish all airports were like this one,10.0,Positive,Positive,Neutral,POSITIVE,Positive,,2/4,Neutral
Ancona,airport,3 reviewsBen Apsley,2015-12-17,Being a frequent traveler to Ancona Airport I have expectations that are met every time Since this airport is so tiny checkin and security are a breeze The single terminal is fairly clean and peaceful The Italian shops have what you expect The only problem I have with this airport is that you cant get coffee in the terminal This isnt much of a problem though because you can simply get it outside There isnt anything wrong with this airport but its not extraordinary It is very relaxed and is a good airport,8.0,Neutral,Positive,Positive,POSITIVE,Positive,,2/4,Negative
Antwerp Deurne,airport,C Wajsberg,2012-10-27,Very small airport with not many destinations to fly to from Free parking in front of airport very fast check in One restaurant coffee shop with nice local food Arriving at Antwerp airport it will take you around to after disembarking until you receive your suitcase and are in a taxi home,10.0,Positive,Positive,Neutral,POSITIVE,Positive,,2/4,Neutral
Arkhangelsk,airport,Y Kiselev,2010-10-03,Used this airport on numerous occasions over the last years Over the last year both domestic and international terminals underwent some renovation and rearrangement of facilities in my opinion for the better Of all facilitiesservices expectable from a midsize regional airport ARH lacks free WIFI coverage and cafes serving hot meals Overall it is a decently wellkept airport which may though benefit from further renovations and improvements,4.0,Positive,Positive,Neutral,POSITIVE,Positive,,2/4,Neutral
Barnaul,airport,David Pryer,2008-12-10,The terminal is Sovietstyle and a little big for just or flights a day to Moscow and the occasional charter Checkin was slow with initially only one desk open but the service was friendly and efficient when eventually obtained With a blizzard on the tarmac it was unsafe for the bus to drive out to the plane Stumbling across the whipped up snow and ice is not something for the fainthearted The early offer of an onboard drink was appreciated,3.0,Neutral,Positive,Positive,POSITIVE,Positive,,2/4,Neutral
Belfast City,airport,Sandro Magliocco,2024-01-12,A small airport with all the benefits of that short distances quick security not too crowded Its also quite quick to get into the city Limited flights compared to Belfast International or Dublin but when I have the option Id choose this over the others The business lounge is also very well maintained and spacious plus good food and drink options,8.0,Positive,Positive,Neutral,POSITIVE,Positive,,2/4,Neutral
Bellingham,airport,J Pitalo,2020-01-01,Thank you for your kind service My elderly parents flew out and the patience and attention to their comfort was impressive and appreciative They contacted me upon their arrival and both were very calm and satisfied They have been worried about flying days coming into it All that went away at the airport in Bellingham They were greeted upon their arrival at their destination with the necessary extra services Thank you so much,9.0,Positive,Positive,Neutral,POSITIVE,Positive,,2/4,Neutral
Belo Horizonte Confins,airport,A Hetier,2009-12-07,I concur with the comment below Confins is underused But there is a big plus Conexao Aeroporto buses that take you to the city centre are punctual and efficient Things have changed since and there should be more improvements in the future,3.0,Positive,Positive,Neutral,POSITIVE,Positive,,2/4,Neutral
Bergerac,airport,R Vines,2017-05-06,Its a small airport with the most basic of facilities but there were no delays in either direction I hope that means they have sorted out immigraton though it may be that my BA flight from London City arrived at a quiet time My only gripe is about one woman on security who was quite unfriendly when she told me I had to return to checkin because she didnt like the look of a vase I had in my carryon bag Otherwise the staff seemed quite friendly,6.0,Positive,Positive,Neutral,POSITIVE,Positive,,2/4,Negative
Berlin Tegel,airport,J Meeson,2020-11-01,Im autistic and was nonverbal unable to speak when I went through security but the staff were incredibly kind and helpful It was very much appreciated as its obviously very difficult to navigate the world when one cannot speak and the staff were completely understanding Be proud,10.0,Neutral,Positive,Positive,POSITIVE,Positive,,2/4,Neutral
Berlin Tempelhof,airport,Lisa Sanders,2008-06-06,Templehof is a dream The architecture is beautiful and the departure hall is stunning Some of the original features can be found a true jewel It oozes nostalgia and would be a tragedy to lose such a wonderful piece of history The most civilised journey Ive embarked on to date was Templehof to Brussels,5.0,Positive,Positive,Neutral,POSITIVE,Positive,,2/4,Neutral
Biarritz,airport,R Vines,2024-11-19,I was pleasantly surprised by Biarritz a small airport where everything seemed to work fine I was particularly impressed by the fact that the immigration officers on arrival and departure were smiling and courteous I wasnt expecting to see the negative reviews below but they are not too recent so maybe things have improved,7.0,Positive,Positive,Neutral,POSITIVE,Positive,,2/4,Neutral
Bilbao,airport,Annette Thomas,2017-09-01,Because of the items in the news about delays and queues we were quite worried about going to Bilbao airport We did have to wait a few minutes at passport control but not too long The airport is a new building very light and modern we didnt have to use any steps at all which was brilliant On our return journey we purchased food and drinks in the cafe they were nicely prepared and the area was very clean and tidy All in all a very good experience and the area can be proud of the facilities,10.0,Positive,Positive,Neutral,POSITIVE,Positive,,2/4,Neutral
Bloemfontein,airport,Abraham Faure,2007-09-19,Bloemfontein airport is currently undergoing improvements to its buildings and facilities This is with a view to the FIFA Soccer World Cup to be held in South Africa I love this little airport because there is an air of excitement and a bustle of activity While the upstairs cafeteria is undergoing improvements there is a downstairs cafeteria where refreshments may be purchased The airport personnel are some of the friendliest i have ever met Their are ample parking and car rental facilities available,4.0,Positive,Positive,Neutral,POSITIVE,Positive,,2/4,Neutral
Bohol-Panglao,airport,15 reviewsT Pearce,2025-03-26,Busy regional airport with many flights to South Korea Manila and other Philippine airports Airbridges and some remote stands Opened in and relatively modern in terms of layout with level for departures and one for arrivals Speed of baggage retrieval very good and distances from arrival to the carpark opposite the airport very short Free WiFi available,9.0,Positive,Positive,Neutral,POSITIVE,Positive,,2/4,Neutral
Bohol-Panglao,airport,13 reviewsAndreas Becker,2022-05-28,Quiet new airport opened in Check in was efficient Distance to Alona Beach only a few minutes Therefore very comfortable for people staying at the beach There are only few food stalls available Overall a fast and efficient airport,8.0,Neutral,Positive,Positive,POSITIVE,Positive,,2/4,Neutral
Bremen,airport,Eric Decamps,2015-09-06,Nothing special to write it looks more like a train station than an airport but its a small city anyway so thats fair Access from the city center by tram makes it the easiest cheapest and fastest airport to reach Ive seen in my life Fans of space will love the huge International Space Station model in the main hall and aviation fans will love the souvenir shop where you can buy many Airbus collectors items One thing they should put more power sockets,8.0,Positive,Positive,Neutral,POSITIVE,Positive,,2/4,Neutral
Brussels Zaventem,airport,8 reviewsNorman Mackenzie,2024-12-09,I have to say I was quite impressed with this place The two terminals are easy to navigate and there is plenty of space Plenty of retail if such is your thing an I enjoyed my Stella as I waited for my next leg One thing I really liked is the ability to get WhatsApp updates for your flight schedule checkin gate departure gate etc I hadnt seen this before Surprised that all the announcements are in English,8.0,Positive,Positive,Neutral,POSITIVE,Positive,,2/4,Neutral
Chania,airport,R Cooper,2018-07-06,I am sat in a light and airy air conditioned building drinking Cappicino Freddo The queue for checking in was small but very organised and the whole building is welcoming Arrival was just as good although a slight wait for baggage due to three aircraft coming in close together This airport has come on a lot since last year and I recommend it The indicator boards all seem to be working ok and the WiFi is good What more can you want Dont blame the airport for things they dont control,10.0,Positive,Positive,Neutral,POSITIVE,Positive,,2/4,Neutral
Chattanooga Metropolitan,airport,Bill Peterson,2006-05-12,CHA has the misfortune of being too close to Atlanta Over half of Chattanooga flyers drive to Atlanta or Nashville or Birmingham to fly However CHA offers competitive fares and I would guess most flights now are regional jet The airport itself is beautiful with a large copper dome as the facilitys trademark in honor of the citys railroad heritage CHA is a modern stateoftheart airport and is where I choose to fly out of even though I live in the northern Atlanta burbs,0.0,Positive,Positive,Neutral,POSITIVE,Positive,,2/4,Neutral
Cochin,airport,Vidya Iyer,2021-11-06,Very disappointed to see that you are busy aping the western culture and forget our own roots As an Indian I am very proud of my heritage and all my traditional food However Cochin airport is a far cry from that You will happily serve cappuccino coffee to please a foreigner while completely omitting to serve a traditional Indian masala tea or a nice bru coffee It is very sad what Cochin airport has come to,2.0,Positive,Positive,Neutral,POSITIVE,Positive,,2/4,Neutral
Corpus Christi,airport,Simon Channon,2011-03-21,It looks like a white elephant but what an elegant one Corpus Christi appears to handle only connecting flights to Dallas and Houston thats the international bit with just three airlines operating there It is light bright airy and wonderfully free of the normal hustle and bustle of a modern airport Checking in took three minutes passport control and security about the same they have new full body scanner Each airline has its own gate complete with airbridge to connect even to small planes,5.0,Positive,Positive,Neutral,POSITIVE,Positive,,2/4,Neutral
Dallas Fort-Worth,airport,52 reviewsMahmud Noormohamed,2024-07-09,Whats not to like about DFW You can park at any terminal and take the SkyLink to whichever terminal youre departing from Departure from Terminal E and arrival at Terminal A Parked across from Terminal E United Airlines gates TSAPre took a little bit longer than usual to clear minutes Both Terminals A E are spacious with plenty of shops and dining options Terminals were clean,8.0,Neutral,Positive,Positive,POSITIVE,Positive,,2/4,Neutral
Damascus,airport,J Delmonte,2011-05-01,I first arrived in Damascus in Feb Since then I have been back and forth almost times a year since then I am an Englishman who met and married a Syrian girl in The airport in my view was more relaxed in the old days whereby you could check in and walk back into the loungecafe for tea etc with your friends and family,4.0,Positive,Positive,Neutral,POSITIVE,Positive,,2/4,Neutral
Douala,airport,Mark Bickerton,2008-12-28,I flew into Douala on Swiss and departed on Virgin Nigeria Both experiences were quite pleasant I had only hand luggage and was in and out of the airport quite quickly When departing we waited at the gate which was quite calm and cool Yes its a bit manic as you walk out of the airport with people and noise everywhere but lots of places are like that If you know where you are going or have someone to meet you its fine,3.0,Positive,Positive,Neutral,POSITIVE,Positive,,2/4,Neutral
Dunedin,airport,Y Ren,2011-11-13,DUD is a small but efficient airport with everything you need Landed from Wellington bags out very quickly The airport is quite far from city centre mins cost nearly dollars by Taxi and dollars by super shuttle Departure is well organised checkin sufficient airline lounge is located upstairs security check right before you board,9.0,Positive,Positive,Neutral,POSITIVE,Positive,,2/4,Neutral
Durban,airport,Rich Jenkins,2016-08-22,A generally good experience at Durban airport Arrival is quite simple and they seem to keep the touts out of the waiting area The checkin is well organized and immigration outbound proceeded quickly There are a number of shops and restaurants The food and the shopping are forgettable but not expensive Decent amount of seating at the gates Wifi works fine,9.0,Positive,Positive,Neutral,POSITIVE,Positive,,2/4,Neutral
Durgapur,airport,Jayastu Senapati,2020-03-10,Kazi Nazrul Islam airport RDP Durgapur is a new greenfield airport in the the industrial city of Durgapur West Bengal Eastern India It is a growing airport which holds much promise for improving air connectivity to this part of the state and can become a major player in boosting tourism and business in the area The connectivity from the city to the airport has improved but still needs more intervention including development of the surrounding areas,7.0,Positive,Positive,Neutral,POSITIVE,Positive,,2/4,Neutral
Florence,airport,40 reviewsS Berten,2025-02-16,A rather small airport serving Firenze I used the airport in the winter season so imagine it during the busy summer season Theres bus boarding only and max small gates It has a abundance of dutyfree shops and food beverages counters Prices are reasonable Staff is friendly and efficiently working,6.0,Neutral,Positive,Positive,POSITIVE,Positive,,2/4,Neutral
Friedrichshafen,airport,H Oberbeckmann,2013-07-07,The airport is very small with just about million passengers a year The few checkin desks are enough service is fast no queues travel agencys most big car rental companys have a desk and restaurants and visitors terrace with a nice view are available,10.0,Positive,Positive,Neutral,POSITIVE,Positive,,2/4,Neutral
Fuzhou,airport,Ethan Lin,2016-07-18,The signs at Fuzhou airport are quite helpful since available in both English and Chinese The border security counter has a rating system where you can rate them based on your experience If you dont speak Chinese it may be slightly difficult to get around Queue was quite long and it took quite long to find your baggage However it was an OK experience The staff was very friendly and friendlier than I had expected,5.0,Neutral,Positive,Positive,POSITIVE,Positive,,2/4,Neutral
Gothenburg-landvetter,airport,6 reviewsThomas Lemoigne,2017-08-02,Landvetter airport is a rather small one well organized and neat Security checks have seldom long queuing and are generally fast Lots of toilets are available very clean with taps to fillin bottles with water So do not hesitate to pass security with an empty bottle Shopping options are limited as the airport is small but the choice is more than correct This airport seems well managed,8.0,Neutral,Positive,Positive,POSITIVE,Positive,,2/4,Neutral
Guayaquil,airport,Joseph Travis,2011-08-07,Guayaquils airport has most of the services that we have here in Australia they even offer jetways into planes There are restaurants ATMs machines banks coffee shops and entertainment it passed our expectations without doubt,5.0,Positive,Positive,Neutral,POSITIVE,Positive,,2/4,Neutral
Haikou,airport,1 reviewsQiteng Lu,2018-12-25,The international terminal of Haikou Airport is a very spacious terminal I have ever seen The terminal is small and dedicated The staff of VIP room help me to carry the language when I arrived and welcome me before I check in and keep me company all the way to the lounge There is a beautiful tropical garden in the terminal The staff in the airport is professional and dedicated I want to thank them for treating me so well,10.0,Positive,Positive,Neutral,POSITIVE,Positive,,2/4,Neutral
Hangzhou,airport,Joe Bailey,2008-11-06,Pretty basic as airports go Way out of town it is simply ridiculous and taxis are well keep your belt on and wear a helmet if you have one The airport sort of works but this is a typical domestic Chinese airport not great not entirely hideous but you know what If you want to fly to Hangzhou its this or nothing I can tell you it is heaven compared to the central rail station,2.0,Neutral,Positive,Positive,POSITIVE,Positive,,2/4,Negative
Hatay,airport,M Veitch,2011-04-16,Hatay HTY I flew into Hatay last year for my daughters wedding celebration airport was small but adequate and staff were helpful,5.0,Neutral,Positive,Positive,POSITIVE,Positive,,2/4,Neutral
Hong Kong,airport,2 reviewsBarnaby Emmerson,2024-11-02,Very clean and big airport Nice facilities Good open space Lots of shops and restaurants and fast food services including MDS and KFC All of it was pretty much airside The queue in Security wasnt that bad Nice airport and a lot of air conditioning,8.0,Positive,Positive,Neutral,POSITIVE,Positive,,2/4,Neutral
Iloilo,airport,Nancy Macendo,2022-07-23,Waiting area is too far from the entrance a lot of mosquitos in waiting area as its open crowded too My flight at am and I arrived long hours before my flight in which they decided to let me stay in waiting area overnight and mosquitos enjoying to eat you alive Please do something,1.0,Positive,Positive,Neutral,POSITIVE,Positive,,2/4,Neutral
Iloilo,airport,E Carew,2015-04-23,I arrived at night so it was difficult to be as observant as during the day but baggage came off the conveyor belt within minutes and I obtained a modern car with a very pleasant driver for the transfer to my city hotel the transfer costing P which was reasonable Overall an airport that delivered for me on this trip,9.0,Positive,Positive,Neutral,POSITIVE,Positive,,2/4,Neutral
Islamabad,airport,A Talat,2019-07-17,Massive improvement in airport and staff Very clean public facilities are well maintained Staff are a bit friendlier now and fewer queues on departure and arrival securityimmigration clearance due to having extra staff on counters Just need a few more shops in the terminal,9.0,Neutral,Positive,Positive,POSITIVE,Positive,,2/4,Neutral
Jakarta,airport,Angela Avida,2020-02-29,Most of the airport was hot Only felt moderately cool at the quiet area which wasnt quiet at all It was right next to noisy escalators and on top of an area where staff I assume they were staff would congregate and loudly converse The rest of the time I thought staff were loudly and the airport was nice enough Lots of restaurants and little shops although most closed at night I arrived and was in transit for hours Outlets everywhere and potable water available,6.0,Positive,Positive,Neutral,POSITIVE,Positive,,2/4,Neutral
John Wayne,airport,T Tracy,2019-05-22,John Wayne airport is a nice little smallhumble airport good for traveling with kids It is a small airport with only gates everything in the airport is close by If you live by John Wayne I definitely would recommend,8.0,Positive,Positive,Neutral,POSITIVE,Positive,,2/4,Neutral
Karlsruhe,airport,S Townsley,2011-06-19,Since my last review Karlsruhe airport has improved beyond expectations Regular flights to more destinations and vastly improved bus services to Baden and Rastatt Eating and shopping facilities need to be improved especially on Sundays when the duty free shop and gate one bar are generally closed,4.0,Positive,Positive,Negative,POSITIVE,Positive,,2/4,Neutral
Kent,airport,O Beardsmore,2014-03-06,The airport is very small however the staff provided a very good service We went through the airport very quickly,10.0,Positive,Positive,Neutral,POSITIVE,Positive,,2/4,Neutral
Khartoum,airport,Malachy Roscoe,2004-05-04,The obligatory show of your boarding pass on boarding the plane Dont expect duty free air conditioned waiting areas business lounges or facilities smiles hello thank you goodbye catering information desk assistance even from airline representatives or toilet facilities and you wont be left disappointed But once outside the Worlds Worst Airport you will meet the most pleasant courteous and honest people that I have ever personally encountered Welcome to the real Sudan,0.0,Positive,Positive,Neutral,POSITIVE,Positive,,2/4,Negative
Kigali,airport,Barrie Enslin,2014-02-17,One of the better airports in Africa I made use of the pay lounge at USD where they served snacks and drinks I had a medical situation was referred to the medical station and received good medical attention,6.0,Positive,Positive,Neutral,POSITIVE,Positive,,2/4,Neutral
Kilimanjaro,airport,Adam Simmons,2010-06-23,Compared to so many airports a delightful experience I was first off my arriving flight and so did not have to queue for a visa Only one person was doling them out so I guess that stragglers had quite a wait On departure plenty of shops for such a small airport with plenty of seating both indoors and out no problems in either direction with passport or customs,5.0,Positive,Positive,Neutral,POSITIVE,Positive,,2/4,Negative
King Mswati III Intl,airport,3 reviewsTeayaung Kim,2016-02-09,Recently opened airport because the former airport in Matshapa is now being used as something else The new location is quite inconvenient because it takes more than an hour from Mbabane city centre and I would strongly recommend that you use the road from Johannesburg to Mbabane because it takes only four hours from SA Cost wise it is also efficient to use the road,5.0,Positive,Positive,Neutral,POSITIVE,Positive,,2/4,Neutral
Kinshasa,airport,S Ross,2016-10-13,I read horror stories and read terrible reviews about Kinshasa FIH Ndjilli Airport I was very nervous about going through there What a lovely surprise awaited me A brand new terminal clean bright air conditioned well a big plus in Africa all employees well dressed and polite Procedures took time and were very detailed but nothing out of the ordinary You dont really need to pay a VIP service to go through you will be OK on your own Make sure all your travel documents and stay details ready for inspection,9.0,Positive,Positive,Neutral,POSITIVE,Positive,,2/4,Negative
Koh Samui,airport,Andrew Mortimer,2022-12-12,Brilliant little airport with thoughtful touches such as free snacks and water Only downside was the open air departure lounges so no air conditioning ie humidity very high,7.0,Positive,Positive,Neutral,POSITIVE,Positive,,2/4,Neutral
Koh Samui,airport,2 reviewsA Davids,2017-04-15,From the first step of the airplane at Koh Samui Airport I felt that I was in a tropical paradise It was not a standard airport bus but a train of small wagons painted in bright colours Airport is a complex of many small buildings in Thai style connected by open galleries A lot of open space just covered with roof from rain Many trees and flowers Even an aquarium in WC There are minibuses for transfer to Samui hotels and of course you can take an individual taxi with fixed price,10.0,Positive,Positive,Neutral,POSITIVE,Positive,,2/4,Negative
Kota Kinabalu,airport,2 reviewsAzizul Ismail,2015-11-30,A modern medium size airport with ample space airside got plenty of outlets at the departure area and efficient checkin counter The airport is near to the city centre and it is easy to reach by taxi and private transportation Once through the security check you will be greeted by an airy airside with an ample seating area near to the gate and due to the design of the terminal the distance of the gate is really short and gave ample time for the passenger to catch their flight,10.0,Positive,Positive,Neutral,POSITIVE,Positive,,2/4,Neutral
Krabi,airport,Mohammed Gother,2024-02-25,Small airport arrival was smooth half hour queue at immigration but bags waiting for uson departure ten minutes from check in to be sat at the gate on comfortable seats and soft carpetairport is very clean and did not come across any rude staffin fact they were very polite,10.0,Neutral,Positive,Positive,POSITIVE,Positive,,2/4,Negative
Lamu,airport,Jonathan Beard,2010-04-29,The current airport consists of two buildings The first houses the security scanners and the second an open air thatched building the manual check in Very pleasant for small groups A new terminal is being constructed and should be ready in a few years Like most things in Lamu this is a simple functional relaxed airport From the terminal you walk meters to the fast boats for the minute ride to Lamu Town or to Shela Beach,4.0,Positive,Positive,Neutral,POSITIVE,Positive,,2/4,Neutral
Langkawi,airport,Y Ren,2013-08-11,Small airport only serves a couple of airlines Landing process was pretty fast seem the airport does not have air bridges Bags delivered pretty fast Check in at airport was fine many dining options Security check was fast Not sure about transportation options because we were picked up and dropped off by our hotel It is a very sufficient regional airport,7.0,Positive,Positive,Neutral,POSITIVE,Positive,,2/4,Neutral
Leon Guanajuato,airport,Sandy Huff,2007-02-05,Ive flown in and out of BJX a half dozen times and have no problems Take along a book or knitting as there are only a couple of souvenir shops but they are colorful and reasonable My destination has been San Miguel de Allende the art colony thats popular with US citizens,0.0,Positive,Positive,Neutral,POSITIVE,Positive,,2/4,Neutral
Leon Guanajuato,airport,Edgar Solis,2006-05-31,This is a small and nice airport Ive landed and departed from this airport before and it has changed a lot I dont know why it is called Leon Airport if it is closer to Silao Gto I landed there a few months ago my destination was Romita Gto my mothers hometown This airport is very convenient for us since it is only about mins away from Romita Also this airport is not very far from Guanajuato city I recommend people to visit Guanajuato this is perhaps the most European style city in Mexico,0.0,Positive,Positive,Neutral,POSITIVE,Positive,,2/4,Neutral
Limoges,airport,1 reviewsFlorian Chissadon,2016-12-28,I travel from Limoges to and from Paris The terminal is a little bit small but it is very clean There is a not a very long queue time and the staff were very proactive At this airport there is one bar and one restaurant but there are no lounges or dutyfree The boarding area is very small and there is not much seating This is a little but very efficient airport,9.0,Neutral,Positive,Positive,POSITIVE,Positive,,2/4,Neutral
Lviv,airport,Ivan Dzhur,2015-01-19,Once again I used Lviv Airport four times in August Very satisfied with facilities and staff who work there Definitely beats many USA airport who have a lot to do in order to improve,10.0,Positive,Positive,Neutral,POSITIVE,Positive,,2/4,Neutral
Malta,airport,G Giocondi,2024-05-18,I would like to thank Alessandra at the customer services desk for the phenomenal service and friendliness she has provided me at the airport She is an absolute gem,10.0,Positive,Positive,Neutral,POSITIVE,Positive,,2/4,Neutral
Medan,airport,Anthony C Lawman,2012-08-07,I have used Polonia six times in the last four year both international and domestic arrival and departure No problems with taxis overcharging just as for any airport do your research Be affirmative informed and polite,6.0,Positive,Positive,Neutral,POSITIVE,Positive,,2/4,Neutral
Medellin,airport,1 reviewsJuan Zapata,2019-03-27,The airport services were very attentive to the plane we arrived at local time when we left the plane the luggage gang was already in operation and the suitcases were in very good condition,10.0,Positive,Positive,Neutral,POSITIVE,Positive,,2/4,Neutral
Miami,airport,Stefania Miniucchi,2024-11-11,Arriving at Miami International Airport to return to Rome we had the invaluable assistance at the automatic checkin before the Air Canada desk so I dont think an Air Canada employee helped us so much to understand how we had to make our boarding passes and what to do with our luggage Thanks to him the passage through this airport seemed delightful,8.0,Positive,Positive,Neutral,POSITIVE,Positive,,2/4,Neutral
Monastir,airport,G Moran,2010-03-10,We travelled through Monastir Airport and found it to be pretty good for a small airport The queues coming in were fairly smooth and on the way out of the country everything went smoothly as well Facilities are perhaps a little limited but its only a small airport comparatively and at least it was clean,4.0,Neutral,Positive,Positive,POSITIVE,Positive,,2/4,Neutral
Monastir,airport,Amanda Taylor,2007-08-06,I agree most strongly that passport control is a nightmare I could not believe the length of time it takes to get passengers through and especially when the airport is so hot and lacked air conditioning I have visited this Airport twice now and hope that in future they can implement a more effective way of getting through control The rest of the airport was fine and even homeward bound found it was comfortably set out with refreshments and enjoyed a last encounter of some traditional Tunisian retail shops,4.0,Positive,Positive,Neutral,POSITIVE,Positive,,2/4,Neutral
Monastir,airport,Iain Murray,2005-08-29,Impressed by this airport apart from the queue at Passport control It took ages once through to Departures everything was fine Duty Free was reasonable and plenty of places to get a drink or something to eat,0.0,Positive,Positive,Neutral,POSITIVE,Positive,,2/4,Neutral
Montpellier,airport,40 reviewsH Rowe,2020-07-30,A small yet very convenient airport in the south of France From the plane to the exit takes no more than min Signaling shopping etc is all fine given the size and role of the airport Its not the most modern airport but everything is well maintained Theres a convenient bus service to the city center,8.0,Positive,Positive,Neutral,POSITIVE,Positive,,2/4,Neutral
Murcia San Javier,airport,3 reviewsChristian Dyer,2015-07-04,A pleasant small airport very useful for southern Spain A minus point would be being held in the sun before boarding a plane this is quite unpleasant Announcements are very clear Very good airport,8.0,Positive,Positive,Neutral,POSITIVE,Positive,,2/4,Neutral
Muscat Seeb,airport,30 reviewsZiauddin Ahmed,2020-02-27,I visited Oman first time in and used this airport It was then very a small and unorganized airport Now the airport has become huge with many other facilities There is a museum with Omani architectures There are many handicrafts shops with very high prices of commodities There are KFC and McDonalds that offer food at an affordable price There are Muslim prayer room and toilets as well,8.0,Positive,Positive,Neutral,POSITIVE,Positive,,2/4,Negative
Muscat Seeb,airport,A Trang,2020-01-19,I visited Oman first time in and used this airport It was then very a small and unorganized airport Now the airport has become huge with many other facilities There is a museum with Omani architectures There are many handicrafts shops with very high prices of commodities There are KFC and McDonalds that offer food at an affordable price There are Muslim prayer room and toilets as well,8.0,Positive,Positive,Neutral,POSITIVE,Positive,,2/4,Negative
Nanning Wuxu,airport,P Hu,2016-04-28,The airport is very new and modern I have flown through this airport multiple times but this is the first time at the new terminal It is a lot larger than the original terminal There was finally free WiFi and it was pretty fast considering the internet in China It was mainly based off of Shanghai Pudong the airport I was actually flying to and had the identical announcement system that PVG terminal had Although there were a few foreigners including me it felt very open and very welcoming,8.0,Positive,Positive,Neutral,POSITIVE,Positive,,2/4,Neutral
Naples,airport,O Assam,2024-07-12,Lives up to its name no signs chaos rude airport staff overflowing rubbish bins of flight delayed and no aircon but great food Unless one wants to fly to Rome and drive not many options to visit Campania and it is worth visiting so just have to roll with it and accept it,2.0,Positive,Positive,Negative,POSITIVE,Positive,,2/4,Neutral
Ningbo Lishe,airport,Josef Sonntag,2015-07-09,Modern airport medium in Chinese terms Incoming by bus from runway efficient and fast very simple to get your bearings Outgoing fast very clear information very efficient checkin good facilities About min from city center,8.0,Positive,Positive,Neutral,POSITIVE,Positive,,2/4,Neutral
Okinawa Naha,airport,J Brand,2013-09-03,I live here and fly regularly New terminals are open airy and plenty of seating Limited but appropriate shopping Nice caferestaurant selection for a small airport Security swift and courteous,8.0,Positive,Positive,Neutral,POSITIVE,Positive,,2/4,Neutral
Ostend–Bruges,airport,6 reviewsW Peeters,2017-09-27,A small airport where you can go from the luggage checkin to the gate within minutes There were enough places to sit down and the WiFi is good If you want to eat something before the security there is a restaurant with enough food pricequality top After the security you can also drink or eat something Boarding goes quickly,8.0,Positive,Positive,Neutral,POSITIVE,Positive,,2/4,Neutral
Ottawa,airport,Julie Pou,2016-04-04,I really like this airport it is small and not complicated It is really clean and they have a small but nice section for kids to play Just wish there were more restaurant for the US side There are usually no delays The airport is a bit far from downtown so a bit expensive in taxi but hey they have Uber and lot of parking space,9.0,Positive,Positive,Neutral,POSITIVE,Positive,,2/4,Neutral
Paderborn,airport,Martin Cox,2006-07-04,A first class airport with a good range of facilities There does not seem to be the usual hectic atmosphere of most airports bringing back the pleasure into flying Decent food at non ripoff prices particularly recommend the caferestaurant on the mezzanine floor,0.0,Positive,Positive,Neutral,POSITIVE,Positive,,2/4,Neutral
Palm Springs,airport,H Fehr,2008-03-25,PSP is a beautiful airport in the secured area However the checkin to the security point is a long walk for the many retired people that travel through this airport The open air feeling is great in this warm climate The biggest negative is that when there is poor weather and those times are few is the lack of technology for pilots to land During a rain storm and low visibility we were delayed minutes while circling and then continued to Los Angelos then bussed back to Palm Springs,4.0,Positive,Positive,Neutral,POSITIVE,Positive,,2/4,Negative
Palm Springs,airport,John Oram,2007-07-10,I arrived at PSP from SFO I have used the airport from time to time in the past It is quite capable of coping with its traffic but has experienced one major improvement whereby hired cars can now be collected on site This is very welcome especially when the heat is high,4.0,Positive,Positive,Neutral,POSITIVE,Positive,,2/4,Neutral
Paro,airport,3 reviewsTeayaung Kim,2016-02-09,Paro International Airport is located meter above sea level so flights can only fly in the morning I took a Druk Air flight from Bangkok and the other time I took a flight from Kathmandu I prefer flying from Kathmandu because I could see Himalayan Mountains if the weather permits Paro Airport has very basic amenities because they have two carriers flying in and out It replicated Bhutanese traditional architecture and it looked very beautiful as I was walking into the airport,7.0,Positive,Positive,Neutral,POSITIVE,Positive,,2/4,Neutral
Pointe Noire,airport,Dave Stanley,2009-08-09,The airport is small and modern It has both local and international flights Air France Arrivals are no problem and there is not far to walk from the aircraft to the airport exit There did not seem to be to many people bothering passengers Departures is also straight forward with modern checkin desks There are not many shops in the departure area and only one basic cafe There is adequate seating and the airconditioning works well Overall a very good experience compared with other African airports,4.0,Positive,Positive,Neutral,POSITIVE,Positive,,2/4,Neutral
Quebec City,airport,Antoine Beaulieu,2013-04-28,Love Quebecs airport Small but offers all of the facilities in a big airport Not too much people,10.0,Positive,Positive,Neutral,POSITIVE,Positive,,2/4,Neutral
Rijeka,airport,S Vanter,2022-09-07,Its a small airport at an island abt km from Rijeka Checking in and out goes quite fast at our experience Some staff members in the shop are kind of grumpy Nevertheless we are very happy with this airport how they have arranged a hotel in Opatija for our group when our flight was cancelled all of a sudden in the evening Our flight company Transavia told some people to find and book by themselves a hotel but the airport arranged bus transport and a luxurious hotel so our compliments,8.0,Positive,Positive,Neutral,POSITIVE,Positive,,2/4,Neutral
Riyadh,airport,M Anderson,2024-10-28,A supposedly international city airport and in the huge transit area the managers dont even manage to install a few water fountains for cool refreshing water for tired and thirsty travellers especially those with children What an appalling omission It is a shame really as in most other respects the airport is very pleasant,2.0,Positive,Positive,Neutral,POSITIVE,Positive,,2/4,Neutral
Rodez,airport,Matthew Noble,2007-05-16,A small little provincial airport can be a touch uncomfortable in hot weather as the large glass windows absorb the sun as you wait in the departure area One small cafe serving reasonable food and drink Check in quick and car hire points convenient to main entrance Good main road access to the town of Rodez and Tarn and Tarn et Garonne etc,4.0,Neutral,Positive,Positive,POSITIVE,Positive,,2/4,Neutral
Rotterdam,airport,R Blok,2011-09-11,As I live nearby its a convenient airport for me especially because of frequent flights to London and Southern France You can make use of free Internet Parking is cheap Connection to Rotterdam City and Port area is good and quick Hardly any queuing you can arrive mins before departure without any problems Whenever possible I make use of RotterdamThe Hague Airport,5.0,Positive,Positive,Neutral,POSITIVE,Positive,,2/4,Neutral
San Jose,airport,Amelia Kirsten,2023-07-17,Our flight arrived very late and the hotel shuttle stopped running Bryce was very kind to help us find transportation to our hotel He went above and beyond his job to make sure we arrived safely I was very satisfied,10.0,Positive,Positive,Neutral,POSITIVE,Positive,,2/4,Neutral
Santiago De Chile,airport,10 reviewsB Albrecht,2023-09-13,Terminal International Departure Efficient passport control and security check within the terminal an incredible amount of dining and bar options for every budget Wonderful new terminal maybe with not many toilet facilities as only negative point,10.0,Positive,Positive,Neutral,POSITIVE,Positive,,2/4,Neutral
Sanya,airport,R Pontida,2009-03-13,No real problem with the airport As with most chinese airports its rather recent with pretty efficient baggage claim Its also relatively close to the city ab km which means there are cheap and crowded regular buses and taxi will cost you maybe yuan But what I really love is the waiting area outside,4.0,Positive,Positive,Neutral,POSITIVE,Positive,,2/4,Neutral
Sao Paulo Congonhas,airport,Simon Smith,2011-06-05,Interesting experience This airport is very close to the city mainly for domestic flights and is extremely busy However even though really crowded all queues seem to move very quickly A reasonable mix of retail outlets and I thought the prices were OK Plenty on taxis on return there are prepay ones but for journeys into the city a metered cab is fine,4.0,Positive,Positive,Neutral,POSITIVE,Positive,,2/4,Neutral
Sarajevo,airport,Edin Dzano,2008-01-10,Its very small but convenient airport There is small duty free area and coffee bar in upper floor after immigration and also one coffee bar before immigration Toilets are clean Immigration procedures on arrival and on departure are simple and fast,4.0,Neutral,Positive,Positive,POSITIVE,Positive,,2/4,Negative
Seychelles,airport,18 reviewsGyan Fernando,2017-02-12,This is a small but friendly airport The checkin area is not air conditioned and is hot Checkin was efficient immigration and security were efficient with hardly any queues In departures there were two food and drink outlets a dutyfree shop and several other shops Boarding was efficient,9.0,Neutral,Positive,Positive,POSITIVE,Positive,,2/4,Neutral
Siem Reap,airport,Darren Mathews,2024-01-20,My experience at the new Siem Reap Airport surpassed all expectations The staffs friendliness and proactive assistance elevated my journey Navigating immigration was not only expeditious but also conducted with an admirable level of efficiency The airports outstanding features combined with the exceptional service created an atmosphere of ease and comfort,10.0,Positive,Positive,Neutral,POSITIVE,Positive,,2/4,Neutral
Skopje,airport,Angela Barwick,2017-05-17,The airport is small yet very well organized There is every service available that a person would require even for a long wait restaurant ATMs banks PO as far as airport seats go I was able to sleep on these in more comfort than others Ive been through many airports and can honestly say that Im impressed,7.0,Positive,Positive,Neutral,POSITIVE,Positive,,2/4,Neutral
St Petersburg,airport,Haji Murat,2015-08-14,From the city to the airport in minutes The new terminal is fine Beautiful geometric lines used in the design Checkin for flight did not take too long The old building renovated and converted into a zone of local flights There are many shops and cafes There was a small queue of precontrol before departure,9.0,Positive,Positive,Neutral,POSITIVE,Positive,,2/4,Neutral
Stavanger,airport,Erik Olsen,2007-01-19,Stavanger airport Sola is a small airport like the one in Bergen and Trondheim Not many international flights but quite many domestic The terminal there is only one is years old but they have started to upgrade everything All in all a comfortable airport,0.0,Neutral,Positive,Positive,POSITIVE,Positive,,2/4,Negative
Subang Kuala Lumpur,airport,1 reviewsShaharuddin Mohd Sham,2019-12-10,I cant remember when the last time I was here but nevertheless it was a pleasant surprise to use the airport again Many places to have food and the atmosphere was pleasant Just one thing that I disliked was the toilet in the common area It was really smelly and should be dealt with immediately,7.0,Positive,Positive,Neutral,POSITIVE,Positive,,2/4,Neutral
Surat Thani,airport,5 reviewsS Jackson,2017-09-22,We had quite a lot of time to kill in this airport and it didnt disappoint There was a restaurant right in the middle of the terminal that was delicious and decently priced Unfortunately the wifi was not working no matter how many times we tried but they had this nice area called the library we sat in that was pleasant and helped the time pass,9.0,Positive,Positive,Neutral,POSITIVE,Positive,,2/4,Neutral
Taipei,airport,12 reviewsK Huang,2024-05-10,The airport was a bit far from the city but well connected to the public transportation with clear signs and direction It was in general clean Queuing time at the immigration was not too long for us As many other Asian international airports TPE was full of restaurants and a shopping paradise for passengers to kill waiting time Each boarding gate had a different theme and sometimes did not have enough seats for everyone,8.0,Neutral,Positive,Positive,POSITIVE,Positive,,2/4,Neutral
Taipei,airport,L Han,2023-10-24,There is very good food and Wifi Internet The dutyfree shop has all kinds of brands and it is cheaper than neighboring countries The immigration inspection is fast and not difficult,9.0,Positive,Positive,Neutral,POSITIVE,Positive,,2/4,Neutral
Tbilisi,airport,Hanna Gatigno,2025-01-22,I forgot my prescription glasses in the Duty Free in Tbilisi Following a few emails to the Duty Free department I received a positive response that they were found Two ladies did everything in their power to have them returned to me I cant fault these people they showed care and sympathy to my problems They are Natia and Inna Thank you so much,10.0,Positive,Positive,Neutral,POSITIVE,Positive,,2/4,Neutral
Timisoara,airport,40 reviewsR Barton,2023-02-24,A small airport divided into mini terminals domestic international arrival and international departure Border control was fast and efficient despite the large amount of passengers The terminals itself are clean and well maintained but rather s looking Access to the aircraft is by bus boarding only There are many taxis to the center but negotiate well A few busses are available too but look like from a museum,6.0,Neutral,Positive,Positive,POSITIVE,Positive,,2/4,Neutral
Torp,airport,Oscar Hillgaar,2008-10-12,The little airport is getting a lot more traffic and starting to burst at the seams Even though the rail connection is a good piece of news the amount of people in the transit area isnt But still it beats Stansted queuing and even Ryanair checkin is fairly straight forward,3.0,Positive,Positive,Neutral,POSITIVE,Positive,,2/4,Neutral
Trieste,airport,4 reviewsMassimiliano Mesenasco,2015-08-26,A very small airport that mainly serves Trieste Udine Gorizia and the western part of Slovenia More similar to a train station as it often happens for small airports A few shops that mainly sell local food and wine a very small duty free and a couple of bars It also features a small but comfortable lounge,6.0,Neutral,Positive,Positive,POSITIVE,Positive,,2/4,Negative
Vancouver,airport,Sayna Davary,2024-01-20,I was with my mother at the entrance of the airport There was a young man named William He asked us if we needed help and I couldnt believe he helped us to get a wheelchair immediately That was awesome customer service compared to my experience in LA airport,10.0,Positive,Positive,Neutral,POSITIVE,Positive,,2/4,Neutral
Victoria Falls,airport,Victor Oster,2004-08-29,A very small airport no airways you walk on the tarmac to the terminal if like most people you need to buy a visa there is a line manned by only people and no organization at all then the customs man grunts at you or makes you open everything but then you are out and in one of the most beautiful places on earth,0.0,Positive,Positive,Neutral,POSITIVE,Positive,,2/4,Negative
Victoria Intl,airport,N Vieites,2012-08-07,I visited Victoria BC two weeks ago and for a small international airport I enjoyed the experience Security was quick the facilities were good and checkin was quick I recommend this airport,8.0,Positive,Positive,Neutral,POSITIVE,Positive,,2/4,Neutral
Wenzhou Longwan,airport,4 reviewsZ Yang,2019-07-16,The new terminal is really fresh and at the domestic departure some airlines merge in the same area and you can check in at any queue Everything looks good,9.0,Positive,Positive,Neutral,POSITIVE,Positive,,2/4,Neutral
Westchester County,airport,D Mitchell,2017-06-04,Although Westchester County Airport is awfully small compared to JFK or Bradley it is amazing It has car rentals an actual baggage carousel five airlines going in and out of there local planes accepted too and even have gates This is so much better than some small airports Ive been to,10.0,Positive,Positive,Negative,POSITIVE,Positive,,2/4,Negative
Xi'an,airport,M Cavanagh,2014-04-23,I departed on th April and was lucky to make my flight I was part of a tour group and as there were many groups trying to leave at the same time and not enough check in staff to process the travelers I made my flight with minutes to spare,6.0,Positive,Positive,Neutral,POSITIVE,Positive,,2/4,Neutral
Xi'an,airport,B Howard,2013-06-28,Last time I was in Xian Xianyang airport was in I have visited many times before There was always a Scrum outside the airport building for tickets and to board the airport buses for downtown Returned this year a lot has changed with the airport and getting tickets for the buses You now go to a ticket booth inside the building Then a waiting room for your respective bus What an improvement,8.0,Positive,Positive,Neutral,POSITIVE,Positive,,2/4,Neutral
Air Austral,airline,P Geare,2019-10-20,Johannesburg to St Denis Service like it was years ago professional attentive amenity kit handed out on a hour flight and the quality and quantity of the catering Ive not seen for years Thoroughly recommended,9.0,Positive,Positive,Neutral,POSITIVE,Positive,,2/4,Neutral
Air Bagan,airline,Robert Buntin,2012-12-03,Flew on four separate legs within Myanmar and found them to be surprisingly good You dont normally expect catering on flights of under an hour but there was something on all segments Arrived in good time at Heho Airport for a flight to Yangon and they automatically put me on to an earlier departure There is a certain amount of third world amateurism about the boarding process but it all seemed to work,8.0,Positive,Positive,Neutral,POSITIVE,Positive,,2/4,Neutral
Air Bagan,airline,Ian Vagg,2011-03-14,Chiang Mai to Yangon return and pleasantly surprised by the standard fairly new aircraft and meal service for minute flight Flight attendants were somewhat offhand Reasonable leg room in economy,8.0,Positive,Positive,Neutral,POSITIVE,Positive,,2/4,Neutral
Air KBZ,airline,25 reviewsMark Ellwood,2017-09-26,Yangon to Mandalay Really good flight the seating was and actual seat numbers given on boarding pass plenty of space even at inflight catering offered light snack and good coffee Nothing to worry about despite ATR aircraft type and would definitely fly again,8.0,Positive,Positive,Neutral,POSITIVE,Positive,,2/4,Neutral
Air Mediterranee,airline,J Lane,2014-10-12,The aircraft was on time from Manchester and on the return journey from Lourdes Bartres the aircraft left early The staff were a bit distant the food good overall OK,7.0,Positive,Positive,Neutral,POSITIVE,Positive,,2/4,Neutral
Air North Yukon's Airline,airline,Jade Pang,2023-05-29,We were totally amazed by their services since none of us have ever heard of this airline The trip was arranged by the travel agency who arranged our tour Even during a short trip they provided us gourmet sandwiches and a warm cookie while beverages was served twice which is far much better than what we experienced from those larger airlines How we wish they can cover more routes,10.0,Positive,Positive,Neutral,POSITIVE,Positive,,2/4,Neutral
Air Panama,airline,4 reviewsB Jahranee,2018-10-29,Panama City to David Pleasant flight experience on an old Fokker A little expensive for what you get but theres little competition in Panama Seats were comfortable spacious though the interior of the plane had not seen an update since the late s or early s Cabin crew were friendly and served soft drinks including diet options and plantain chips Flight departed and arrived about min late,8.0,Neutral,Positive,Positive,POSITIVE,Positive,,2/4,Neutral
Airlink,airline,S Pirten,2024-06-24,I was super impressed with this airline Highly recommend it for travel within Africa Im not sure what else to say Glad airlink is available now for travel in Africa,10.0,Positive,Positive,Neutral,POSITIVE,Positive,,2/4,Neutral
AirSWIFT,airline,C Gorten,2025-01-29,Everything about the flight experience went well I was worried reading the other reviews but in the end it was a very positive experience The terminal in El Nido is also very good,10.0,Positive,Positive,Neutral,POSITIVE,Positive,,2/4,Neutral
Akasa Air,airline,K Sargan,2025-03-21,From the moment I boarded the crew exuded warmth and professionalism Junu and Reeza provided assistance wherever needed The inflight service was impeccable Bhoomi and Nisha managed the meal service efficiently The crew went above and beyond to ensure passenger comfort Whether it was providing extra blankets assisting with luggage or attending to special requests they were attentive and proactive Their kindness and willingness to help truly stood out Looking forward to flying with Akasa Air again,10.0,Positive,Positive,Neutral,POSITIVE,Positive,,2/4,Neutral
Asiana Airlines,airline,1 reviewsLe Kiem,2024-07-27,I just experienced Asiana Airlines Business class food delicious flight attendants good service I give stars because flight is delay minutes and does not have wiFi,8.0,Positive,Positive,Negative,POSITIVE,Positive,,2/4,Neutral
Atlantic Airways,airline,JK Petersen,2012-10-25,Small company but very friendly and efficient staff All passengers treated as business class travelers even though Atlantic Airways only offers one class economy Small planes Bea and Airbus but the comfort is all right for the short trips between Scandinavian countries Faroe Islands and Britain,10.0,Neutral,Positive,Positive,POSITIVE,Positive,,2/4,Neutral
Atlantic Airways,airline,M Vlad,2012-06-17,CPHFAE return new aircraft on time friendly and smiling FA snack alcoholic nonalcoholic beverage served,10.0,Neutral,Positive,Positive,POSITIVE,Positive,,2/4,Neutral
Bassaka Air,airline,81 reviewsH Crickard,2016-06-23,Phnom Penh to Siem Reap with Bassaka Air and I found this airline to be brilliant in all aspects Their prices are phenomenal and I couldnt complain about anything Check in was super fast and done with a smile The plane is a little outdated but its still new and growing The flight itself was mins and for such a short flight you even got a complimentary drink,10.0,Positive,Positive,Neutral,POSITIVE,Positive,,2/4,Neutral
Beijing Capital Airlines,airline,Z Chen,2024-05-14,I take this airline from Hangzhou to Lisbon th May The food is good taste and various I have stony insomnia problem and i did not pay attention and lost my sleeping medicine into rubbish I told the air hostess she is warmheart and patiently helped me search the rubbish patiently almost taking hours and finally searched my sleeping medicine I am thankful for this,8.0,Positive,Positive,Neutral,POSITIVE,Positive,,2/4,Neutral
Beijing Capital Airlines,airline,Hao Xu,2024-03-20,Overall quite satisfied with this flight The service of the flight attendants was very good very attentive and thoughtful which made me feel their attentiveness and warmth The cabin seats were a bit hard the entertainment system was partially out of order the movie selection was relatively small the route was long and there werent enough movies to watch I am quite satisfied with everything else and would recommend this airline to my friends,8.0,Positive,Positive,Neutral,POSITIVE,Positive,,2/4,Neutral
Biman Bangladesh Airlines,airline,18 reviewsZiauddin Ahmed,2023-04-19,Dhaka to Singapore Good food good seating and comparatively better ground services at Dhaka Staff on board are just okay though My travel ticket price was high though Worst inflight entertainment service,5.0,Positive,Positive,Neutral,POSITIVE,Positive,,2/4,Negative
Boutique Air,airline,John Crawford,2022-08-05,I hope Boutique Air continues this service to altoona I have been able to get my mother who lives in Altoona back and forth to Pittsburgh for medical treatment and advanced care she needs The drive to Pittsburgh is atrocious and I hope boutique continues this route for a very long time A total life saver and an awesome experience Out of about flights i have taken only have been delayed and very short about minutes or so Their customer service is outstanding and always so friendly,10.0,Positive,Positive,Neutral,POSITIVE,Positive,,2/4,Neutral
Bulgaria Air,airline,Katina Panayotova,2022-01-10,I have travelled multiple times with them alone with the kids and bought tickets for my dad and I had everytime struggle One flight they told me at the check in that the strollers they do not put in bags and I was suppose to know that which I didnt so my stroller came broken in the us Very unprofessional and the team is the same They have wonderful flights with great connections and prices but because I had so many times struggle with them I will not book a flight with them And I am Bulgarian,1.0,Positive,Negative,Positive,POSITIVE,Positive,,2/4,Neutral
Carpatair,airline,René Engesser,2011-04-24,FCOTSRIAS Business Class Checkin in FCO terrible just counter minutes waiting time No lounge offered Inflight service with very friendly and attentive staff good food Transit in TSR as well despite of being a small and old airport was ok Here again very polite staff,9.0,Positive,Positive,Neutral,POSITIVE,Positive,,2/4,Negative
Cebu Pacific,airline,Mike Abiog,2025-02-13,I would like to give a commendation to the staff of Cebu Pacific working at the Roxas City airport who helped my father recover his lost luggage which was mistakenly picked up by another passenger These people worked hard and I have also witnessed all the efforts they made to give all the help that we needed Thank you for your hard work and dedication You guys are awesome,10.0,Positive,Positive,Neutral,POSITIVE,Positive,,2/4,Neutral
Coastal Aviation,airline,B Hertor,2018-01-17,Very short min flight to Zanzibar and back again from Dar es Salaam with Coastal Aviation Both flights were on time and our luggage arrived too Tiny aircraft and fully booked so quite a squeeze but comfortable enough for such a short flight Was very pleasantly surprised with the punctuality and reliability Would definitely recommend flying Coastal,8.0,Neutral,Positive,Positive,POSITIVE,Positive,,2/4,Neutral
Corendon Airlines,airline,D Dawes,2023-08-16,There are a lot of negative reviews for this airlines but for a budget airline what do these reviewers expect Premium airline service They have obviously never flown on EasyJet or Ryanair to make a comparison Flew to Turkey from Manchester and was quite impressed by their checkin service and legroom on the plane Recommend to anyone,7.0,Positive,Positive,Neutral,POSITIVE,Positive,,2/4,Neutral
Cyprus Airways,airline,Amir Sardari,2025-01-11,We had a challenge with checking due to a third party error Even so Sarah was super kind and efficient She made us feel at ease and resolved the issues we had promptly Thanks again,10.0,Positive,Positive,Neutral,POSITIVE,Positive,,2/4,Neutral
Ernest Airlines,airline,Bartolomeo Daddario,2019-03-20,Milan Bergamo to Tirana Lot of comfort reclining seat big leg space cheap food prices on board cabin crew very professional Flight on time,10.0,Positive,Positive,Neutral,POSITIVE,Positive,,2/4,Neutral
fastjet,airline,K Sandler,2021-08-11,Its nothing too special but it was definitely an affordable price The inflight food and beverage was comprised of a juice box and bottled water The customer service is ok There was in issue with the website where it continually declined my card but it actually charged my card every time I attempted meaning with four attempts there were in false charges Fortunately the customer service could be reached by WhatsApp and they were able to refund me for the imaginary flight bookings,5.0,Positive,Positive,Neutral,POSITIVE,Positive,,2/4,Neutral
FlyArystan,airline,L Wallace,2023-05-21,A lowcost airline and they enforce bag weights and sizes and number of bags very closely Despite that if you buy early its a good value for travel in and around Kazakhstan Purchase bags early as they charge a lot at airport My flight however was fine arrived on time with no issues Overall satisfied for what I paid,8.0,Positive,Positive,Neutral,POSITIVE,Positive,,2/4,Neutral
French Bee,airline,3 reviewsPeter Nguyen,2024-07-20,We had a great flight with French Bee from Paris back to NYC We booked late for our first ever Europe trip so we didnt want to buy expensive tickets We took a risk going with French Bee since its cheap about one way We were nervous seeing all the bad reviews especially with cancellations Turned out to be an awesome experience on time good foods no turbulence,10.0,Positive,Positive,Neutral,POSITIVE,Positive,,2/4,Neutral
Germanwings,airline,11 reviewsSander van Kan,2019-07-01,Berlin to Dusseldorf Eurowings flight operated by Germanwings This A was a different configuration then the first flight Legroom was less and was just enough for me m crew were smiling and good The flight delayed by minutes,6.0,Positive,Positive,Negative,POSITIVE,Positive,,2/4,Neutral
Go First,airline,Priyanshi Jain,2023-04-22,I fainted in the flight and where some crew may have panicked in some cases this crew handled the situation very well Provided me with all the necessary assistance and first aid and was very kind and humble till the end,8.0,Positive,Positive,Neutral,POSITIVE,Positive,,2/4,Neutral
Gol Transportes Aéreos,airline,33 reviewsNiels Petersen,2022-09-04,I took GOL twice for domestic flights during a recent trip to Brazil I chose the extra legroom seats which were available for a reasonable surcharge and offered plenty of legroom Overall the flights were comfortable and on time All passengers were offered a small snack and a drink I would choose GOL again,8.0,Neutral,Positive,Positive,POSITIVE,Positive,,2/4,Negative
Helvetic Airways,airline,A Cardane,2023-05-18,Always a pleasure to fly with Swiss safety comes first with them then the comfort On my flight back to Switzerland from Bucharest I had such a nice experience thanks to Paul who attended the business class passengers I felt like I am flying first Class because of his service,10.0,Positive,Positive,Neutral,POSITIVE,Positive,,2/4,Neutral
HiSky,airline,Daniel Toaca,2024-11-11,Very comfortable and the staff were really nice our flight was not delayed it was wonderful flying with HiSky as it was my first time flying with them and had a wonderful experience,8.0,Positive,Positive,Neutral,POSITIVE,Positive,,2/4,Neutral
Hong Kong Airlines,airline,David Hamlett,2023-02-27,Thank you to the flight attendants of flight hx today Monday the th I left my phone in my seat on my flight and my phone made it to my next gate very quickly because the staff not only were wonderful but they care enough to not just put my phone in a box I thank you from the bottom of my heart,10.0,Positive,Positive,Neutral,POSITIVE,Positive,,2/4,Neutral
IndiGo,airline,Ravi Kumar,2025-03-31,I travelled from Istanbul to Bangkok via Delhi service was good as compared to low the fare and staff behavior is also very good but for extra luggage they charge extra money,7.0,Positive,Positive,Neutral,POSITIVE,Positive,,2/4,Neutral
Jetairfly,airline,Bryan Lammens,2016-01-07,Brussels to Casablanca on Jetairfly and everything was great The price wasnt too expensive there were no delays and the staff were polite and professional Only negative point is the leg space but thats okay for less than hours in my opinion I will fly with them again,8.0,Positive,Positive,Neutral,POSITIVE,Positive,,2/4,Negative
Jetstar Airways,airline,R Layne,2024-12-27,Apart from a minute delay outbound it is hard to fault my SydneyAdelaide return trip Yes its a no frills carrier but most everything worked efficiently and I was impressed by how smiling and happy all the staff were,8.0,Positive,Positive,Negative,POSITIVE,Positive,,2/4,Neutral
Jin Air,airline,Dante Garcia,2023-07-21,I want to express my sincere thanks to Jin Air staff in Osaka I had a flight from Osaka to Seoul in May and had not completed the Keta for this reason I could not board However the checkin staff did everything possible to help me complete the documentation Despite not having completed it on time I missed my flight even so the staff offered me an available seat on the next flight I really value this collaboration I hope the staff is notified about this Thank you so much,10.0,Positive,Positive,Neutral,POSITIVE,Positive,,2/4,Neutral
Jin Air,airline,Robert Hudson,2020-02-24,Seoul to Okinawa I was very impressed my Jin Air employee that was working at gate Seoul ICN February I first told him that I needed a seat assignment and he recognized me first off by my name I was really impressed by his professionalism and mannerism,10.0,Positive,Positive,Neutral,POSITIVE,Positive,,2/4,Neutral
Korean Air,airline,Yin Cheung Chan,2025-03-17,I took KE from HKG to ICN in July As I have already known that it was a top airline I had high expectations on it The ground service was very good The seat was quite wide and the cabin crew were very polite The food was average but not many movies to watch Although it was delayed for two hours I think the whole experience is worth the price,9.0,Positive,Positive,Negative,POSITIVE,Positive,,2/4,Neutral
LAM Mozambique,airline,24 reviewsS Gupta,2025-03-18,A comfortable nononsense flight which was delayed by about minutes while departing but made up for most of the time difference by the time one landed The crew was courteous and professional the seating comfortable and there was a snack service consisting of a packet of Lays Chips and a Juice which was quite ok for the short flight The luggage arrival was also fuss free and ontime Overall quite a nice flight,7.0,Positive,Positive,Neutral,POSITIVE,Positive,,2/4,Negative
Libyan Airlines,airline,H Thompson,2009-05-12,Manchester to Tripoli Airbus A Plane was a little old and tired looking Only passengers on board and I was the only one in Business Class Seats were OK food was fine The flight took off on time and arrived in Tripoli on time Based on costs and timings this was very good value compared to British Airways,3.0,Positive,Positive,Neutral,POSITIVE,Positive,,2/4,Neutral
Mandarin Airlines,airline,Nok Him Chan,2019-11-05,Hong Kong to Kahsioung A quite nice flight It was my first time flying an Embraer jet I know it is small but the seat is comfortable and wide A delicious hot meal was served in a mins flight The crew is friendly and fluent in English The only bad thing is that the flight was delayed for hours,8.0,Positive,Positive,Neutral,POSITIVE,Positive,,2/4,Neutral
Moldavian Airlines,airline,Victor Neagu,2010-04-02,ChisinauBudapest roundtrip Both departures on time Served breakfast on the way out and lunch inbound Luggage transfer handled efficiently despite relatively short connection time in Budapest SAAB plane offers plenty of legroom and is not so noisy compared to other prop planes Friendly FAs and my favourite option for flights from Moldova to Europe,9.0,Neutral,Positive,Positive,POSITIVE,Positive,,2/4,Neutral
NAM Air,airline,17 reviewsGlenn McGee,2022-07-12,I chose this airline for the simple reason of its aircraft type Boarding was completed quickly for on time departure On board seat pitch was a little tight snack service box was offered water and a sweet coffee bun and a sales trolley after that Cabin was quite warm and no walk though by cabin crew offering water Cabin is showing it age for sure but still enjoyed my flight,7.0,Positive,Positive,Neutral,POSITIVE,Positive,,2/4,Negative
Nepal Airlines,airline,M Rai,2023-07-03,Nepal Airlines is a cheap option for direct flights from Nepal with good service Nepal Airlines improved its service over time The cabin crew were professional and meal served was good,10.0,Positive,Positive,Neutral,POSITIVE,Positive,,2/4,Neutral
Nepal Airlines,airline,M Harkajan,2023-07-02,We took Flight from Kathmandu to Bangkok by Nepal airlines for our Holiday trip Flight was on time meal provided during flight is delicious and have veg and non veg options Staff of airline were well behaved and professional I will use service of Nepal in future as well Highly recommended,9.0,Positive,Positive,Neutral,POSITIVE,Positive,,2/4,Neutral
Pobeda Airlines,airline,1 reviewsL Gurmann,2020-01-22,Berlin to Moscow You have to pay for anything apart from your personal item That includes your carryon luggage Longest queue at checkin I have seen in years as a result of everybody having to pay for carryon or luggage that was more than kg Aircraft are new and made a good impression Cabin crew young goodlooking and charmingly helpless Seat do not recline,2.0,Positive,Positive,Neutral,POSITIVE,Positive,,2/4,Neutral
Privilege Style,airline,B Carson,2019-08-17,Manchester to Tenerife On the morning of our flight TUI informed us that due to scheduling issues they have enlisted Privilege style as a charter airline The seat was comfortable only issues were my tray table was loose the window was in a position that caused pain on my neck to look out of it The interior felt somewhat tired Apart from this the flight was comfortable and landed safely,6.0,Neutral,Positive,Positive,POSITIVE,Positive,,2/4,Negative
Safarilink,airline,M Collie,2015-11-13,Short one hour flights with Safarilink to Diani from Nairobi Wilson return A very pleasant way to reach the coast from Nairobi and much quicker overall than the JKIA Nairobi Airport to Mombasa route Drink and biscuit served Both airports were small indeed Diani is described as an airstrip,7.0,Positive,Positive,Neutral,POSITIVE,Positive,,2/4,Neutral
Santa Barbara Airlines,airline,A Decolt,2011-08-18,Panama City to Caracas a journey of hrs There was very little legroom but we were served quite a decent meal and considering it was a short flight I was impressed We departed on time but arrived min late,7.0,Positive,Positive,Neutral,POSITIVE,Positive,,2/4,Neutral
Shaheen Air,airline,Sohail Ahmed,2015-09-14,Today traveled from Lahore to Karachi and a pleasant surprise For the first time I could see smiles on the faces of the cabin crew I asked one of the crew members for a coffee and she returned with a cup remembering my seat and not having me to remind her,9.0,Positive,Positive,Neutral,POSITIVE,Positive,,2/4,Neutral
Skymark Airlines,airline,S Siauw,2016-01-18,Tokyo Haneda to Sapporo return with Skymark Airlines First leg on Boeing NG New cabin comfy seat and generous legroom for a lowcost airline Even though I didnt purchase any the drinks and snakcs are sold at a cheap price Departure and arrival on time Return leg delayed for mins due to congestion at destination airport Return aircraft was an older Boeing Very warm cabin temperature But overall worth the ticket price Definetely better than AirAsia and JetStar,7.0,Positive,Positive,Negative,POSITIVE,Positive,,2/4,Neutral
Skymark Airlines,airline,Farel Silalahi,2014-08-08,Flew Tokyo Narita Sapporo Tokyo Narita Flight from Narita was on time while from Sapporo to Narita was delayed for hour Overall flight was ok Ground staff very professional,8.0,Positive,Positive,Negative,POSITIVE,Positive,,2/4,Neutral
Solomon Airlines,airline,Vernon Schmidt,2015-12-29,Flew Solomon Airlines from Brisbane to Honiara We boarded to be greeted by smiling attendants The flight was not too full so we had seats to ourselves Leg room was quite good IFE was just a screen panel lowered from the ceiling watched a movie The meal was lunch we had the beef and it was delicious Staff came around to check if we needed any more drinks throughout the flight,9.0,Positive,Positive,Neutral,POSITIVE,Positive,,2/4,Neutral
SriLankan Airlines,airline,2 reviewsDinesh Navaratne,2024-09-05,Ive seen many negative reviews about Sri Lankan airlines However my trip was so good Even though it was a hour flight they provided drinks and a snack which doesnt happen in North America The service was professional too I hope they will grow,10.0,Positive,Positive,Neutral,POSITIVE,Positive,,2/4,Neutral
StarFlyer,airline,Matthew Lubeck,2007-02-26,This airline has impressive cabin staff and a very efficient ground staff never need check in more than minutes before my flight even in Tokyo,0.0,Positive,Positive,Neutral,POSITIVE,Positive,,2/4,Neutral
Sun-Air,airline,47 reviewsColin Pay,2015-11-21,Gothenburg to Cambridge with SunAir a franchise partner of British Airways Aircraft are painted in British Airways livery and operate under BA flight numbers The flight was only half full making the seat Dornier more like a private jet than a small airliner Full meal and bar service on this hour flight Crew very good,10.0,Positive,Positive,Neutral,POSITIVE,Positive,,2/4,Neutral
Swiss Intl Air Lines,airline,M Collie,2025-03-21,Very satisfactory flights Adequate leg room with blocked off seats Rapid checkin and security Good three course hot meals both ways Swiss had subcontracted to Baltic outbound and Helvetic for the return with little noticeable change in service,8.0,Positive,Positive,Neutral,POSITIVE,Positive,,2/4,Neutral
TAROM Romanian,airline,45 reviewsG Harlun,2024-06-02,Boarding by bus transport Flight on time cabin crew friendly They served water during the short flight Got an emergency exist seat based on my frequent flyer status No entertainment available Landing ahead of schedule Nothing special but effective flight,9.0,Positive,Negative,Positive,POSITIVE,Positive,,2/4,Neutral
Thai Smile Airways,airline,N Wanasorn,2023-10-10,Thai smile offers convenient service through their app and self service at Suvarnabhumi Airport with staff support The time of flight is in time Staff gave service with hospitality,9.0,Positive,Positive,Neutral,POSITIVE,Positive,,2/4,Neutral
Titan Airways,airline,Carol Stansfield,2019-09-30,Rhodes to Birmingham We would just like to say a big thank you to all the crew on our aircraft from Rhodes to Birmingham that brought us back on the th September due to Thomas cook not trading anymore The staff was so friendly and professional Thank you once again,10.0,Neutral,Positive,Positive,POSITIVE,Positive,,2/4,Neutral
Trigana Air,airline,47 reviewsL Garzler,2019-01-03,Yahukimo to Jayapura Flight was about an hour late quite normal in this remote place Plane was comfortable enough with reclining seats and even a box of tea provided unlike on the sole competitors flights on this route,7.0,Neutral,Positive,Positive,POSITIVE,Positive,,2/4,Negative
Tropic Air Belize,airline,Pat Kelly,2022-08-10,This company is horrific We had a cancelation of our flight back home and this airline refused to refund our money Fly Maya Island Air They are exceptional less expensive and very flexible The planes are also shady You will not regret flying Maya Island Air Have a wonderful and safe flight,1.0,Positive,Positive,Neutral,POSITIVE,Positive,,2/4,Neutral
Vanilla Air,airline,N Wu,2019-01-07,Hong Kong to Tokyo Both outbound and inbound flights were ontime Very little or no turbulence experienced during journeys This was very good Checkins at ground were fast and efficient Will choose Vanilla Air again in the future,10.0,Positive,Positive,Neutral,POSITIVE,Positive,,2/4,Neutral
Xiamen Airlines,airline,Keruby Ge,2024-03-29,The experience is a unique one and I also have a trouble on how to rate this airline We start off from Singapores Changi Airport and the check in was quite smooth note that their carryon is only kg we get our boarding pass finish security and customs we finally managed to board the plane the cabin crew was very sweet and nice we are not delayed however the landing was super bad,7.0,Positive,Positive,Negative,POSITIVE,Positive,,2/4,Neutral
Xiamen Airlines,airline,Keruby Ge,2024-03-29,The experience is a unique one and I also have a trouble on how to rate this airline We start off from Singapores Changi Airport and the check in was quite smooth note that their carryon is only kg we get our boarding pass finish security and customs we finally managed to board the plane the cabin crew was very sweet and nice we are not delayed however the landing was super bad,7.0,Positive,Positive,Negative,POSITIVE,Positive,,2/4,Neutral
Clark,airport,K Gavino,2018-06-10,Clark Airport is well secured and accommodating for passengers and there are plenty of seats provided in the predeparture terminal There are also small food stalls for the passengers who can fill their tummy while waiting their flight to depart,9.0,Negative,Positive,Neutral,POSITIVE,Positive,,,Neutral
Jin Air,airline,L Sayuki,2022-11-24,We had some troubles getting to the airport and were so worried we were going to be late We arrived at the check in counter just a few minutes late but the Jin Air employees were so kind and accommodating They got us through security and to our gate and we made a flight we otherwise would have definitely missed Just so grateful Thank you,10.0,Neutral,Positive,Neutral,POSITIVE,Positive,,,Neutral
Fes-Saïss,airport,S Foster,2019-12-17,Totally not as bad as all the reviews had us expecting No printed boarding pass needed They just gave us one Ryanair No long waiting time Only thing too cold and no smoking area after security check,8.0,Neutral,Neutral,Negative,POSITIVE,Positive,,,Neutral
Akasa Air,airline,J Reddy,2025-01-26,We were running late due to high traffic in Ayodhya owing to Kumbh Mela Akasa helped us by providing buffer minutes at boarding This helped us in arriving to the flight in time They have ensured that our boarding is faster so that overall flight time wont get delayed As soon as we are seated flight took off within mins This did not result in any delay,10.0,Neutral,Negative,Negative,POSITIVE,Positive,,,Neutral
Washington National,airport,30 reviewsZiauddin Ahmed,2024-04-25,I used this airport several times past few years This time I was traveling to Greenville SC I found the Airport was improving in terms of services and facilities This airport is not too large one but it has all basic facilities Moreover it is located in the central of Washington DC,6.0,Neutral,Positive,Neutral,POSITIVE,Positive,,,Neutral
Hangzhou,airport,J Wong,2008-01-17,Airport uses a lot of natural light The design is modern especially the departure lobby the ceiling its so high The staff in the airport have good manners The luggage arrived quick and theres plenty of checkin counters too The bad thing airline lounges terrible,5.0,Neutral,Negative,Negative,POSITIVE,Positive,,,Negative
Foz do Iguacu,airport,15 reviewsP Hayes,2023-11-26,Mainly domestic airport serving the Brazilian side of Iguassu Falls Busy airport with a air bridges and some remote stands Shopping opportunities as you walk from the gate to Baggage Reclaim Baggage Reclaim is on the ground level and has main baggage carousels Domestic arrival so no Customs or Passport Checks Small and busy Arrivals area with parking directly opposite Small but efficient airport,8.0,Neutral,Positive,Neutral,POSITIVE,Positive,,,Neutral
Nagpur,airport,Spandan Wane,2019-07-08,Its a smaller airport compared to Mumbai not a problem actually Some toilets on the arrival hall are not good This airport has more shopping options now and its enough actually There are spa and lounge facilities available here The lounges are okay I have never experienced any delay to date Overall an above expectation feel It gets my job done,7.0,Neutral,Positive,Negative,POSITIVE,Positive,,,Neutral
Beirut,airport,Andre Vogt,2020-01-31,Because of all the bad reviews I arrived hrs prior to departure There was no security check to enter the building you could just step in As I flew with Ryanair to Cypres EU passport I asked at the Ryanair counter if my printed online boarding pass is ok It was I was the only passenger to proceed the security checks at that time so I could just walk through Overall I was airside in minutes and enjoyed the Cedar Lounge,10.0,Neutral,Positive,Negative,POSITIVE,Positive,,,Negative
Phuket Air,airline,John Mundy,2005-04-22,My family and I were due to travel with Phuket airlines in July this year Gatwick Bangkok In January I started to get concerned with the number of cancellations and late flights I then discovered the Skytrax site and am extremely grateful to all of you who have posted comments In January I re booked with Thai Airlines with whom we have previously travelled it appears to be an extra expense well worth making,1.0,Neutral,Positive,Neutral,POSITIVE,Positive,,,Neutral
AirAsia X,airline,Elaine Chan,2024-05-25,I miss my Malaysia Airlines flight and all flight is closed and do not allow to purchase However AirAsia is so kind to let me get a ticket even though the counter is closed after listening to my ordeal in the airport Thank you AirAsia for making my trip possible Appreciate the guy that help me too rush to get his name Thank you,10.0,Neutral,Positive,Neutral,POSITIVE,Positive,,,Negative
Surat Thani,airport,6 reviewsAlain Descrieres,2016-03-06,Small international airport International flights limited to a few charters from China Arrival hall domestic has only one conveyor belt which did not work on the day I arrived so luggage were brought in very swiftly by handcart Taxi and shuttle bus available to city center km away Domestic departure hall is adequate and departure gates have sufficient seating a coffee shop and wifi,6.0,Neutral,Positive,Neutral,POSITIVE,Positive,,,Negative
Berjaya Air,airline,B Chan,2011-10-26,SINRDN Return A new ATR with two flight attendants For a hr flight a packed towel plus a bottle of water was given out Although the attendants werent very enthusiastic the crew members in the flight deck kept us up to date with information,9.0,Positive,Negative,Neutral,POSITIVE,Positive,,,Neutral
Washington National,airport,30 reviewsZiauddin Ahmed,2024-04-25,I used this airport several times past few years This time I was traveling to Greenville SC I found the Airport was improving in terms of services and facilities This airport is not too large one but it has all basic facilities Moreover it is located in the central of Washington DC,6.0,Neutral,Positive,Neutral,POSITIVE,Positive,,,Neutral
Libyan Airlines,airline,G Misioch,2009-02-09,TUNTIP Checkin at Tunis was efficient and staff generally friendly Boarding at the gate was chaotic While on the runway the plastic emergency exit covering came off The pilot came and put it back on Plane then proceeded with takeoff The food was standard and staff friendliness on board ok although only with limited English skills Onboard announcements were in Arabic only The interior was worn emergency cards in seat pockets were still from the former owner of the plane a defunct French airline,2.0,Neutral,Negative,Positive,POSITIVE,Positive,,,Neutral
Newcastle,airport,B Marley,2022-09-20,Over minutes to get through passport control Travelers and staff looking cold and tired as midnight passes flights luggage all coming onto carousel others silent and still It was an opportunity to shine and it wasnt taken even a hot drink would have made it more bearable No explanation for delays given by any staff,3.0,Neutral,Negative,Negative,POSITIVE,Positive,,,Neutral
Tunis Carthage,airport,D Thomas,2021-06-25,Corruption and extortion are alive and well at this airport Both myself and four colleagues in the following days were asked for our passports and then dollars to return them from officials at this airport It has been a while since this last happened to me in any country at any airport but this place stands out Who would want to visit this place for business or vacation Never again,1.0,Neutral,Positive,Neutral,POSITIVE,Positive,,,Neutral
Eswatini Air,airline,Xavier Masule,2023-06-07,Flight slightly delayed but arrived slightly ahead of time by minutes Crew well presented and very professional Meal type and beverage selection an overkill for such a short flight Will fly Eswatini Air again,9.0,Neutral,Positive,Negative,POSITIVE,Positive,,,Neutral
Nordavia,airline,Skytrax Editor,2020-08-19,Nordavia has been renamed as Smartavia and reviews can be found on this new linkSmartavia Reviews,0.0,Positive,Neutral,Neutral,POSITIVE,Positive,,,Neutral
Freetown,airport,Peter Bedson,2006-05-28,Much better than it used to be they seem to have clamped down on the baggage handlers and general hangers on trying to extract dollars from you on the way in On the way out no real problems aside from a few panhandllers trying to take a last opportunity to rip you off Dont miss the duty free shop it looks awful from the outside but is really well stocked and cheap,0.0,Neutral,Positive,Negative,POSITIVE,Positive,,,Negative
Baltimore Washington,airport,E Colton,2024-02-12,TSA worker screaming at everyone She removed purse shoes and jacket from the bin where I was told to place them She threw each item on the belt individually Never stopped hollering,2.0,Neutral,Negative,Neutral,POSITIVE,Positive,,,Neutral
Turin,airport,Mark Griffiths,2022-12-24,Awful from front desk to boarding airport is like a sauna staff are rude and dont want to be here but then there is only a handful of staff No information for English lucky I speak Italian it makes you appreciate Gatwick and Heathrow,1.0,Negative,Positive,Negative,POSITIVE,Positive,,,Negative
Springfield-Branson,airport,S Randolph,2015-07-09,Brand new airport very wide halls built for large increase in passenger load very spacious short TSA lines,10.0,Neutral,Positive,Neutral,POSITIVE,Positive,,,Neutral
Skytrans Airlines,airline,Gregory Bell,2016-02-13,Brisbane to Toowoomba and I was amazed at the service provided by this small regional airline Skytrans Airlines Even though the flight in a small propjet was only minutes duration we were given bottles of water and packets of potato crisps Returning the next day service was equally as good Would recommend this airline,8.0,Neutral,Positive,Neutral,POSITIVE,Positive,,,Neutral
Viva Air,airline,D Hayle,2022-09-05,Worst company Never gonna take this company again I should have look at the reviews before booking Hate their service The price can be good but youll prefer any other companies its a promise,1.0,Negative,Neutral,Neutral,POSITIVE,Positive,,,Negative
Antwerp Deurne,airport,S Smith,2010-05-07,So refreshing to be able to use Duerne instead of Brussels Less than minutes from plane to car this week and that included collecting a bag On return I checked in about minutes before the flight hardly any queue,5.0,Positive,Neutral,Neutral,POSITIVE,Positive,,,Neutral
Canaryfly,airline,4 reviewsAndrii Chaika,2017-11-30,Las Palmas to Tenerife Not a great experience The plane had SwiftAir livery even though it was CanaryFly flight The plane was old and produced terrible noise during takeoff I have flown the ATR not once but it was only such experience The airline had a free seating policy It was OK as there were only people in the plane capable of The crew provided only water,2.0,Neutral,Positive,Neutral,POSITIVE,Positive,,,Negative
Plovdiv,airport,M Jonkman,2015-05-25,Parking in front of terminal is not free anymore However the first minutes still are Distance to the center of Plovdiv is about km Plovdiv taxis are reasonably priced,9.0,Neutral,Negative,Neutral,POSITIVE,Positive,,,Negative
Udon Thani,airport,Jim Timmerberg,2010-12-21,This is a very comfortable and affordable airport There are a number of shops on the ground floor with very reasonable prices also Thai massage at the end of the ground floor again with very reasonable prices Theyve replaced the lounge chairs in the past two years and the new chairs are nicely padded The only negative is that you will likely have to walk across the tarmac to board your plane No problem in the winter but Im not sure how that works during the rainy season,5.0,Neutral,Negative,Positive,POSITIVE,Positive,,,Negative
Air Europa,airline,28 reviewsRobert Watson,2024-10-20,Usual poor service Only booked with Air Europa to use up my air miles They cancelled my seat reservations made at time of booking They never explained but I guess because by the time of flight my status has changed from elite plus to elite Always good to see their ability at annoying their regular customers is at its finest once again I would recommend they do not serve food as it is revolting and just adds to the perception of them taking their customers for mugs,4.0,Negative,Positive,Neutral,POSITIVE,Positive,,,Neutral
Burbank Glendale Pasadena,airport,Joaquin Quinto,2008-11-05,Small airport dating back to the early days of aviation when the thinking was that would be aerodromes in most towns Today BUR is convenient airport for those wishing to avoid LAX You pick up your bags from the baggage conveyor belt outside the terminal,3.0,Neutral,Negative,Neutral,POSITIVE,Positive,,,Negative
Prince Rupert,airport,M Graham,2008-03-31,This is a very small airport on an island You have to get a ferry and a bus to reach it both free of charge It is in a lovely setting surrounded by trees The facilities are very limited with only one very small cafe no shops but that is all part of the charm,5.0,Neutral,Positive,Neutral,POSITIVE,Positive,,,Neutral
Hobart,airport,Kiara L'Herpiniere,2022-03-02,No one checked our vaccination upon entry which raises alarm bells Jetstar staff as usual are incredibly rude and money grabbing The facilities are cute and basic,4.0,Neutral,Negative,Negative,POSITIVE,Positive,,,Neutral
Read more,airport,Donna de Jong,2025-04-05,Like many airports food and drinks are much too expensive I do therefore I also do not want to buy water It is not allowed to take bottled water through customs so most airports have free tap drinking water Also this airport But they are all disconnected I find this outrageous To have access to drinking water is a right,7.0,Neutral,Negative,Neutral,POSITIVE,Positive,,,Neutral
Fukuoka,airport,Yiwon Joo,2024-07-07,When I arrived at this airport from incheon the immigration lines were long It took me more than an hour to get out of the airport I headed to Incheon a few days later Security and immigration was actually fine although I found the facilities a little old There were plenty of places to shop and relax but I wished that there were more food choices Overall this is a small but functional airport,6.0,Neutral,Positive,Neutral,POSITIVE,Positive,,,Neutral
Hamilton,airport,Brad Thompson,2013-08-11,Hamilton International is a great little airport and very convenient for people trying to avoid the hustle and bustle of Pearson My family is located in southern Ontario and I always use this airport The only complaint I would have is the decision of management to serve no alcoholic beverages,8.0,Neutral,Negative,Positive,POSITIVE,Positive,,,Neutral
Baltimore Washington,airport,E Colton,2024-02-12,TSA worker screaming at everyone She removed purse shoes and jacket from the bin where I was told to place them She threw each item on the belt individually Never stopped hollering,2.0,Neutral,Negative,Neutral,POSITIVE,Positive,,,Neutral
Burbank Glendale Pasadena,airport,E Mabley,2011-10-17,Burbank provides a convenient and easy alternative to LAX although the departure hall in Terminal B is too small to accommodate more than flights at a time There were flights an MD a and CRJ regional jets boarding simultaneously and the small space and cramped conditions caused confusion and delayed boarding for everyone,6.0,Positive,Negative,Negative,POSITIVE,Positive,,,Neutral
Warsaw Modlin,airport,R Annette,2022-05-29,Uncomfortable poor facilities dirty and crowded Dirty smelly toilets Such a shame at the end of our trip as for the rest of it I found Poland to be so clean and pleasant,2.0,Negative,Negative,Positive,POSITIVE,Positive,,,Negative
Medan,airport,DEDI BAKKIT TUA PARDOSI,2015-06-18,First time contributing to this thread and I must say Kuala Namu International Airport looks pretty modern and roomy indeed something I truly want to see in a functioning airport I mean yes it has opened recently yet I saw in the preopening photos a lot of modern features from streamlined checkin desks and a variety of shops Im surprised I saw a branch of Cotton On at the airport to modern jetways and small plants placed along the waiting areas near gates I wonder if those are actual palm trees,9.0,Neutral,Positive,Neutral,POSITIVE,Positive,,,Neutral
Helsinki Vantaa,airport,Jackie Sayers,2024-09-08,Swanky new recliner seats around Gate but only if you are under foot or over foot tall At the headrest was painfully positioned forcing my chin onto my chest Shame because everything else is brilliant,9.0,Neutral,Negative,Neutral,POSITIVE,Positive,,,Neutral
Tbilisi,airport,C Hajer,2024-03-13,Staff are very rude They checked me thoroughly and ask to open my bag and not to touch anything i was just standing there and they are also checking the other passengers coming after mins i ask the security if i can go and get my bag she said oh yes you can i forgot She made me wait for nothing They have an overpriced for their food inside the airport I will share this experience to my colleagues and other friends,1.0,Negative,Positive,Negative,POSITIVE,Positive,,,Neutral
Lao Airlines,airline,M Beale,2025-03-14,Lao Airlines is wonderful The planes was immaculate and while they no longer serve the little bags of chips they offer small bottles of water on even the shortest flights At least on shorter flights there is no video entertainment but who needs it on a local hop They have a terrific inflight magazine so five stars for that Checkin is a matter of minutes and since Laos is a small place with limited air traffic Ive never had to wait for security This is a tiny airline in a small country and they get it right,10.0,Neutral,Positive,Neutral,POSITIVE,Positive,,,Neutral
Springfield-Branson,airport,S Randolph,2015-07-09,Brand new airport very wide halls built for large increase in passenger load very spacious short TSA lines,10.0,Neutral,Positive,Neutral,POSITIVE,Positive,,,Neutral
Livingstone,airport,Joaquin Quinto,2012-08-05,Long lines await you when you arrive and need to visa to enter the country There are only two counters one for visas and the other for travellers who do not need visas The arrival hall is small but the waiting drivers etc are gathered respectfully outside the terminal building The airport is not far from the town,7.0,Neutral,Positive,Neutral,POSITIVE,Positive,,,Neutral
Kinshasa,airport,Dave Stanley,2006-06-30,The airport is not as bad as some of the earlier reports suggest Having a local guide meet you and handle the formalities will help a lot Most people hand over their passports tickets and baggage to these people and allow them to sort out the problems,0.0,Neutral,Positive,Negative,POSITIVE,Positive,,,Neutral
Burnie Wynyard,airport,G Wilson,2008-03-14,Small NW Tasmanian airport with flights to Melbourne Tasmanian destinations Neat tidy with easy checkin baggage collection Small cafeshop enough seating for size of aircraft using airport Not a bad little airport,4.0,Neutral,Positive,Negative,POSITIVE,Positive,,,Neutral
Guilin Liangjiang,airport,Eric Wong,2016-05-03,Guilin airport is not as big as I thought for the number of passengers the shopping places are limited and I could hardly find a decent cafe here Crowded terminal obviously cannot cope with the number of travelers The goods offered in shops are expensive and water is not provided anywhere as any other airports do,7.0,Negative,Negative,Neutral,NEGATIVE,Negative,,2/4,Neutral
Aurigny Air,airline,Zaiga Valce,2023-06-03,I havent boarded just yet Flight was cancelled by the airline Been really looking forward to the flight as Im visiting my family that I dont get to see that often Whats shocking is that in order to change the ticket I need to pay even though airline is the one who cancelled the flight and customer service is not available On the phone queue for hours already and no answer Im lost for words Is there anyone at all who is willing to help or we just cash in these days Disappointed is just understatement,1.0,Negative,Negative,Neutral,NEGATIVE,Negative,,2/4,Neutral
Porto,airport,Luis Suassuna,2024-07-27,Their wifi doesnt work at all I tried for hours at different spots and theres no mobile signal either Also due to their massive glass panels several gates are as hot as greenhouses So if your flight is delayed be ready to be in a sauna without the possibility of writing emails calling or texting someone doing any online work or watching any videos or streaming service either If it were possible to claim a refund of airport fees I would,3.0,Neutral,Negative,Negative,NEGATIVE,Negative,,2/4,Neutral
Savannah,airport,K Edwards,2018-08-19,I loved Savannah but will never return because I never want to step foot in this airport again Not only was every single food option closed at pm the vending machines were broken as well Literally the worst airport ever Never coming back to Savannah,1.0,Negative,Negative,Neutral,NEGATIVE,Negative,,2/4,Neutral
US Airways,airline,1 reviewsCatherine Harris,2015-10-06,This is my third time this year flying with US Airways and American Airlines and this is the third time my flight has been delayed or cancelled Most recently there was a delay of one hour without any reason therefore delaying everyone for their connecting flights I missed my connecting flight and they had no sympathy whatsoever Only flights were the next day and they wouldnt give me any compensation for their failures Never again US airways Never,1.0,Neutral,Negative,Negative,NEGATIVE,Negative,,2/4,Neutral
SA Express,airline,D Gorten,2019-06-20,Johannesburg to Bloemfontein My flight was due to leave at but when I got to the boarding gate at the gates were closed I went to SA Express counter but there was no one there to assist I was the told by the check staff that I had to purchase another ticket,1.0,Negative,Negative,Neutral,NEGATIVE,Negative,,2/4,Neutral
Nairobi,airport,Johan Olivier,2023-01-09,Very expensive compared to any other airports that I have used Facilities are very basic The inflight information board does not update making it difficult The announcement is also done in a local accent that is not clear,3.0,Negative,Negative,Neutral,NEGATIVE,Negative,,2/4,Neutral
Arajet,airline,Guido Santi,2024-12-14,When we landed in Cancun we found out that bags had been destroyed to be opened Nothing was missing but the lock had been broken hence the bag cannot be used anymore I submitted a claim at the airport and it took them days to offer me a refund of dollars The value of the luggage is around dollars,1.0,Negative,Negative,Neutral,NEGATIVE,Negative,,2/4,Neutral
Abu Dhabi,airport,B Vanetee,2024-02-14,As inefficient as the old airport The only thing that has changed is the infrastructure Self checkin kiosks gates and shopping are the positives Staff quality is as pathetic and inefficient as was before Boarded through gate E Took almost mins to get to the bus,3.0,Negative,Negative,Neutral,NEGATIVE,Negative,,2/4,Neutral
Antalya,airport,Samy Meindorf,2024-11-16,Unqualified and very rude security staff Disinterested and indifferent employees in the shops Food disproportionately expensive for the poor quality After more than a month we were there in October I am still speechless about what I experienced at Antalya Airport It seems that the airport staff despise tourists and they are not aware about the importance of tourism as a major source of income for the country which provides many jobs One thing is clear to me I will not be flying to Antalya again,1.0,Neutral,Negative,Negative,NEGATIVE,Negative,,2/4,Neutral
Manila,airport,Renald Bernard,2024-11-22,I have never see anything like this They scan your carry on bag it is ridiculous They scan it again before entering the plane and after you pass customs They sit you behind the a gate like a bunch of animals if you go to the washroom just beside your seat but the other side of the blue ribbon you have to go in the line up again It is my last time with Philippine Airlines never again,2.0,Negative,Negative,Neutral,NEGATIVE,Negative,,2/4,Neutral
Halifax,airport,S Parker,2018-03-06,Why does security screening not separate travellers with connections going to USA and huge families travelling on charters Stuck behind hundreds of families and just about miss my flight Easily able to queue travellers not on charters people for am flights and customs doesnt open til am Very bad planning and execution,4.0,Neutral,Negative,Negative,NEGATIVE,Negative,,2/4,Neutral
Quebec City,airport,Mary Johns,2013-09-30,Arriving from the US was easy and fast No long walks not monorails no buses You get off the plane go to customs get your suitcase change some money and grabbed a taxi all with a minimum of traipsing around Most efficient arrival anywhere Departure not so good Airlines staff was late opening checkin lines Baggage check man ridiculed my attempts to speak French and the woman operating the Xray was rude to passengers Furthermore the airport offers little in the way of food for purchase and dutyfree items,6.0,Positive,Negative,Negative,NEGATIVE,Negative,,2/4,Neutral
Air Astana,airline,Olzhas Adil,2023-07-15,I fly this airline weekly for AlmatyBakuAlmaty and I have never ever had the flight on time minutes delay is routine for Air Astana They have to reassess their attitude and schedule because those repetitive delays are not acceptable for what they call star airline The airline prices are not on level of service they provide either Disappointing service to be honest,5.0,Positive,Negative,Negative,NEGATIVE,Negative,,2/4,Neutral
Banjul,airport,Jessica Wickham,2023-03-12,Staff are unpleasant like they dont really want you to come to their country Staff dont communicate with their colleagues in English instead they speak their local language throughout and that is disturbing and completely wrong in a work setting Staff are not friendly and helpful very aggressive The customer service at Banjul Airport is appalling,1.0,Negative,Negative,Positive,NEGATIVE,Negative,,2/4,Neutral
AirAsia Philippines,airline,R Harton,2024-02-04,Twice in a single week we have been delayed First time was a couple hours but when the plane arrived in Manila they immediately off loaded passenger and load us With about minutes notice Second flight has been delayed repeatedly and is now over hours late Terminal has no real concessions available and the room temp is maintained in the s Total disregard for passengers comfort,1.0,Neutral,Negative,Negative,NEGATIVE,Negative,,2/4,Neutral
AirSWIFT,airline,Ruth Larkin,2023-10-26,Cancelled our flight from El Nido to Bohol at a weeks notice but there are no other options for this journey so had to spend an afternoon of our holiday completely changing itineraries Cant get to Bohol now lost money on hotel booking Gave no reason for cancellation and no its not bad weather Still havent refunded Would never book again being so unreliable,1.0,Positive,Negative,Negative,NEGATIVE,Negative,,2/4,Neutral
Wingo,airline,Seda Serpin,2024-07-18,I paid extra to check in my baggage but the ladies at the gate counter first told me it was too thick and then did not proceed to help me with next steps and when I finally asked they rudely told me Im going to pay to check it in I asked whether something could be done since I had already paid for it to be a carry on and to use that money but they simply said no and that I have to pay again and will not get that money back no explanations,3.0,Neutral,Negative,Negative,NEGATIVE,Negative,,2/4,Neutral
Madrid Barajas,airport,N Deane,2024-04-15,Security were extremely unpleasant and it appears that they are employing those behaving inappropriately on security Avoid a rude lady in the VIP security lane of T if you dont want to be examined over and above that necessary for the understandable purposes of security If you try and complain you are directed to information whose computer is down,1.0,Negative,Positive,Negative,NEGATIVE,Negative,,2/4,Neutral
Tbilisi,airport,Hayssam EL Amin,2022-07-14,Reading all the bad reviews I cannot help but agree on how rude and unprofessional the airport staff is Check in staff eating pumpkin seeds security staff with a massive ego and immigration officers acting in a disrespectful manner Even the food and beverage staff have no clue about service and hospitality Being such a beautiful tourist destination you would think service is a priority but we found it very disappointing Good food great nature and not the warmest people,1.0,Neutral,Negative,Negative,NEGATIVE,Negative,,2/4,Neutral
Ural Airlines,airline,Abhijit Mahanta,2018-12-09,Moscow to Simferopol with Ural Airlines Flight was at Till no announcement on any delay no representative of airline available for information The hotline of call center does not answer the airport airline office does not answer,3.0,Positive,Negative,Negative,NEGATIVE,Negative,,2/4,Neutral
AirSWIFT,airline,Steven Fox,2023-06-30,After I booked a flight from Manila to El Nido I read a slew of bad reviews regarding last minute cancellations that are common with this airline And that was concerning to me but what could I do at that point Sure as heck hours before my flight from Manila was supposed to depart I received an email from Airswift saying my flight was cancelled due to maintenance issues as well If you choose to go to Palawan I would choose any other airline than AirSWIFT even if it means a long bus ride to El Nido,1.0,Negative,Positive,Negative,NEGATIVE,Negative,,2/4,Neutral
Etihad Airways,airline,Kamran Hussein,2025-03-06,Our Family holiday to from Heathrow to the Maldives via Abu Dhabi The plane departure from Heathrow was delayed by a couple of hours It was a long flight the the entertainment systems was not working Then from Abu Dhabi there was a hr delay Eventually got to the resort a day late Not great experience and still waiting for compensation from Etihad after months,3.0,Negative,Negative,Neutral,NEGATIVE,Negative,,2/4,Neutral
Seoul Incheon,airport,8 reviewsR Miere,2025-02-10,Terminal Check in good but long delayslines to check passport and boarding pass up to min Security and immigration The experience in this long lines are like a third world country Incheon airport authorities should be ashamed to offer such a poor experience And as it takes so much time no time for shopping,2.0,Neutral,Negative,Negative,NEGATIVE,Negative,,2/4,Neutral
Prague,airport,C Scott,2024-11-24,Queue for passport control took an hour despite not a huge amount of people to handle Only open for non EU and including machines open for EU Most the guys on EU had a nice hour break Bags on time but you expect so after an hour delay,3.0,Positive,Negative,Negative,NEGATIVE,Negative,,2/4,Neutral
San Jose Intl,airport,4 reviewsMatt James,2016-08-05,Landed at San Jos airport at pm from ATL as scheduled but we had to wait minutes for our gate to open Once I finally got off the plane and inside the airport it was difficult finding the way to the parking garage because the signs are confusing It took longer than expected to get out of the parking garage For a small airport this place is packed The good thing is weatherrelated flight delays are rare which is what makes me prefer this airport over SFO,5.0,Neutral,Negative,Negative,NEGATIVE,Negative,,2/4,Neutral
Moscow Sheremetyevo,airport,Rail Mukhutdinov,2021-06-18,Wait at Checkin lines are way too long had to wait almost hours Personnels are too slow and rude and not enough staff at the airport If you are exchangingbuying tickets or paying extra for whatever reason at the register they are handwriting most information and takes so much time Navigations are not too clear even for Russian speaking people Improvements needed,1.0,Neutral,Negative,Negative,NEGATIVE,Negative,,2/4,Neutral
Privilege Style,airline,Ndulue Yauri,2020-01-28,Vienna to Lagos The flight was okay and the crew was eager This flight was chartered for the deportation of rejected asylum seekers from Germany and Austria After my asylum application was rejected by Austria I was deported to Nigeria The airplane was aged but all in all okay It was a little bit delayed,5.0,Positive,Negative,Negative,NEGATIVE,Negative,,2/4,Neutral
Tunisair,airline,E Karsten,2025-02-03,Flight more than hrs delayed which information only given in pieces of h long after the promised departure time despite already long before visible on Flightradar Meal voucher worth given basically enough for a bottle of water Not in line with EU regulations No online checkin No excuse no explanation Friendliness of cabin crew nonexistent,1.0,Positive,Negative,Negative,NEGATIVE,Negative,,2/4,Neutral
San Jose Intl,airport,4 reviewsMatt James,2016-08-05,Landed at San Jos airport at pm from ATL as scheduled but we had to wait minutes for our gate to open Once I finally got off the plane and inside the airport it was difficult finding the way to the parking garage because the signs are confusing It took longer than expected to get out of the parking garage For a small airport this place is packed The good thing is weatherrelated flight delays are rare which is what makes me prefer this airport over SFO,5.0,Neutral,Negative,Negative,NEGATIVE,Negative,,2/4,Neutral
French Bee,airline,Melba Harris,2024-10-28,French Bee the need for greed the rudeness unfairly flagging carry on bags that meet regulation when dropping off pre paid luggage the total check in experience a night mare have passengers sitting cancelled boarding stations that were moved somewhere else and I was a waiting passenger that made other passengers aware that it was changed,1.0,Neutral,Negative,Negative,NEGATIVE,Negative,,2/4,Neutral
Dubai,airport,6 reviewsFranck Janet,2025-02-02,The airport police in Dubai are really unpleasant When I went through security one officer made me remove my suspenders even though they were attached to my trousers and difficult to take off and put back on He couldnt have cared less In general locals in Dubai are not particularly friendly In Dubai they probably believe that quality of an airport is the infrastructure but for me it is people who make the difference,5.0,Negative,Negative,Positive,NEGATIVE,Negative,,2/4,Neutral
AeroItalia,airline,N Busen,2023-04-03,Only checkin desk open for a full plane and impossible to check in online Amazingly bad Flight crew is friendly Pilot flying into Milano on April st did a very bad landing,2.0,Negative,Negative,Neutral,NEGATIVE,Negative,,2/4,Positive
Iloilo,airport,J Laneso,2022-11-06,The guards on the entrance are so rude he would even raise voice which was unnecessary imagine having a super early flight where you still feel sleepy someone random would shout about the luggages I knew what to do with it I fly all the time and there were absolutely no need for him to be so disrespectful,3.0,Neutral,Negative,Negative,NEGATIVE,Negative,,2/4,Neutral
Ural Airlines,airline,2 reviewsDmitrii Egorov,2018-10-18,Moscow to Barcelona The airline is not bad but there are disadvantages Hand baggage allowance the main disadvantage Once when I was flying from Samara Russia to St Petersburg Russia we were on the bus with the doors open at everyone was waiting for the late passenger when he approached it turned out that he had problems with the size of hand luggage and we continued to stand and freeze Only after our disturbances we were able to persuade the representatives of Ural Airlines and go to the plane,7.0,Positive,Negative,Negative,NEGATIVE,Negative,,2/4,Neutral
Amsterdam Schiphol,airport,A Lunarsi,2024-09-06,Amsterdam Schiphol has the rudest security personnel Choose another profession please and do not ruin the passengers day with your unhappiness and impoliteness,1.0,Neutral,Negative,Negative,NEGATIVE,Negative,,2/4,Neutral
Bournemouth,airport,Russell Pryke,2021-10-18,The airport app does not work on busy periods there are dirty tables everywhere older people cannot do this order online and there is wee everywhere in the male and female toilets,2.0,Neutral,Negative,Negative,NEGATIVE,Negative,,2/4,Neutral
Montenegro Airlines,airline,Keith Parkinson,2015-10-20,After boarding our Montenegro Airlines flight on time we sat for mins without any explanation and then told a crew member was ill and they would tell us what was happening soon After another mins we were told that we would depart soon with only crew Because we were late Tivat airport had closed and we diverted to Podgorica the only other airport We were then bused to Tivat arriving approx hrs late to be told that there was nothing wrong as they class both airports as one Never again,1.0,Negative,Negative,Neutral,NEGATIVE,Negative,,2/4,Neutral
Lyon,airport,N Polson,2024-03-04,No food or beverages options after pm everything is closed This is an international airport Literally everything is closed not even the the relay shop so cant even get a sandwich I think this is appalling,1.0,Negative,Negative,Neutral,NEGATIVE,Negative,,2/4,Neutral
Chicago Midway,airport,Angela Taylor,2024-10-15,TSA Precheck staff were beyond rude My husbands pen went missing I had to put my wallet by itself through the security belt Oh and they made me take off my boots too The food options had poor reviews so we went to the bistro that had the highest reviews hamburger and additional for fries I have had better fast food burgers Gate had way too many seats for the volume of passengers I will fly to Ohare next time,4.0,Positive,Negative,Negative,NEGATIVE,Negative,,2/4,Neutral
Gibraltar,airport,Ann Morris,2017-05-17,I visit Gibraltar airport regularly for trips backwards and forwards to the UK and to pick up friends and relatives who are visiting I am appalled by the condition of the glass screens on the viewing tower and stairs leading to the viewing tower the glass screens gave not been cleaned since the airport opened and are now at the stage where you cannot see through them Equally the stairs are dusty dirty and litter ridden,2.0,Negative,Negative,Neutral,NEGATIVE,Negative,,2/4,Neutral
Turin,airport,Alec Don,2019-12-29,Turin does passport checks for departing passengers The service is absolutely appallingly slow Please get your act together Turin airport border service,1.0,Negative,Negative,Neutral,NEGATIVE,Negative,,2/4,Neutral
Wings Air,airline,Doris Reichelt,2023-05-03,I was flying with my two little Kids Although according to Boarding Pass Boarding should have started at the Crew announced the final Call at When we asked why the rush they screamed at US If we want to fly we should get Info the Plne right now No Service at all by Ground Crew and very rude to all passengers,3.0,Positive,Negative,Negative,NEGATIVE,Negative,,2/4,Neutral
Maya Island Air,airline,Deb Straw,2021-09-08,We cancelled our flight tickets because of Covid and the increasing numbers in Belize months in advance of our trip The airline would only offer usage of our tickets for a year period rather than fully refunding the ticket price I can understand this for a late cancellation but not in this situation Thieves,1.0,Negative,Negative,Neutral,NEGATIVE,Negative,,2/4,Neutral
Frankfurt Main,airport,E Garner,2025-01-13,Arrival from IAH took an hour to get our luggage Sign counted down expected in and then just saying delayed please be patience hour Rest of the airport is kinda under construction with leaking ceilings mouse traps and blue fences There use to be a moving walkway between terminal and the long distance railway station gone Out with the convenience and service in with more greedy retail space,1.0,Neutral,Negative,Negative,NEGATIVE,Negative,,2/4,Neutral
Perpignan,airport,Margaret Rhatigan,2016-09-11,I would not advise anyone to use this airport as there is no shuttle bus to the train station If you are in any way feeble or have young children I would advise you to get a taxi as the no bus that services the airport stops in the middle of Perpignan and its a minute walk to the station carrying luggage The taxis are like vultures waiting to overcharge you for a few miles Maybe try hiring a car but here again the weekly charge for a modest car is overpriced,3.0,Negative,Negative,Neutral,NEGATIVE,Negative,,2/4,Neutral
Scoot,airline,Ho Keong,2024-11-26,On this route Singapore Miri Singapore delay at least min Today is more than hours Avoid taking this route besides it is more expensive after AirAsia pull out of this route,3.0,Neutral,Negative,Negative,NEGATIVE,Negative,,2/4,Neutral
Libreville,airport,8 reviewsH Blumenthal,2015-11-27,Libreville Airport is certainly not the worst airport in the region but not the best either Staff very civil servant minded with a lot of arrogance vis a vis passengers A good point is that on arrival luggage is quick to be on the belts A bad one is that air conditioning is not efficient at all and we are in a tropical country,5.0,Neutral,Negative,Negative,NEGATIVE,Negative,,2/4,Positive
Air Serbia,airline,F Keale,2024-11-14,Oslo to Belgrade delay hours without information Belgrade to Athens on time boarding for both sectors chaotic checkin bags delayed for days bag totalled hardcase cracked near wheel Claim filed with air serbia without response Total compensation paid by air serbia Never again,1.0,Neutral,Negative,Negative,NEGATIVE,Negative,,2/4,Neutral
Memmingen,airport,Robert Miles,2019-02-05,I have used this airport for over years as a regular visitor to family in Landsberg Staff on reception desks security and passport control were excellent Unfortunately the Fellowes catering operation on the st floor is appalling I submitted a complaint regarding filled bagels on my last trip in December regarding dry tough bread unbuttered chicken and avocado filling devoid of filling Unable to complain at time as take away for flight Complained to Chief Exec Customer services and still awaiting a reply,1.0,Negative,Negative,Positive,NEGATIVE,Negative,,2/4,Positive
Hobart,airport,Christine Sarandis,2016-09-29,I think the airport itself is absolutely fine but the food choices are absolutely appalling if you are traveling after We had a delay and a hour wait and all that was available was one cafe selling pizza pasta and toasted sandwiches which were exhorbitantly expensive and not very nice There was no fresh food and no choice A disappointing end to an absolutely brilliant day road trip around that lovely state,3.0,Neutral,Negative,Negative,NEGATIVE,Negative,,2/4,Positive
Bahamasair,airline,Anil Korpinar,2024-01-21,Long check in process Delay flight without a reason Not working online reservation system Consistently lying personnel Wrong baggage information at their website,1.0,Neutral,Negative,Negative,NEGATIVE,Negative,,2/4,Neutral
Crown Point Tobago,airport,Marc de Verteuil,2008-08-02,Outdated tiny airport If a large plane is either disembarking or embarking the facilities are stretched beyond capacity The staff are not properly trained and often rude The Caribbean Airlines flights to Trinidad can be a hit and miss affair and if one if using Tobago Crown Point to transfer from an international flight to a Trinidad bound flight or vice versa be prepared to be told that your flight is overbooked delayed cancelled,1.0,Neutral,Negative,Negative,NEGATIVE,Negative,,2/4,Neutral
Air Austral,airline,James Perry,2023-11-03,A feeder flight from Madagascar to Runion was delayed by hours because it was held over to pick up corresponding passengers in Mayotte and I missed by corresponding flight to Paris The Paris flight need have only waited minutes to allow our connection I am now delayed hours until the next flight Unbelievable,1.0,Neutral,Negative,Negative,NEGATIVE,Negative,,2/4,Neutral
Preveza,airport,S Cadero,2022-06-07,Airport with the slowest and least professional staff ever Greece is beautiful I love its rhythms but here we are absurd planes in one day and the ability to wait hours to check in your baggage Once I got to the checkin desk I was asked to wait a moment am flight at am I waited minutes and asked what the problem was and the lady told to go to a colleague at another checkin desk Slow disorganized unprofessional staff Bad experience,1.0,Neutral,Negative,Negative,NEGATIVE,Negative,,2/4,Neutral
Kish Airlines,airline,JuYoung Han,2013-05-04,MehrabadKish not the best airline i have ridden After a long delay we were all put in a little bus that took us to an ancient plane The plane was very old seats were cramped seatbelts were broken and the plane itself was very small I was very surprised to see food but it wasnt very wonderful However Iranian standards arent very high,3.0,Positive,Negative,Negative,NEGATIVE,Negative,,2/4,Positive
Air Canada rouge,airline,Jason Hunt,2024-09-30,Delayed on both ends due to ACs scheduling Then on top of that sat on tarmac for minutes for an unplanned maintenance issue Then they deboarded and told us we would leave in an hour Then than became hours So a pm flight was delayed to at least am Nothing open so no food or water not even vending machines in the airport,1.0,Neutral,Negative,Negative,NEGATIVE,Negative,,2/4,Neutral
Tulsa International,airport,K Max,2020-11-20,I have been going to college in Tulsa for years and have yet to have a flight home that didnt get delayed Ive missed more connection flights then I can count because of this mess of an airport If you can try to fly or connect out of literally anywhere else,2.0,Positive,Negative,Negative,NEGATIVE,Negative,,2/4,Neutral
Solomon Airlines,airline,Juan Rubio García,2023-05-15,I bought a flight months away and the next day they canceled it I had to accept the alternative that they proposed because I had no other option and without any type of compensation they wont even pay me for the hotel night that I am forced to stay in Honiara Very disappointed with this company,1.0,Negative,Negative,Neutral,NEGATIVE,Negative,,2/4,Neutral
Nok Air,airline,Valeria Lopez,2024-12-03,The flight price was good The carry on was free but when we started boarding they told us we couldnt have both a carry on and a personal item so they charged us The trays in the plane were dirty The flight attendants prohibited us from using phones during the flight,1.0,Positive,Negative,Negative,NEGATIVE,Negative,,2/4,Neutral
PAL Express,airline,A Paul,2013-12-20,The Manila Dubai flight was unceremoniously switched to Manila Abu Dhabi at the point of passenger Checkin on December th You have to swallow their attitude of Were sorry our flight to Dubai is not operational today we will be rerouting you to Abu Dhabi and get you to Dubai in a Shuttle Bus Drop off point not known Sorry,0.0,Negative,Negative,Neutral,NEGATIVE,Negative,,2/4,Neutral
Quebec City,airport,Mary Johns,2013-09-30,Arriving from the US was easy and fast No long walks not monorails no buses You get off the plane go to customs get your suitcase change some money and grabbed a taxi all with a minimum of traipsing around Most efficient arrival anywhere Departure not so good Airlines staff was late opening checkin lines Baggage check man ridiculed my attempts to speak French and the woman operating the Xray was rude to passengers Furthermore the airport offers little in the way of food for purchase and dutyfree items,6.0,Positive,Negative,Negative,NEGATIVE,Negative,,2/4,Neutral
New Orleans,airport,Kelly Odom,2022-05-19,The wait for the rental car bus is unbearably long No organization This airport is a total chaotic mess The rental car situation adds at least an hour on to your trip whether you are arriving or departing They need to get their act together,1.0,Negative,Negative,Neutral,NEGATIVE,Negative,,2/4,Neutral
Hamilton,airport,B Kemp,2018-03-03,I am a year old girl and this is my first time using this airport as well as flying anywhere by myself I arrived and got confused on where to go for my luggage I asked a security guard for help and he was honestly the rudest person I have ever met He sounded so annoyed that he had to tell me where to go instead of listening to me he got mad at me and wouldnt let me speak and began to yell at me Flying by yourself for the first time is hard enough without the airport personnel making it even harder,1.0,Neutral,Negative,Negative,NEGATIVE,Negative,,2/4,Neutral
Miami,airport,Le Anne Flores,2024-10-28,A lot of staff were aggressive rude and condescending even those who are in the restaurants Signages and Instructions for the queues are not available Not enough seating areas Wifi is good though,3.0,Neutral,Negative,Negative,NEGATIVE,Negative,,2/4,Neutral
Spirit Airlines,airline,Chris Freeze,2025-03-04,Our departing flight was delayed ten hours Spirit refused to try to get anyone on another airlines or reimburse for any out of pocket expenses except for a meal voucher We missed the first day of our vacation Then our return flight was delayed hours and this time no meal voucher New arrival time am Definitely never flying Spirit again,1.0,Neutral,Negative,Negative,NEGATIVE,Negative,,2/4,Neutral
Prague,airport,C Scott,2024-11-24,Queue for passport control took an hour despite not a huge amount of people to handle Only open for non EU and including machines open for EU Most the guys on EU had a nice hour break Bags on time but you expect so after an hour delay,3.0,Positive,Negative,Negative,NEGATIVE,Negative,,2/4,Neutral
Puerto Vallarta,airport,Jamie Mahn,2020-03-10,The airport is hot and sticky They have AC but only use it to keep the temperature at around degrees There is a serious lack of information about flight delays and gate changes,2.0,Neutral,Negative,Negative,NEGATIVE,Negative,,2/4,Neutral
Jordan Aviation,airline,Khaldun Alqaysi,2023-08-19,Bag did not arrive My wife travelled on Jordan Aviation flight on August But the bag remained in Amman airport and arrived after a week meanwhile I called several times to inquire about the bag that has important stuff like clothes It was a bad experience for my family Moreover the flight was very costly I will not use this airline anymore,3.0,Neutral,Negative,Negative,NEGATIVE,Negative,,2/4,Neutral
Bristol,airport,Mark Cupit,2023-07-17,Longest wait for security I have ever experienced Very poor information not telling us the flight was delayed until half an hour after it was meant to depart Then trapped in an aircraft for an hour waiting for busses to unload us I wont be back,5.0,Neutral,Negative,Negative,NEGATIVE,Negative,,2/4,Neutral
Aegean Airlines,airline,George Spyrou,2024-12-08,This is in reality a low cost airline see Ryanair only with high prices Prepare for the shortest pitch you have experienced especially if youre seated in any row behind the first emergency exit Aircrafts are old and dirty food which is a actually a snack is inedible in economy Wifi is almost always not working Customer support is non existent You cannot cancel your ticket online You have to call their support center and get a euro cancellation fee Avoid at all costs,1.0,Neutral,Negative,Negative,NEGATIVE,Negative,,2/4,Neutral
CSA Czech Airlines,airline,E Jalerova,2022-03-28,My ticket was cancelled by CSA more than a month ago and I still cant get money back for that On my requests they answer that I need to wait When I ask how long to wait no answer On top of that my two previous flights were delayed for more than hours with no reasons Do not book flights with them,1.0,Positive,Negative,Negative,NEGATIVE,Negative,,2/4,Neutral
Wings Air,airline,Doris Reichelt,2023-05-03,I was flying with my two little Kids Although according to Boarding Pass Boarding should have started at the Crew announced the final Call at When we asked why the rush they screamed at US If we want to fly we should get Info the Plne right now No Service at all by Ground Crew and very rude to all passengers,3.0,Positive,Negative,Negative,NEGATIVE,Negative,,2/4,Neutral
Vietnam Airlines,airline,E Bates,2025-03-31,The flight was just hours delayed but this was the smallest issue At the arrival I recognised my luggage is damaged a Samsonite USD one As a compensation they offered me USD I heard many people had issues with damaged luggage but compensation is actually nothing Cannot recommend to hand any luggage to them After checking with their customer service they insist on VND USD Never again Vietnam Airlines,1.0,Positive,Negative,Negative,NEGATIVE,Negative,,2/4,Neutral
Austin,airport,T Kemp,2023-03-11,Im from Austin and the bathrooms didnt used to be this dirty Since Covid Ive traveled per year and the bathrooms have consistently been getting dirtier Even just now theres water all over the floor multiple stalls have no toilet paper theres one stall that was too gross to mention soap and water all over the sinks and mirrors Please fix this so Austinites can go back to being proud of our airport,7.0,Neutral,Negative,Negative,NEGATIVE,Negative,,2/4,Neutral
Banjul,airport,Jessica Wickham,2023-03-12,Staff are unpleasant like they dont really want you to come to their country Staff dont communicate with their colleagues in English instead they speak their local language throughout and that is disturbing and completely wrong in a work setting Staff are not friendly and helpful very aggressive The customer service at Banjul Airport is appalling,1.0,Negative,Negative,Positive,NEGATIVE,Negative,,2/4,Neutral
AJet,airline,Arman Omidi,2024-09-17,Never fly with this irresponsible airline I am a travel agent and unfortunately I had to book many tickets with this new unprofessional Airline of their flights get canceled or delayed and no one is responsible either in the call centre or any office they dont have offices in most of countries,1.0,Neutral,Negative,Negative,NEGATIVE,Negative,,2/4,Neutral
Kittila,airport,Nadine Hawkins,2022-12-04,Small airport Lack of ground staff so long delays with baggage reclaim Not much seating Not many facilities Staff not particularly helpful Staff not sure which belt our luggage will even be on when it finally arrives Not a good start to our holiday Toilets have run out of toilet paper Avoid if possible,1.0,Negative,Negative,Neutral,NEGATIVE,Negative,,2/4,Neutral
Air Astana,airline,S Goeminne,2024-07-27,days ago we already had a delay of hours from Almaty to Astana where we had to offboard the plane and change planes Now going back to Almaty we already got mails telling us the flight will be delayed already more than hours I am getting the idea we will not fly today What a bad first experience with Air Astana,4.0,Neutral,Negative,Negative,NEGATIVE,Negative,,2/4,Neutral
Tunisair,airline,E Karsten,2025-02-03,Flight more than hrs delayed which information only given in pieces of h long after the promised departure time despite already long before visible on Flightradar Meal voucher worth given basically enough for a bottle of water Not in line with EU regulations No online checkin No excuse no explanation Friendliness of cabin crew nonexistent,1.0,Positive,Negative,Negative,NEGATIVE,Negative,,2/4,Neutral
Batik Air,airline,K Narang,2025-03-19,Terbang ke Manado kena delay pulang dari Manado kena delay lagi dari jam jadi jam Tibatiba jam dikabari lagi delat sampe jam Flying to Manado was delayed returning from Manado was delayed again from to Suddenly at it was announced that it was delayed again until,1.0,Neutral,Negative,Negative,NEGATIVE,Negative,,2/4,Neutral
Mahon,airport,M James,2017-10-16,On going through security at Mahon airport we were met with security staff who could clearly see we were traveling with a young baby Never encountered this type of bad attitude before no respect rude and complete lack of care There is no need for this attitude,1.0,Negative,Positive,Negative,NEGATIVE,Negative,,2/4,Neutral
PAL Express,airline,A Paul,2013-12-20,The Manila Dubai flight was unceremoniously switched to Manila Abu Dhabi at the point of passenger Checkin on December th You have to swallow their attitude of Were sorry our flight to Dubai is not operational today we will be rerouting you to Abu Dhabi and get you to Dubai in a Shuttle Bus Drop off point not known Sorry,0.0,Negative,Negative,Neutral,NEGATIVE,Negative,,2/4,Neutral
Coffs Harbour,airport,T Milne,2021-03-29,The security are rubbish no customer service at all they need retraining or sacking I was traveling with no luggage only had my phone in pocket of shorts and Tshirt They scanned my whole body like I was a criminal Avoid this stupid airport at any cost personally I will never ever come back,1.0,Negative,Negative,Neutral,NEGATIVE,Negative,,2/4,Neutral
Arkia Israeli Airlines,airline,V Levy,2023-08-24,The flight got delayed over hours The gate was changed times without clear updates The flight attendants took rudeness and careless to a whole new level Unfortunately I have my return flight scheduled with them I have sent them a huge complaint and a refund request I prefer to fly any other airline with layovers to get to my destination than setting a foot again on an Arkia flight,1.0,Neutral,Negative,Negative,NEGATIVE,Negative,,2/4,Neutral
Crown Point Tobago,airport,Andre Franca,2012-03-22,I have been once to this airport as others said the place is tiny I wonder how it looks when BA and Virgin are around Boarding into small propeller planes is already a mess they search your bags at the boarding area even though you have already had your carryon xrayed,7.0,Negative,Negative,Neutral,NEGATIVE,Negative,,2/4,Neutral
Privilege Style,airline,Ndulue Yauri,2020-01-28,Vienna to Lagos The flight was okay and the crew was eager This flight was chartered for the deportation of rejected asylum seekers from Germany and Austria After my asylum application was rejected by Austria I was deported to Nigeria The airplane was aged but all in all okay It was a little bit delayed,5.0,Positive,Negative,Negative,NEGATIVE,Negative,,2/4,Neutral
Bogota,airport,T Carter,2023-01-24,All staff pretty rude and didnt speak any English Nobody seemed to want to help in any way Thats fine but I get to security and basically all I have is my wallet and a water bottle They snatch my water bottle and throw it away Very wasteful and rude Would have chugged it right there no problem Extremely annoying and frustrating way to end my time here in Colombia,1.0,Neutral,Negative,Negative,NEGATIVE,Negative,,2/4,Neutral
Tashkent,airport,1 reviewsT Francis,2019-09-30,Strict levels of security bordering on the obsessive Luggage is scanned twice You are searched even if the metal detector does not go off as you pass through it It is understandable Beware of possible ripoffs at the DutyFree Shop They can give you the wrong conversions from euros to Uzbek sums if you want to pay in local currency,5.0,Negative,Negative,Neutral,NEGATIVE,Negative,,2/4,Neutral
Savannah,airport,K Edwards,2018-08-19,I loved Savannah but will never return because I never want to step foot in this airport again Not only was every single food option closed at pm the vending machines were broken as well Literally the worst airport ever Never coming back to Savannah,1.0,Negative,Negative,Neutral,NEGATIVE,Negative,,2/4,Neutral
Aerocaribbean,airline,R Ryder,2010-11-25,Holguin to Havana last week Okay apart from issuing duplicate boarding cards to different passengers Return was in a turbo prop plane which was hour late and was infested by cockroaches running along the floor overhead lockers and electrical ducts The plane was generally dirty Obvious lack of maintenance,1.0,Neutral,Negative,Negative,NEGATIVE,Negative,,2/4,Neutral
Transaero Airlines,airline,Haji Murat,2015-08-14,A long check in line at Domodedovo airport in Moscow Flight was delayed for hours while the plane B was repaired Inside the plane was a small distance between the seats The ticket price was very cheap so I cannot complain Food service was only water with cookies and there was no entertainment system,6.0,Neutral,Negative,Negative,NEGATIVE,Negative,,2/4,Neutral
Azerbaijan Airlines,airline,P Mafed,2024-09-09,The airline staff at Baku airport were not friendly and their mismanagement resulted in missing one of our original flights They did not bother if we stayed in the Baku airport the next days as the other flights were booked So the ground staff charged us double for another closer city Tbilisi We used this airline for our summer travels from London to Baku and Baku to Batumi and return Overall we flew four times and were very disappointed with ground staff and old aircraft eg faulty entertainment screens,2.0,Negative,Negative,Positive,NEGATIVE,Negative,,2/4,Neutral
Skopje,airport,G Brown,2014-11-12,The new terminal is just a large barn A few shops and very little duty free Airport staff disinterested rude and officious Border police just as rude demanding some sort of photocopied form from me which I did not have Yes I do speak Macedonian and I still could not work out what he was after Just as well we were leaving,2.0,Neutral,Negative,Negative,NEGATIVE,Negative,,2/4,Neutral
Lagos,airport,T Laniyti,2022-10-30,This was my first time visiting my homeland and my experiences both on arrival and departure were disappointing The staff were all asking me for bribery starting from the carrier staffs till the immigration officers What baffled be was on my departure time the purposely didnt tag my luggage leaving it behind had to send my sister to retrieve my bag,1.0,Negative,Negative,Neutral,NEGATIVE,Negative,,2/4,Neutral
Uzbekistan Airways,airline,Madi Sha,2023-07-15,Extremely rude cabin supervisor I explained her that was pregnant and and needed cabin crew assistance to stow my hand luggage into overhead stowage To what she replied with extremely aggressive body language my male cabin crew are not your concierge boys I fly very often and it is scary to observe as I am excabin crew how often cabin crew do not follow safety rules It is scary and unpleasant to fly with them always,4.0,Neutral,Negative,Negative,NEGATIVE,Negative,,2/4,Neutral
TAAG Angola Airlines,airline,Guy Stehlik,2023-12-18,Do not under any circumstances fly this airline I have wasted close to a hundred hours of my time to no avail having submitted all requested documentation after months still nothing You may think youre saving money Youre not They will cancel or delay their flights at the drop of a hat and youll be left in the dark I am an African tourism stakeholder and can assure TAAG that their reputation is rapidly deteriorating and will soon be at the point of no return,1.0,Neutral,Negative,Negative,NEGATIVE,Negative,,2/4,Neutral
American Airlines,airline,K Marson,2025-03-23,My flight was originally for am this flight was delayed I was issued a new ticket that required me to be stranded in Phoenix Arizona for hours I was originally supposed to arrive at my destination Minneapolis at pm My hour trip turned into an all day event Also I just got word that my flight to Phoenix is once again delayed I spent a lot of money for this trip this may as well be a greyhound station,1.0,Positive,Negative,Negative,NEGATIVE,Negative,,2/4,Neutral
Chambery,airport,Iona Mcallister,2020-01-12,Avoid this airport Our inbound flight was a hour delay and our return flight is currently hours delayed but could be longer The inbound pilot blamed it on the weather but this was a lie and its being blamed on a technical issue for our return flight This is a regular occurrence according to the flight attendant I will not be travelling here again at any cost,1.0,Neutral,Negative,Negative,NEGATIVE,Negative,,2/4,Neutral
SkyWest Airlines,airline,T Waters,2018-06-03,Portland to Seattle Their policy counted a fishing rod as an extra item requiring me to check a bag through my final destination jeapordizing the contents of in the bag The lady scanning tickets was very rude and challenged the validity of my final destination I would never book a flight with Sky West,2.0,Neutral,Negative,Negative,NEGATIVE,Negative,,2/4,Neutral
Zagreb,airport,I Garlen,2023-05-11,Arrogant unprofessional and rude passport control police officers without a smile or greeting Do not expect anything better Welcome to the Balkans Although they think highly about them selves being western European country with western standards they are far far away from the west,1.0,Positive,Negative,Negative,NEGATIVE,Negative,,2/4,Neutral
Fly540.com,airline,M Jamayda,2020-03-17,Mombasa to Nairobi Delayed hours so I didnt get in the plane because I needed to be on time in Nairobi for the next flight In the counter they gave me the email contact details so that I ask for a reimbursement They never replied,1.0,Neutral,Negative,Negative,NEGATIVE,Negative,,2/4,Neutral
Tulsa International,airport,K Max,2020-11-20,I have been going to college in Tulsa for years and have yet to have a flight home that didnt get delayed Ive missed more connection flights then I can count because of this mess of an airport If you can try to fly or connect out of literally anywhere else,2.0,Positive,Negative,Negative,NEGATIVE,Negative,,2/4,Neutral
Punta Gorda,airport,Marlene Reilly,2018-04-09,They should spend more money on putting gates in the airport instead of a multi million dollar resort Plus there isnt any place to eat and minimal places to sit When a full plane comes in and you have to stand for a minimum of hour it gets pretty bad at least for seniors,1.0,Neutral,Negative,Negative,NEGATIVE,Negative,,2/4,Neutral
Eastar Jet,airline,K Tan,2019-04-10,Seoul to Jeju Firstly the flight delay more than half an hour Secondly very bad experience of turbulence The airline should announced the weather condition,1.0,Neutral,Negative,Negative,NEGATIVE,Negative,,2/4,Neutral
Kish Airlines,airline,Amthony Lerona,2015-10-18,First Time to ride this plane heading to Kish Iran an island in a Persian Gulf DC is an older plane so expect for a rough and noisy takeoffs and landing I also know that this is the only airline having a flight to the said island It was delayed for half an hour and I observed that the plane was in poor condition Since it is a to minutes ride the cabin crew served as with a snacks composed of a packed juices cookies nuts and sandwich The cabin crew are polite and the captain is welcoming,5.0,Neutral,Negative,Negative,NEGATIVE,Negative,,2/4,Neutral
Loganair,airline,Francis Colborn-Veitch,2023-01-03,I use this airline frequently because it is the only airline serving Orkney If you are coming to Orkney and are able to use the ferries then do so this airline is a disgrace frequently delayed and cancelled and a total absence of customer service However I would say that the cabin staff are fantastic it is just a shame they are stuck working for this airline,1.0,Positive,Negative,Negative,NEGATIVE,Negative,,2/4,Positive
Tashkent,airport,1 reviewsT Francis,2019-09-30,Strict levels of security bordering on the obsessive Luggage is scanned twice You are searched even if the metal detector does not go off as you pass through it It is understandable Beware of possible ripoffs at the DutyFree Shop They can give you the wrong conversions from euros to Uzbek sums if you want to pay in local currency,5.0,Negative,Negative,Neutral,NEGATIVE,Negative,,2/4,Neutral
Memmingen,airport,Robert Miles,2019-02-05,I have used this airport for over years as a regular visitor to family in Landsberg Staff on reception desks security and passport control were excellent Unfortunately the Fellowes catering operation on the st floor is appalling I submitted a complaint regarding filled bagels on my last trip in December regarding dry tough bread unbuttered chicken and avocado filling devoid of filling Unable to complain at time as take away for flight Complained to Chief Exec Customer services and still awaiting a reply,1.0,Negative,Negative,Positive,NEGATIVE,Negative,,2/4,Positive
AeroItalia,airline,N Busen,2023-04-03,Only checkin desk open for a full plane and impossible to check in online Amazingly bad Flight crew is friendly Pilot flying into Milano on April st did a very bad landing,2.0,Negative,Negative,Neutral,NEGATIVE,Negative,,2/4,Positive
Azerbaijan Airlines,airline,P Mafed,2024-09-09,The airline staff at Baku airport were not friendly and their mismanagement resulted in missing one of our original flights They did not bother if we stayed in the Baku airport the next days as the other flights were booked So the ground staff charged us double for another closer city Tbilisi We used this airline for our summer travels from London to Baku and Baku to Batumi and return Overall we flew four times and were very disappointed with ground staff and old aircraft eg faulty entertainment screens,2.0,Negative,Negative,Positive,NEGATIVE,Negative,,2/4,Neutral
Warsaw Modlin,airport,N Maranka,2023-08-10,This review is about the security staff which is being particularly rude during luggage check I forgot to put the perfume into a seethrough bag so when I got it out of the backpack he took it and started screaming at me what is this as if I was committing and offence then he threw it against the tray on the counter which could have easily brake the glass bottle I consider this behaviour as unprofessional and unacceptable,5.0,Neutral,Negative,Negative,NEGATIVE,Negative,,2/4,Neutral
Chengdu,airport,H Bartlett,2013-06-26,Arrived at Chengdu on domestic flight from Shenzhen No problems getting to town on the bus A dew days later I had to depart on a domestic flight to Jiuzhaigou Beware there are two terminals both a distance from each other I got off at the wrong terminal no sign of a transfer bus so I had walk Not much fun in the rain,5.0,Negative,Negative,Neutral,NEGATIVE,Negative,,2/4,Neutral
PLAY,airline,E Karynova,2024-09-29,On our way to Iceland our flight was hours delayed with the hours advance notice However our flight back we received a notice hours before our departure that the flight is delayed for hours No other option flights no help,1.0,Neutral,Negative,Negative,NEGATIVE,Negative,,2/4,Neutral
Fly540.com,airline,M Jamayda,2020-03-17,Mombasa to Nairobi Delayed hours so I didnt get in the plane because I needed to be on time in Nairobi for the next flight In the counter they gave me the email contact details so that I ask for a reimbursement They never replied,1.0,Neutral,Negative,Negative,NEGATIVE,Negative,,2/4,Neutral
Akasa Air,airline,M Anitha,2025-03-01,Akasa Air staff was very rude I had worn warm clothes during my on going journey as February is winter my return flight was afternoon I had put warm clothes in cabin bag had food water with me they asked me to place purse along with cabin bag weight was one kg more I requested to consider but they never did I took away food had to throw they were ok with it charged me for kg Staff is very rude and not cooperative,1.0,Positive,Negative,Negative,NEGATIVE,Negative,,2/4,Neutral
Air Astana,airline,Olzhas Adil,2023-07-15,I fly this airline weekly for AlmatyBakuAlmaty and I have never ever had the flight on time minutes delay is routine for Air Astana They have to reassess their attitude and schedule because those repetitive delays are not acceptable for what they call star airline The airline prices are not on level of service they provide either Disappointing service to be honest,5.0,Positive,Negative,Negative,NEGATIVE,Negative,,2/4,Neutral
T'Way Air,airline,Sharifuddin Mohamed Ali,2023-12-06,Kept on delaying but passengers were kept in the dark Announcements made only in Korean language til we have to ask ourselves what was going on when the flight will be departing etc Supposed to be a memorable family day trip to Jeju but got ruined at the end of the day Thanks to Tway,3.0,Positive,Negative,Negative,NEGATIVE,Negative,,2/4,Neutral
Davao,airport,S Fletcher,2015-03-17,Davao City airport in the Philippines is spacious queues are minimal pre check in After check in you head upstairs to the departure area pay your departure tax and pass through security You then find yourself in a the domestic departure area where there is plenty of seating and TV screens Flight announcements are limited my flight was delayed by hours yet there was no announcement to advise,8.0,Neutral,Negative,Negative,NEGATIVE,Negative,,2/4,Neutral
AirAsia,airline,G Han,2025-02-21,I booked five AirAsia flights for a trip across Southeast Asia and regret it Their hidden fees constant delays and lack of service make it not worth the hassle Every flight was delayed by at least an hour They enforce a kg lb carryon limit and charge per bag per flight if you exceed it which most travelers will Expect lastminute gate changes long lines bus transfers to the tarmac and boarding via stairs,1.0,Neutral,Negative,Negative,NEGATIVE,Negative,,2/4,Neutral
AirSWIFT,airline,D Rijcke,2025-02-10,Flight delayed was hours No prior communication they were well aware that our flight was delayed We will never use this unreliable airline ever again,1.0,Positive,Negative,Negative,NEGATIVE,Negative,,2/4,Neutral
Istanbul,airport,Fredrik Haglund,2025-02-18,Ridiculous prices on everything Tired staff Will avoid or bring my own food and drink in the future Tax free more expensive than with taxes for many things Perfume store without any spray deodorant for men Generic design Too bad as flight with Turkish was good,2.0,Neutral,Negative,Negative,NEGATIVE,Negative,,2/4,Neutral
Manchester,airport,M Devlin,2025-02-21,I know terminal due for closure but do it now Whole departure experience appalling Easyjet now confined to the basement Scanner rejected both carryon and no reason The exit doors for security closed and no one around to alert to the issue Most of duty free was closing up at pm departure gate again in the basement with a flight delay,1.0,Neutral,Negative,Negative,NEGATIVE,Negative,,2/4,Neutral
Grenoble,airport,L Plummer,2025-01-18,Hundreds of people shut outside the airport in the freezing cold not allowed to enter due to overcrowding Inside it is everyone for themselves people everywhere chaos at check in desks Baggage belts not working staff scrambling over desks Out on the runway passengers walking all over the place no concerns for security or safety by staff Horrendous experience The time you might save by flying here compared to Geneva is not enough to warrant setting foot in this airport Dont do it,1.0,Negative,Negative,Neutral,NEGATIVE,Negative,,2/4,Neutral
Incheon,airport,Thomas Klassen,2022-05-31,The onarrival COVID testing process is atrocious The app that must be used is completely worthless in English The app does not recognize major airports such as Toronto or even Canada The instructors are nonsensical The Incheon Airport Authority has outsourced the testing to a local hospital which has no experience It took me minutes to complete the registration There are no staff to help Avoid any COVID testing at the airport,2.0,Negative,Negative,Neutral,NEGATIVE,Negative,,2/4,Neutral
CSA Czech Airlines,airline,E Jalerova,2022-03-28,My ticket was cancelled by CSA more than a month ago and I still cant get money back for that On my requests they answer that I need to wait When I ask how long to wait no answer On top of that my two previous flights were delayed for more than hours with no reasons Do not book flights with them,1.0,Positive,Negative,Negative,NEGATIVE,Negative,,2/4,Neutral
bmi Regional,airline,B Marden,2018-11-22,Hamburg to Bristol Pretty much guaranteed delay again from BMI my route to work in Germany gets hit by BMI delays on outbound and return flights I have persuaded the crewing office to let me catch a train from Plymouth to London Paddington then Heathrow express to airport to avoid using BMI from Exeter or Bristol I will get there quicker by driving train an extra hour and a half go figure,2.0,Neutral,Negative,Negative,NEGATIVE,Negative,,2/4,Neutral
Buffalo,airport,Reem Bazzouu,2025-03-24,The nonacceptance of cash at any in airport store is so irritating Leaves a bitter after taste when all the advantages of this small airport are ended with cashiers yelling we dont take cash Dont you like American dollars,3.0,Negative,Negative,Neutral,NEGATIVE,Negative,,2/4,Neutral
Hamburg,airport,A Garstun,2023-12-29,Often hourlong lines for security and it never fails that one or more members of staff are rude The airport is quite small and easy to navigate but the impolite staff makes travelling through here an unpleasant experience,5.0,Neutral,Negative,Negative,NEGATIVE,Negative,,2/4,Neutral
LIAT,airline,P Vergin,2019-06-26,Grenada to Guadeloupe via Barbados Do not travel on Liat with a suitcase Suitcase will not travel same time as you even with plane nearly empty it take more than days for the suitcase to arrive in Guadeloupe and been opened by flight company,1.0,Positive,Negative,Negative,NEGATIVE,Negative,,2/4,Neutral
Frankfurt Main,airport,E Garner,2025-01-13,Arrival from IAH took an hour to get our luggage Sign counted down expected in and then just saying delayed please be patience hour Rest of the airport is kinda under construction with leaking ceilings mouse traps and blue fences There use to be a moving walkway between terminal and the long distance railway station gone Out with the convenience and service in with more greedy retail space,1.0,Neutral,Negative,Negative,NEGATIVE,Negative,,2/4,Neutral
SunExpress,airline,Anne Lynch,2024-10-03,Shocking airline None of the cabin staff spoke to us or greeted us on boarding When we arrived at Dalaman everyones luggage had been left at Gatwick including a wheelchair and childrens buggies I phoned daily twice a day and got no information or assistance The company has refused to pay compensation Never use this company,1.0,Negative,Negative,Neutral,NEGATIVE,Negative,,2/4,Neutral
Providenciales Intl,airport,E Stamand,2023-04-27,The airport customs are very long over an hour long and it is very hot The departure was the worse when you arrive everything is fine until you get to security they take again over an hour Once you get into the airport has some small shops barely any seats and the floor is dirty old carpet Their is a nice outside plane spotting area though No WiFi Though this place sucks you cant avoid it if you want to go to Turks and Caicos because its the only international airport on the island,2.0,Neutral,Negative,Negative,NEGATIVE,Negative,,2/4,Neutral
Edmonton,airport,Marilyn Wnuk,2019-09-19,I am years old I was pulled aside for an indepth screening the lady who was screening me told my husband he could go ahead I said no I wanted my husband with me she thoroughly went through my bag with a wand what was most disturbing was how she would just throw my stuff around not even closing zippers or putting my liquids bag in the pocket it came out She was not very friendly my husband and I were shocked to be treated like this It was quite rude to be treated like this since I am an elderly woman,2.0,Negative,Negative,Neutral,NEGATIVE,Negative,,2/4,Neutral
Dallas Fort-Worth,airport,Cassandra Reiter,2024-11-13,Was told multiple times that our luggage was put on a flight we switched to MULTIPLE times by multiple people They did not They were put on our original delayed flight that overlapped with the boarding of our last flight and they were not moved in time If we were just told there was no guarantee we would not be so upset Rude staff and unclean conditions make this airport one of my least favorites,3.0,Neutral,Negative,Negative,NEGATIVE,Negative,,2/4,Neutral
US Airways,airline,1 reviewsCatherine Harris,2015-10-06,This is my third time this year flying with US Airways and American Airlines and this is the third time my flight has been delayed or cancelled Most recently there was a delay of one hour without any reason therefore delaying everyone for their connecting flights I missed my connecting flight and they had no sympathy whatsoever Only flights were the next day and they wouldnt give me any compensation for their failures Never again US airways Never,1.0,Neutral,Negative,Negative,NEGATIVE,Negative,,2/4,Neutral
Spirit Airlines,airline,Chris Freeze,2025-03-04,Our departing flight was delayed ten hours Spirit refused to try to get anyone on another airlines or reimburse for any out of pocket expenses except for a meal voucher We missed the first day of our vacation Then our return flight was delayed hours and this time no meal voucher New arrival time am Definitely never flying Spirit again,1.0,Neutral,Negative,Negative,NEGATIVE,Negative,,2/4,Neutral
Transaero Airlines,airline,Rata Chaipatikul,2015-10-20,Transaero Airlines flight has been cancelled in last minute I have booked round trip and got cancelled both trip from Moscow to Istanbul and Istanbul to Moscow Never experienced this problem before All my plan have to change and cancel,1.0,Negative,Negative,Neutral,NEGATIVE,Negative,,2/4,Neutral
Moscow Sheremetyevo,airport,Rail Mukhutdinov,2021-06-18,Wait at Checkin lines are way too long had to wait almost hours Personnels are too slow and rude and not enough staff at the airport If you are exchangingbuying tickets or paying extra for whatever reason at the register they are handwriting most information and takes so much time Navigations are not too clear even for Russian speaking people Improvements needed,1.0,Neutral,Negative,Negative,NEGATIVE,Negative,,2/4,Neutral
Kalamata,airport,G Chapman,2013-07-20,Mainly a military airport with few passenger facilities in arrivals there is one male and one female toilet but there is more ample provision elsewhere Snack bar either side of passport control and very small dutyfree shop If aircraft delayed supplies can run out in snack bar,5.0,Neutral,Negative,Negative,NEGATIVE,Negative,,2/4,Neutral
Ravn Alaska,airline,J Alexander,2019-07-27,Kenai to Anchorage Plane was delayed with no reason given then after boarding we had to wait for the paperwork for around minutes This caused us to miss our window and get delayed more minutes in an extremely hot plane causing us and many others to miss connecting flights Would not recommend,2.0,Positive,Negative,Negative,NEGATIVE,Negative,,2/4,Neutral
Perpignan,airport,Margaret Rhatigan,2016-09-11,I would not advise anyone to use this airport as there is no shuttle bus to the train station If you are in any way feeble or have young children I would advise you to get a taxi as the no bus that services the airport stops in the middle of Perpignan and its a minute walk to the station carrying luggage The taxis are like vultures waiting to overcharge you for a few miles Maybe try hiring a car but here again the weekly charge for a modest car is overpriced,3.0,Negative,Negative,Neutral,NEGATIVE,Negative,,2/4,Neutral
Lisbon,airport,Alex Nardini,2025-03-13,Sparse toilet facilities on arrival Disinterested staff grumpy jumped up securitycleaners with headphones oblivious to others Information desk unmanned Seating areas packed Wifi hit and miss Lane separation unnecessarily long at departures difficult for the elderly and infirm,3.0,Negative,Negative,Positive,NEGATIVE,Negative,,2/4,Neutral
Clark,airport,Grace Tan,2019-08-17,This is an International airport but it is very shabby It lacks many necessary airport facilites such as power outlets drinking fountains and restrooms A terminal fee of pesos needs to be paid but the restrooms facilities were either dirty or broken Hopefully if they charge that much of a fee per person improvements can be seen to make peoples airport experiences better Really disappointed,4.0,Neutral,Negative,Negative,NEGATIVE,Negative,,2/4,Neutral
Istanbul Sabiha Gökçen,airport,Keyvan Diamondo,2024-11-01,Extremely bad climate control Bad in many aspects Crowded Rude and unrespectful security and passport control Prices in restaurants free shops and any merchandise price in the airport is extremely high A simple sandwich will cost you Free shops are charging you much higher than the product cost you anywhere else on this planet Im shocked that this is allowed to happen and airport authorities allowing this Be careful and keep this in mind,1.0,Neutral,Negative,Negative,NEGATIVE,Negative,,2/4,Neutral
Belavia,airline,N Balezheva,2021-02-10,Covid N Belavia My wife travelling on transit Belavia flights via Minsk was just not allowed to exit the airport even with negative Covid test so has to sleep in the airport tonight This is in a contraction with the resolution N regulating border control during pandemic period So think twice before booking Belavia tickets via Minsk,1.0,Negative,Negative,Neutral,NEGATIVE,Negative,,2/4,Neutral
Kittila,airport,Nadine Hawkins,2022-12-04,Small airport Lack of ground staff so long delays with baggage reclaim Not much seating Not many facilities Staff not particularly helpful Staff not sure which belt our luggage will even be on when it finally arrives Not a good start to our holiday Toilets have run out of toilet paper Avoid if possible,1.0,Negative,Negative,Neutral,NEGATIVE,Negative,,2/4,Neutral
Air Canada rouge,airline,Jason Hunt,2024-09-30,Delayed on both ends due to ACs scheduling Then on top of that sat on tarmac for minutes for an unplanned maintenance issue Then they deboarded and told us we would leave in an hour Then than became hours So a pm flight was delayed to at least am Nothing open so no food or water not even vending machines in the airport,1.0,Neutral,Negative,Negative,NEGATIVE,Negative,,2/4,Neutral
Loganair,airline,Francis Colborn-Veitch,2023-01-03,I use this airline frequently because it is the only airline serving Orkney If you are coming to Orkney and are able to use the ferries then do so this airline is a disgrace frequently delayed and cancelled and a total absence of customer service However I would say that the cabin staff are fantastic it is just a shame they are stuck working for this airline,1.0,Positive,Negative,Negative,NEGATIVE,Negative,,2/4,Positive
Bahamasair,airline,Anil Korpinar,2024-01-21,Long check in process Delay flight without a reason Not working online reservation system Consistently lying personnel Wrong baggage information at their website,1.0,Neutral,Negative,Negative,NEGATIVE,Negative,,2/4,Neutral
BH Air,airline,P Dart,2019-10-21,Teesside to Bourgas Was delayed hours at Teesside airport due to technical problem with plane Contacted BH Air with eticket and boarding pass thinking delay claim was straight forward Not heard anything back nor have CAA to whom I sent complaint to Obviously dont care a lot for customers and European law,3.0,Neutral,Negative,Negative,NEGATIVE,Negative,,2/4,Neutral
Gibraltar,airport,Ann Morris,2017-05-17,I visit Gibraltar airport regularly for trips backwards and forwards to the UK and to pick up friends and relatives who are visiting I am appalled by the condition of the glass screens on the viewing tower and stairs leading to the viewing tower the glass screens gave not been cleaned since the airport opened and are now at the stage where you cannot see through them Equally the stairs are dusty dirty and litter ridden,2.0,Negative,Negative,Neutral,NEGATIVE,Negative,,2/4,Neutral
Rhodes,airport,Richard Storey,2023-09-10,Absolute chaos Boarding queues stretched the length of the terminal back to the duty free section Constant Greek language tannoy announcements No guidance offered at any stage Delayed an hour and a quarter,2.0,Neutral,Negative,Negative,NEGATIVE,Negative,,2/4,Positive
East Midlands,airport,M Larby,2023-09-05,Ok flying out form this airport but coming back from our holiday we landed at pm what a really bad experience There were in our party of them were children it was late at night traveling back they just dont care It took us hours just to get though passport control to get to our baggage only person on passport control and he didnt care Well we never go there again,2.0,Neutral,Negative,Negative,NEGATIVE,Negative,,2/4,Neutral
Jin Air,airline,A. Sun,2024-12-16,Both my flights have been delayed one we had to wait in the airplane They havent offered water or anything in compensation my second flight had a almost hours delay and again no compensation Believe this is not the right customer service flights werent cheap either and taking responsibility for these kind of outings are a must,1.0,Positive,Negative,Negative,NEGATIVE,Negative,,2/4,Neutral
Salt Lake City,airport,Darryl Adams,2024-02-26,Terribly designed airport It took an hour to get from my gate to baggage claim and get my bags I assumed the very long terribly designed path from gate to baggage claim would allow my bags to get there before me I was wrong The long walk was rewarded with a very long additional wait for my bags,2.0,Negative,Negative,Neutral,NEGATIVE,Negative,,2/4,Neutral
LAM Mozambique,airline,N Lefevre,2024-08-09,Arrived at am airport for flight at h Delay with no reason No info at all Finally at h info that fly at h No excuse no refund no access to the empty lounge All crew at airport know nothing speak English,1.0,Positive,Negative,Negative,NEGATIVE,Negative,,2/4,Neutral
Island Air,airline,N Bogan,2014-05-26,Delays delays We were supposed to go from Maui to Kauai and be a hr trip It took hours instead with us waiting in the airport for hours The people next to us had been waiting for hours and got delayed another two as I started writing the review Everyone has delays Stay away from Island Air,1.0,Neutral,Negative,Negative,NEGATIVE,Negative,,2/4,Neutral
Philippine Airlines,airline,M Cruz,2024-10-25,Delayed PR average delay is an hr For today Oct the estimated time of departure was moved twice originally from H then to H then to H As of this writing we have not yet flown and still waiting in the bridge H Then just announced that we have to wait further,1.0,Neutral,Negative,Negative,NEGATIVE,Negative,,2/4,Neutral
SmartWings,airline,Veronika Douglas,2024-06-23,Almost hours delay No help at all only interested in managing PR with press release full of lies There were a lot of very old people we did not sleep for over hours couldnt speak any language and were chased around the airport I walked km iphone app steps my boyfriends km trying to get information everywhere in the airport alone Absolutely unbelievable will never used them even if there were times cheaper than anyone else,1.0,Neutral,Negative,Negative,NEGATIVE,Negative,,2/4,Positive
Milan Bergamo,airport,F Davis,2022-05-08,Absolutely shocking service My daughter queued for minutes at McDonalds only to be told they had sold out of what she wanted No idea of customer service or using common sense like managing the queue and letting people know they were on limited stock prior to entering the queue,1.0,Negative,Negative,Neutral,NEGATIVE,Negative,,2/4,Neutral
ViaAir,airline,Trent Parks,2018-11-10,Austin to Oklahoma City Writing this review from the car of one of my fellow Via passengers as were currently driving to Oklahoma City from Austin hours because after the initial hour delay the plane arrived and had a door malfunction that was a minimum delay of more hours with no assurance that they wouldnt have to cancel the flight So we decided that there was a greater chance of making it to Oklahoma City if we just drove instead Hopefully theyll refund our money Too bad they wont reimburse my lift,1.0,Neutral,Negative,Negative,NEGATIVE,Negative,,2/4,Neutral
Arkefly,airline,S Peijnenburg,2015-08-30,Horror flight Delayed Seats were double booked people who paid for more expensive spots had to take a seat in economy families were split up over the entire airplane Zero leg space most of the seats could not lean backwards if there was a person of meters behind you leaning back would literally crush hisher knees Unannounced additional stop at Cape Verde increasing the flight time from to hours Very poor onboard entertainment and food All of the above occurred on both flights so it was not a coincidence,1.0,Neutral,Negative,Negative,NEGATIVE,Negative,,2/4,Neutral
New Orleans,airport,Kelly Odom,2022-05-19,The wait for the rental car bus is unbearably long No organization This airport is a total chaotic mess The rental car situation adds at least an hour on to your trip whether you are arriving or departing They need to get their act together,1.0,Negative,Negative,Neutral,NEGATIVE,Negative,,2/4,Neutral
BH Air,airline,P Dart,2019-10-21,Teesside to Bourgas Was delayed hours at Teesside airport due to technical problem with plane Contacted BH Air with eticket and boarding pass thinking delay claim was straight forward Not heard anything back nor have CAA to whom I sent complaint to Obviously dont care a lot for customers and European law,3.0,Neutral,Negative,Negative,NEGATIVE,Negative,,2/4,Neutral
LAM Mozambique,airline,N Lefevre,2024-08-09,Arrived at am airport for flight at h Delay with no reason No info at all Finally at h info that fly at h No excuse no refund no access to the empty lounge All crew at airport know nothing speak English,1.0,Positive,Negative,Negative,NEGATIVE,Negative,,2/4,Neutral
Cluj-napoca,airport,Adrian Avram,2023-05-03,The very small airport scheduled flights in the morning around am all in the same timethe waiting room was so packed that nobody can even move like sardines in a can no masks or concern for passengers safety Half of the floor space was taken by some empty stores and caf Totally dysfunctional management is incompetent and out of touch with reality,2.0,Negative,Negative,Neutral,NEGATIVE,Negative,,2/4,Neutral
Aerocaribbean,airline,R Ryder,2010-11-25,Holguin to Havana last week Okay apart from issuing duplicate boarding cards to different passengers Return was in a turbo prop plane which was hour late and was infested by cockroaches running along the floor overhead lockers and electrical ducts The plane was generally dirty Obvious lack of maintenance,1.0,Neutral,Negative,Negative,NEGATIVE,Negative,,2/4,Neutral
Zagreb,airport,I Garlen,2023-05-11,Arrogant unprofessional and rude passport control police officers without a smile or greeting Do not expect anything better Welcome to the Balkans Although they think highly about them selves being western European country with western standards they are far far away from the west,1.0,Positive,Negative,Negative,NEGATIVE,Negative,,2/4,Neutral
Porto,airport,LC Suassuna,2024-07-27,Their wifi doesnt work at all I tried for hours at different spots and theres no mobile signal either Also due to their massive glass panels several gates are as hot as greenhouses So if your flight is delayed be ready to be in a sauna without the possibility of writing emails calling or texting someone doing any online work or watching any videos or streaming service either If it were possible to claim a refund of airport fees I would,3.0,Neutral,Negative,Negative,NEGATIVE,Negative,,2/4,Neutral
Island Air,airline,N Bogan,2014-05-26,Delays delays We were supposed to go from Maui to Kauai and be a hr trip It took hours instead with us waiting in the airport for hours The people next to us had been waiting for hours and got delayed another two as I started writing the review Everyone has delays Stay away from Island Air,1.0,Neutral,Negative,Negative,NEGATIVE,Negative,,2/4,Neutral
Air Vanuatu,airline,Tina Hudson,2023-08-23,Our flight was cancelled when we were in the checkin queue The customer service was dreadful and there was no advice on when the flight would be reinstated We booked with another airline after realising that the flight would be grounded for at least three days the airline only has one plane We are still waiting for a refund The Air Vanuatu website says that the wait for refunds is indefinite,1.0,Negative,Negative,Neutral,NEGATIVE,Negative,,2/4,Neutral
Incheon,airport,C Rickey,2023-01-15,Insane long lines through security Very limited food and drink options huge queues for what is actually open Forget getting a glass of wine People jostle over seating and the hospitality staff are anything but hospitable Horrid place to wait for flight,1.0,Negative,Negative,Neutral,NEGATIVE,Negative,,2/4,Neutral
Jetblue Airways,airline,K Strauss,2025-01-02,I dont know who is operating the website between the Boarding Pass is printed out it does not reflect the true information Almost as a Mosaic in my last three trips I was given E and F boarding group instead of B group As Mosaic it doesnt give Mosaic group but C Customer Service does not help letters are not being answered to Very sad because this is not what is being promised at the time I am buying the tickets,1.0,Negative,Negative,Neutral,NEGATIVE,Negative,,2/4,Neutral
Royal Jordanian Airlines,airline,24 reviewsMichael Binas,2025-03-12,First time flying Royal Jordanian Flight delayed for two hours Unbearably hot temperature inside the cabin Crew disinterested in what they do Flight half full is a sign that probably many are not showing interest on this airline,4.0,Positive,Negative,Negative,NEGATIVE,Negative,,2/4,Neutral
Hobart,airport,Christine Sarandis,2016-09-29,I think the airport itself is absolutely fine but the food choices are absolutely appalling if you are traveling after We had a delay and a hour wait and all that was available was one cafe selling pizza pasta and toasted sandwiches which were exhorbitantly expensive and not very nice There was no fresh food and no choice A disappointing end to an absolutely brilliant day road trip around that lovely state,3.0,Neutral,Negative,Negative,NEGATIVE,Negative,,2/4,Positive
Chicago Midway,airport,Angela Taylor,2024-10-15,TSA Precheck staff were beyond rude My husbands pen went missing I had to put my wallet by itself through the security belt Oh and they made me take off my boots too The food options had poor reviews so we went to the bistro that had the highest reviews hamburger and additional for fries I have had better fast food burgers Gate had way too many seats for the volume of passengers I will fly to Ohare next time,4.0,Positive,Negative,Negative,NEGATIVE,Negative,,2/4,Neutral
SATA International,airline,A Harkel,2020-04-05,Terceira to Lisbon cancelled in July They refuse to pay flight delay compensation mandated by EU law Email answers from customer service take months Very pretty islands and nice people but SATA is a disgrace for Azores,1.0,Positive,Negative,Negative,NEGATIVE,Negative,,2/4,Neutral
Luxair,airline,Vasco Barbosa,2023-09-03,LuxAir the cheap Airline that charges prices of premium airlines They are expert breaking luggages I flew a couple of times with them expecting their service would be top quality according to their tickets price Wrong Very bad customer service cheap and low quality meals,1.0,Neutral,Negative,Negative,NEGATIVE,Negative,,2/4,Neutral
Madrid Barajas,airport,N Deane,2024-04-15,Security were extremely unpleasant and it appears that they are employing those behaving inappropriately on security Avoid a rude lady in the VIP security lane of T if you dont want to be examined over and above that necessary for the understandable purposes of security If you try and complain you are directed to information whose computer is down,1.0,Negative,Positive,Negative,NEGATIVE,Negative,,2/4,Neutral
Air Austral,airline,James Perry,2023-11-03,A feeder flight from Madagascar to Runion was delayed by hours because it was held over to pick up corresponding passengers in Mayotte and I missed by corresponding flight to Paris The Paris flight need have only waited minutes to allow our connection I am now delayed hours until the next flight Unbelievable,1.0,Neutral,Negative,Negative,NEGATIVE,Negative,,2/4,Neutral
AirSWIFT,airline,D Rijcke,2025-02-10,Flight delayed was hours No prior communication they were well aware that our flight was delayed We will never use this unreliable airline ever again,1.0,Positive,Negative,Negative,NEGATIVE,Negative,,2/4,Neutral
Toronto City Centre,airport,Jim Wilson,2016-11-22,The Pick up and drop off area at this airport is ridiculously small for the number of passengers currently passing through Parking and pick is basically total chaos at this airport the rude and aggressive parking security guards do not make matters any better If you are driving seriously consider an alternative,1.0,Neutral,Negative,Negative,NEGATIVE,Negative,,2/4,Neutral
American Airlines,airline,K Marson,2025-03-23,My flight was originally for am this flight was delayed I was issued a new ticket that required me to be stranded in Phoenix Arizona for hours I was originally supposed to arrive at my destination Minneapolis at pm My hour trip turned into an all day event Also I just got word that my flight to Phoenix is once again delayed I spent a lot of money for this trip this may as well be a greyhound station,1.0,Positive,Negative,Negative,NEGATIVE,Negative,,2/4,Neutral
Jordan Aviation,airline,Khaldun Alqaysi,2023-08-19,Bag did not arrive My wife travelled on Jordan Aviation flight on August But the bag remained in Amman airport and arrived after a week meanwhile I called several times to inquire about the bag that has important stuff like clothes It was a bad experience for my family Moreover the flight was very costly I will not use this airline anymore,3.0,Neutral,Negative,Negative,NEGATIVE,Negative,,2/4,Neutral
SATENA,airline,Melanie Amaya,2018-01-17,San Andres to Providencia I dont recommend using this airline We had to be at midday in Providencia Island and Satena cancelled our flight They did not gave us any option to be on time for an event that we have We are people This was a connecting flight and we had other flights paid hotels booked and an event organised,1.0,Negative,Negative,Neutral,NEGATIVE,Negative,,2/4,Neutral
Vueling Airlines,airline,Robert MacKenzie,2024-10-25,Flight cancelled when we are at the airport Charged for a coach bus ride from San Sebastin to Barcelona No compensation whatsoever for the loss I would never fly with these guys again and I would actively discourage anybody I know from doing so as well,1.0,Negative,Negative,Neutral,NEGATIVE,Negative,,2/4,Neutral
Karachi,airport,Zes Ale,2018-05-26,Not Verified Karachi Airport is nice but badly needs renovation as it is some years old airport Also they need to work on the satellite concourse as they look outdated from inside and too compact with no space for expansion for retail and neither the gates Disembarkation bridge is nice and modern,6.0,Neutral,Negative,Negative,NEGATIVE,Negative,,2/4,Neutral
Houston IAH,airport,R Banes,2024-12-18,Terminals C and E are beautiful shopping centers with attached gate doors Seating and the inevitable waiting areas are lacking badly Designed to sell food and merchandise to travelers but not to accommodate their travel experience Disappointing manipulation from the expenditure of so much money for improvements,2.0,Neutral,Negative,Negative,NEGATIVE,Negative,,2/4,Neutral
French Bee,airline,Melba Harris,2024-10-28,French Bee the need for greed the rudeness unfairly flagging carry on bags that meet regulation when dropping off pre paid luggage the total check in experience a night mare have passengers sitting cancelled boarding stations that were moved somewhere else and I was a waiting passenger that made other passengers aware that it was changed,1.0,Neutral,Negative,Negative,NEGATIVE,Negative,,2/4,Neutral
Dubai,airport,6 reviewsFranck Janet,2025-02-02,The airport police in Dubai are really unpleasant When I went through security one officer made me remove my suspenders even though they were attached to my trousers and difficult to take off and put back on He couldnt have cared less In general locals in Dubai are not particularly friendly In Dubai they probably believe that quality of an airport is the infrastructure but for me it is people who make the difference,5.0,Negative,Negative,Positive,NEGATIVE,Negative,,2/4,Neutral
Scoot,airline,Ho Keong,2024-11-26,On this route Singapore Miri Singapore delay at least min Today is more than hours Avoid taking this route besides it is more expensive after AirAsia pull out of this route,3.0,Neutral,Negative,Negative,NEGATIVE,Negative,,2/4,Neutral
Abu Dhabi,airport,B Vanetee,2024-02-14,As inefficient as the old airport The only thing that has changed is the infrastructure Self checkin kiosks gates and shopping are the positives Staff quality is as pathetic and inefficient as was before Boarded through gate E Took almost mins to get to the bus,3.0,Negative,Negative,Neutral,NEGATIVE,Negative,,2/4,Neutral
Exeter,airport,Robert Daniels,2024-06-23,Bar staff very rude wanted to go home early so told passengers to go to gate as flight had landed and was early I regularly travel from Exeter and was tracking the flight so I was well aware this information was false I explained to the staff member who then shouted that she works at airport and knows when a flight has landed I went through the gate and no sign of the flight just a very rude staff member who obviously has no customer service experience and needs retraining,1.0,Neutral,Negative,Negative,NEGATIVE,Negative,,2/4,Neutral
Philippine Airlines,airline,M Cruz,2024-10-25,Delayed PR average delay is an hr For today Oct the estimated time of departure was moved twice originally from H then to H then to H As of this writing we have not yet flown and still waiting in the bridge H Then just announced that we have to wait further,1.0,Neutral,Negative,Negative,NEGATIVE,Negative,,2/4,Neutral
Berlin Brandenburg,airport,Hans Meisel,2024-06-10,Insane long check in times and staff working slowly like they dont give a damn I have now for the rd time experienced the longest check in times in Europe Up to hour The staff works sadistically slowly and is being overly pedantic over just about everything Also way too little toilets and some gates dont even have dedicated sitting spaces Considering that BBA is Germanys capital airport and the time and cost to build it over the past years its just an utter and total embarrassment for entire Germany,1.0,Negative,Negative,Neutral,NEGATIVE,Negative,,2/4,Neutral
Toulouse,airport,Steve Cherry,2022-05-05,Dive of a place Avoid for tight connections they pointlessly make you collect your luggage boot you out of airside and then you need to check in and go through security again For no reason The shops are sparse the staffing is minimal and yet you have to walk for miles to get nowhere in a tiny regional airport,1.0,Negative,Negative,Neutral,NEGATIVE,Negative,,2/4,Neutral
Punta Gorda,airport,Marlene Reilly,2018-04-09,They should spend more money on putting gates in the airport instead of a multi million dollar resort Plus there isnt any place to eat and minimal places to sit When a full plane comes in and you have to stand for a minimum of hour it gets pretty bad at least for seniors,1.0,Neutral,Negative,Negative,NEGATIVE,Negative,,2/4,Neutral
Air Niugini,airline,H Rogers,2022-10-03,Manila to Brisbane via Port Moresby Delayed my plane by hours Wasted days Had paid for Business class upgrade but they couldnt find it in the system Had no problems keeping the money,1.0,Negative,Positive,Negative,NEGATIVE,Negative,,2/4,Neutral
Iloilo,airport,J Laneso,2022-11-06,The guards on the entrance are so rude he would even raise voice which was unnecessary imagine having a super early flight where you still feel sleepy someone random would shout about the luggages I knew what to do with it I fly all the time and there were absolutely no need for him to be so disrespectful,3.0,Neutral,Negative,Negative,NEGATIVE,Negative,,2/4,Neutral
Malindo Air,airline,Hunter Nair,2023-12-18,Serious waste of money and service So late departure at pm Flight kick off at pm Better I can take late hours flight rather than at pm Seriously unprofessional at all All other flight can kick off on time whats wrong with this flight,1.0,Negative,Negative,Neutral,NEGATIVE,Negative,,2/4,Neutral
Gdansk,airport,G Keller,2021-11-04,Health and safety rules are very loosely followed I was marked for a random check the one where they check your hands for traces of explosives The female security worker was not wearing her mask and I asked her to put it on before approaching me Since then she was plain rude to me and barked orders The two hand sanitizers that I could locate were empty When I looked around practically none of the staff were wearing their masks correctly even though it was crowded,3.0,Negative,Positive,Negative,NEGATIVE,Negative,,2/4,Positive
PLAY,airline,E Karynova,2024-09-29,On our way to Iceland our flight was hours delayed with the hours advance notice However our flight back we received a notice hours before our departure that the flight is delayed for hours No other option flights no help,1.0,Neutral,Negative,Negative,NEGATIVE,Negative,,2/4,Neutral
Kish Airlines,airline,JuYoung Han,2013-05-04,MehrabadKish not the best airline i have ridden After a long delay we were all put in a little bus that took us to an ancient plane The plane was very old seats were cramped seatbelts were broken and the plane itself was very small I was very surprised to see food but it wasnt very wonderful However Iranian standards arent very high,3.0,Positive,Negative,Negative,NEGATIVE,Negative,,2/4,Positive
Sansa Airlines,airline,Rakey Drammeh,2018-12-03,Refuses to refund me do not trust this airline Sansa was supposed to refund me for a canceled flight almost months ago I still have not received the refund I email and no one responds No one can explain to me why I havent received a refund yet It does not take this long to return me half of the money I paid for Please avoid this airline at all cost They are not worth it There are other ways of getting around Costa Rica to which you can avoid this airline,1.0,Negative,Negative,Neutral,NEGATIVE,Negative,,2/4,Neutral
Ural Airlines,airline,Clayton Thomas,2018-09-09,Yekaterinburg to St Petersburg Absolute junk Flight was delayed by about hours without explanation in spite of very good weather Boarding process was utter chaos Zero communication No one spoke English which caused problems for some Chinese passengers who didnt understand the luggage weight limits and held everyone else up as a result Not professional I get the feeling the staff dont care if we get there at all Avoid like the plague,1.0,Positive,Negative,Negative,NEGATIVE,Negative,,2/4,Neutral
Montenegro Airlines,airline,Keith Parkinson,2015-10-20,After boarding our Montenegro Airlines flight on time we sat for mins without any explanation and then told a crew member was ill and they would tell us what was happening soon After another mins we were told that we would depart soon with only crew Because we were late Tivat airport had closed and we diverted to Podgorica the only other airport We were then bused to Tivat arriving approx hrs late to be told that there was nothing wrong as they class both airports as one Never again,1.0,Negative,Negative,Neutral,NEGATIVE,Negative,,2/4,Neutral
Heraklion,airport,S Holdan,2024-08-24,Unbelievably bad air conditioning barely works Terribly dirty toilets almost of all flights delayed mine included Few and tiny information boards and no place to sit insufficient seats We had to stand for hours Apologies to all the airport staff who are making the best of it,1.0,Neutral,Negative,Negative,NEGATIVE,Negative,,2/4,Positive
Rwandair,airline,R Haldan,2025-01-11,Delay after delay after delay every time Waste a whole day with them Madly expensive airport that insists on full security screen removing water and lighters even if youre transiting and purchased after security in a main hub airport,1.0,Neutral,Negative,Negative,NEGATIVE,Negative,,2/4,Neutral
Ajaccio,airport,S Simpson,2019-05-30,Security staff are extremely rude They made a huge scene about my trekking poles and then confiscated them I flew from New York City to Paris and Paris to Calvi with my poles and had no trouble in any other airports during my travels Very disappointed with my Ajaccio airport experience Moreover Corsica is a huge trekking destination for hikers so not sure how the incompetent security staff are unaware,1.0,Neutral,Negative,Negative,NEGATIVE,Negative,,2/4,Neutral
Thai Airways,airline,E Lan,2025-03-11,When I travel and if Im early I will stand by or show for an earlier flight Thai doesnt allow that and wanted to charge me THB which was more expensive than the ticket Gate agent was very rude and not sympathetic,1.0,Neutral,Negative,Negative,NEGATIVE,Negative,,2/4,Neutral
Wingo,airline,Seda Serpin,2024-07-18,I paid extra to check in my baggage but the ladies at the gate counter first told me it was too thick and then did not proceed to help me with next steps and when I finally asked they rudely told me Im going to pay to check it in I asked whether something could be done since I had already paid for it to be a carry on and to use that money but they simply said no and that I have to pay again and will not get that money back no explanations,3.0,Neutral,Negative,Negative,NEGATIVE,Negative,,2/4,Neutral
T'Way Air,airline,Sharifuddin Mohamed Ali,2023-12-06,Kept on delaying but passengers were kept in the dark Announcements made only in Korean language til we have to ask ourselves what was going on when the flight will be departing etc Supposed to be a memorable family day trip to Jeju but got ruined at the end of the day Thanks to Tway,3.0,Positive,Negative,Negative,NEGATIVE,Negative,,2/4,Neutral
San Francisco,airport,B Johnson,2023-08-18,We got here with more than hours delay due to weather conditions landing at PM SFO did not plan any crew to take care of the suitcases and we ended up laying down on the floor next to a stopped carousel at the baggage claim There is no seat here No vending machine We heard unclear messages but its already hour and minutes and nothing is moving Not serious at all,2.0,Neutral,Negative,Negative,NEGATIVE,Negative,,2/4,Neutral
Sansa Airlines,airline,Rakey Drammeh,2018-12-03,Refuses to refund me do not trust this airline Sansa was supposed to refund me for a canceled flight almost months ago I still have not received the refund I email and no one responds No one can explain to me why I havent received a refund yet It does not take this long to return me half of the money I paid for Please avoid this airline at all cost They are not worth it There are other ways of getting around Costa Rica to which you can avoid this airline,1.0,Negative,Negative,Neutral,NEGATIVE,Negative,,2/4,Neutral
Ravn Alaska,airline,J Alexander,2019-07-27,Kenai to Anchorage Plane was delayed with no reason given then after boarding we had to wait for the paperwork for around minutes This caused us to miss our window and get delayed more minutes in an extremely hot plane causing us and many others to miss connecting flights Would not recommend,2.0,Positive,Negative,Negative,NEGATIVE,Negative,,2/4,Neutral
Crown Point Tobago,airport,Andre Franca,2012-03-22,I have been once to this airport as others said the place is tiny I wonder how it looks when BA and Virgin are around Boarding into small propeller planes is already a mess they search your bags at the boarding area even though you have already had your carryon xrayed,7.0,Negative,Negative,Neutral,NEGATIVE,Negative,,2/4,Neutral
Rwandair,airline,R Haldan,2025-01-11,Delay after delay after delay every time Waste a whole day with them Madly expensive airport that insists on full security screen removing water and lighters even if youre transiting and purchased after security in a main hub airport,1.0,Neutral,Negative,Negative,NEGATIVE,Negative,,2/4,Neutral
Destin-ft. Walton Beach,airport,E Slick,2013-07-20,This airport is very unprofessional At am I got in line to check my baggage in There were people in front of me and an inept crew behind the counter not helping anyone There were two kiosks and one was out of order The woman trying to use the only working kiosk took forever After about minutes one of the slackjawed employees finally asked if he could help anyone Well of course he could minutes ago The impersonal level of the employees here was shocking and the airport was hot and stuffy,0.0,Negative,Negative,Neutral,NEGATIVE,Negative,,2/4,Neutral
Destin-ft. Walton Beach,airport,E Slick,2013-07-20,This airport is very unprofessional At am I got in line to check my baggage in There were people in front of me and an inept crew behind the counter not helping anyone There were two kiosks and one was out of order The woman trying to use the only working kiosk took forever After about minutes one of the slackjawed employees finally asked if he could help anyone Well of course he could minutes ago The impersonal level of the employees here was shocking and the airport was hot and stuffy,0.0,Negative,Negative,Neutral,NEGATIVE,Negative,,2/4,Neutral
Wingo,airline,Seda Serpin,2024-07-18,I paid extra to check in my baggage but the ladies at the gate counter first told me it was too thick and then did not proceed to help me with next steps and when I finally asked they rudely told me Im going to pay to check it in I asked whether something could be done since I had already paid for it to be a carry on and to use that money but they simply said no and that I have to pay again and will not get that money back no explanations,3.0,Neutral,Negative,Negative,NEGATIVE,Negative,,2/4,Neutral
Skopje,airport,G Brown,2014-11-12,The new terminal is just a large barn A few shops and very little duty free Airport staff disinterested rude and officious Border police just as rude demanding some sort of photocopied form from me which I did not have Yes I do speak Macedonian and I still could not work out what he was after Just as well we were leaving,2.0,Neutral,Negative,Negative,NEGATIVE,Negative,,2/4,Neutral
Darwin,airport,N Dawes,2014-07-08,Arrived at airport to find very little assistance and no checkin staff available despite mid afternoon time Upstairs in departure lounges are old cracked dirty and missing pieces of vinyl No bar facilities available again despite mid afternoon time and crowds of people in the lounge area Very poorly sign posted Nil star rating if that was possible,0.0,Neutral,Negative,Negative,NEGATIVE,Negative,,2/4,Neutral
FlyArystan,airline,Linda McPherson,2019-10-01,Almaty to Shimkent Was treated rudely at check in The first time we flew it was very cheap and this time we flew it was almost the same price as air Astana On one flight we had to wait Taras to Almaty Three hours because they lost a passenger and even get off and go back on the plane,3.0,Neutral,Negative,Negative,NEGATIVE,Negative,,2/4,Neutral
Verona,airport,Antonio Pezzaioli,2022-03-07,Queues at passport control of over hr with police officer checking passenger ridiculous Disorganized Automatic passport check with digital passport not working Deserves to be closed and not used for passenger if they cant staff it,2.0,Negative,Negative,Neutral,NEGATIVE,Negative,,2/4,Neutral
Fly540.com,airline,P Jalagi,2018-11-09,Nairobi to Mombasa Flight delayed without proper notification Was at the airport as early as to wait till pm with a child no compensation of even a soft drink Kept saying flight departs at pm yet it took another mins additional delay without any announcement,4.0,Neutral,Negative,Negative,NEGATIVE,Negative,,2/4,Neutral
Bradley,airport,P Perrone,2018-11-30,The TSA pre check line is not adequately highlighted when coming in to depart As a result we ended up in the annoying line where you have to remove coats belts shoes laptops everything but tooth fillings Plus a full body screen breast area pat down leg pat down Really I have no artificial limbs no metal knees Tampa isnt nearly as annoying TSA pre check lines are clearly identified from the moment you enter the airport Cmon CT shape up,5.0,Negative,Negative,Neutral,NEGATIVE,Negative,,2/4,Neutral
Newquay,airport,J Butt,2019-03-07,Security staff asked me to remove my belt and leather bracelet which a female member of staff took from me Upon retrieving my luggage after the security scan my bracelet was missing Staff started look on the floor and were unable to find it Just as my blood was about to boil another passenger found it in his personal items Needless to say I was not impressed with the security staff who clearly had no respect for my personal items Very disappointed,2.0,Negative,Negative,Neutral,NEGATIVE,Negative,,2/4,Neutral
Transaero Airlines,airline,Rata Chaipatikul,2015-10-20,Transaero Airlines flight has been cancelled in last minute I have booked round trip and got cancelled both trip from Moscow to Istanbul and Istanbul to Moscow Never experienced this problem before All my plan have to change and cancel,1.0,Negative,Negative,Neutral,NEGATIVE,Negative,,2/4,Neutral
Sydney,airport,C Liew,2024-11-02,Signage is never updated of the nearly hours delay even until boarding time Announcement was unclear of further delays Staff werent very helpful in providing clear information and blames airport or delayed arrival of delay Could be better trained in dealing with situation Toilets in airport dirty and messy Long long queues to enter departure hall Overall rather disappointed with our national airline and busiest airport,3.0,Neutral,Negative,Negative,NEGATIVE,Negative,,2/4,Positive
Wings Air,airline,R Murlen,2024-01-07,Two times using this airline two times flights have been delayed Theres no information or communication with the passengers whatsoever First flight was delayed by hours and then we were in the tarmac for over minutes with no aircon in the muddles of the day Very old plane with not functioning aircon Second time plane has been delayed for one hour Avoid if you can,1.0,Positive,Negative,Negative,NEGATIVE,Negative,,2/4,Neutral
SereneAir,airline,M Khawaja,2024-01-01,Booked with Serene air specifically due to timing schedule pm flight since we didnt want to reach Islamabad too late in the evening flight was delayed hours and ending up taking off after midnight Whats even worse is that our return flight ER was delayed by over hours as well Its a shame since the service is decent but timings are very unreliable,2.0,Neutral,Negative,Negative,NEGATIVE,Negative,,2/4,Neutral
Inverness,airport,M Thompson,2019-09-25,I fly into Inverness a couple of times a year lovely staff in the shops and cafes The security staff however are a different story they are rude aggressive and clearly unable to cope with busier periods They need customer service training I understand they have a job to do but there is no need to be rude,3.0,Neutral,Negative,Negative,NEGATIVE,Negative,,2/4,Neutral
Bogota,airport,T Carter,2023-01-24,All staff pretty rude and didnt speak any English Nobody seemed to want to help in any way Thats fine but I get to security and basically all I have is my wallet and a water bottle They snatch my water bottle and throw it away Very wasteful and rude Would have chugged it right there no problem Extremely annoying and frustrating way to end my time here in Colombia,1.0,Neutral,Negative,Negative,NEGATIVE,Negative,,2/4,Neutral
Los Angeles LAX,airport,A Miller,2024-01-06,Not inclusive to folks that need assistanc I waited over an hour before my flight started to board which they never showed up If you travel to LAX and need assistance dont expect help here I actually hurt myself worse because I could not get a wheelchair,1.0,Negative,Negative,Neutral,NEGATIVE,Negative,,2/4,Neutral
Vietnam Airlines,airline,E Bates,2025-03-31,The flight was just hours delayed but this was the smallest issue At the arrival I recognised my luggage is damaged a Samsonite USD one As a compensation they offered me USD I heard many people had issues with damaged luggage but compensation is actually nothing Cannot recommend to hand any luggage to them After checking with their customer service they insist on VND USD Never again Vietnam Airlines,1.0,Positive,Negative,Negative,NEGATIVE,Negative,,2/4,Neutral
Fort Myers,airport,Chris Sullivan,2021-05-23,Staff were extremely rude Every part from ticketing to security to boarding all spoke down to us customers Very disappointed in the continued disrespect Security were also beyond slow I can appreciate good security but the airport wasnt busy at all and it took forever as they kept just taking their time,1.0,Negative,Positive,Negative,NEGATIVE,Negative,,2/4,Neutral
Mahon,airport,M James,2017-10-16,On going through security at Mahon airport we were met with security staff who could clearly see we were traveling with a young baby Never encountered this type of bad attitude before no respect rude and complete lack of care There is no need for this attitude,1.0,Negative,Positive,Negative,NEGATIVE,Negative,,2/4,Neutral
Preveza,airport,S Cadero,2022-06-07,Airport with the slowest and least professional staff ever Greece is beautiful I love its rhythms but here we are absurd planes in one day and the ability to wait hours to check in your baggage Once I got to the checkin desk I was asked to wait a moment am flight at am I waited minutes and asked what the problem was and the lady told to go to a colleague at another checkin desk Slow disorganized unprofessional staff Bad experience,1.0,Neutral,Negative,Negative,NEGATIVE,Negative,,2/4,Neutral
Air Tahiti Nui,airline,Richard Chen,2023-11-18,Shockingly bad service from this airline The flight was originally going to land at am and I took this into account when making other travel reservations Then about a day before the flight they told us it was cancelled and they put us on a different flight that would arrive hours later around pm Upon calling them Air Tahiti Nui offered zero compensation and said that even if I filed a claim nothing would likely happen I had to rebook my following connections out of my pocket,1.0,Neutral,Negative,Negative,NEGATIVE,Negative,,2/4,Neutral
Tampa,airport,Gillian Crippen,2024-07-21,They were incredibly rude at TSA by the Southwest gate They wouldnt let me on to pick up my sons even though I had a gate pass They said the machine couldnt recognize my ID despite me flying all the time My ID and appearance match up Finally a supervisor came over after minutes looked at me and said ok The gate guy yelled to not get depressed over missing picking up my sons,1.0,Neutral,Negative,Negative,NEGATIVE,Negative,,2/4,Neutral
Sharm El Sheikh,airport,R Law,2024-05-30,The arrival hall was very good Quick and easy to navigate No issues The departure hall is a different story Rude police looking for a fight corrupt staff asking you to pay to get through quickly Shocking service and not representative of the airline standards I was shocked how much the security police looked for trouble,1.0,Neutral,Negative,Negative,NEGATIVE,Negative,,2/4,Positive
Air Europa,airline,28 reviewsRobert Watson,2024-10-21,As a gold elite plus holder I can use the Madrid lounges The trip was uneventful until I got to Madrid airport having to wait one hour in a passport queue Then attempting to enter the puerta del sol lounge where the receptionist seemed to have taken on the role of an autocratic authoritarian prison guard The police checking passports are far more pleasant and civil they are decent people Where AENA recruits it staff from I have no idea but they must treat them really badly if they are this nasty,2.0,Neutral,Negative,Negative,NEGATIVE,Negative,,2/4,Neutral
Maldivian,airline,L Chen,2018-01-10,Male to Dharavandhoo They delayed our flight for almost hours for no apparent reason other charter planes of similar time and same destination left just fine Not only did we find out the delay very close to departure time but also the single departure terminal was almost EMPTY at some point so theres almost no excuse in not being able to provide the flight sooner since there were no other flights going on for a good minutes,1.0,Positive,Negative,Negative,NEGATIVE,Negative,,2/4,Neutral
Dusseldorf,airport,Elaine Dijkstra,2024-08-07,We landed at and went directly to the bagage claim area There we waited and waited with no information about the delay of our luggage After minutes they announced that because of a staff shortage the moving of luggage was a problem We waited another minutes before we finally got our luggage,6.0,Neutral,Negative,Negative,NEGATIVE,Negative,,2/4,Neutral
Porto,airport,LC Suassuna,2024-07-27,Their wifi doesnt work at all I tried for hours at different spots and theres no mobile signal either Also due to their massive glass panels several gates are as hot as greenhouses So if your flight is delayed be ready to be in a sauna without the possibility of writing emails calling or texting someone doing any online work or watching any videos or streaming service either If it were possible to claim a refund of airport fees I would,3.0,Neutral,Negative,Negative,NEGATIVE,Negative,,2/4,Neutral
Lisbon,airport,Alex Nardini,2025-03-13,Sparse toilet facilities on arrival Disinterested staff grumpy jumped up securitycleaners with headphones oblivious to others Information desk unmanned Seating areas packed Wifi hit and miss Lane separation unnecessarily long at departures difficult for the elderly and infirm,3.0,Negative,Negative,Positive,NEGATIVE,Negative,,2/4,Neutral
Blue1,airline,Eric Bateman,2011-12-07,Flew Stockholm to Helsinki Booked a business class flight through Eurobonus miles to find that there is in fact no business class and was in fact in premium economy The difference between this and economy on the minute hop comprises a glass of wine or a beer All pretty disappointing The plane was on time I guess,4.0,Negative,Negative,Neutral,NEGATIVE,Negative,,2/4,Neutral
Mykonos,airport,G Scoffin,2018-10-05,Very quick visit through this airport its small and gets very busy but I did not encounter any issues Bags arrived on belt within minutes was out in mins Check in efficient small duty free shop kiosk airside security staff polite Am embarrassed to witness how rude some passengers are when using this airport They dont use bins for their litter talk rudely to staff and have an air of arrogance It will never be Changi but it works for the short time you are there,6.0,Neutral,Negative,Negative,NEGATIVE,Negative,,2/4,Positive
Akasa Air,airline,M Anitha,2025-03-01,Akasa Air staff was very rude I had worn warm clothes during my on going journey as February is winter my return flight was afternoon I had put warm clothes in cabin bag had food water with me they asked me to place purse along with cabin bag weight was one kg more I requested to consider but they never did I took away food had to throw they were ok with it charged me for kg Staff is very rude and not cooperative,1.0,Positive,Negative,Negative,NEGATIVE,Negative,,2/4,Neutral
SunExpress,airline,Anne Lynch,2024-10-03,Shocking airline None of the cabin staff spoke to us or greeted us on boarding When we arrived at Dalaman everyones luggage had been left at Gatwick including a wheelchair and childrens buggies I phoned daily twice a day and got no information or assistance The company has refused to pay compensation Never use this company,1.0,Negative,Negative,Neutral,NEGATIVE,Negative,,2/4,Neutral
Cleveland,airport,S Jeff,2021-10-23,I have been flying again for business and Cleveland Hopkins is the only airport where you can land and sit and wait minutes for a gate to open up Its ridiculous,2.0,Negative,Negative,Neutral,NEGATIVE,Negative,,2/4,Neutral
Vanilla Air,airline,K Harris,2018-02-22,Tokyo to Taipei We didnt get a chance to actually fly with this airline due to the fact that we arrived minutes late to checkin because of transportation problems unfortunately with this airline you cant checkin online The woman at the counter was so rude and refused to help us with anything and we had no luggage to check Not only did she refuse to let us check in quickly and run to the gate but she didnt help us look for alternatives and said they do not offer refunds,1.0,Neutral,Negative,Negative,NEGATIVE,Negative,,2/4,Neutral
Charlotte,airport,Evan Bailey,2024-07-13,The gate agents and customer service agents from American Airlines are pretty much the rudest and most unprofessional staff I have ever met They have no manners and are extremely rude to people throughout the airport This airport also I dont think has ever had a flight take off on time so its extremely inconvenient to be connecting through here I will try my best to never come through here again as well as never fly with American Airlines Waste of my time and money,1.0,Neutral,Negative,Negative,NEGATIVE,Negative,,2/4,Positive
Chandigarh,airport,R Fernandes,2018-07-04,Even though the International flights to this airport are just a few the arrival of baggage is a nightmare IX SHJ IXC landed at delayed by minutes Baggage arrival Why such a delay,3.0,Neutral,Negative,Negative,NEGATIVE,Negative,,2/4,Neutral
Hong Kong,airport,Michael Murphy,2023-11-29,Shocking to find no city check in services provided both in TST and Central All city counters closed and I cannot find any online information to advise passengers accordingly,5.0,Negative,Negative,Neutral,NEGATIVE,Negative,,2/4,Neutral
Air Vanuatu,airline,Tina Hudson,2023-08-23,Our flight was cancelled when we were in the checkin queue The customer service was dreadful and there was no advice on when the flight would be reinstated We booked with another airline after realising that the flight would be grounded for at least three days the airline only has one plane We are still waiting for a refund The Air Vanuatu website says that the wait for refunds is indefinite,1.0,Negative,Negative,Neutral,NEGATIVE,Negative,,2/4,Neutral
Inverness,airport,M Thompson,2019-09-25,I fly into Inverness a couple of times a year lovely staff in the shops and cafes The security staff however are a different story they are rude aggressive and clearly unable to cope with busier periods They need customer service training I understand they have a job to do but there is no need to be rude,3.0,Neutral,Negative,Negative,NEGATIVE,Negative,,2/4,Neutral
Lagos,airport,T Laniyti,2022-10-30,This was my first time visiting my homeland and my experiences both on arrival and departure were disappointing The staff were all asking me for bribery starting from the carrier staffs till the immigration officers What baffled be was on my departure time the purposely didnt tag my luggage leaving it behind had to send my sister to retrieve my bag,1.0,Negative,Negative,Neutral,NEGATIVE,Negative,,2/4,Neutral
Aurigny Air,airline,Zaiga Valce,2023-06-03,I havent boarded just yet Flight was cancelled by the airline Been really looking forward to the flight as Im visiting my family that I dont get to see that often Whats shocking is that in order to change the ticket I need to pay even though airline is the one who cancelled the flight and customer service is not available On the phone queue for hours already and no answer Im lost for words Is there anyone at all who is willing to help or we just cash in these days Disappointed is just understatement,1.0,Negative,Negative,Neutral,NEGATIVE,Negative,,2/4,Neutral
Davao,airport,S Fletcher,2015-03-17,Davao City airport in the Philippines is spacious queues are minimal pre check in After check in you head upstairs to the departure area pay your departure tax and pass through security You then find yourself in a the domestic departure area where there is plenty of seating and TV screens Flight announcements are limited my flight was delayed by hours yet there was no announcement to advise,8.0,Neutral,Negative,Negative,NEGATIVE,Negative,,2/4,Neutral
Malmo,airport,Vanessa Holmes,2018-07-18,This is not a very friendly airport They should tell you what they define as liquids at the ticket counter toothpaste gel other toiletries that are not liquid It was really irritating to have to throw away things that Ive never had to throw away around the world And I used to work at an international airport Then you could put those things under before they are taken,3.0,Negative,Negative,Positive,NEGATIVE,Negative,,2/4,Neutral
Albuquerque,airport,Anna Thompson,2019-05-24,This airport cant seem to handle the passenger traffic I was flying American on May my flight was delayed to the point that I wouldnt make my transfer I was bumped to the next day and the checkin lines were so incredibly long that I missed my flight the next morning and was forced to fly standby I have heard similar things from friends flying Southwest Airlines at this airport,3.0,Neutral,Negative,Negative,NEGATIVE,Negative,,2/4,Neutral
Maldivian,airline,L Chen,2018-01-10,Male to Dharavandhoo They delayed our flight for almost hours for no apparent reason other charter planes of similar time and same destination left just fine Not only did we find out the delay very close to departure time but also the single departure terminal was almost EMPTY at some point so theres almost no excuse in not being able to provide the flight sooner since there were no other flights going on for a good minutes,1.0,Positive,Negative,Negative,NEGATIVE,Negative,,2/4,Neutral
Kigali,airport,Michael Mee,2020-02-12,I arrived a good hrs early only to be told that I could not enter the airport literally So I later found out whilst stood outside with the other few hundred misrable people that this is not operated like any other airport you literally can not enter heavy security and rude until they call you This can be hours sat outside Honestly baffling for such a forward thinking country a backwards airport,1.0,Neutral,Negative,Negative,NEGATIVE,Negative,,2/4,Neutral
AirSWIFT,airline,Ruth Larkin,2023-10-26,Cancelled our flight from El Nido to Bohol at a weeks notice but there are no other options for this journey so had to spend an afternoon of our holiday completely changing itineraries Cant get to Bohol now lost money on hotel booking Gave no reason for cancellation and no its not bad weather Still havent refunded Would never book again being so unreliable,1.0,Positive,Negative,Negative,NEGATIVE,Negative,,2/4,Neutral
Gdansk,airport,G Keller,2021-11-04,Health and safety rules are very loosely followed I was marked for a random check the one where they check your hands for traces of explosives The female security worker was not wearing her mask and I asked her to put it on before approaching me Since then she was plain rude to me and barked orders The two hand sanitizers that I could locate were empty When I looked around practically none of the staff were wearing their masks correctly even though it was crowded,3.0,Negative,Positive,Negative,NEGATIVE,Negative,,2/4,Positive
Breeze Airways,airline,C Borden,2025-04-01,Flight was scheduled to leave at pm After literally delays we finally took off at am and landed at am Absolutely no sleep after spending the night in the airport Could have gotten a hotel slept and then gone to the airport Security was actually open for the next day already Was offered no food or drink while we waited and all the stores were closed To add insult to injury was only offered points to use on another flight at the equivalent of Will never fly Breeze again,1.0,Neutral,Negative,Negative,NEGATIVE,Negative,,2/4,Neutral
Wings Air,airline,R Murlen,2024-01-07,Two times using this airline two times flights have been delayed Theres no information or communication with the passengers whatsoever First flight was delayed by hours and then we were in the tarmac for over minutes with no aircon in the muddles of the day Very old plane with not functioning aircon Second time plane has been delayed for one hour Avoid if you can,1.0,Positive,Negative,Negative,NEGATIVE,Negative,,2/4,Neutral
Albuquerque,airport,D Heere,2024-06-15,This airport offers zero amenities to the traveler Probably the most boring place I have waited for a flight Old equipment at TSA slows progress in getting screened Few restaurants and even fewer bars Zero lounges and almost no place to charge a device Its definitely a miserable enough place that I would no longer consider a trip to New Mexico if it involves this airport,2.0,Negative,Negative,Neutral,NEGATIVE,Negative,,2/4,Neutral
Wings Air,airline,R Murlen,2024-01-07,Two times using this airline two times flights have been delayed Theres no information or communication with the passengers whatsoever First flight was delayed by hours and then we were in the tarmac for over minutes with no aircon in the muddles of the day Very old plane with not functioning aircon Second time plane has been delayed for one hour Avoid if you can,1.0,Positive,Negative,Negative,NEGATIVE,Negative,,2/4,Neutral
Melbourne Avalon,airport,Melissa Atkinson,2015-06-18,I have never experienced such strictness in regards to carry on luggage I had not only my partners laptop bag but also my hand bag Has anyone ever had such ridiculous money grabbing methods used on them Not only will I never fly to Avalon I will never fly jetstar Very disappointed,1.0,Negative,Negative,Neutral,NEGATIVE,Negative,,2/4,Neutral
Fuerteventura,airport,T Kazenska,2024-04-14,Ryanair made us wait an hour in a queue with a passengers who had large luggage just to receive printed ticket for visa checks Annoying not fair We were really dissatisfied and disappointed,2.0,Negative,Negative,Neutral,NEGATIVE,Negative,,2/4,Neutral
Emirates,airline,C Hewett,2025-01-30,Bitterly disappointed in Emirates I was promised that I will get A Dubai Connect option in Dubai with my flight only to be told that I wont I have a layover of hours and my husband is on the same journey with the shorter layover yet he received Dubai Connect Never traveling with Emirates again,1.0,Negative,Negative,Neutral,NEGATIVE,Negative,,2/4,Neutral
Verona,airport,Eileen Fowler,2019-09-19,We travelled to Gatwick London with EasyJet It took almost hours to reach the Departure Gate No staff were visible Information was lacking No seats at check in area and few at the gate Overcrowded and inefficiently managed airport,1.0,Negative,Negative,Neutral,NEGATIVE,Negative,,2/4,Neutral
Toulouse,airport,Steve Cherry,2022-05-05,Dive of a place Avoid for tight connections they pointlessly make you collect your luggage boot you out of airside and then you need to check in and go through security again For no reason The shops are sparse the staffing is minimal and yet you have to walk for miles to get nowhere in a tiny regional airport,1.0,Negative,Negative,Neutral,NEGATIVE,Negative,,2/4,Neutral
Hamilton,airport,B Kemp,2018-03-03,I am a year old girl and this is my first time using this airport as well as flying anywhere by myself I arrived and got confused on where to go for my luggage I asked a security guard for help and he was honestly the rudest person I have ever met He sounded so annoyed that he had to tell me where to go instead of listening to me he got mad at me and wouldnt let me speak and began to yell at me Flying by yourself for the first time is hard enough without the airport personnel making it even harder,1.0,Neutral,Negative,Negative,NEGATIVE,Negative,,2/4,Neutral
Chandigarh,airport,R Fernandes,2018-07-04,Even though the International flights to this airport are just a few the arrival of baggage is a nightmare IX SHJ IXC landed at delayed by minutes Baggage arrival Why such a delay,3.0,Neutral,Negative,Negative,NEGATIVE,Negative,,2/4,Neutral
Carpatair,airline,P Nesbitt,2010-04-14,Rome to Constanta A slight delay on the second leg of the flight due to bad weather affecting the incoming connection Food Ok and service fine basically you got what you paid for and no complaints from me would use them again,4.0,Neutral,Negative,Negative,NEGATIVE,Negative,,2/4,Neutral
Buddha Air,airline,P Vartik,2019-10-12,Bharatpur to Kathmandu Flights are always delayed and you often cant even find online updates Basically you arrive to the airport in the morning and the delay can be anything from hours to,3.0,Neutral,Negative,Negative,NEGATIVE,Negative,,2/4,Neutral
Sharm El Sheikh,airport,R Law,2024-05-30,The arrival hall was very good Quick and easy to navigate No issues The departure hall is a different story Rude police looking for a fight corrupt staff asking you to pay to get through quickly Shocking service and not representative of the airline standards I was shocked how much the security police looked for trouble,1.0,Neutral,Negative,Negative,NEGATIVE,Negative,,2/4,Positive
Arkia Israeli Airlines,airline,V Levy,2023-08-24,The flight got delayed over hours The gate was changed times without clear updates The flight attendants took rudeness and careless to a whole new level Unfortunately I have my return flight scheduled with them I have sent them a huge complaint and a refund request I prefer to fly any other airline with layovers to get to my destination than setting a foot again on an Arkia flight,1.0,Neutral,Negative,Negative,NEGATIVE,Negative,,2/4,Neutral
FlyArystan,airline,Linda McPherson,2019-10-01,Almaty to Shimkent Was treated rudely at check in The first time we flew it was very cheap and this time we flew it was almost the same price as air Astana On one flight we had to wait Taras to Almaty Three hours because they lost a passenger and even get off and go back on the plane,3.0,Neutral,Negative,Negative,NEGATIVE,Negative,,2/4,Neutral
Providenciales Intl,airport,E Stamand,2023-04-27,The airport customs are very long over an hour long and it is very hot The departure was the worse when you arrive everything is fine until you get to security they take again over an hour Once you get into the airport has some small shops barely any seats and the floor is dirty old carpet Their is a nice outside plane spotting area though No WiFi Though this place sucks you cant avoid it if you want to go to Turks and Caicos because its the only international airport on the island,2.0,Neutral,Negative,Negative,NEGATIVE,Negative,,2/4,Neutral
AirAsia,airline,G Han,2025-02-21,I booked five AirAsia flights for a trip across Southeast Asia and regret it Their hidden fees constant delays and lack of service make it not worth the hassle Every flight was delayed by at least an hour They enforce a kg lb carryon limit and charge per bag per flight if you exceed it which most travelers will Expect lastminute gate changes long lines bus transfers to the tarmac and boarding via stairs,1.0,Neutral,Negative,Negative,NEGATIVE,Negative,,2/4,Neutral
Leon Guanajuato,airport,Michael Pedziwiatr,2008-02-21,The service to get from airport to the centro district to Guanajuato is too expensive No options Just get on the taxi Last fall it was around usd This is an mile trip which takes minutes The bus from Guanaujato to San Miguel is about a one hour drive and cost about usd There should be alternatives at your airport Maybe a bus into town,3.0,Negative,Negative,Neutral,NEGATIVE,Negative,,2/4,Neutral
Fly540.com,airline,P Jalagi,2018-11-09,Nairobi to Mombasa Flight delayed without proper notification Was at the airport as early as to wait till pm with a child no compensation of even a soft drink Kept saying flight departs at pm yet it took another mins additional delay without any announcement,4.0,Neutral,Negative,Negative,NEGATIVE,Negative,,2/4,Neutral
Uzbekistan Airways,airline,Jim Ridley,2024-09-09,Checked in online but was unable to add checked baggage The cost if done through the app is euros for checked bags At check in I told them and showed them a screen capture of the apps error message They had me make a payment of euros I had no option but to pay this Its basically extortion,2.0,Negative,Negative,Neutral,NEGATIVE,Negative,,2/4,Neutral
Malmo,airport,B Carlson,2017-09-18,I nearly missed the plane to Romania due to extra passport check required apparently only for Romanian passports Moreover as it turns out it was not a passport check at all I basically had to wait in line with all passports all destinations just to get a hand made sign on the boarding card when I had no baggage to drop and my checkin was done online It was extremely irritating and time consuming no one knew anything as to why or what was behind it and it made no sense whatsoever,5.0,Negative,Negative,Neutral,NEGATIVE,Negative,,2/4,Neutral
ViaAir,airline,Carson Higgs,2019-05-24,Not heeding the advice of all the bad reviews for this airline we purchased tickets given the good price We were notified the day prior to the departure that the flight was cancelled No explanation and just told a refund would be issued,1.0,Neutral,Negative,Negative,NEGATIVE,Negative,,2/4,Neutral
Malindo Air,airline,Hunter Nair,2023-12-18,Serious waste of money and service So late departure at pm Flight kick off at pm Better I can take late hours flight rather than at pm Seriously unprofessional at all All other flight can kick off on time whats wrong with this flight,1.0,Negative,Negative,Neutral,NEGATIVE,Negative,,2/4,Neutral
bmi Regional,airline,B Marden,2018-11-22,Hamburg to Bristol Pretty much guaranteed delay again from BMI my route to work in Germany gets hit by BMI delays on outbound and return flights I have persuaded the crewing office to let me catch a train from Plymouth to London Paddington then Heathrow express to airport to avoid using BMI from Exeter or Bristol I will get there quicker by driving train an extra hour and a half go figure,2.0,Neutral,Negative,Negative,NEGATIVE,Negative,,2/4,Neutral
Chicago O'Hare,airport,Carolyn Fleming,2024-03-27,As a lifelong Chicagoan I was embarrassed at the lack of cleanliness outside the terminals at OHare Please power wash the sidewalks and paint structures Gum is stuck all over the sidewalk and its filthy Mayor Daley would never have put up with this I wish I had taken photos,4.0,Negative,Negative,Positive,NEGATIVE,Negative,,2/4,Neutral
Tampa,airport,Gillian Crippen,2024-07-21,They were incredibly rude at TSA by the Southwest gate They wouldnt let me on to pick up my sons even though I had a gate pass They said the machine couldnt recognize my ID despite me flying all the time My ID and appearance match up Finally a supervisor came over after minutes looked at me and said ok The gate guy yelled to not get depressed over missing picking up my sons,1.0,Neutral,Negative,Negative,NEGATIVE,Negative,,2/4,Neutral
Shaheen Air,airline,Mohammad Arshad Khan,2014-02-14,NL Peshawar to Jeddah B Midwest Air Flight time was am but it was hour late and departed from Peshawar at am Flight catering was done in Peshawar The food was not so tasty and the toilets were dirty Staff were not friendly,3.0,Negative,Negative,Neutral,NEGATIVE,Negative,,2/4,Neutral
Aeromar,airline,M Meares,2019-09-02,Puerto Vallarta to Guadalajara Scheduled for first delay then then No staff and no explanation Now the screen reads Viva aerobus to Puebla at Still no staff and still no explanation I will never use this airline again,2.0,Positive,Negative,Negative,NEGATIVE,Negative,,2/4,Neutral
Darwin Airline,airline,D Hiralal,2016-07-26,Left stranded in Geneva when Etihad Regional cancelled this flight to Florence An utter disgrace Their ground agency Dnata could not rebook nor refund the money They have no one from the company present in Geneva People who wanted to go to Florence same day took a train or drove Etihad Regional just dont have any planes when something goes wrong and no value for customers Will never fly them or their mother company ever again,1.0,Negative,Negative,Neutral,NEGATIVE,Negative,,2/4,Neutral
Hong Kong,airport,Michael Murphy,2023-11-29,Shocking to find no city check in services provided both in TST and Central All city counters closed and I cannot find any online information to advise passengers accordingly,5.0,Negative,Negative,Neutral,NEGATIVE,Negative,,2/4,Neutral
Eastar Jet,airline,K Tan,2019-04-10,Seoul to Jeju Firstly the flight delay more than half an hour Secondly very bad experience of turbulence The airline should announced the weather condition,1.0,Neutral,Negative,Negative,NEGATIVE,Negative,,2/4,Neutral
Air Europa,airline,28 reviewsRobert Watson,2024-10-21,As a gold elite plus holder I can use the Madrid lounges The trip was uneventful until I got to Madrid airport having to wait one hour in a passport queue Then attempting to enter the puerta del sol lounge where the receptionist seemed to have taken on the role of an autocratic authoritarian prison guard The police checking passports are far more pleasant and civil they are decent people Where AENA recruits it staff from I have no idea but they must treat them really badly if they are this nasty,2.0,Neutral,Negative,Negative,NEGATIVE,Negative,,2/4,Neutral
Houston IAH,airport,R Banes,2024-12-18,Terminals C and E are beautiful shopping centers with attached gate doors Seating and the inevitable waiting areas are lacking badly Designed to sell food and merchandise to travelers but not to accommodate their travel experience Disappointing manipulation from the expenditure of so much money for improvements,2.0,Neutral,Negative,Negative,NEGATIVE,Negative,,2/4,Neutral
Belavia,airline,N Balezheva,2021-02-10,Covid N Belavia My wife travelling on transit Belavia flights via Minsk was just not allowed to exit the airport even with negative Covid test so has to sleep in the airport tonight This is in a contraction with the resolution N regulating border control during pandemic period So think twice before booking Belavia tickets via Minsk,1.0,Negative,Negative,Neutral,NEGATIVE,Negative,,2/4,Neutral
Albuquerque,airport,Anna Thompson,2019-05-24,This airport cant seem to handle the passenger traffic I was flying American on May my flight was delayed to the point that I wouldnt make my transfer I was bumped to the next day and the checkin lines were so incredibly long that I missed my flight the next morning and was forced to fly standby I have heard similar things from friends flying Southwest Airlines at this airport,3.0,Neutral,Negative,Negative,NEGATIVE,Negative,,2/4,Neutral
SkyWest Airlines,airline,T Waters,2018-06-03,Portland to Seattle Their policy counted a fishing rod as an extra item requiring me to check a bag through my final destination jeapordizing the contents of in the bag The lady scanning tickets was very rude and challenged the validity of my final destination I would never book a flight with Sky West,2.0,Neutral,Negative,Negative,NEGATIVE,Negative,,2/4,Neutral
Wings Air,airline,Doris Reichelt,2023-05-03,I was flying with my two little Kids Although according to Boarding Pass Boarding should have started at the Crew announced the final Call at When we asked why the rush they screamed at US If we want to fly we should get Info the Plne right now No Service at all by Ground Crew and very rude to all passengers,3.0,Positive,Negative,Negative,NEGATIVE,Negative,,2/4,Neutral
Hamburg,airport,A Garstun,2023-12-29,Often hourlong lines for security and it never fails that one or more members of staff are rude The airport is quite small and easy to navigate but the impolite staff makes travelling through here an unpleasant experience,5.0,Neutral,Negative,Negative,NEGATIVE,Negative,,2/4,Neutral
Edmonton,airport,Marilyn Wnuk,2019-09-19,I am years old I was pulled aside for an indepth screening the lady who was screening me told my husband he could go ahead I said no I wanted my husband with me she thoroughly went through my bag with a wand what was most disturbing was how she would just throw my stuff around not even closing zippers or putting my liquids bag in the pocket it came out She was not very friendly my husband and I were shocked to be treated like this It was quite rude to be treated like this since I am an elderly woman,2.0,Negative,Negative,Neutral,NEGATIVE,Negative,,2/4,Neutral
Sydney,airport,C Liew,2024-11-02,Signage is never updated of the nearly hours delay even until boarding time Announcement was unclear of further delays Staff werent very helpful in providing clear information and blames airport or delayed arrival of delay Could be better trained in dealing with situation Toilets in airport dirty and messy Long long queues to enter departure hall Overall rather disappointed with our national airline and busiest airport,3.0,Neutral,Negative,Negative,NEGATIVE,Negative,,2/4,Positive
Bergen,airport,A Sims,2019-09-23,This airport was very disappointing and frustrating to say the least Our original flight was canceled and rebooked for the next day at am We had problems checking in and locating the gate since it was not located on the departure board We couldnt find one person working after leaving security It was like the airport was deserted Security told us the gate would be in E somewhere We heard by passenger word of mouth which gate it would be I will not be using this airport again,4.0,Negative,Negative,Neutral,NEGATIVE,Negative,,2/4,Neutral
Austin,airport,T Kemp,2023-03-11,Im from Austin and the bathrooms didnt used to be this dirty Since Covid Ive traveled per year and the bathrooms have consistently been getting dirtier Even just now theres water all over the floor multiple stalls have no toilet paper theres one stall that was too gross to mention soap and water all over the sinks and mirrors Please fix this so Austinites can go back to being proud of our airport,7.0,Neutral,Negative,Negative,NEGATIVE,Negative,,2/4,Neutral
Melbourne Avalon,airport,Melissa Atkinson,2015-06-18,I have never experienced such strictness in regards to carry on luggage I had not only my partners laptop bag but also my hand bag Has anyone ever had such ridiculous money grabbing methods used on them Not only will I never fly to Avalon I will never fly jetstar Very disappointed,1.0,Negative,Negative,Neutral,NEGATIVE,Negative,,2/4,Neutral
Air Tahiti Nui,airline,Richard Chen,2023-11-18,Shockingly bad service from this airline The flight was originally going to land at am and I took this into account when making other travel reservations Then about a day before the flight they told us it was cancelled and they put us on a different flight that would arrive hours later around pm Upon calling them Air Tahiti Nui offered zero compensation and said that even if I filed a claim nothing would likely happen I had to rebook my following connections out of my pocket,1.0,Neutral,Negative,Negative,NEGATIVE,Negative,,2/4,Neutral
Buffalo,airport,Reem Bazzouu,2025-03-24,The nonacceptance of cash at any in airport store is so irritating Leaves a bitter after taste when all the advantages of this small airport are ended with cashiers yelling we dont take cash Dont you like American dollars,3.0,Negative,Negative,Neutral,NEGATIVE,Negative,,2/4,Neutral
Gdansk,airport,Daniel Tewdros,2022-08-22,Airport Security very bad was a big queue take as more than hour to pass through no speaking English shouting and screaming all the time with out no reason They dont let us priorities to catch our flight and we miss our flights Straight away they remove us from airport with out any help during to rescheduled our flight down stairs,1.0,Neutral,Negative,Negative,NEGATIVE,Negative,,2/4,Neutral
Dallas Fort-Worth,airport,Cassandra Reiter,2024-11-13,Was told multiple times that our luggage was put on a flight we switched to MULTIPLE times by multiple people They did not They were put on our original delayed flight that overlapped with the boarding of our last flight and they were not moved in time If we were just told there was no guarantee we would not be so upset Rude staff and unclean conditions make this airport one of my least favorites,3.0,Neutral,Negative,Negative,NEGATIVE,Negative,,2/4,Neutral
Turin,airport,Alec Don,2019-12-29,Turin does passport checks for departing passengers The service is absolutely appallingly slow Please get your act together Turin airport border service,1.0,Negative,Negative,Neutral,NEGATIVE,Negative,,2/4,Neutral
ViaAir,airline,Carson Higgs,2019-05-24,Not heeding the advice of all the bad reviews for this airline we purchased tickets given the good price We were notified the day prior to the departure that the flight was cancelled No explanation and just told a refund would be issued,1.0,Neutral,Negative,Negative,NEGATIVE,Negative,,2/4,Neutral
Air Serbia,airline,F Keale,2024-11-14,Oslo to Belgrade delay hours without information Belgrade to Athens on time boarding for both sectors chaotic checkin bags delayed for days bag totalled hardcase cracked near wheel Claim filed with air serbia without response Total compensation paid by air serbia Never again,1.0,Neutral,Negative,Negative,NEGATIVE,Negative,,2/4,Neutral
Vientiane,airport,1 reviewsH Roberts,2019-11-06,Very basic all the way Very few shops or coffee places Passport and check in was fine but once through that it was bit like waiting in a big shed Finally found a food court to get a meal but was so badly signed most people did not know where it was and thats a shame as the food was good Only give minimum time to be there if at all possible,5.0,Neutral,Negative,Negative,NEGATIVE,Negative,,2/4,Neutral
Unknown,General,Anonymous,,"17. The flight with Aer Lingus was on time, the cabin was clean but the seats were a bit uncomfortable for a long flight.",,,,,,Neutral,synthetic,Generated,Negative
Unknown,General,Anonymous,,"16. I flew with Ryanair. The journey was smooth, and check-in was efficient.",,,,,,Neutral,synthetic,Generated,Positive
Unknown,General,Anonymous,,"7. ""The flight with British Airways was on schedule. The seats were adequate, but the in-flight food was average at best.""",,,,,,Neutral,synthetic,Generated,Positive
Unknown,General,Anonymous,,"20. ""Airline T's flight left and arrived on time. The meal service was basic and the cabin was maintained at a comfortable temperature.""",,,,,,Neutral,synthetic,Generated,Negative
Unknown,General,Anonymous,,"17. Airline N's flight was fairly comfortable. However, the boarding process could have been more organized.",,,,,,Neutral,synthetic,Generated,Negative
Unknown,General,Anonymous,,"2. ""EasyJet is a solid choice for budget travelers. No frills, but efficient and typically on time.""",,,,,,Neutral,synthetic,Generated,Positive
Unknown,General,Anonymous,,"18. ""Airline O's flight was tolerable. The seats were not very comfortable but the staff was friendly.""",,,,,,Neutral,synthetic,Generated,Positive
Unknown,General,Anonymous,,"11. ""Airline H provided a standard service. The flight was on time and the seats were moderately comfortable.""",,,,,,Neutral,synthetic,Generated,Negative
Unknown,General,Anonymous,,"19. ""Airline P offered an okay flying experience. The in-flight entertainment was decent but the food could have been better.""",,,,,,Neutral,synthetic,Generated,Positive
Unknown,General,Anonymous,,"3. I took a trip with Lufthansa recently. The staff was professional and the flight was punctual, however, the in-flight entertainment was a bit outdated.",,,,,,Neutral,synthetic,Generated,Negative
Unknown,General,Anonymous,,"3. ""Airline Z offered standard legroom space and the seats were reasonably comfortable. The meal was typical airplane fare.""",,,,,,Neutral,synthetic,Generated,Negative
Unknown,General,Anonymous,,7. The baggage handling on Airline D was acceptable with no issues. The flight attendants were polite and the flight was mostly smooth.,,,,,,Neutral,synthetic,Generated,Positive
Unknown,General,Anonymous,,"11. ""While the Airline H flight was comfortable, the legroom was a bit tight. The crew was professional.""",,,,,,Neutral,synthetic,Generated,Negative
Unknown,General,Anonymous,,"11. ""Turkish Airlines' flight was quite normal. Comfortable seats, acceptable food, nothing too impressive.""",,,,,,Neutral,synthetic,Generated,Negative
Unknown,General,Anonymous,,"13. ""Airline J had an easy online booking system. The in-flight amenities were basic, but functional.""",,,,,,Neutral,synthetic,Generated,Positive
Unknown,General,Anonymous,,"15. Airline L provided a decent in-flight experience. The cabin crew was efficient, and the flight was smooth.",,,,,,Neutral,synthetic,Generated,Positive
Unknown,General,Anonymous,,"3. ""The crew on my Airline Z flight were professional and efficient, ensuring a smooth journey.""",,,,,,Neutral,synthetic,Generated,Positive
Unknown,General,Anonymous,,8. Airline E's booking process was easy and quick. The boarding process was a bit confusing but manageable.,,,,,,Neutral,synthetic,Generated,Positive
Unknown,General,Anonymous,,"20. ""Norwegian Air provided a smooth flight. The check-in process was efficient, but the food options were limited.""",,,,,,Neutral,synthetic,Generated,Positive
Unknown,General,Anonymous,,7. Airline D offered a comfortable flight experience. The snacks provided were not up to the mark though.,,,,,,Neutral,synthetic,Generated,Negative
Unknown,General,Anonymous,,11. My flight with Airline H was average. The seats were comfortable but the in-flight entertainment was limited.,,,,,,Neutral,synthetic,Generated,Negative
Unknown,General,Anonymous,,4. The flight with American Airlines was standard. Seats were comfortable but could use a bit more legroom.,,,,,,Neutral,synthetic,Generated,Negative
Unknown,General,Anonymous,,"10. My flight with Air France was quite ordinary. The staff was professional, but the food was nothing to write home about.",,,,,,Neutral,synthetic,Generated,Negative
Unknown,General,Anonymous,,"11. ""The flight with Airline H was satisfactory. The boarding process was smooth, though the meal could have been better.""",,,,,,Neutral,synthetic,Generated,Positive
Unknown,General,Anonymous,,"18. ""The flight with Etihad Airways from Abu Dhabi to London was just fine. The plane was clean, and the staff was courteous. The meals could have been better.""",,,,,,Neutral,synthetic,Generated,Positive
Unknown,General,Anonymous,,"7. ""Airline D's staff were polite and did their best to accommodate passenger requests.""",,,,,,Neutral,synthetic,Generated,Positive
Unknown,General,Anonymous,,"6. ""Airline C's staff were professional and the flight was comfortable. The meal options were limited.""",,,,,,Neutral,synthetic,Generated,Negative
Unknown,General,Anonymous,,"3. ""Air Canada's economy class seating was comfortable enough for a short haul flight. The cabin temperature was a bit too cold for my liking.""",,,,,,Neutral,synthetic,Generated,Negative
Unknown,General,Anonymous,,13. My flight with Air France was standard. The flight was smooth and the staff was helpful. The food was average.,,,,,,Neutral,synthetic,Generated,Positive
Unknown,General,Anonymous,,"16. My experience with Turkish Airlines was quite ordinary. The staff was professional and the flight was punctual, but the in-flight meal was not impressive.",,,,,,Neutral,synthetic,Generated,Negative
Unknown,General,Anonymous,,"8. Airline E provided a comfortable flight with enough space, however, the temperature in the cabin was a little cold.",,,,,,Neutral,synthetic,Generated,Negative
Unknown,General,Anonymous,,6. The check-in process at Airline F was efficient. The flight was smooth and landed on time.,,,,,,Neutral,synthetic,Generated,Positive
Unknown,General,Anonymous,,"16. I flew with Spirit Airlines. The flight departed and arrived on schedule, the seats were fairly comfortable, and the food was average.",,,,,,Neutral,synthetic,Generated,Negative
Unknown,General,Anonymous,,"17. ""Airline N's boarding process was a bit chaotic, but the flight itself was comfortable.""",,,,,,Neutral,synthetic,Generated,Negative
Unknown,General,Anonymous,,5. Airline E offered a decent in-flight service. The meals were typical airline fare and the cabin crew were polite.,,,,,,Neutral,synthetic,Generated,Positive
Unknown,General,Anonymous,,"2. ""Airline B offers a comfortable flight experience with ample legroom. However, the in-flight entertainment could use an update.""",,,,,,Neutral,synthetic,Generated,Negative
Unknown,General,Anonymous,,"14. I traveled with JetBlue recently. The check-in process was efficient, but the flight was slightly delayed. The in-flight entertainment was decent.",,,,,,Neutral,synthetic,Generated,Positive
Unknown,General,Anonymous,,"10. ""Airline G's flight was reasonably comfortable. The food wasn't exceptional, but it was adequate for a short flight.""",,,,,,Neutral,synthetic,Generated,Negative
Unknown,General,Anonymous,,"7. ""Airline D's flight was fairly punctual. The in-flight entertainment was a bit lacking, but it was a short flight.""",,,,,,Neutral,synthetic,Generated,Negative
Unknown,General,Anonymous,,"3. ""The JetBlue Airways flight was average. The cabin crew was professional and the in-flight entertainment options were sufficient.""",,,,,,Neutral,synthetic,Generated,Negative
Unknown,General,Anonymous,,"18. The experience with Airline R was typical of most airlines. The staff was professional, but the food was average at best.",,,,,,Neutral,synthetic,Generated,Positive
Unknown,General,Anonymous,,"4. ""Airline A's seats were reasonably comfortable for a short-haul flight. No significant complaints.""",,,,,,Neutral,synthetic,Generated,Negative
Unknown,General,Anonymous,,"8. I took a flight with Southwest Airlines. The process was smooth, and the cabin crew was efficient.",,,,,,Neutral,synthetic,Generated,Positive
Unknown,General,Anonymous,,"9. Air Canada's service was reliable, and the staff was pleasant. The in-flight meal was acceptable.",,,,,,Neutral,synthetic,Generated,Positive
Unknown,General,Anonymous,,"2. Flew short-haul with Air France. The seats were quite comfortable, but the legroom was slightly limited.",,,,,,Neutral,synthetic,Generated,Negative
Unknown,General,Anonymous,,"7. ""Air France's flight was generally comfortable, but the food was quite plain. The staff were professional.""",,,,,,Neutral,synthetic,Generated,Negative
Unknown,General,Anonymous,,"3. Airline C's flight was quite punctual, but the inflight entertainment options could use an upgrade. The crew was professional.",,,,,,Neutral,synthetic,Generated,Negative
Unknown,General,Anonymous,,"18. The flight with Aeroflot was okay. The boarding process was smooth, but the in-flight entertainment could use an upgrade.",,,,,,Neutral,synthetic,Generated,Positive
Unknown,General,Anonymous,,11. Airline H's flight was moderately comfortable. The check-in process was a bit slow but the flight was on time.,,,,,,Neutral,synthetic,Generated,Negative
Unknown,General,Anonymous,,"9. ""The JetBlue flight was fine with a smooth take-off and landing. The in-flight meal could use some improvement.""",,,,,,Neutral,synthetic,Generated,Positive
Unknown,General,Anonymous,,"9. Qatar Airways provided an average service. The flight landed on schedule, but the cabin temperature was a bit uncomfortable.",,,,,,Neutral,synthetic,Generated,Negative
Unknown,General,Anonymous,,"1. United Airlines provided a fairly standard flight experience. The seats were reasonably comfortable, and the flight was on time.",,,,,,Neutral,synthetic,Generated,Negative
Unknown,General,Anonymous,,"6. ""Air France provided a comfortable flight experience. The legroom was sufficient, and the flight departed on schedule.""",,,,,,Neutral,synthetic,Generated,Negative
Unknown,General,Anonymous,,18. My flight with Cathay Pacific was average. The seats were comfortable but the cabin temperature fluctuated quite a bit.,,,,,,Neutral,synthetic,Generated,Negative
Unknown,General,Anonymous,,"15. I flew with JetBlue recently. The service was average, the flight was on time, but the food was quite ordinary.",,,,,,Neutral,synthetic,Generated,Negative
Unknown,General,Anonymous,,"8. The flight with Airline E was good, the seats were a bit cramped, but the service was efficient.",,,,,,Neutral,synthetic,Generated,Positive
Unknown,General,Anonymous,,"1. ""The flight with Air Canada was on time and the staff was polite. The plane was a bit outdated but clean.""",,,,,,Neutral,synthetic,Generated,Negative
Unknown,General,Anonymous,,15. Airline O offered an average service. The seats were comfortable enough but the meal options were not very diverse.,,,,,,Neutral,synthetic,Generated,Negative
Unknown,General,Anonymous,,"16. ""Air France offers a decent service. The check-in was smooth and the flight was on time.""",,,,,,Neutral,synthetic,Generated,Positive
Unknown,General,Anonymous,,"11. My experience with Air France was satisfactory. The check-in process was smooth, the flight crew was polite, and the service was reasonable.",,,,,,Neutral,synthetic,Generated,Positive
Unknown,General,Anonymous,,"3. ""United Airlines offered decent service. The flight attendants were professional and the flight was smooth.""",,,,,,Neutral,synthetic,Generated,Positive
Unknown,General,Anonymous,,"15. Singapore Airlines' flight was comfortable, although the legroom was a bit tight and the food was average.",,,,,,Neutral,synthetic,Generated,Negative
Unknown,General,Anonymous,,"6. ""Southwest Airlines offered a basic, no-frills flight experience. The seats were reasonably comfortable for the price.""",,,,,,Neutral,synthetic,Generated,Negative
Unknown,General,Anonymous,,"2. ""Southwest Airlines provided a decent service. The check-in process was smooth and the flight departed on time.""",,,,,,Neutral,synthetic,Generated,Positive
Unknown,General,Anonymous,,4. Southwest Airlines offered a smooth check-in process. The flight was pleasant with minimal turbulence.,,,,,,Neutral,synthetic,Generated,Positive
Unknown,General,Anonymous,,"16. ""Airline P's flight was acceptable. The check-in and boarding process was efficient, but the food could be improved.""",,,,,,Neutral,synthetic,Generated,Positive
Unknown,General,Anonymous,,"4. ""Cathay Pacific's in-flight meals were average. The cabin crew service was efficient, but not overly friendly.""",,,,,,Neutral,synthetic,Generated,Positive
Unknown,General,Anonymous,,"3. ""American Airlines provided a smooth check-in process and the flight landed on time. The cabin crew was professional and efficient.""",,,,,,Neutral,synthetic,Generated,Positive
Unknown,General,Anonymous,,15. My experience with Alaska Airlines was typical. The flight was smooth and the staff was polite.,,,,,,Neutral,synthetic,Generated,Positive
Unknown,General,Anonymous,,"8. ""The flight with Airline H was on schedule. The seats were comfortable, but the cabin temperature was a bit too cold.""",,,,,,Neutral,synthetic,Generated,Negative
Unknown,General,Anonymous,,"20. Flew with EasyJet recently. The service was average, with an on-time departure but quite limited inflight entertainment options.",,,,,,Neutral,synthetic,Generated,Negative
Unknown,General,Anonymous,,"20. ""Airline T's services were standard. The flight was comfortable, but the variety in in-flight meal options was limited.""",,,,,,Neutral,synthetic,Generated,Negative
Unknown,General,Anonymous,,"18. ""Airline O's baggage claim process was quick and efficient, reducing waiting time.""",,,,,,Neutral,synthetic,Generated,Positive
Unknown,General,Anonymous,,"8. ""Airline E's service was up to par, with clean cabins and punctual departure. However, the meal portions were quite small.""",,,,,,Neutral,synthetic,Generated,Negative
Unknown,General,Anonymous,,"8. ""Airline E had a smooth boarding process. The flight was a bit crowded, but the staff managed it well.""",,,,,,Neutral,synthetic,Generated,Positive
Unknown,General,Anonymous,,"20. The flight with Virgin Atlantic was okay. The cabin crew was friendly, but the seats were a bit cramped and the in-flight entertainment selection could be improved.",,,,,,Neutral,synthetic,Generated,Positive
Unknown,General,Anonymous,,10. Airline G's seating was comfortable with ample legroom but the in-flight Wi-Fi was spotty.,,,,,,Neutral,synthetic,Generated,Negative
Unknown,General,Anonymous,,6. My flight with Emirates was standard. The seats were comfortable but the food was nothing extraordinary.,,,,,,Neutral,synthetic,Generated,Negative
Unknown,General,Anonymous,,"15. ""Virgin Atlantic offered a standard service. The seats were comfortable, but the in-flight entertainment could use more varied options.""",,,,,,Neutral,synthetic,Generated,Negative
Unknown,General,Anonymous,,"4. ""Aeromexico's flight was on time and the boarding process was smooth. The legroom could be better.""",,,,,,Neutral,synthetic,Generated,Positive
Unknown,General,Anonymous,,"4. The Air France journey was smooth, the food was decent for airline food and the cabin crew was professional.",,,,,,Neutral,synthetic,Generated,Positive
Unknown,General,Anonymous,,"18. ""Airline O's service was standard. The flight was a bit noisy, but the seats were comfortable.""",,,,,,Neutral,synthetic,Generated,Negative
Unknown,General,Anonymous,,15. Etihad Airways: The seat was comfortable and the staff was professional. The in-flight entertainment was average.,,,,,,Neutral,synthetic,Generated,Negative
Unknown,General,Anonymous,,"10. ""Air France's flight was on time, which is always a good start. The in-flight service was unremarkable but efficient.""",,,,,,Neutral,synthetic,Generated,Positive
Unknown,General,Anonymous,,"9. ""Qatar Airways has a comfortable cabin. The in-flight entertainment could use an upgrade, but overall it was a standard flight.""",,,,,,Neutral,synthetic,Generated,Negative
Unknown,General,Anonymous,,"3. ""Lufthansa's staff is generally professional, but the legroom in economy class is average at best.""",,,,,,Neutral,synthetic,Generated,Positive
Unknown,General,Anonymous,,"18. Virgin Atlantic's flight was smooth, the staff was courteous but the in-flight entertainment could be improved.",,,,,,Neutral,synthetic,Generated,Positive
Unknown,General,Anonymous,,"13. The Southwest Airlines flight was average. The seats were comfortable enough, but the in-flight entertainment options were limited.",,,,,,Neutral,synthetic,Generated,Negative
Unknown,General,Anonymous,,"20. Overall, the flight experience with Airline Q was average, with nothing particularly standing out, either positively or negatively.",,,,,,Neutral,synthetic,Generated,Negative
Unknown,General,Anonymous,,"5. Delta Air Lines provided a good service, their in-flight Wi-Fi was a nice touch but it was a bit slow at times.",,,,,,Neutral,synthetic,Generated,Positive
Unknown,General,Anonymous,,"1. The flight with Air Canada was overall acceptable, the staff were polite and the airplane was clean. Food quality could be improved.",,,,,,Neutral,synthetic,Generated,Positive
Unknown,General,Anonymous,,20. Flew with Airline Q recently. The boarding process was smooth and the in-flight entertainment was decent.,,,,,,Neutral,synthetic,Generated,Positive
Unknown,General,Anonymous,,2. Airline Y offered a comfortable flight but could use some updates on their in-flight entertainment system.,,,,,,Neutral,synthetic,Generated,Negative
Unknown,General,Anonymous,,"12. ""Airline I's flight was on schedule with no major issues. The seats were a bit stiff and uncomfortable.""",,,,,,Neutral,synthetic,Generated,Negative
Unknown,General,Anonymous,,6. The legroom in Airline C's economy class is average but the meal options are quite diverse.,,,,,,Neutral,synthetic,Generated,Negative
Unknown,General,Anonymous,,"13. Turkish Airlines provided an okay service, the flight was smooth but the food could have been better.",,,,,,Neutral,synthetic,Generated,Positive
Unknown,General,Anonymous,,"5. My Qantas flight was acceptable. The aircraft was a bit older, but the crew made the journey pleasant enough.",,,,,,Neutral,synthetic,Generated,Positive
Unknown,General,Anonymous,,"15. The flight with Airline L was decent. The check-in process was smooth, but the in-flight entertainment options were limited.",,,,,,Neutral,synthetic,Generated,Positive
Unknown,General,Anonymous,,"17. My experience with Cathay Pacific was as expected. The flight was on time and the seats were comfortable, but the in-flight entertainment was limited.",,,,,,Neutral,synthetic,Generated,Negative
Unknown,General,Anonymous,,"20. The flight with Aeroflot was quite standard. The seating was a bit tight, but the overall experience was average.",,,,,,Neutral,synthetic,Generated,Negative
Unknown,General,Anonymous,,"4. ""I flew with Airline A. The seats were quite comfortable but the cabin was a bit chilly.""",,,,,,Neutral,synthetic,Generated,Negative
Unknown,General,Anonymous,,"11. I took a recent flight with United Airlines. The flight was punctual and the seating was comfortable, but the in-flight entertainment was quite outdated.",,,,,,Neutral,synthetic,Generated,Negative
Unknown,General,Anonymous,,"15. The seats on Airline L were comfortable, but the cabin temperature was a bit too cold.",,,,,,Neutral,synthetic,Generated,Negative
Unknown,General,Anonymous,,"13. ""The Turkish Airlines flight was uneventful. The seats were comfortable and the service was routine.""",,,,,,Neutral,synthetic,Generated,Negative
Unknown,General,Anonymous,,"11. My flight on Etihad Airways was satisfactory. The in-flight entertainment was good, but the food could have been better.",,,,,,Neutral,synthetic,Generated,Positive
Unknown,General,Anonymous,,"17. My experience with Ryanair was acceptable. The check-in process was smooth, the flight crew was polite, and the service was decent.",,,,,,Neutral,synthetic,Generated,Positive
Unknown,General,Anonymous,,"16. The flight on Aer Lingus was quite average. The staff was friendly and the flight was smooth, but the food served was unremarkable.",,,,,,Neutral,synthetic,Generated,Positive
Unknown,General,Anonymous,,"15. ""The Cathay Pacific flight was decent with no delay. The food was mediocre but the cabin crew was friendly.""",,,,,,Neutral,synthetic,Generated,Positive
Unknown,General,Anonymous,,"16. My flight with Air France was adequate. The seats were comfortable, but the food was average.",,,,,,Neutral,synthetic,Generated,Negative
Unknown,General,Anonymous,,"12. The in-flight service on Airline I was decent. The seats were somewhat cramped, but the crew was helpful.",,,,,,Neutral,synthetic,Generated,Positive
Unknown,General,Anonymous,,20. My journey with Aer Lingus was okay. The check-in process was efficient and the flight was punctual. The in-flight entertainment could have been better.,,,,,,Neutral,synthetic,Generated,Positive
Unknown,General,Anonymous,,"5. ""Airline B provided an average experience. The staff was friendly and the flight was smooth.""",,,,,,Neutral,synthetic,Generated,Positive
Unknown,General,Anonymous,,"8. The JetBlue flight was satisfactory. While the seats were comfortable, the variety in food options was not impressive.",,,,,,Neutral,synthetic,Generated,Negative
Unknown,General,Anonymous,,"3. ""The in-flight entertainment on Airline Z was decent. The food could have been better, but it was not terrible.""",,,,,,Neutral,synthetic,Generated,Negative
Unknown,General,Anonymous,,"11. ""Emirates' cabin crew were polite and helpful. The in-flight meals were typical airline food.""",,,,,,Neutral,synthetic,Generated,Positive
Unknown,General,Anonymous,,6. Airline C offered a decent in-flight meal. The check-in process was fairly smooth as well.,,,,,,Neutral,synthetic,Generated,Positive
Unknown,General,Anonymous,,"14. Turkish Airlines: The flight was quite comfortable and the staff was courteous. However, the meal options could be improved.",,,,,,Neutral,synthetic,Generated,Negative
Unknown,General,Anonymous,,10. Turkish Airlines provided a satisfactory service on my recent flight. The cabin crew was friendly and the in-flight entertainment had a good variety.,,,,,,Neutral,synthetic,Generated,Positive
Unknown,General,Anonymous,,12. Airline I's business class lounge was decent with a good range of snacks and beverages. The WiFi on the flight was average.,,,,,,Neutral,synthetic,Generated,Positive
Unknown,General,Anonymous,,7. Air France's flight from Paris to Rome was average. The staff was helpful and the food was acceptable.,,,,,,Neutral,synthetic,Generated,Positive
Unknown,General,Anonymous,,"2. ""American Airlines offers basic amenities, with relatively comfortable seating and average in-flight food.""",,,,,,Neutral,synthetic,Generated,Negative
