review_name,review_type,passenger_name,review_date,review_text,rating_value,review_classification,textblob_label,vader_label,keyword_label,hybrid_sentiment
Aarhus,airport,Don Shone,2017-03-03,This place is a dump Miserable place with very few facilities they rip you off with the car parking and rip you off with the food and drink coffee costs at least  kr Duty free is small with few items and is expensive Aalborg airport is  times better,1.0,,Negative,Positive,Neutral,ManualCheck
Abbotsford Intl,airport,D Mitchell,2022-05-08,I am mobility challenged and was told I would be a priority boarding When priority boarding was announced all passengers lined up and were put through and boarded regardless so those of us that needed the extra time were greatly inconvenienced I was also told it was a very short walk but I had to stop and catch my breath  times I would not fly swoop again,2.0,,Neutral,Negative,Positive,ManualCheck
Aberdeen,airport,Daniel Omnes,2023-07-01,I am writing after some weeks and with reflection of this incident I am  years old and I was travelling alone to Amsterdam At security I found myself vulnerable due to some rude behaviour from security staff I complied with what was asked as there is zero tolerance however what I would ask is some consideration on courtesy and politeness to local and international travellers at the same time which is the basics in behaviour I have travelled widely and this is the standard in all airports but why not in Aberdeen There are some good people but the  staff members from security have tarnished the image for the whole team and department in Aberdeen which is unfair,2.0,,Neutral,Positive,Negative,ManualCheck
Aberdeen,airport,Margaret Ferguson,2023-02-23,Firstly let me say that the Special Assistance Team at Aberdeen are THE BEST Helpful accommodating and friendly nothing too much trouble Its the rest of the airport which lets them down We were on a Tui flight due to fly at pm The checkin board said checkin opens at  We joined the queue at  No sign of any staff at the desks A person in what may have been Tui colours appeared at one of the desks shuffled some papers walked away Another person in airport livery then approached the desk looked at the papers and walked off The checkin desk actually opened by ONE of the two staff at a different desk than advertised at  A minute later a guy joined at an adjacent desk After checkin security The lady on the desk said Id asked for assistance so should have a wheel chair I didnt need one for this airport just help with the steps to the plane Nope she said it was the rule and sent me back to the assistance desk Assistance guy escorted me back to security and explained that it wasnt quite the rule Through security to a very quiet shopping mall Down the steps to the departure lounge There is a small lift thing but Im scared of it Would you believe the coffee shop at departures was closed There is a soft drinks and confectionary machine but no coffee Hubby then went back up the stairs and eventually found a coffee shop open in the mall I realise that the airport was not busy which is odd for a Saturday But really to not have an open coffee shop or indeed not to show it closed before the departure lounge is poor Maybe we are all expected to pay the exorbitant fee for the Northern Lights lounge The next problem was indeed the departure I dont know whose fault this is whether Tui or airport administration but its at least inefficient The departure board said gate opens  We could see the plane on its usual stanceIt comes from Tenerife gets cleaned turns round and goes back I believe We had been told gate  We got there at about  and were taken to the plane lift when the flight was eventually announced We waited in the lift at the emergency door for a good five minutes until the door was opened By this time it was  We could see the queue of passengers for the other doors in the cold wind and gathering clouds There were babies and toddlers in that queue As an aside this stance is one of the farthest away from the terminal BA flights have covered walkways from the terminal itself Maybe its something to do with landing fees for which I believe Aberdeen is expensive Eventually we were allowed to board The plane was absolutely perfectly clean I have to say Just unfortunate for those poor passengers who had to wait so long in the cold with young children All in all a poor airport experience,4.0,,Neutral,Negative,Positive,ManualCheck
Abidjan,airport,8 reviewsH Blumenthal,2021-07-27,When first opened some years ago it was possibly the best airport in Africa but no more It is even a true mess Difficult to find ones way overcrowded and not very clean anymore The worse was the boarding of my Air Cote dIvoire flight we had to go down on the tarmac and then walk several hundred yards on very uneven ground in the middle of service vehicles and planes with no escort no security It is well possible it was the airlines fault sadly not listed on Skytrax as Air Cote dIvoires service is absolutely non existent even for business class passengers,4.0,,Neutral,Negative,Positive,ManualCheck
Abidjan,airport,Pedro Gil,2006-12-20,I frequently travel through this airport and would note a couple of problems in an otherwise nice facility First Ive arrived on another airline and been unable to get help in the transit lounge from Air Ivoire even though they are my next flight You have to get somebody to take you to the front desk through a little back hallway and tip them Second if you go through the passport desk they have plain clothed policemen without badges who demand your passport in the luggage area without identifying themselves The restaurant in the departure area is much nicer than the one outside the ticket area where you check in,0.0,,Neutral,Positive,Negative,ManualCheck
Abu Dhabi,airport,C Garanee,2025-03-27,Super crowded airport None of the power points worked Youll have to buy something and sit at some restaurant or cafe to use the charging point because the airport ones do not work Theres just  lounge and the line to get in is huge Toilets are dirty Whats the point of having all that money if your airport looks and feels like this,1.0,,Neutral,Positive,Negative,ManualCheck
Abuja,airport,M Parker,2017-03-05,Abuja airport is closing on  March for  weeks until  April for reconstruction of the runway The nearest airport to Abuja during this period is Kaduna a  hour drive or train ride away so getting to and from the capital of Nigeria is going to be a big hassle until the airport reopens The only international airline currently planning to fly into Kaduna is Ethiopian  otherwise you will have to fly to Lagos and take a domestic flight to Kaduna Abuja airport when reopened is not too bad to use by Nigerian standards The international terminal is not very busy so getting through is pretty painless The domestic terminal is in the same location  check in is on one side of the internatonal terminal for most airlines and the actual departures area on the other side so you have to come out of the check in area and then walk past international departures and back into the departures area The actual departures area is up an external metal staircase which is a bit of a schlep At the top you reenter the building go through security and are in the departures area Its quite large and there is airconditioning but sometimes it gets very crowded if there are lots of delayed flights which is very common There are some lounges you can pay to use for about N  so that is well worth it if you are facing a long delay as you will get a more comfy seat cleaner toilets better airconditioning and a cup of tea and a biscuit There are a couple of cafes in the main area selling mostly Nigerian food and a few shops selling the sort of things you find in any Nigerian market To board the domestic flights you have to exit the departures area down another external metal staircase and then get in a bus or walk to your plane depending on how far away it is parked On arrival you actually come into the International departures and arrivals building where but you have to exit to the outside to locate your transport as only passengers are allowed into the building itself One irritating thing about the airport is the X ray bag check to enter each building so if you are flying domestic you have to go through this twice entering the building and then a rd time when you are going into the departures area International arrivals can be a slow process if two international flights arrive at the same time as there is only one desk for international passport holders and a lengthy two person process where someone from state security first checks your passport and then passes it to the immigration official Be aware that on exiting the baggage claim area in both domestic and international areas you may be asked to show your baggage claim tags so they can be compared with the tags on your bags I cant recommend the airport but if you are travelling to Abuja it is your only option once it reopens It is also much easier to use than Lagos international terminal if you are arriving in Nigeria for the first time A new international terminal is under construction and due to open later this year At this point the current strangely laid out mixture of domestic and international should become the domestic terminal To get from the airport to Abuja is about a  minute drive down a wide multilane highway It is best to arrange a pick up in advance to avoid ending up in a rather tatty and potentially unsafe normal taxi at the airport The cost to Abuja should be between N to N depending on the state of the taxi,5.0,,Neutral,Positive,Negative,ManualCheck
Abuja,airport,Sumaiya Yakubu,2016-04-25,For starters Abuja airport was super hot no air conditioning or at least fans Everything you do in the airport you pay for yet provision simple services is poor It also took too long for bags to arrive while there were not enough seats I am ashamed right now as a Nigerian Unfriendly staff as well  it needs serious intervention,2.0,,Neutral,Negative,Positive,ManualCheck
Abuja,airport,A Cobo,2011-08-08,Abuja international arrivals greets you with a long immigration line Only one booth is set up to accommodate a complete flight with another booth for dignitaries and diplomats One can stand for over  hour in this line while the immigration clerk scrutinizes your passport and visa The people are generally nice and polite the airport is clean AC is mediocre International departure was crowded and not very comfortable and in most places extremely hot Food options are limited Abuja national terminal is another story Very hot limited seating not so clean limited food options and crowded There are no flight departure screens In general an unkempt image,2.0,,Neutral,Negative,Positive,ManualCheck
Abuja,airport,C Stafford,2010-01-31,Upon arrival from Amsterdam on KLM I went to use the bathroom and there was no garbage can and no toilet paper The airport was cleaner than I expected I think its better than Lagos actually Our luggage failed to arrive with us and we were told to come back in  days time to pick it up We werent going to be anywhere near Abuja in  days We were told later by the airline after we got back to the US that they should have delivered it to us It was a  hour drive one way by the way Leaving was a nightmare They had no record of our changed flight days and had no way of checking with our credit card we were told thats all we would need to verify our changed datesa credit card We were told to step aside while they helped other passengers Then we were sent to one person who told us to go to another person etc etc It took two hours to straighten out the mess and that was only because my husband had to beg the woman to let him use her computer so he could check his email which he was sure would have a confirmation of the change I will say this particular woman was very professional and willing to do whatever it took to help us Boarding passes were handwritten Upon checking our baggage the woman typed in LIM instead of ILM which meant our bags were heading for Lima Peru not Wilmington North Carolina This screwup was revealed to us upon arriving in Atlanta Overall not a good experience with the airport or maybe it was just KLMDelta Who knows I was not impressed,2.0,,Neutral,Negative,Positive,ManualCheck
Accra Kotoka,airport,Klaus Malling Olsen,2016-03-07,During rushhours evening Kotoka Airport felt very crowded but checkin was surprising quick as well as security check this works well if you arrive at least  hours before departure Rush hours here mean departure within half an hour for several widebody plans creating a severe lack of seating and extremely long rows of slowly boarding passengers making you realize that you are in a far too small airport to handle several aircrafts with a capacity of  passengers within a short time limit Thi is especially the case when you arrive The rows of arriving passengers at the immigration was long enough to last for almost one hour and was followed by usual slow deliverance of luggage Furthermore the staff controlling the yellow cards for vaccinations are not very well inset in the rules including the knowledge that persons over a certain age are not required vaccination against yellow fever However as a whole Kotoka was not too bad an experience just accept some more time than required in more updated and modern airports,6.0,,Neutral,Positive,Negative,ManualCheck
Adana,airport,Robert Clark,2006-05-17,Adana Airport is a chaotic airport at best yet not as bad as airports in other countries that surround it There are two terminals to the Adana Airport Domestic and International In most cases the International side is only for the pilgrimage flights to Makkah Saudi Arabia and some limited flights into Northern Cyprus The Domestic side starts with citizens wanting to take your bags up to the security screening right at the entrance to the terminal They will expect a tip for this very small action Tell them hayir saa olun and youll be left alone Youll put your bags onto the belt and your passport will be checked Even if you are flying domestically have your passport on you at all times They will check the validity of your visa and if you have overextended your welcome Once you are through PS Security does not speak English so bring some phrases with you you will have to go to the airline of your choice Even if you have no luggage and paper tickets you will still have to check in Organized chaos is the best way I can put it Regardless if you are flying Turkish Pegasus or Onur Air you will still have people cutting in line using Hefty bags as luggage and uncomfortable closeness When you finally get to the front the people at the ticket counter normally speak english MAKE SURE you ask if your bags get taken all the way Some times they do  sometimes they dont You may have to pick them back up in Istanbul so its important they make it clear Once you are done you are left in a terminal that reeks of a foul Turkish soguk gone bad sick passengers that dont cover their mouths when they cough passengers that make that disgusting spit like a man sound and the ever famous stare There is a smoking section but it is not seperate from any other room so nonsmokers will be subjected to nd hand smoke There is a small store that sells refreshments but does not open until am while some flights are much earlier Youll be hard pressed for a seat so get to the airport early or get used to standing Keep an eye on your things at all times Lots of people look suspicious The loudspeaker is hard to understand in this dimly lighted building and its usually only in Turkish Just line up whenever everyone else does and try to sneak a peak at their ticket to see if it is your flight You will go through a second security and enter the gate area Once again  organized chaos There is no area calling and to rows  Its a massive cattle heard Just try to get in the front Once your identity and ticket are checked you will walk out onto the tarmac where you will see a bunch of suitcases and Hefty bags This is where is can get confusing Before you can board the place you must claim your suitcase yet again and give it to the baggage handlers I guess this is good since you do ensure it gets on the plane but if its a large flight it can be difficult in the dark to find your items DEPARTURE INTERNATIONAL Should you get lucky enough and go through immigration in Adana it is much easier than Istanbul The Duty Free section is very tiny and only has alcohol and cigarettes but the customs queues are tiny in comparison to Istanbul This may happen to you even if you are going through Istanbul to an international flight so it is always best to check over at International first to see if you leave from there or domestic For your sake I hope you leave Internationally ARRIVAL Landings are pretty simple If you go through customs there will only be like  of you you will go through a small customs kiosk your passport will be scrutinized and youll get to have a rare Adana stamp in your passport unlike most who travel to Turkey with the Istanbul stamp Your bags will come on a low riding baggage claim separate from the domestic fliers and quick out the door If you are flying in domestically or after checking into customs in Istanbul you will have to wait quite a long time before the bags finally arrive onto the low riding baggage claim In here is where you can rent a car as well about  companies are available on site and for those going to the NATO base there is a Hertz located in the Burger King Back to the airpoort when you get outside you can be picked up by your people they will not be allowed into the airport or you can hire a taxi A gentleman usually brings the taxi to you and loads your bags he will expect a tip  YTL is good enough PS  A good taxi spelled taksi in Turkish to go with would be Gate Taxi at TAXI  they speak English It will cost more but the drivers have better English than the airport taxis In the airport just dial TAXI One more thing before I forget  turn around whern you enter the terminal  youll see the lost luggage department If you fly here to Adana more than once  expect to go in here a few times The airport itself is a dirty messit smells the facilities are usually dirty it reeks of smoke and it gets pretty loud,0.0,,Neutral,Positive,Negative,ManualCheck
Addis Ababa,airport,C London,2024-06-11,I was pretty frustrated by the experience mainly due to unhelpful staff I arrived at  am and in every waiting area there were staff sleeping They were all under blankets and it seems the airport should provide them appropriate rest areas instead of using areas passengers are supposed to use  After disembarking my first flight we went through full security with xrays and no liquids above ml When my flight was announced a few hours later I then had to go through another security checkpoint just before the flight No one had warned us of this second repeated security so many people had to throw away the drinks bought the flight at airport prices  A lot of charging points are broken Trying to raise issues with staff is met with apathy and disinterest,3.0,,Neutral,Negative,Positive,ManualCheck
Adelaide,airport,Tony Crome,2025-02-10,Adelaide Airport is an absolute joke and Ive been to every major airport in Australia dozens of times Security is the worst Ive ever seen over  people trying to go through security line stretching way back If I could have given zero for queuing times I wouldve,1.0,,Negative,Positive,Neutral,ManualCheck
Agadir,airport,Nicola Hayter,2009-06-09,Service we have received has been very good for the size of the place Incoming there is a long wait but would rather be checked in and out correctly The gate numbers can be confusing if it is the first time you have flown out as they do change regularly,4.0,,Positive,Negative,Neutral,ManualCheck
Ajaccio,airport,Nick Strohecker,2019-05-29,Although the airport itself is fine the security agents are rude inconsistent and not bright Trekking poles were deemed weapons thus not allowed on the flight but only some Other poles of the exact same type size everything were confiscated by guards that seemed to enjoy their limited power to taint ones vacation If one needs to bring poles or anything similar through security I recommend faking a limp or hope that the main jerks are on a lunch break,1.0,,Neutral,Positive,Negative,ManualCheck
Ajaccio,airport,P Paquet,2017-01-07,Site of the airport is unique but it is the only great thing about it This airport is unfit for modern travelling while not even maxed out in terms of capacity Parking lot is expensive and frequently full Roofs and walls start rusting already Air conditioning is minimal Bathrooms are just above the level of average in terms of cleanliness Luggage handling ground staff has managed via unions to apply a  Euros fee per kg to any luggage above kg which make it very uneasy when you fly business class after youve left Corsica with an allowance of kg This is very annoying because this fee is collected by the airline at checkin and not mentioned in your fare rules when you buy a ticket Controls are done in a corridor between  walls There are no boarding bridges No buses Boarding gates are few and room is tight during the busy summer season Boarding gates are a few hundred meters away from your aircraft which makes it very unpleasant to walk from the gate to the plane under the rain Same issue at arrival if it is raining to reach the airport  luggage reclaim belts which are very tight during the busy summer season,3.0,,Neutral,Negative,Positive,ManualCheck
Alghero Fertilia,airport,Gary Rushworth,2023-05-25,Slow bag drop called us through passport control to the gates about  hours before the flight into the boarding gates which had very little seating and no priority seating for disabledpregnant passengers Generally fairly clean Food options very limited,3.0,,Neutral,Negative,Positive,ManualCheck
Algiers,airport,Qaddoumi Samar,2013-05-16,Algiers airport is huge and clean but I did not enjoy the business class lounge it was extremely poor compared to other countries I had to go outside the lounge to use the toilet they served very poor quality food As a Muslim country I also expected to a mosque for prayers but there was no specialized area Shopping in the airport was ok,5.0,,Neutral,Negative,Positive,ManualCheck
Almaty,airport,B Adams,2018-04-07,My first time transiting in Almaty Kazakhstan being an resource rich country I expected that the airport of their largest city to be at least an international airport I was most disappointed  The business class lounge  guests must pay pax to have snacks All drinks are chargeable except for hot water tea and instant coffee There is no shower and no service The ladies who work there really could not be bothered to serve anyone except to remind any guests who walk nearby the snack table that the snacks were chargeable And guests are not allowed to bring drinkfood from outside Air Astana really needs to build their own lounge instead of using one provided by the airport Being a Emerald frequent flyer under One World I know I am spoilt at the First Class Lounges around the world But this lounge in Almaty borderlines to be offensive  Stairs stairs and more stairs This airport cannot be used by those who have disability or travel with baby strollers There are stairs everywhere  first down from the airbridge to transfer security then up the stairs again to the gates There is actually an elevator  but their are locked and guests are not allowed to use it  Limited choices of food  there is only snacks and coffees Do not plan to have a dinner in this airport while waiting for your flight  Service  Lack of it The Air Astana team is helpful But other than them service is so poor from the security team to immigration as well as the waiting staff at those food stalls Overall  avoid this airport if you have a choice,2.0,,Neutral,Negative,Positive,ManualCheck
Almeria,airport,S William,2007-03-25,Almeria was unfortunately not built to handle the amount of traffic using it There is only one runway which means deays in departure if there are several arrivals The terminal facilities are sufficient in the low season but when the charters are at full peak it is woefully inadequate The limited number of checkin desks means that when several flights are being loaded often only one or perhaps two desks are available for each There is a real bottleneck at the one and only security entrance Information is poor even when it is obvious that flights are late the original time is left showing on the monitors The departure lounge is small and with only one cafe which offers a very limited selection of food and drink There is however a large open roof seating area with lift and stair access with excellent views of the apron and runway with a cafe which opens when the airport is busy The only bus link is crowded with nonairport passengers as already described by an earlier contributor and doesnt end at the combined busrail station but some  metres away in town A taxi to the centre is only    Euros,0.0,,Neutral,Negative,Positive,ManualCheck
Almeria,airport,Mohd Kastor,2006-05-31,A small airport with limited but more than enough facilities The immigration control area is very small with only one counter resulted in a long queue extending to the outside of the arrivals entrance door In the departure hall try to get anything you want food newspaper souvenir etc before passing through security Once airside there are only one small duty free shop and one very small cafe boring poorly stocked and expensive,0.0,,Negative,Positive,Neutral,ManualCheck
Amman Queen Alia,airport,1 reviewsG Carter,2023-03-16,We passed through this airport in transit twice coming and going on a round trip The airport appears modern signage is okay Bathrooms mixed on cleanliness The worst part is passing though security The first time through went reasonable well It wasnt too crowded But security was inconsistent My wife had to give up her water bottle mine made it though full of water All laptops had to be swabbed Why The second time through was chaos There were too few staff and scanners Passengers were cutting in line there was no crow control or line barriers It took about  minutes to get through Security staff were however very helpful We had lost an item a book on the first pass through and three weeks later security had the item in the Lost and Found We had to fill out considerable paperwork show ID etc to reclaim the paperback novel But we did get it back I would avoid this airport,5.0,,Neutral,Negative,Positive,ManualCheck
Amritsar,airport,Sunny Singh,2016-03-28,I fly every year to Amritsar from London but to my disappointment the aerobridge gate has not been used for  years They use old noisy buses which are not low floor as per international standards to transport passengers to the aircraft They dont have any nappy changing area for children  many areas could improve,2.0,,Positive,Negative,Neutral,ManualCheck
Anchorage,airport,Christopher Dore,2013-08-13,Be aware the International terminal has only one shop that sells duty free goods The only alcohol sold is a restricted choice of whiskeys and they only sell a restricted selection of cigarettes,5.0,,Positive,Negative,Neutral,ManualCheck
Antananarivo,airport,1 reviewsL Shaw,2017-09-10,I passed through this airport  times during August and September  Arrived and Departed for flights to Europe x and Internal flights x I agree with everything recently written but add a few additional points  Watch out for the Euro coin scammers Locals trying to exchange euro coins for notes They will show you  Euros in coins and ask for a note in exchange They are expert at a sleight of hand confidence trick You will not get the correct change once they count it out for you  There is a cafe on the first floor of international departures that is open x and is the only nonairside seating area Particularly useful if your flight is delayed and are awaiting check in to open  The Duty Free was open until  am for the Air France Paris flight  I flew Kenyan Airlines to Nairobi this was a flight originating in Mozambique or Reunion but assigned seat was not available as the transiting passengers were already stretched out over all seats It ended up as a free for all for the remaining free seats,2.0,,Neutral,Positive,Negative,ManualCheck
Antananarivo,airport,C Nelson,2016-08-23,Madagascar is a wonderful country but Antananarivo airport is so poor that it really makes visiting a trial For entry I counted that my passport was checked  times from leaving the aircraft until finally getting into our taxi No idea why but it took a long time You must have the entry fee around  euros per person for short stay in cash Euros Dollar and Pounds accepted If you dont staff escort you landside to a cash point and bring you back There are numerous stamps and writing and more queuing all of which seems totally superfluous People that look like staff often arent and are the porters They are very aggressive  theres no point trying to take your own bag unless its strapped to you as they take it and then expect to be paid It is also very difficult to keep it to just  porter again expecting to be paid I know its a poor country but some regulation of these porters is required especially coming airside I suppose overall the time to clear wasnt that bad as they saved that for the exit Again there was the obsession with passport checks   times it was checked as well as my finger prints being taken  no idea why on exit but not on entry That wasnt the worst  our hotel delivered us  hours and  mins before the departure We were about half way down the checkin queue The plane had a capacity of  people Checkingin took  hours The cabin bags had labels too  not required in other locations Some people seemed to have a checkin form but we didnt need one After that then they said a form had to be filledin with lots of totally irrelevant information Similar to the form on entry with info like where you stayed The form wasnt available whilst you queued for checkin Another member of staff then turned up offering a pen and wanting to be paid  we had no currency left by then Then there were more checks and the finger print scan A baggage check until finally getting through to departures By the time we got through the plane was already boarding so I didnt see the departure lounge In the end the plane was  mins late departing due to these delays Overall a really poor experience which would be so easy to improve My recommendation is to keep your bags close not for security reasons be very specific what help you need  want and for departures be there  hours in advance,1.0,,Neutral,Positive,Negative,ManualCheck
Antananarivo,airport,Arnold DeVries,2016-02-18,Antananarivo airport is pretty efficient overall however if you are flying domestically be aware that there is only one shop with nothing other than some packaged snacks and water to buy after you go through security Nothing landside either Seats are all wood International terminal  quickly whisked through the place as I had Sky Priority on Air France Bit chaotic and had to navigate people who would just take your bags to help you along Just say non merci There are shops beyond security to buy and spend your money in the International Terminal AF Business Lounge was warm but a nice respite from the otherwise warm and wooden benched area to wait for departure A lot of checking your bags and paperwork in both terminals No jetways  need to walk up some fairly rickety stairs to the plane Had toyed with the idea of killing a  hour layover there before a am AF departure but was feeling sick so hit a hotel for a rest Glad I did as it is not a airport to kill that much time Functional but could improve,6.0,,Positive,Negative,Neutral,ManualCheck
Antigua Vc Bird,airport,L Vincent,2018-04-08,What a joke  out of the  booths open to receive customers arriving After an  hour flight to be cooped up in an arrival lounge for over an hour with no air circulation Additionally jobsworth staff fussing about where to stand and also three staff checking the same thing is not the ideal first impression of a country,1.0,,Positive,Negative,Neutral,ManualCheck
Antigua Vc Bird,airport,Sue Samuel,2016-06-01,Sadly had to spend  hours in the check in area at Antigua airport awaiting a transatlantic flight  not a pleasant experience No really worth going off site or so we thought Scarcely any seats and those available were not suitable for long delays but nothing else was available The tiny cafe closed about ten minutes after our arrival midafternoon The excuse given was its Sunday No water machine or vending machine available The AC worked over efficiently and it was bitterly cold After an efficient check in and passage through normal airport procedures enter into the departure area This is large and open with the potential for many outlets and stores However very few are in use really no more than were in the original old terminal We were told that rents are excessive and that is why few are in use Prices were excessive   for a small bottle of water In summary the airport works efficiently as far as boarding airplanes is concerned but not for passengers with long waits either inside or outside departures WiFi is very good,3.0,,Neutral,Positive,Negative,ManualCheck
Antwerp Deurne,airport,Anthony Kent,2016-01-12,Antwerp used to be my favourite airport Anybody traveling regularly between the AntwerpEindhoven regions and London has been wellserved though other destinations are limited The highish fares were offset by the fact that free parking was available As of late  this situation has changed however as all the parking areas have been enclosed and high charges imposed for parking Regrettably therefore although the airport is small and very pleasant to use it can no longer compete financially with Eindhoven and I will no longer be using it,6.0,,Positive,Negative,Neutral,ManualCheck
Antwerp Deurne,airport,Mark St-Amour,2008-01-24,Free parking  minutes checkin a bar and a dutyfree shop Nothing wrong with this airport except not much to do if theres a delay,4.0,,Neutral,Positive,Negative,ManualCheck
Aruba Reina Beatrix,airport,P Geyre,2022-08-31,Stood in horrible lines for more than  hours Completely unnecessary Absolutely no organization staff never gave explanations or even good directions One employee kept hollering for customers please keep moving As if we wanted to stand still In several instances we saw employees give special treatment to some by opening lines for people to bypass longer lines to join shorter ones that were completely blocked off except for this reason The final time my husband and I saw it happen which was opened literally just behind us we snuck through too while said employee was busy looking for others of their choosing to go through We were fast tracked through customs in minutes We had not eaten before because we thought   hours in small airport would have left plenty of time to eat at a restaurant in the airport Nope I barely had time to get aunt Annies while my husband used that time to take a quick trip to the bathroom I had to use airplane toilet We got to our gate while plane was boarding ate on plane As we were boarding plane I noticed people just arriving that had been in line with us before we snuck out  minutes later Aruba amazing time but we will never go back because of airport,2.0,,Neutral,Positive,Negative,ManualCheck
Astana,airport,Jack Sheldon,2006-11-02,Small ultramodern terminal Checkin was fairly efficient except for flatheads who queuejumped In the end I had to spread my elbows to get attention Businessclass desk not manned Unable to checkin bags or myself to connecting flights even on the same airline Theres not a great deal to do in the airport whilst waiting for flights Once airside all there is is a small bar In theory the terminal is non smoking though there is a separate smoking room but the whole terminal smelt of smoke most of the time I was there,0.0,,Neutral,Negative,Positive,ManualCheck
Athens,airport,Jan Peter Lundevall,2024-06-17,Positive Duty free areas upgraded to expected standard Access to public train to avoid cash gauging taxis Negatives Main departure area is often congested too small Lack of clear signage and thought out flow design Poor service staff process often cause delays,5.0,,Neutral,Positive,Negative,ManualCheck
Athens,airport,Martin Chapple,2024-04-29,Absolute disgrace at arrivals  passengers and just  staff processing passports Had to wait for ages Ours and so many peoples schedules messed up Positively third world,1.0,,Positive,Negative,Neutral,ManualCheck
Atlanta Hartsfield,airport,J Clark,2024-12-03,My wife and I both senior citizens arrived to the airport Wednesday  around pm on Southwest Airlines flight My wife required a wheelchair There was a shortage of staff to assist with the wheelchair therefore I offered to push the chair to pick up our baggage While backing my wife into the tramwaytrain the doors closed on my wifes legs and would not reopen Thankfully there were a couple of young male passengers who assisted me pry the doors open to free my wife before the train took off As soon as we got my wife in the doors closed and the train began to move jerking and stopping several times before finally began to move at a normal pace We were so nervous after this event it was hard to even continue to the baggage claim Asked a few employees for directions and they were not very helpful Finally one young lady employee was able to pointed us in the right direction with a smile One would think the train doors would have sensors that would open the doors if someone was trapped between them and would not allow them to close I still have visions of what would have happened if my wife had gotten hurt or the train would have moved while my wife was trapped between the doors To question  below Would I recommend this airport what is one to reply If this airport is a hub that people have to go through what are the options,4.0,,Neutral,Negative,Positive,ManualCheck
Auckland,airport,W Keale,2025-02-13,My flight to Brisbane was scheduled to take off at  am so I arrived at the airport at  am checked in my bag real quick and in  minutes I was queuing for passport control and because my passport is not one of the  privileged passports that are allowed to use the egates we had to queue for  minutes and we complete passport control we have to queue for security check at the same queue as everyone else So if a US Korean or New Zealand citizen arrives at the airport  minutes after I do they will still be passing security check before I do what kind of discrimination is this At least we should have our own security queue The suffering didnt end there we had to queue for  minutes in security control queue and because I travel a lot for work I knew the procedure i took out my laptop from the bag but surprisingly my tray was sent for manual checking by the way almost  of the bags went to manual check that is another  minutes queue wait and when it was my turn the inspector didnt even touch the bag like what she did with the others where she frisked all of them she told me that Im good and nothing is wrong here  why did you make me wait  minutes then Full mess slow staff poor screening process I have never seen such a horrible security and passport control queues than NZ airports Christchurch and Auckland,1.0,,Neutral,Positive,Negative,ManualCheck
Auckland,airport,P Hayward,2025-02-03,The worst international airport in the world We arrived back in NZ after three years away to this mess and national embarrassment The confusion starts after Customs at the bottom of stairs before baggage claim where two people are yelling at you to go two different ways based on if you are declaring something The baggage claim belts are so close to the bio security lanes that there is no room to get bags We then thought we were doing the right thing by declaring items what a mistake Waited nearly an hour for someone to put a sticker on passport then went into another queue and waited the same only to be put in a different queue again and cleared same as if we hadnt declared Overall it took us over  hrs after landing to clear the international terminal and we missed the bag drop time to our domestic flight so had to run with  suitcases to the domestic terminal and just caught our connecting flight by  minutes Extremely stressful disappointing and frustrating from a frequent traveler who has seen how great other airports around the world n make it work Auckland is the only airport Ive been in where there is no priority or benefit associated with being a New Zealander for processing its actually faster if you are not Will avoid this airport wherever possible in the future for family or business travel,1.0,,Neutral,Negative,Positive,ManualCheck
Auckland,airport,Charles Clause,2025-01-25,Dont even think of transiting here A complete national embarrassment I have visited more than  countries and there is nothing below this disaster of a place,1.0,,Positive,Negative,Neutral,ManualCheck
Austin,airport,Prabhat Telidevara,2023-04-17,Getting through security early in the mornings is a nightmare Very poorly managed Almost missed my flight It is necessary to have at least  of the  checkpoints open any time of the day,2.0,,Negative,Positive,Neutral,ManualCheck
Ayers Rock,airport,Alan Young,2023-10-15,Flying back to Sydney from Ayers Rock  Yulara airport On arrival expected it to be busy as two flights leaving close together Check in  a bit of a wait Then the fun started Security queue long and moving at a snails pace One scanning machine only which was bad enough but every time a bag or passenger had to checked everything stopped dead Lots of frustrated passengers Saw a lady in a wheelchair having the underneath examined with a mirror on a stick My wife swabbed for explosives and elderly passengers having their luggage turned inside out by the security staff Would accept this security overkill at a major airport obviously but a small outback airport full of tourists Really Thankfully will not be going back there in the foreseeable future,3.0,,Neutral,Positive,Negative,ManualCheck
Bacolod–Silay,airport,13 reviewsMichael Mejia,2017-06-22,Bacolod is a small regional airport in the Western Visayas region of the Philippines which is a short  minute flight from MNL Arrival is short and painless and even if I didnt check any luggage for this particular flight baggage was out in the conveyor even after my disembarkation through a rather short airbridge Departure was also pretty fast and straightforward The waiting area however was crowded hot and dirty Very few options outside of the very basic business class lounge to sit eat or have a drink,5.0,,Neutral,Positive,Negative,ManualCheck
Bagdogra,airport,Paul Harvey,2013-07-20,This is an old military airport which has only a few daily flights It has a restaurant and a souvenir shop selling souvenirs you are unlikely to want Security is tight and photographs are not allowed My bag weighed more upon leaving than arriving and the only way to resolve this problem was to quietly pay a bribe less than the excess baggage cost The toilets were smelly the seating areas both landside and airside were sufficient for the number of passengers using the two gates The airport is totally disability unfriendly There is parking nearby for more cars than the number of passengers likely to use the airport It is close to the centre of town,5.0,,Neutral,Negative,Positive,ManualCheck
Bahrain,airport,Vijayakumar Ravindaran,2023-09-26,Positive experience is Airport is clean Pathetic Hospitality service providing by the Airport staffs they are not understanding that they are for passengers Security check for  passengers single queue no one there to help the old people and expecting them to stand in the queue for  minutes Staffs attitude is very bad especially when they are directing the passengers they are using unprofessional hand signals Smile with the customer understand the need,3.0,,Negative,Positive,Neutral,ManualCheck
Baku,airport,S Sher,2021-06-22,I had a few issues with this airport The first issue was as soon as I entered the terminal after the initial security check They had  handsfree sanitizer dispensers right on the other side of security and not a single one of them worked I asked the security guard about it and he just shrugged and said they dont work Thankfully I carry my own hand sanitizer with me wherever I go so I was able to sanitize my hands After that I went to check in for my flight I had extra baggage fees that I needed to pay which I already anticipated They have one location that you pay for all excess baggage fees They were working extremely slowly and they were not able to accept an international VISA MasterCard or Discover Card All of them had travel plans on the cards so it had nothing to do on my side They only accepted credit cards local to Azerbaijan For being an international airport this should be an option to pay with an international credit card Then as I looked for more sanitizer stations they had many posted throughout the airport I found at least  more after I went through security Not a single on worked During COVID this should be one of the priority items to help minimize the spread of COVID at an International airport They did not have a single working sanitizer dispenser in the entire airport Then because of the issue with them taking so long to pay for the extra baggage fees I needed to quickly get to my departing gate because they didnt open the checkin process until two hours before departure instead of the three hours for an international flight that they are supposed to I went to the security check I was accustomed to use and I was then told after I got up there that that security checkpoint was not open and I had to enter through the other side of the airport There were zero signs showing that the security checkpoint was closed Normally this wouldnt be so big of an issue but because of the delays with paying for the extra baggage the plane had already started boarding and I didnt have much time My family and I had to run to the other side of the airport to go through the other security This airport is not very large but it still takes a little time to get from one side to the other especially when you are already late because of delays that were beyond our control We were at the airport four hours early and almost missed our flight because of all of these combined issues that were out of our control the security being shut down without notice the excessive delays with the baggage and them opening up check in  hours before flight departure instead of  that is stated This was a very frustrating and bad experience at the airport and much of it would have been eliminated if they just had these things in place that are common sense,3.0,,Neutral,Positive,Negative,ManualCheck
Baltimore Washington,airport,S Kaylen,2023-12-29,After arriving at BWI Airport around  PM from Detroit I had to wait for two hours after touchdown for the handlers to begin bringing out the luggage and my suitcase was not among those that arrived Upon enquiry at the Lost Luggage room I was told that the plane was too heavy so my suitcase which was not anywhere near being overweight had been randomly selected to be rerouted thrown off the plane to another airport It would therefore now arrive at  PM from Chicago Midway So I was given two choices wait at the airport till  PM for my bag to arrive or go home and wait two days for them to Overnight the bag to me via FedEX  Really how much extra fuel would it take for my normalweight suitcase to be included in the original flight I opted for the former option and prepared to settle in for a threehour vigil at the BWI airport At  PM I was at the conveyor belt that ground staff said I should stand at to wait for my suitcases They said the plane would be  minutes late And so I waited Eventually another showed up She was there to pick up her elderly mother who was on that plane from Chicago She expressed concern as it was the first time her mother was flying using a walker I would periodically check with ground crew if I was really standing at the right place They always replied with the same thing when the suitcases start arriving from Chicago they would be at belt  But it wasnt until well after  PM that I saw the belt I should be standing it was now Belt  The ground crew had not bothered to tell me about the change even though I was standing near their desk and in regular conversation with them The bags started rolling in and by  PM I was finally able to retrieve my suitcase When I questioned the ground crew about the delay they were very defensive and said that it wasnt as late as I thought because it took a long time for the plane to reach a gate and they count the delay from the moment it does so So there you are This was my unplanned adventure on December  I hope your experience with Southwest Airlines and the BWI Airport is better than mine has been of late,1.0,,Neutral,Positive,Negative,ManualCheck
Bandar Seri Begawan,airport,P Martin,2017-07-05,Delays expensive negligent rude unhelpful Partner and I were flying Royal Brunei to KK Kota Kinabalu from Melbourne our total transit time was  hr and  minutes However upon arrival we find our  minute flight was delayed  hours Thats  hours from pm to just after midnight in an airport where it is impossible to get any kind of fresh food  convenience store serving instant noodles and  cafe that had stale pastries and day old meat pastas Being a vegetarian there was nothing I could eat apart from  minute noodles from the airport convenience store On our way back I made the mistake of buying  bottles of whisky both gifts from KK International airport The duty free attendant despite taking note of my boarding pass into Brunei did not mention anything about alcohol confiscation in Brunei I thought being sealed in Duty free packaging would be fine However as we passed customs to transit for  hour the two bottles were confiscated with not so much as a Sorry Instead the service woman smiled rather rudely and asked for our baggage tag that was given to us upon check in at KK airport from Royal Brunei airlines Instead of taking time to explain why I had just lost over  AUD worth of goods she instead just told me to read the tiny piece of paper that was stapled under the baggage tag It read All items in excess of  ml will be confiscated in Brunei regardless of whether the items are purchased dutyfree from another airport or packed in tamperevident bags Please note that no airline shall be held responsible for confiscated items I could not find this information anywhere on the Australian customsborder control website At the duty free shop in KK I was not warned at check in the Royal Brunei clerk clearly said Here are your baggage tags not Here are your baggage tags and important information regarding carrying alcohol into Australia since you are transitting Brunei Morale of the long story Read every piece of paper you are given by airport and airline staff no matter how small And when stopping in Brunei airport take no chances with your duty free liquor or it is good bye money,1.0,,Neutral,Positive,Negative,ManualCheck
Bandung,airport,F Lakana,2019-09-26,Bandung Airport is a quaint airport in the middle of the city used to be the HQ of Indonesias domestic aircraft industry meanwhile nonexisting It served a number of domestic and international destinations and was a real asset to the city Then the government decided to build a grand new airport in Majalenka about  or so kilometres north of Bandung which had to cater for a growing population in the Bandung area and East Jakarta It was opened pretty much on schedule which is rare in Indonesia but in the middle of nowhere far away from current populations and with poor connections Since no airlines wanted to move there the government forced the move of  domestic flights from Bandung to the new Kertajati airport This included the popular Bandung Bali routes The result is that it now takes longer to get to the new airport about  hours than it actually takes to fly to Bali Some people now prefer to drive all the way to Jakarta for more choice and cheaper flights Efforts are made to reinstate some domestic flights in Bandung but that does not include the Bali route for the time being Overall such a shortsighted decision to move all these flights from Bandung to Majalenka So for as long as Bandung Airport remains an empty shell in terms of domestic flights I will have to give it a low rating,4.0,,Positive,Negative,Neutral,ManualCheck
Bangkok Suvarnabhumi,airport,C Markam,2024-08-24,Get your steps in at Bangkok airport And then rest up at the luggage carousel Extremely long walks to get from gate to immigration Then  mins wait for luggage Then  min wait for Grab taxi Just never gets better at this airport,6.0,,Positive,Negative,Neutral,ManualCheck
Bangor,airport,K Ashley,2012-07-09,There was one person in the whole airport who knew what was going on The rest of them were rude and clue less We missed our flight because they had  people working a very thorough security screening for a line of at least  passengers It took them so long that we missed our flight along with about  other people They are incredibly understaffed They ended up costing us nearly  extra to rebook our flight and didnt offer to pay for a hotel or anything Be thorough at security but have the staff to handle the passengers They also claim they called everyones names over the intercom Not a single person heard their name They said at first that we would not be able to leave until Monday two days later and that all flights were booked Luckily two people cancelled on a flight for the next day and we were able to board It was a nightmare to say the least,2.0,,Neutral,Positive,Negative,ManualCheck
Banjul,airport,N Stacey,2011-01-10,I have been travelling to the Gambia for a number of years now and the airport has declined in over the years The airport used to be a very friendly place to travel through but now major problems with long queues at check in especially What makes matters worse is they now charge you  for the privilege of it all when you leave the country and there were a lot of unhappy passengers on my last visit It can take between  hours just to pay the money check in and go through security in utter chaos The trouble is some of the flights are now to close together and this is a contributing factor,2.0,,Neutral,Negative,Positive,ManualCheck
Barbados Grantley Adams,airport,2 reviewsE Carmere,2024-03-14,It was a very unpleasant experience at Bridgetown airport while arrival was still acceptable the departure was a nightmare The counters for check in are opening later as the announced time on the tickets very long queue for security and no fast track however it seemed passengers from a particular cruise line with some  passengers from the UK did obtain priority Officers doing the security were extremely unpolite and very disrespectful shouting to passengers as a drill sergeant to recruits  give them a uniform and they all think they are important  Restrooms not clean at all boarding the plane was chaotic,1.0,,Neutral,Negative,Positive,ManualCheck
Barcelona,airport,1 reviewsT Russell,2024-10-24,Without doubt one of the worst immigration experiences you will get in Europe Under resourced and primitive is the only way to describe it Its not like flights arrive randomly These are international scheduled flights and they have amble ability to plan to resource If you are Non European be prepared for an arrival or departure nightmare Especially in the mornings when all US and Middle East flights arrive around the same time Its like Barcelona missed the digital revolution I love living in Barcelona but seriously considering alternative travel routes,2.0,,Negative,Positive,Neutral,ManualCheck
Bari Palese,airport,K Bertsen,2021-11-05,Bari airport security officers were extremely rude after politely asking for a hand check of my photographic film The way they treat you when asking something of them was very rude First they speak perfect English and all of a sudden they cant speak English and start ignoring you and making jokes to their colleagues about you The film I wanted them to hand check does  get damaged by the XRay bari uses So whats the problem to do a hand check,2.0,,Neutral,Positive,Negative,ManualCheck
Bari Palese,airport,Pawel Litwinski,2013-09-02,Arrival was perfect Departure  a different story chaotic queues people crowding everywhere Was given wrong boarding passes for my wife while my wife got hers had to come back and queue again Security did not find a  litre bottle of water in my carry on luggage Just one bathroom in service for the whole departure hall,1.0,,Positive,Negative,Neutral,ManualCheck
Basel Mulhouse,airport,M Hennig,2024-08-16,Plane is a few hours late as usual everything is filthy and there arent enough seats nor space so lots of people just sit at floor Charging opportunities for phones etc are sorely lacking in  and the place is quite unhygienic Ive flown quite a lot in my life and this has to be one of the worst if not the worst airports out there,2.0,,Negative,Positive,Neutral,ManualCheck
Basel Mulhouse,airport,Richard Richards,2024-06-27,This airport has to be the worst in Europe Not only does it have the least courteous staff in the Swissport staff at the desks typically French in attitude but the airport itself is dated uncomfortable and disorganised There is no or very little seating so people sit on the ground taking up corridor space Your food and beverage offering is minimal slow and abysmal for an international airport Your baggage handling system and technology is not fir for purpose as demonstrated on a recent flight that was cancelled to Copenhagen where it took you  hours to get bags off an aircraft that hadnt even left Your airports treatment of passengers on a cancelled flight was shameful and a total abdication of passenger care responsibility I would rather fly to Zurich and take a train than ever fly through your dreadful airport again The only positive area of your airpot is the Business Centre which I used for the second time Efficient courteous functional and professional The rest is a disaster,2.0,,Neutral,Negative,Positive,ManualCheck
Beauvais,airport,R.a2133Norcani,2025-02-03,There are no water fountains at the airport It is impossible to carry L of liquids per person They provide a transparent bag and force us to fit all liquids inside but it only holds about L I have traveled with L in at least eight different airports around the world including ORY and CDG in France where they either provide a larger bag or allow me to use my own Additionally the staff was extremely rude to us regarding this issue,1.0,,Neutral,Positive,Negative,ManualCheck
Beijing Capital,airport,Gary Colburn,2024-10-22,Vast airport and like Daxing not many people which made the whole experience fairly eerie Going through security took a while China is very much a surveillance state youre constantly being watched Shoppingfood options are limited staff not particularly helpful but this isnt unique to China,6.0,,Neutral,Negative,Positive,ManualCheck
Beijing Capital,airport,S Valderi,2024-06-06,I cant help but being disappointed at my experience with Terminal  at Beijing Airport I had two transits there on the way to and back from Japan once in the early morning am and once in the evening pm The terminal is large pleasant to move around and quite clean Water is free in paper cups which isnt always the same The negatives are many so Ill start with a big one the wifi is awful An absurd number of websites are blocked this being China but even those feel random Youtube is a nogo but Whatsapp works fine Instagram worked for my girlfriend but not for me Twitter worked on the first transit but not the second This might seem minor but the anoyance accumulates when youre left with nothing at all to do in an empty terminal Because it is empty food and shops option are severely limited with only one restaurant and one perfume shop being open when we were there even though it wasnt too late or early I was looking forward to buying a magazine in Chinese since Im studying it but those were nowhere to be found Food itself is fine but comes with a caveat the severe lack of meatfree options My girlfriend is piscitarian but even so we found all noodle dishes and sandwiches had meat youll just have to make do Going around the terminal youll notice a severe lack of plugs which are stingily doted out  at a time at specific spots Inexplicably at the end of the terminal a small decorated area has abundant plugs and armchairs to rest at odds with the rest of the place almost to reward those intrepid enough to drag their luggage so far away from everything else The above had left a pretty mediocre impression on my first transit but on our return it got worse as we had to interact with staff and services We had a  hour layover so we were planning on using a lounge to rest No such luck We were not entitled to Air Chinas Business and First Class lounges so we went to the Transit Lounge There the staff spoke hardly any English you had to book which was comical on several fronts First of all the whole airport was empty secondly Air Chinas website did not say booking was mandatory The website booking also didnt work The very expensive hourly hotel Full full all full It gave a strong impression that staff just couldnt be bothered to have English guests Near the fountain a sign read paid lounge so we took an elevator down there The stinky and mostly empty lounge sat brightly lit but staff was seemingly unaware of the sign outside and spoke even less English We then decided to ask the information desk which unhelpfully and again with very limited English sent us to the aforementioned lounges No idea why they wouldnt offer paid services A brief note on the use of English as I dont want to sound entitled I have studied Chinese so I could have attempted a conversation but after a long flight and ahead of a transit I was quite tired Plus with the broken wifi the dictionary was not available I think its quite normal in a space specifically designed to accomodate international travellers to account for English being spoken Even ignoring that and trying to use the giant tablet with map information its all in Chinese It seems a sign of general disinterest that little to no effort is made to have English options which surely is detrimental not just to travellers but to staff,3.0,,Neutral,Negative,Positive,ManualCheck
Beijing Daxing,airport,P Barter,2024-06-14,Arrived here from another city in China was amazed that its a Friday night and nothing is open No decent food just coffee shops You would think that airports know people travel on weird times and would like to eat something in between layovers What a useless layover,3.0,,Negative,Positive,Neutral,ManualCheck
Beijing Daxing,airport,Andy Wilson,2023-06-09,Big nice and clean airport But thats all The airport international departure is way too big the airport is very empty Checkin is very frustrating Travelled with Qatar Airways and always have had pleasant experiences with them Not at Daxing airport kg overweight for  person was an issue Needed to rearrange After that the checkin lady wanted to weigh the cabin luggage That was slightly overweight as well But she wanted to charge USDkg Although it is the airlines right never had this experience before with Qatar Airways She didnt want to issue the boarding pass until we cleared some stuff After some negotiations we said we will clear at the gate This frustrated the journey At the end they did not check anything at the gate The queue at the checkin counter was very long After queuing for a while we realised a separate queue for onlinecheckin Time wasted The signs were not clear and the personnel was not proactive to inform people You also need to do a health declaration arrival and departure But the machine at the airport is a joke and doesnt work most of the time The security check checks every inch of your body never had this experience as well They have to take a photo of you prior you clear immigration at the immigration and when going through security Every baggage you have they need to take a photo of you and the baggage For what Shops were closes in the evening after pm and hardly any food courts or restaurants Disappointing The connection to the airport is not so convenient high speed trains every hour or so from Beijing West Railway Station but the tickets need to be bought in advance Or metro but if you are coming from downtown you need to change metro couple of times Taxi would be an alternative Overall I would prefer Beijing Capital International Airport,6.0,,Neutral,Negative,Positive,ManualCheck
Beirut,airport,Andre Vogt,2020-01-31,Because of all the bad reviews I arrived  hrs prior to departure There was no security check to enter the building  you could just step in As I flew with Ryanair to Cypres EU passport I asked at the Ryanair counter if my printed online boarding pass is ok It was I was the only passenger to proceed the security checks at that time so I could just walk through Overall I was airside in  minutes and enjoyed the Cedar Lounge,10.0,,Neutral,Positive,Negative,ManualCheck
Beirut,airport,Shane Zouein,2019-08-14,Even though I am Lebanese and should proudly put a high grade for my national airport I cannot but curse the authorities and the staff there for the big mess created I came in  hours before my flight departure to Europe whereby I couldnt do an online checkin Coincidence that Europeans have blocked online checkin for Beirut I managed to miss my plane due to the waiting line at the first scanner  hours prior to my flight and I missed it No help from any security or staff to skip the line I feel ashamed by such incompetency,1.0,,Positive,Negative,Neutral,ManualCheck
Belfast,airport,P Mcdermott,2022-09-06,Toilets in baggage hall absolutely disgusting Smell of urine would have knocked you down no toilet roll or soap in dispensers and not a cleaner in sight What a welcome for any visitor to northern Ireland This problem needs addressed urgently,3.0,,Neutral,Negative,Positive,ManualCheck
Belfast,airport,M Stewart,2022-05-20,Saturday at pm No access to Lounge  second time this year Unable to get information from anyone re reason Food outlets appalling unhealthy over priced I was getting late flight to Nice and had hoped for relaxing experience Despite all the negative reviews there has been no improvement actually deterioration,2.0,,Negative,Positive,Neutral,ManualCheck
Belfast City,airport,R Burlen,2019-04-24,As a regular flier who flies at least monthly I have to say this is the worst airport I have ever experienced No facilities to print out your boarding pass at the airport unless you join the  minute long queue at check in despite it saying on their website that there is Completely unhelpful staff who ignore you and wont even answer a question unless they are shouting at you to do something Damaged my suitcase which fits perfectly within the guidelines on a sharp bit on their checking equipment and then tried to say my suitcase was oversize which it isnt and has been through the checks at numerous other airports with the same airline Seem only interested in profit and extorting as much money as they can whilst failing dismally at any form of customer service,1.0,,Neutral,Negative,Positive,ManualCheck
Belgrade,airport,pPmeli Swarnakar,2021-08-31,My journey was from London Luton to Tivat via Belgrade I landed at Belgrade airport at  am on th August  I had a checkin luggage which was supposed to arrive at Belgrade airport from Luton so ideally I should be collecting it after clearing immigration My time at immigration must be around  am after landing in a panel there were  young ladies the one who was attending me was not fluent in English she saw my passport asked my destination and without even listening told me to go to transfer desk In the meanwhile checking my passport she constantly kept on laughing with her female colleague while I was waiting for her to check my details and let me through so that I can take my bag and check in again She barely gave any importance and I was highly dissatisfied with her unprofessional behavior Have never seen immigration officers so unprofessional during their work Because of this lady officer I had to go to the transfer desk where I was supposed to check in with my big luggage but as I could not pick up my luggage I was told by the person in charge of checking me in there that she will take care of it When I reached Tivat on the next flight that flew on th August  from Belgrade I came to know my luggage did not arrive Next process of getting the luggage was horrible and I got my luggage  days after on nd August  My return flight was on th August  Never had such bad experience with any immigration officials,2.0,,Neutral,Positive,Negative,ManualCheck
Belize,airport,S Barton,2025-03-07,Unwelcoming airport with poor customer services It was a full flight from Houston and several of the passengers arrived at the boarding gate with the assistance of airport wheelchairsmobility support On deplaning in Belize we were held in a long queue for well in excess of an hour during which time there was no support for the passengers with mobility issues who were visibly uncomfortable Holiday makers choosing Belize amongst the dizzying array of destinations deserve a little more than the curt services given,3.0,,Neutral,Negative,Positive,ManualCheck
Belize,airport,2 reviewsMichele Austin,2016-03-11,Friendly little airport but no preferred traveler or TSA Precheck No public transit Taxi to Belize City is  US Forget WiFi No airport restaurants There are small duty free shops coffee shop with bakery and a few tourist shops with snacks for sale Duty free stores have many local rums at a cheap price Very uncomfortable hardwood seating The one pretend restaurant is a booth in the passenger waiting area Order overpriced cooked food then the order taker disappears Wait  minutes for scrambled eggs When it finally arrives the order is wrong and food is inedible No dining area seating,4.0,,Neutral,Negative,Positive,ManualCheck
Berlin Brandenburg,airport,Katharina Holzle,2024-12-02,Besides an airport that is not userfriendly designed too many stairs unfriendly environment the security check is an absolute nightmare And it is getting worse day by day Yesterday it took me  minutes to go through checkin because on Sunday evening they had only three checkin counters open I went to T and cut various corners otherwise it would not have been possible to reach my flight in time The only good thing about T is that you do not have to take everything out because at T I have experienced several times over the last weeks that they check everything in your carryon luggage They take Christmas cookies away they take presents away they are slow unfriendly and it makes me feel so ashamed to be a German because of this Its a disgrace for the German capitol All international travellers and Germans as well are embarrassed of the way they are working there If you can try not to use this airport,1.0,,Neutral,Negative,Positive,ManualCheck
Berlin Brandenburg,airport,Stephen Cooper,2024-09-13,We have used the new BER airport a couple of times and overall experience is subpar for a new airport The airport feels cramped with limited processing facilities that are not fully functional manned that results in some minor congestion and unnecessary delays Whilst being new the airport is not particularly pleasing aesthetically compared to other major airports As a capital airport it lags behind many other airports Changi Munich Hamad etc Should be much better The airport is quite well serviced by coach taxi and rail transport to the city and access for vehicle traffic into and out of the airport is quite well designed and functional,6.0,,Neutral,Positive,Negative,ManualCheck
Berlin Brandenburg,airport,1 reviewsSilviu Ursu,2024-06-19,Berlin Brandenburg BER is not probably is definitely the worst airport I have ever been in more than  years of flying all over the world It is an embarrassment to Germany with its stereotypical image of order organization and respect As many times the case things are not always as they are marketedsold but here the gap is truly wide In my ranking of over  airports Ive been at BER excels as the international airport with the most miserablerude staff I have ever had to deal with a definite  Probably never flying from here again,1.0,,Neutral,Positive,Negative,ManualCheck
Berlin Schonefeld,airport,S Warjenicz,2019-12-31,Terminal D is simply terrible No water fountain not enough waiting space gate  waiting area is in the middle of the corridor Departure information in the hall displayed on a single small tv My boarding started over  hour before my flight according to the departure screen Terminal would need some cleaning I hope they do security well at very least,1.0,,Negative,Positive,Neutral,ManualCheck
Bermuda,airport,Edward Impey,2009-06-28,The airport itself is fine easy to get to easy to navigate Your problems could begin with the surly and aggressive border control staff One officer actually offered to fight me because I used my phone in an inappropriate area They need to learn anger management and try and remember their wages are paid by the people going through the airport,1.0,,Positive,Negative,Neutral,ManualCheck
Berne,airport,Paul Van Alsten,2009-12-28,BerneBelp is a small but excellent regional airport It is currently connected to Orly with Air France and Munich with Lufthansa There is a bus shuttle upon each regular flight arrival even delayed flights travel time to Berne railway station is around  min A major problem is the heavy fog in winter  I have already been diverted to Basle airport twice,5.0,,Positive,Negative,Neutral,ManualCheck
Bilbao,airport,Marc Guillemard,2013-07-30,Flew to and from Bilbao Arrival was quick plane unloaded by Gateway The building looks nice and is clean The bad surprise was that we had to wait more than  minutes to see the first bag on the belt at a time we were the only plane arriving I find this unacceptable in big airports and even more in a small one Departure went well  coffees  breakfast facilities everything on time A pity we got stuck in a bus  minutes while the plane was at  minutes walk,7.0,,Positive,Negative,Neutral,ManualCheck
Billund,airport,Eveline Lau,2013-09-02,Travelled from HKG to FRA then to Billund for a business trip A tiny airport with insufficient facilities A serious lack of staff while they were not helpful at all already Self checkin machines available but not enough assistance at all Medium length queues but moving very slowly,3.0,,Neutral,Negative,Positive,ManualCheck
Birmingham,airport,N Dyer,2025-01-27,Honest to goodness its an embarrassment when you come from a developing country in Africa thats got their act together then you come back and you suffer the degrading humiliation of Birmingham Right from the drop off being over a mile from the checkin The departure lounge toilets not having seats or broken and the standard of hygiene I simply cannot understand how environmental health allow them to operate at all The duty free was three times the price of buying retail at the destination My one takeaway of the airport is to never use it again,1.0,,Positive,Negative,Neutral,ManualCheck
Bishkek,airport,John Middleton,2012-11-07,Small functional airport No frills Arrived at about am from London Not many passengers on the flight Everything went smoothly and we were through immigration baggage and customs in no time Once landside I realised my cell phone had fallen out of my pocket probably on the plane A member of the BMI ground staff called the plane who found the phone and brought it to me If arriving at Bishkek always make sure you are being collected at the airport by someone you trust and dont rely on taxis at the airport Check in on the return trip at about  am was trouble free if a little slow on account of no online check in for my Turkish Airlines flight and painfully sluggish check in and security check staff Travelled Business Class Dont expect much from the BC lounge Tired sandwiches and cake very limited choice of beverages and staff who were more interested in keeping up their conversation with each other to be bothered with the customers Overall the airport did its job Dont expect much and you wont be disappointed,6.0,,Neutral,Negative,Positive,ManualCheck
Bodrum,airport,Sharon Heffernan,2024-10-07,We departed from Bodrum Airport  decided to try  get some food Theres hardly any eating outlets  what there is are extortionate we looked at  chicken burgers but at  we decided against it bottled water was also expensive Surely lowering prices would encourage people to buy,2.0,,Negative,Positive,Neutral,ManualCheck
Bodrum,airport,Kevin Berghuis,2023-10-26,Very unfriendly staff almost aggressive Very slow check in  euro for cheeseburger and  euro for a coca cola  euro for a coffee Never experienced this before and we travel a lot I will never go there again Better go with Izmir airport,2.0,,Neutral,Negative,Positive,ManualCheck
Bogota,airport,Sam Mendez,2024-06-10,Everything was delayed staff were all over the place and not communicating with one another Im  and had to be pushed in a wheelchair Im not a small person I know that but for the staff to sit there and say Im fat was very inappropriate I was tempted to ask for her name and manager but like I said I had a broken ankle and I didnt have any fight in me to go back and fourth I just needed to get out of there  My friend had to push me around even though we had handicap service and she had to follow behind a worker who disappeared eventually Like I said before very unprofessional Another experience we had was at the ice cream shop The lady was refusing to serve my friend another flavor because we couldnt do that we need to pay more granted money is not an issue but she refused to serve her even after my friend told her to charge her I dont know if everyone was having a bad day or what but everything was made difficult Staff needs to be trained better and have hospitality,1.0,,Neutral,Positive,Negative,ManualCheck
Bogota,airport,Dario Lopez-Zadicoff,2019-11-16,hr queue at migration check Horrible service and respect for the passenger by the supposed to be the best airport in Latin America Besides cant conceive the employment of buses to arrive at the terminal,1.0,,Neutral,Positive,Negative,ManualCheck
Boise,airport,K Miller,2020-08-13,A young woman was ahead of me at the TSA line and an older grumpy TSA agent told her to put a jacket on because her tank top was pretty revealing There was nothing special or revealing about this tank top just your normal tank top that shows your shoulders as a tank top does The airport is not a private school or a church This man had no right to tell this poor girl to put a jacket on Who does he think he is The pastor of a church She probably felt so embarrassed and ashamed and had absolutely nothing to feel that way about He said it loudly enough that all of the people visibly turned around in line to look at her The TSA in this airport need sensitivity training This agent should be reprimanded He is not this womans father or authority figure in any way besides to check that she and everyone around her is making safe decisions to fly he is not the dress code police Despicable Its  women can wear a tank top if they choose to and absolutely nobody at the airport should feel that they have the authority to tell someone to cover up,2.0,,Positive,Negative,Neutral,ManualCheck
Boise,airport,M McManus,2012-10-10,The airport is a small regional airport However there is a nice souvenir shop and a decent number of places to eat given its modest size One thing you will see in the airport is life size cardboard cut outs of the famous Boise State American Football team the towns most famous export There is a bus link from the airport to downtown but when I went it appeared to be having serious delays A cab into downtown is not too expensive The queuing times are very quick as this airport never really gets too busy as it is small,7.0,,Positive,Neutral,Negative,ManualCheck
Bologna Marconi,airport,1 reviewsJ Mayes,2024-05-21,This might be the worst airport in Europe Ive traveled here twice  and  The gate area is a zoo People constantly climbing over each other to just find room to stand let alone sit The checkin and security are bad but not as bad as gate area I literally created this account to vent because I simply do not understand It is pure misery and adds stress to an otherwise wonderful trip to see family and friends in the region Airport management and regional authorities should be embarrassed about this Other Italian cities like Firenze have terrible airports too but I really cannot compare to Bologna EmiliaRomagna is one of the few regions with relative wealth in Italy which makes this more tragic Tourists come spend your money on rag and get back in your cattle vans and go away Whats worse is when you make comparisons to midsize cities in countries like Spain Mlaga Valencia etc which have less money but still have comfortable clean and wellorganized airports,1.0,,Negative,Positive,Neutral,ManualCheck
Bordeaux,airport,Gilbert Thompson,2024-05-29,After completing security we purchased food at the cafe only to find that there were only  comfortable chairs and these were dirty torn and old They need to be thrown in a skip There are  other tables which were filthy The floor was covered with food and debris I suggest the management team of this airport take a stroll out of their ivory tower and clean this utter disgrace  Then organise a proper eating area The management should be ashamed,2.0,,Neutral,Negative,Positive,ManualCheck
Boston Logan,airport,G Zach,2023-10-18,Born and raised in the Northshore of Massachusetts Logan is the only choice I have really when flying anywhere domestic or international My last experience at Logan was when I was traveling to Indianapolis with my partner to visit with his family back in July  Ive had both sides of the coin in terms of experiences with Logan over the years really good experiences here with nice staff everything being clean and organized to awful experiences where staff are rude the bathrooms are gross seating areas are dirty disorderly queues and more Both times going there ranged from fair to poor bathrooms need serious cleaning and the interior needs an update  it looks like some areas havent been swept or vacuumed in ages The gap between great experiences and worst experiences at Logan Airport is one of the worst Ive ever dealt with in my life I feel like I have been going to Logan at the best times and the worst times and it is the sharpest gap between good and bad that Ive ever witnessed The airport in Indianapolis on the other hand is way better way cleaner way more organized way more selections to choose from etc Logan Airport itself is not a bad airport but overall there is better airports out there Logan is in need of improvement though I wouldnt recommend it because there is such a sharp gap between the good and bad here you may get the really good or the extremely bad Better options out there Sadly this is my only choice to travel But to others beware You never know what you will get Logan is the most unpredictable airport youll ever witness Think twice,5.0,,Neutral,Positive,Negative,ManualCheck
Boston Logan,airport,I Schulz,2023-09-22,Very rude and insensitive security staff Checking in the luggage was kind and quick But then the security check I forgot a little handkerchief in my pocket The security staff and the female officer was so rude I apologized and went to put it back in my pocket The female officer was yelling at me to keep it out and things I didnt understand I didnt know what to do and what they wanted me to do It is not right to expect that everyone in the world speaks und understands perfect and fluent English Specifically at an airport you cant expect that The staff should be kind and understanding But they were rude and insensitive Speaking as fast as a high speed train and I didnt understand Worst experience at a airport ever The female officer seems like she was thinking she is something special because of her uniform Seems like they see every person as a criminal Very bad experience The staff should have further education in kindness and sensitivity or they shouldnt work with customers and human,3.0,,Neutral,Positive,Negative,ManualCheck
Bourgas,airport,Jacqueline Baldwin,2018-06-25,Beyond belief I hope this was just an unfortunate twooff experience as we had a lovely holiday in all respects with the exception of arrival and departure at Bourgas Airport Arrival  am  massive queues extending to the outside of terminal building waiting for staff to open up Passport Control Queued for  minutes after which  staff yes only  came on duty to process us through by which time other arriving flights had joined the queue On eventually reaching the manned booth attitude of staff member was most unpleasant Departure  arrived at airport am and again massive queues accumulated for Desks  Situation was not helped by incorrect desk checkin information being displayed for other flights to join our queue Queued for  minutes outside in hot sun then another  minutes inside a stuffy unairconditioned area Security  all I can say is that I have never encountered such arrogance and rudeness Please dont think this is typical of Bulgaria as it is not Hotel staff and locals were all very hospitable and I would like to return but do hope that airport staff are given a much needed customer relations course I know we Brits are renowned for our orderly queues but there is a limit to our patience and if they want to encourage tourism to their country get they need to get their act together,1.0,,Neutral,Positive,Negative,ManualCheck
Brasilia,airport,Rob Brook,2012-08-21,Arrival from Lisbon  long queues for nonBrazilian passport holders at Immigration and then again at Customs after baggage pickup Only one person checking everyone from an A plane it took over an hour so decided not to line up but sit down and wait it out At least there is a small shop to relieve the tedium Bring a good book Plenty of taxis outside to take you into the city Mine was metered so the fare was as expected Departure on an internal flight to Sao Paulo Check in was rapid and lines at security not too bad But eat outside in the pleasant concourse before you go through security There is only one small snack stand that we could find on airside and the seating area waiting for the transfer bus is small and crowded No wifi either Essentially many parts of the airport seem not to have expanded with increased traffic How this airport will cope with the crowds attending World Cup  can only be imagined,3.0,,Neutral,Positive,Negative,ManualCheck
Brasilia,airport,G Villela,2009-04-08,The apparent discrepancy in previous comments is easily explained The BSB terminals quality is strikingly different between the boarding gate area and the presecurity one The latter is really nice The citys highaltitude tropical climate makes for amenable temperatures almost all year around and makes air conditioning dispensable in the wide open entrance area which is a really pleasant place Checkin is usually fast and efficient except on late Thursday and on Friday because of the already mentioned busy traffic of Congressmen and their aides going to home states there is a fairly complete shoppingmallstyle food court with many options including movie theatres good shopping with not only the usual luxuryitem style but also plenty of those lastminute simple essentials Once past security however things change It wouldnt be bad were it not for the fact that the boarding gate area was simply underdimensioned for the traffic it gets Pray to get a jetbridged gate because the ground level boarding area for bussed remote positions is very small and can be really chaotic at times Arrivals are usually fine though  enough conveyor belts and luggage arrives fast enough to ensure a quick turnover Signage could be better on arrival and transit areas Transportation is indeed a problem  the buses mentioned are regular urban buses with no space for luggage and are infrequent Taxis are really expensive but are mostly the only practical choice But a lightrail line is planned for the next couple of years and that should improve things a lot,3.0,,Neutral,Positive,Negative,ManualCheck
Brescia,airport,Dave Stanley,2010-04-19,This is a fairly small but modern airport that is taking a lot of charter flights for winter sports holidays Often small airports give very good service compared to the large well known international airports Brescia does not On our arrival the queue for immigration extended outside the building almost as far as the aircraft we had arrived in Luckily the weather was kind to us Baggage reclaim was somewhat chaotic On the way out we were delayed by  hours The airport has minimal facilities and we were provided with a fairly awful sandwich and had to wait in the crowded entrance hall Checkin queues were long Airside there were next to no services and not enough space Overall a very poor experience,2.0,,Neutral,Positive,Negative,ManualCheck
Brisbane,airport,John Martin,2025-04-02,Worst airport I have ever experienced Two custom agents to check the passenger declaration form with the queue out to the baggage carousels Took over a hour just in the queue The airport needs a total revamp in everything Terrible shops and food Went to the Information desk to ask for directions by train to Sunshine Coast and was served by the most sour faced lady Would have been nice if she had got off her mobile phone to help me,3.0,,Neutral,Positive,Negative,ManualCheck
Brisbane,airport,N Keen,2024-09-24,Flew in to domestic disembarked down steps to ground level then had to climb steps to terminal Once at international had to check in through an agent as self service didnt want to know Held up in screening with others due to a flashlight Went to gate to be told you cant sit at the gate you have to find somewhere else Brisbane air terminal isnt the worst Ive been to but given time theyll get there,5.0,,Negative,Positive,Neutral,ManualCheck
Bristol,airport,L Thomas,2024-10-26,NOT A CUSTOMER FRIENDLY AIRPORT Its a shame I couldnt give no stars or minus stars The airport is a joke you have to walk miles and miles I clocked up  miles today I was dropped off the bus from the plane you have to walk upstairs There is no lift then you have to walk for an eternity to get to the baggage carousel I felt really sorry for anybody that was elderly Or has a little bit of problem walking why didnt they put in travelators Like they have other airports Car parked in the silver zone costs a fortune I wasnt aware they move your car after you parked it Dropping the keys off before your holidays is easy its not so easy getting them back yet again another queue with those stupid upanddown tapes Only two people and a very long queue Only one person per party allowed to pick the keys up the rest have to stay outside What happens if its raining Do they just get wet And when you have to walk miles to get your car from where they have parked it there are no covered walkways In the UK it rains a lot Do they just expect everybody to get soaking wet,1.0,,Neutral,Negative,Positive,ManualCheck
Broken Hill,airport,T Maddern,2016-12-11,Broken Hill Airport is a small country airport which is functional  no security screening no business lounges no baggage carousels no wifi etc The airport is a  minute drive from the Centre of Broken Hill and its  second walk from the car park to the check in counter There are toilets a shop to purchase foods and gifts which opens when flights are arriving and leaving and in general the airport is clean and tidy There is no charge for the car park and rental cars can be collected right outside the front door Broken Hill Airport handles REX flights to and from Sydney Adelaide Dubbo and Mildura,8.0,,Neutral,Negative,Positive,ManualCheck
Broome,airport,2 reviewsSue Main,2019-10-06,Cute little airport arrival  baggage a little slow but no real drama departure organised bag drop no issues till security The rudest female security officer I have ever encountered I fly all over the world  times a year my crime forgetting my phone was in my back jeans pocket yes stupid Yes annoying for them I accept that totally but the way I was spoken to was disgraceful There was no need  Id already apologised she was just so aggressive and rude You would have thought shed found a grenade in my pocket  shame as departure lounge lovely barcafe staff  everyone else lovely Give this woman a job in a high security prison  she would be perfect Employing her in what is a holiday airport she needs a bit of re training in customer care yes we are customers not inmates,8.0,,Neutral,Positive,Negative,ManualCheck
Brussels Zaventem,airport,Angela Chen,2025-01-02,After clearing security with my items and my toddler I had to wait almost  minutes for my buggy to be cleared It seemed they did not have enough personnel to be running the security line and checking buggies Luckily we arrived at the airport with  hours to spare because during the passport queue we noticed only one airport personnel for the All passport line Even though I had a US passport we were funneled into the All passport line We waited almost an hour in line for our passports to be checked The one personnel who was checking passports left her spot and left a few people in line with no replacement Since the passport queue took so long many of the passengers on our flight were delayed The captain announced that we would wait an additional  minutes for the passengers due to a long passport queue line Therefore we were then delayed and sitting on the tarmac Why is there only one personnel for the entire All passport line if there are at least  possible cubicles The airport seemed understaffed and the personnel who were there seemed unhappy What is happening in Brussels airport,1.0,,Neutral,Positive,Negative,ManualCheck
Budapest Ferihegy,airport,R Hallam,2024-12-21,All the bars and main restaurants shut at pm along with the coffee shops and WHsmith The staff at all  were rude and we forced to buy drinks from the grab n go which were warm due to the fridges being broken Its ridiculous airports should be here to make your journey more enjoyable not shut down and make you sit doing nothing for an hour or more I would have thought they wanted my money but clearly not,2.0,,Neutral,Positive,Negative,ManualCheck
Budapest Ferihegy,airport,M Lorincz,2024-11-01,The Vat tax line is extremely long We waited close to  hours and barely made our flight Others in line behind us had a  hour wait Many people gave up in order to make their flight Is this long wait necessary Or can it be avoided Chaos Confusion Misinformation Unhelpfulnonexistent signs I get the feeling we are being discouraged from applying for the refund Shame on you,2.0,,Neutral,Negative,Positive,ManualCheck
Budapest Ferihegy,airport,M Lorincz,2024-11-01,The Vat tax line is extremely long We waited close to  hours and barely made our flight Others in line behind us had a  hour wait Many people gave up in order to make their flight Is this long wait necessary Or can it be avoided Chaos Confusion Misinformation Unhelpfulnonexistent signs I get the feeling we are being discouraged from applying for the refund Shame on you,2.0,,Neutral,Negative,Positive,ManualCheck
Budapest Ferihegy,airport,T Hule,2024-10-24,There are no Lufthansa selfservice checkin kiosks which are a standard in most international airports Instead one can stand in long queues if needing to print a boarding card,3.0,,Positive,Negative,Neutral,ManualCheck
Buenos Aires,airport,M Shaw,2020-02-18,Very clean airport and great lounges However prepare to be ignored if you dont speak Spanish Check in queues are pathetic and need review Modern display boards work well but show random and irrelevant times Staff are very unfriendly and not able to help with anything,3.0,,Neutral,Negative,Positive,ManualCheck
Buenos Aires,airport,Duncan Wood,2020-02-15,Very surly  unfriendly staff Incredibly long ques at check in and security You need to arrive at least  hours prior to departure in order to arrive at the departure gate Mostly unclear announcements on PA and very little English used,2.0,,Neutral,Negative,Positive,ManualCheck
Buffalo,airport,S Danes,2023-10-29,Getting through this airport was such a breeze our home airport is Pearson which is insanely busy We were able to apply for TSA cares for our autistic family Tameeka helped us from start to finish of security and was so warm and thoughtful in helping us navigate their first time through Highly recommend using this service if you have a family member with disabilities We applied for the same program at Orlando and no one helped us the staff were rude and the lady guarding the family and disabled line tried to turn us away Thoroughly disappointed especially compared to Buffalo We will definitely be flying out of Buffalo in the future,10.0,,Neutral,Positive,Negative,ManualCheck
Buffalo,airport,Seth Dobso,2018-10-30,Security gave bad information on where to pickup Megabus This is a chronically late bus service and security knew they werent giving good info Its not marked in the bus area The whole situation is sketchy I never got to take my trip lost a lot of time and some money on a chilly morning Really had it with these people thanks again for keeping us safe,1.0,,Neutral,Positive,Negative,ManualCheck
Buffalo,airport,12 reviewsHung Nguyen,2018-10-13,This airport is a small airport with a simple design There are not many shops as well as restaurants Therefore there are not many things to do at this airport The line before the checkin counter of Delta Air Lines was not too crowded,5.0,,Negative,Positive,Neutral,ManualCheck
Bujumbura,airport,A Sharma,2013-10-29,The most basic airport I have been to Having been brought up in Burundi and been travelling there and back to the UK over several years I think this airport has gone downhill Many years ago this was an exciting airport People could see you off from the observation balcony but gone are the days My dad wasnt even allowed into the airport to see me off Airport staff will make your life hell just to say your last good byes to family My Kenya Airways flight to Nairobi was slightly delayed coming into the airport due to a power cut I have never experienced anything like it My arrival into the airport was just as bad with airport staff wanting to open all bags and wanting bribes in order to keep things Thank god my family had airport entry passes which meant we werent left short changed In all honesty I would still recommend as its just a crazy yet brilliant experience,5.0,,Neutral,Positive,Negative,ManualCheck
Bujumbura,airport,D Stanley,2010-12-16,This is a very basic and small airport Facilities are limited Most parts of the airport are covered but are not air conditioned relying on natural ventilation Mosquitoes could be a problem at some times Fortunately there are not too many staff hassling for your money baggage reclaim was reasonably efficient No real problems departing Again there are very limited facilities There are a couple of shops selling the usual tourist fare and expensive bottles of alcohol The barcaf is not bad but is overpriced   for a simple snack The business lounge is nothing more than a room with a TV,2.0,,Neutral,Positive,Negative,ManualCheck
Burbank Glendale Pasadena,airport,J Segal,2008-01-30,Enjoy flying in and out of BURvery easy compact airport it is my preferred LA area airport There about  times a year If you rent from the correct car rental no need for buses you can walk right out to your car The only bad aspect is time Car rentals do not open for returns if you want a receipt until am and security does not open any earlier Flew out yesterday and by the time I returned the car and got through security they were already boarding my flightwalked directly onto the plane Not such a terrible thing I guess,4.0,,Neutral,Positive,Negative,ManualCheck
Burnie Wynyard,airport,G Wilson,2008-03-14,Small NW Tasmanian airport with flights to Melbourne  Tasmanian destinations Neat  tidy with easy checkin  baggage collection Small cafeshop  enough seating for size of aircraft using airport Not a bad little airport,4.0,,Neutral,Positive,Negative,ManualCheck
Cairns,airport,Kelly Futuk,2023-03-24,I was traveling with my  months old baby of course I need to bring some water for the long flight I didnt mind the security they checked the water and my bags But the security officer lady was so rude she sounded like a police officer talking to the criminal Asked what was my water bottle for and told me I cant touch my bag I just carried my little baby to travel and I had been treated like a offender Cairns airport security is the worst airport I ever seen Once again I didnt mind they asked me any questions check everything they needed but please be nice and friendly If they want to treat a passengers like a criminal please be a police or they get the job in Karen restaurant,1.0,,Negative,Positive,Neutral,ManualCheck
Cairo,airport,D Graham,2025-02-01,This has to be the most inefficient airport Ive experienced Countless security checks Very limited seating which resulted in having to sit on the floor The cigarette smell looms everywhere in the airport,1.0,,Positive,Negative,Neutral,ManualCheck
Calcutta,airport,O Lloyd,2003-11-26,Calcutta Airport has come up to speed in the recent years and its about time too I only used to fly into CCU because it was the closest International Airport to Orissa and cut my journey time by a day However it was always a tiring and bothersome task fighting my way through the immigration and baggage handling policies they seemed to practice  slow slower and at one stage stop Flying in wasnt too bad  on a good day I could be off the plane and in a taxi within the hour depending on the carrier However departing from CCU was a chore  Immigration then check your baggage tags to bags then Passport Control then a small tussle with Security and Baggage Check then finally the what seemed like a mile hike to the plane However those days are gone if you fly in with BA  they insisted on a proper Gate being constructed and it is now up and running Much to my delight its just a hop and a skip to the plane and then youre on your way Yes you still have to grapple with Security and Passport Control but the last three times I have flown intoout of CCU I have been spared the ordeal of searching for my bags and tallying them up with my ticket tags,0.0,,Neutral,Positive,Negative,ManualCheck
Calgary,airport,S Jaye,2024-10-15,Security is the absolute worst we have experienced Flew all the way from Armenia and had a delay necessitating an unscheduled overnight in Calgary Stopped the next day at security b and scanned our bags Security checked manually and questioned a liquid  they claimed that honey sugar solid mass was a liquid We insisted it was not they asked us to open the sealed container and put it upside down to see if it was liquid and we complied and sure enough it was solid Then told us  oh well its a liquid Manager insisted it was a liquid even though its a solid They took it saying it was a liquid No problems at Yerevan Tbilisi Frankfurt or Charles de Gaulle But Calgary has an issue  Staff not reasonable at all and terrible attitudes All other staff volunteers and airline staff we encountered were fantastic,3.0,,Neutral,Positive,Negative,ManualCheck
Canberra,airport,J Zeil,2023-12-01,Another review from  complained about the wifi well Dec  its still useless Cant connect to flyCBR  noone to get assistance from Qantas cant help Not good when youre now expected to do everything online Limited  very expensive food choices of course  airports have got a captive audience But what do you expect when the people the airport wants to encourage are all members with privileges others dont get The rabble are to be tolerated not encouraged,4.0,,Negative,Positive,Neutral,ManualCheck
Canberra,airport,B Lewis,2022-09-25,Love arriving in Canberra perhaps the exit sign could be more obvious though but it is so easy Loathe exiting though I have never not had a problem I am elderly female and I found it a tad offensive to publicly strip to my undershirt as apparently cardigans are a security risk and I was requested to remove mine I found this embarrassing I did remove my coat but seriouslycardigan Then my knee was an issue with their body scanner and I had to be patted down there My husbands ankle likewise I have travelled extensively and I feel Canberra staff are too aggressive and over zealous Perhaps they dislike the elderly as the young bloke in front of me was wearing a huge bulky jumper but that was OK There is no consistency between Australian airports what is ok in Melbourne is not ok in Canberra I think I will take some calming medication next time It is way too stressful Or maybe the manager can man up and watch to see what is going on,2.0,,Positive,Negative,Neutral,ManualCheck
Cancun,airport,J Aguilar,2024-12-18,hour to get through customs upon arrival Our block had  agent serving our line compared to  agents per other blocks Additionally we had the handicapped line flowing into our block We tried to plead with staff that just walked around aimlessly around the blocks but they would just say that they cannot move customers from one block to another as that is against their policy One of the customs agents event threatened to take my passport Fortunately one of the agents listened from another block otherwise we would have spent another  minutes waiting On my departure Jairo a TSA agent tried to take our food He also removed sardine containers that actually came with us from the US saying they were liquids and took a frying pan that was light stainless steel per TSA only skillets are not allowed,1.0,,Positive,Negative,Neutral,ManualCheck
Cancun,airport,Brian Watling,2024-12-10,Without a doubt the worst airport I have had the privilege to use in over  years Arrival Terminal  Off the TUI aircraft via the air bridge and been able to find the TUI reps at the other side were the only good thing about the arrival process Once off the airbridge you follow the signs for passport control and then you hit the queue which then took over  hours to pass via the immigration officers who were only interested in talking to their partners has they were working in pairs which meant half desks were closed and there seemed to be plenty of officers standing around with hands in their pockets doing nothing apart from watching the queue growing Then we got to the front of the queue and the young female officer had never since a Latvian passport before and had go to show her supervisor has she thought it was a fake OK not many Latvian go on holiday to Mexico so another  minute delay while she checked the passport with the boss Then on to baggage reclaim at which some one who must have very if not no experience had decided to put  TUI flight on one reclaim so you can imagine the chaos with the baggage from  Boeing s on one carousal Any staff standing around doing nothing even when the TUI duty manager was trying to get the problem sorted Has it appeared that the baggage unloaders had decided to put the luggage the carousal of last aircraft to land first and the first to land last  Once we had collect the luggage we were off to join the queue at customs the officer who we met at the front of the short queue asked about Electronic Goods and Cigarettes Tobacco Vapes and we were waved on past the sniffer dogs who had a sniff of the luggage and we waved on to the xray machine other were waved on to the other longer queue for the luggage to be inspected by officers Once though the xray which was very quick on to finding the reps just outside the terminal and nearly  hours later onwards to start our holiday Departure we had major problem with the check in staff who claimed the cases were overweight we had a kg allowance for hold luggage but according them each case was kg over despite the tickets showing kg So the TUI rep tried to explain but to no avail it would appear the baggage handlers were refusing to handle cases over kgs so the cases had to be repacked with kg been taken out and put into carry on cases Security was a quick process and we were airside within about  minutes but I did have special assistance which I need due to a sprain which I got whilst on holiday Boarding was fairly quick and painless,1.0,,Neutral,Positive,Negative,ManualCheck
Cape Town,airport,L Walton,2025-01-12,Airport staff sleeping and sitting in charging booths meant for Travellers Why are these staff members not working Bad management Please see what can be done to make the experience better,3.0,,Neutral,Positive,Negative,ManualCheck
Cape Town,airport,Z Kears,2022-08-20,I arrived at Cape Town International Airport and had to wait for my baggage almost  minutes This was a local flight from JNB to CPT This is not my first bad experience of the same nature in recent weeks,4.0,,Neutral,Positive,Negative,ManualCheck
Caracas,airport,Richard Conduit,2008-06-17,Caracas airport despite many improvements still has a very long way to go to be thought of as anything more than adequate The mad tax system where you pay to get out A rather surprising total of six separate search points The woeful queues at Immigration both inbound and outbound The lack of a covered walkway between International and Domestic terminals The constant unwanted attention from taxi touts and money changers,2.0,,Positive,Negative,Neutral,ManualCheck
Caracas,airport,E Bernal,2005-08-23,I have flown into Maracaibo via CCS twice this year both Air France and after both experiences I have to remind myself to fly via Aruba next time even with the extra  EUR of flying KLM AMS Aruba The reasons  All European flights arrive around the same time so you can imagine the line at the immigration counters Of  desks on both times there were only  open First time we queued for  hours and the suitcases were waiting outside next to the belt The second time we risked missing our connecting flight so an officer kindly let us skip the  hrs queue at the time we got on the line The international and domestic terminals are not connected so when transferring it takes a  min walk and carrying your suitcases under a devil sun You are not allowed to take the trolleys out of the terminals so the option you have unless you carry it yourself is to pay for a porter I dont know how much it is since we decided to carry them ourselves Be sure to cool off later on as the AC is barely noticeable inside the terminals Domestic terminal same chaos as international Upon departure make sure to check in as soon as it is open  same immigration queues We were almost the first ones checking in and it still took us more than  mins to get through immigration I must say however it is being remodelled and the new international departure area before entering secure zone has a nice food court incl Subway and TGI Fridays Among others I have flown into Nigeria via Lagos and I must say Caracas is the worst airport I have ever encountered and will avoid it whenever possible Departure tax is also more expensive than when flying out directly from Maracaibo nice small international airport,0.0,,Positive,Negative,Neutral,ManualCheck
Cardiff,airport,Parvin Begum,2019-08-18,The service there was horrible we waited so long to check our luggage and when we did we had  kg extra which we shouldnt have had they didnt inform this information to us and kept the luggage and they charged us  and when we said we would minimize the weight of the luggage They charged us this amount for only  kg and it was only  luggage they didnt inform us and took the luggage we clearly said we could take things out to minimize the weight but they said too late We didnt know it weighed more but we even asked if we could lose the weight but they didnt listen Overall because of this I do not think this airport is really good and in the future I will go to a better airport I do not recommend this airport to anyone and would highly advise people to stay away,2.0,,Neutral,Positive,Negative,ManualCheck
Cardiff,airport,Martin Livesey,2019-08-08,Tried to book  weeks parking in August Nothing available This is an airport that is trying to increase passenger numbers but they have not even got enough parking for the low number of passengers they have got at the moment Rubbish service they need to put someone in charge who knows what they are doing I checked the same dates at Bristol   options available Wonder where I will fly from next time,1.0,,Positive,Negative,Neutral,ManualCheck
Cartagena Rafael Nunez,airport,G Nuelo,2023-08-12,This airport is the worst I have seen One waiting room for all passengers This one waiting room would be the size of a waiting area of one gate at an established airport for one airline But all passengers are here with about four main doors that lead passengers outside onto the tarmac and mechanical scissor steps to the aircraft doors A small cafe inside the same waiting area that has a small selection of burgers and empanadas as snack food  One small duty free shop adjoining the checked in passenger waiting area almost the same size as the waiting area No stores or food shops in the main entrance to the airport and no places to sit  Long slow lines upon arrival through immigration About  minutes to clear half of the passengers on my Jetblue flight One blaring loudspeaker in the waiting area all the time that you cannot even hear when your boarding zone is called,1.0,,Negative,Positive,Neutral,ManualCheck
Casablanca,airport,2 reviewsH Allen,2021-01-01,Ive flown to Casablanca Mohammed V airports  times a year for years now and this airport is a disgrace Its in serious need of modernization Immigration lines are sometimes very slow I had to wait  hours one time for my arrival to be processed all while my family was waiting to pick me up Hope the authorities do something to improve the main airport of the country,4.0,,Negative,Positive,Neutral,ManualCheck
Chandigarh,airport,S Reddy,2020-11-18,On  I was going to Chandigarh All my journey was good but in the end at the time of exit at Chandigarh airport gate one man was supposed to do the thermal checking I simply asked him if he could take my body temperature on my hand in place of my forehead I dont know why he started being so rude,2.0,,Positive,Neutral,Negative,ManualCheck
Changsha Huanghua,airport,Liam Moulton,2018-12-23,Very poor for an international airport Firstly I saw Thai Lion Airs checkin desk and queued only be told I needed to go to a different set of desks for the Utapao flight because I was in the queue for the Bangkok flight which made no sense because both flights were operated by Thai Lion Air I therefore had to queue up again which was annoying After clearing immigration at around pm half of the shops and catering outlets were closed You expect this very late at night but not early in the afternoon Also it is not clear how to connect to the Wifi The only plus side is queues were fairly short at immigration and the terminal was clean and modern,3.0,,Neutral,Negative,Positive,ManualCheck
Chania,airport,Ani Badham,2019-09-29,Worst experience Ive ever had at an airport We were laughed at for trying to find something we forgot on the plane by the arrivals staff The most unhelpful staff I have ever encountered anywhere,1.0,,Neutral,Negative,Positive,ManualCheck
Chennai,airport,Aadithya Balu,2023-05-13,Very Poor Maintenance of toilets and Cleanliness The airport didnt even deserve to a domestic arrival Foreign nationals actually hesitate to step into restrooms or touch the walls The Air conditioning is also so low and baggage receiving time is taking minimum of  hours In such a case Tamilnadu can never promote tourism having so much of cultural spots like old temples and architecture The toilets directions had not symbols if they are not able to read English they cannot go to the restrooms The international standards are not maintained anywhere including the people communication skills,1.0,,Neutral,Negative,Positive,ManualCheck
Chiang Mai,airport,F James,2019-02-26,Chaotic lack of facilities and no departure board all make for a less than rewarding experience Incomprehensible announcements and general chaos No soap in toilets No ATM or decent food  avoid this airport if you can,2.0,,Positive,Negative,Neutral,ManualCheck
Chicago Midway,airport,R Tim,2020-12-29,Generally a good airport but considering the covid this place is an operational mess The new security and system for wheelchairs is at a very low level Customers with ADA accessibility is thirdclass they simply are not equipped to handle these travellers Lines are not clearly marked and wheelchair patrons are left to figure it out on their own Security is mismanaged no room for the chair itself No seating once you get through security to get reset after going through the lines Additionally bathrooms are a disaster no working soap during covid Who is in charge of operations at Midway they are not doing the job No one is cleaning or sanitizing anywhere Be aware this management doesnt care they make it look good in the photos but actually come here and try to be safe its nearly impossible Why dont the touchless hand sanitizer and towel machines work Looks like cheap equipment to me they are either empty or the sensors are poor Very disappointing and wish Midway would be more serious about being clean stay away if possible or try OHare,1.0,,Neutral,Negative,Positive,ManualCheck
Chicago O'Hare,airport,B Elizabeth,2024-10-15,Security checkpoint staff Unfriendly not helpful and very rude Traveling can be overwhelming and having employees that can so easily and audaciously be so rude is disconcerting,3.0,,Neutral,Negative,Positive,ManualCheck
Chicago O'Hare,airport,Jakob Hansen,2024-08-30,Super arrogant and not helpful security staff Cannot imagine going through security check not being able to understand english The staff I encountered was the worst person ever,3.0,,Neutral,Negative,Positive,ManualCheck
Chittagong Shah Amanat,airport,Peter Ingram,2017-01-17,This is a soso International and Domestic Airport I have used the International section  times in the past  yrs Firstly Regent Airways is always late opening their lines for international flights to Bangkok and you have to rush Upstairs you have the customs and security Not too bad can be slow sometimes but otherwise you get through There are no shops and for Business Class passengers there is no lounge facility if there is it is never open On arrival it can also be a quick check through security slow computers etc but staff are nice in the foreign passport line Bags are quick but no priority bags first all come at once and then you have to join the queue to put your baggage through a screening area to exit the airport No buses or transport available unless you have arrange pick up from your hotel But there is no problem with the airport,7.0,,Neutral,Positive,Negative,ManualCheck
Chongqing Jiangbei,airport,N Han,2019-04-30,It was the most favorite airport I mean was and I am writing about terminal  But today I am waiting for my flight which departs at H  gates and there is no place to eat at all Just Starbucks and Chinese cafe Before I used to eat and wait for my flight in Burger King but just a half month later suddenly fence appeared So there is no food in Starbucks write now no shops with products and I realize that I still need to wait  hours my flight and then spend hours in the plane Why just one month ago there wasnt a fence and now people cant eat anything except Starbucks waiting for a flight from H and G gates And I am sure many flights are more than hours Now its like a prison  no place to go in a huge airport,7.0,,Positive,Negative,Neutral,ManualCheck
Christchurch,airport,P Hayle,2025-01-10,The airport has room for improvement particularly around security Long delays and the attitude of one of the officers was so rude it was almost comical Think Mr McKay out of the s UK TV sitcom porridge and you get the picture Give them a uniform,5.0,,Neutral,Positive,Negative,ManualCheck
Christchurch,airport,M Ross,2024-02-28,Once you have completed check in at the airport  the international departures should also be open  very bad organisation Instead of having queues of passengers waiting to go thru it would be seamless to have them go through straight away Perhaps the coordination between check in  airlines international departures needs to be sorted  easy just talk to each other Or perhaps management need to learn a out time management Without passengers travelling no one would be employed Most other international airports do and have this all sorted except CHC,5.0,,Neutral,Positive,Negative,ManualCheck
Cincinnati,airport,H Mitchell,2018-10-12,Why does it take  minutes to get bags at the baggage claim for a flight that arrived at  am Are they so busy with the one flight that arrived at that time Absolutely unacceptable,1.0,,Positive,Negative,Neutral,ManualCheck
Cincinnati,airport,J Johnson,2018-06-29,I fly from CVG CincinnatiNKY International Airport frequently for business and pleasure My airport experiences are typically normal with few issues with the exception of the departure traffic attendants They are extremely rude and unprofessional They yell and do not give you adequate time to drop someone off and pull out of your parking location There is no need to be unprofessional and unfriendly I would not recommend this airport,4.0,,Positive,Negative,Neutral,ManualCheck
Clark,airport,J Busch,2018-08-06,This must be one of the worst airports in all of Asia Endless queues and waiting required for everything From the airport entrance security and baggage X ray queue to the check in queue then it goes to the terminal fee queue why cant the  Pesos be included in the tickets then the immigration queue followed by the security check queue Then the boarding passes and passports are checked again before passengers are herded like cattle to the departure hall Philippine travelers also have to pay a travel tax of PhP before being permitted to check in Thats another  minutes wasted The entire process takes a good one hour if you are lucky It also extremely inconvenient and nerve wracking to do this more so when traveling with children and infants The airport is not clean toilets are dirty and staff do not smile except the immigration who were very friendly There are no branded shops or restaurants available and no priority queues for premium passengers Staff at the sales booths appear lethargic One size fits all  welcome to the airport from hell Clearly this airport was not designed with any kind of customer experience in mind rather with a process driven approach which is a complete nightmare Clark airport has a long way to go before it can provide passengers with a departure experience from the Philippines which is worthy of an established international standard,1.0,,Neutral,Negative,Positive,ManualCheck
Clark,airport,K Gavino,2018-06-10,Clark Airport is well secured and accommodating for passengers and there are plenty of seats provided in the predeparture terminal There are also small food stalls for the passengers who can fill their tummy while waiting their flight to depart,9.0,,Negative,Positive,Neutral,ManualCheck
Cleveland,airport,A Wil,2024-07-21,I fly a decent amount for work so I have gone to the TSA in a lot of airports in the USA yet somehow Cleveland TSA seems to go out of their way to be rude obnoxious and slow This last time they confused a portable monitor for a tablet and got annoyed at me for their ignorance and said I had four laptops I had just one laptop for work and a small tablet I have been the TSA at BNA ATL GSP ORD SFO ONT MKE and Monteray MEX with the same gear this year without a problem Yet Cleveland TSA has got to be obnoxious about it The Airline ground staff at Cleveland has always been amazing especially with Delta and United friendly helpful and present in my opinion they make up for a lot of the facilitys shortcomings,5.0,,Neutral,Negative,Positive,ManualCheck
Cleveland,airport,Tom Mack,2023-04-20,Parking is inadequate and chaotic understaffed Late inbounds flights frequently have no gate crews so you get in late then wait even longer Very user unfriendly,3.0,,Neutral,Negative,Positive,ManualCheck
Cochin,airport,Rekha Jaypal,2023-08-09,Rude immigration staff Today i was really irritated with the unprofessional and rude behaviour of the immigration staff He wanted me to provide a copy of the ID proof of the country which I reside in I had provided the soft copy  issued by the govt which is accepted in all airports  Not all staff are rude but there are some characters like this who spoil an otherwise good airport,1.0,,Neutral,Positive,Negative,ManualCheck
Cochin,airport,Rishima Saxena,2023-06-18,This is the worst airport in India I have been to so many airports but never have I been asked to wait outside I then decided to go to Marriott for dinner they clearly mentioned come by  and we shall allow you inside When I came back it was  sharp Then they changed the rules as per their convenience If I was  hours early for check in due to circumstances I had to come early and they asked me at night to wait outside After coming inside my airline which was supposed to leave at  didnt even start checkin which should be done at least  hours prior to departure I couldnt even go to the lounge A lady was peacefully sleeping at the counter The entire staff were rude as if we were asking them their kidneys I have never in my life had a terrible experience as such Im never going to visit this airport ever again Better to take a train or a bus where you can sleep instead,1.0,,Neutral,Positive,Negative,ManualCheck
Coffs Harbour,airport,A McNicol,2011-05-15,Functional adequate satisfactory are descriptions that come to mind Unlikely to offend but not memorable,3.0,,Negative,Positive,Neutral,ManualCheck
Coimbatore,airport,12 reviewsPrayash Giria,2016-01-07,Small and borderline useless Arrivals is straightforward  plane  bridge  escalator  baggage claims  exit Being a small airport baggage arrival is quick Departure is still housed in the old terminal which is damp poorly lit has bad shopping and little food Thankfully its efficient so charging points work and there are enough seats to be had Bus boarding is on the same level as waiting and bridge boarding is in a set of brightly lit corridors on the floor above All in all an adhoc renovated airport that remains small town,3.0,,Neutral,Positive,Negative,ManualCheck
Cologne/bonn,airport,Jan Van Laer,2023-12-20,Most dreadful experience ever Missed our European flight with  seconds due to a security queue of  hours Very impolite and unfriendly staff Never again,1.0,,Neutral,Negative,Positive,ManualCheck
Cologne/bonn,airport,R Stacey,2023-05-13,Car hire drop off and bag drop off was seamless and extremely quick However there was a crazy queuing situation to get through security The line snaked through the terminal just to get to the boarding pass check point  where only one checkpoint was open The long queue then extended to get through security In all it took us  hrs from the point of joining the queue to clearing security We had arrived early so were not delayed but it would have been very stressful if it had made us late the airport staff claimed they could not get anyone through any quicker There was also a lengthy queue for the fast track line albeit not as long as the main queue Mitigations were the staff were very amiable and the queue kept moving albeit slowly Recommend factoring in at least an extra hour to clear security andor paying for fast track,4.0,,Neutral,Positive,Negative,ManualCheck
Colombo,airport,N Beale,2024-01-14,Everything here is slow disorganised and so old fashioned Its like they dont care about bringing this airport up to date Lines are long staff are slow inefficiency all round In the toilet is a sign saying toilets are free Didnt stop a cleaner asking me for money The room after yet another security check you wait to board is inadequate  poor ventilation not enough seats no water no toilets no communication re delay nothing For a country known for hospitality this airport has none I cant recall a worse airport Sad really,2.0,,Negative,Positive,Neutral,ManualCheck
Copenhagen,airport,Forgacs Jozsef,2025-02-03,For a sophisticated and civilized country like Denmark Copenhagen Airport is a real disappointment Sure it is large and modern but one gets the impression that the comfort and amenity of the passengers was the last thing the designers and operators considered To begin with there is a real shortage of places to sit while waiting for your connection There are broad corridors all over the airport but they are all lined with stores and restaurants as if taking the last euro from your pocket was far more important than providing the basic facilities that travelers need Throughout the airport hundreds passengers were literally sitting on the floor Some of the seating provided consisted of hugely uncomfortable angular objects as if the message was dont just sit here go and spend some money There is practically no seating available inside the checkin lounges where old frail and pregnant travelers are forced to stand for up to  minutes before being able to board But perhaps the most worrying feature the disdainful attitude of staff to travelers We were booked on a Ryanair flight that was seriously late and the holding area was chockablock with waiting passengers for over an hour As one of us had an operation and could not stand we decided to wait just outside the checkin counter until the holding pen started to empty To our shock and surprise we were denied boarding by a very arrogant and aggressive checkin clerk despite the fact that over  passengers were still queuing to get onto the plane Obviously the checkin clerk wanted to go home and closed the flight before everyone had a chance to checkin she next called the airport security who showed not the least interest in solving the problem Subsequent complaints to the airport and Ryanair were brushed off and we were forced to spend the night at the airport and pay for a flight next day This is the kind of thing you might experience in some of the worst airports of the world but Copenhagen I think the airport needs to urgently review its priorities hugely increase seating accommodation place traveler comfort and amenity above saturating the place with duty free shops and most of all get rid of airport personnel for whom travelers are just a nuisance,1.0,,Neutral,Negative,Positive,ManualCheck
Cork,airport,A Stewart,2017-03-07,Overall I dont mind Cork airport in itself Its the security screening that annoys me every time I commute from ORK twice per  days and Ive done this the past  years The problem is the security staff Rude distant and talking to you like youre  years old As youre not allowed to pick up trays by yourself youre always waiting with your hands full of items to screen separately laptop liquids shoes etc I aways place the items anyway on the counter in front of the security officer Standing there with my shoes off and on the table and everything laid out before him he doesnt even look at it but states loudly do you have any liquids or laptops This happens every time Last week I was asked to remove my shoes I work in the airport in Oslo so Ive purposefully bought a pair of Chelsea boots without metal in them and I ask why Because I need to see your ankles Im wearing a skirt with tights and dont see the need but I comply because I know not to argue with security personnel The two business men behind me were wearing leather shoes and suit pants that could fit an extra pair of legs in them but they dont have to show their ankles for anyone Thats Cork airport security staff for you,5.0,,Neutral,Positive,Negative,ManualCheck
Cotonou,airport,Hans Van Gaever,2011-08-01,Actually more of a bus stop than an airport There are no facilities besides a pharmacy and getting through security is pure horror The whole thing simply looks as if it hasnt had the slightest bit of maintenance since the day it was built,1.0,,Positive,Negative,Neutral,ManualCheck
Cotonou,airport,A Stroh,2010-06-07,Modern facade entry and checkin ok though crowed when large planes are scheduled However behind the easy border post it gets worse Only restaurant rather a shabby bar before the security check No refreshment facility after the slow security So dont go to the airport too early though the airline will urge you Its terrible to sit more than an hour on very uncomfortable seats in the departure hall if any available or in the bar European airlines have their own security check before boarding Arrival is chaotic and terribly crowed if arriving on a larger plane particularly at the baggage claim Be prepared to fight you through to the belt while receiving some elbow checks and bruises Friendly staff,2.0,,Neutral,Negative,Positive,ManualCheck
Coventry,airport,K Hammond,2007-03-31,Flew from Coventry for the second time We found the trick was to check in and then go to the caf across the road before continuing to departures Theres nothing there but a little shop and toilets Watch out if theres  flights as the limited seating can fill quickly with full flights No problems with the baggage or staff Return flight was cancelled however due to inappropriate landing facilities at the airport due to the bad fog Small airport good in general but could do with some major improvement if theres going to be a big passenger increase,0.0,,Neutral,Positive,Negative,ManualCheck
Crown Point Tobago,airport,L Joslin,2014-06-16,Flying in to Tobago airport you will find minimal facilities with xray or your baggage being the norm youll wait a while for your cases The experience when flying back out was underwhelming The check in area is outside the main building in the heat long queues and staff who are happy to chat to eat other mill about and lack any kind of customer service Youd expect that departures is open all the time Nope Again you have to wait outside with no aircon  just a ceiling mounted fan just outside the entrance  and wait until the staff decide theyre readybothered to open The best I can say is that the grunts of communication were followed up by pointing at what you needed to do and where to go Appalling and very slow The departure lounge itself has air con but the plastic seats part of the airport upgrade are shockingly uncomfortable If you want duty free shopping youre limited to a small shop about the size of a single bedroom with vodka rum and a few bits and bobs a perfumesoap shop and souvenir stall with tshirts keyrings and beach bags There is a small counter area where you can buy drinks and snacks this is not Costa You may be sad to leave Tobago but the airport will encourage you to get on your flight,1.0,,Neutral,Negative,Positive,ManualCheck
Crown Point Tobago,airport,J Hutchison,2009-04-05,I have used Crown Point airport  times over the last  years and each time I return I pray the airport service has improved Unfortunately this has not been the case Customer Service remains a missing module from the staff training I can only imagine that much training is dedicated to being rude and unhelpful to the weary travellers The security staff appear to be on a mission on to be as difficult possible searching everyone irrelevant it the metal detector beeps or not And the words please and thank you devoid from their vocabulary On my last departure from Crown Point and it will be my last two international flights were due to leave within  hours of each other The duty free had no cigarettes and the alcohol was extremely limited The cafe charging inflated prices had no sandwiches and were ill prepared for the demand Two staff took  mins to serve one person with  bottle of water The ladies toilets has three cubicles and a queue to match a bank holiday sale in Harrods I strongly recommend the management of Crown Point visit somewhere like Thailand to see how you can be efficient and polite Crown Point International Airport I think not Good luck if you use it to depart from you will need it with lots and lots of patience,1.0,,Negative,Positive,Neutral,ManualCheck
Crown Point Tobago,airport,L O'Shea,2009-02-27,Arriving at the airport was quick and easy However trying to leave the island is difficult is not extremely unpleasant The few shops in the departure lounge were closed when we got through customs Even though we had plenty of time and were the only  people waiting they would not let us go downstairs and get any food or water They were rude and made it perfectly clear they were annoyed with us On top of that they kept telling us to stay on one side of the departure area Just make sure you get whatever fooddrinksouvenirs you want before going upstairs to the departure gate,1.0,,Neutral,Positive,Negative,ManualCheck
Crown Point Tobago,airport,Michael Goebel,2008-07-26,I flew into and out of Crown Point from Frankfurt once flew out of of Tobago to Trinidad and on two other occasions tried to do just that without success The airport is very small mostly handling flights from and to Trinidad There are very few amenities inside but most of the crucial ones on the concourse just outside ATM fast food etc The staff at migrations and customs upon arrival was friendly and helpful but flying from Crown Point proved an utter nightmare on two occasions While international flights are handled relatively smoothly the staff dealing with the shorthaul Caribbean Airlines trips to Trinidad was exceptionally incompetent and unhelpful Several flights were cancelled and at no point were passengers informed of this fact Time and again long queues formed at the checkin counter which none of the about ten people standing behind this counter believed necessary to attend for three  hours When asked to provide even the most essential information on which to base a decision staff would still not inform us about the cancellation of the flight In the end we spent one entire day at this airport without being able to fly By far the most shocking airport experience I have had in many years of travelling compounded by unbelievably rude and unqualified staff My only advice is to take the ferry when travelling from Tobago to Trinidad,1.0,,Neutral,Negative,Positive,ManualCheck
Da Nang,airport,C Sears,2023-01-08,Appalling Food was exorbitantly expensive more so than any international airport I have ever visited I felt like a cow being milked for money during my final hours in this beautiful country What a disappointing end to my time in Vietnam Security staff were extremely rude and inattentive Long painful lines manned by a a single security checkpoint kiosk all other security kiosks were not staffed A number of tacky souvenir stores that all sell the same products at rip off prices Dirty toilets as well Make sure you eat and do anything else that may cost you money before you travel to Da Nang Airport The international terminal made me feel like I was being scammed,1.0,,Neutral,Positive,Negative,ManualCheck
Dakar,airport,6 reviewsB Stauffer,2017-01-26,Dakar airport has not changed in the last  years still a big untidy mess with busses to go to the planes On arrival same old passport booths you better speak French but they have started to take finger prints and pictures like in all other African airports the capturing of biometric data is totally useless as anybody can get into the country by driving through the desert or bush On departure finger printing again on a machine that has not been cleaned for months  disgusting A new airport has been built km outside of the city but they will only open it when Senegal has a national carrier,2.0,,Neutral,Negative,Positive,ManualCheck
Dakar,airport,Ingvar Backéus,2007-02-05,Fresh breeze with a smell of seaweed that you might experience when you leave the plane You will then probably end up in a long slowly moving queue for the passport control still dressed in your muchtoowarm clothes from Europe Last time we passed there the area beyond the passport control was crowded and rather chaotic To pass quietly the customs control without any checking was therefore not so difficult Travellers not used to African conditions will probably also find the taxi drivers quite difficult to handle have an appointment with somebody beforehand if possible On departure the main difficulty was to find the right counter otherwise it went smoothly Anyway the Senegalese seem to be aware that the situation is not the best possible for a new airport is said to be underway We flew Air France As Delta Airlines has a codeshare on this flight one would expect checkin staff to have some knowledge of English but that was hardly the case Should not Delta Airlines demand that their customers can be served in English,0.0,,Neutral,Negative,Positive,ManualCheck
Dalaman,airport,Jude Price,2023-11-11,Arrival was very good no fuss at all Bought duty free cigarettes which were very well priced booze ended up being cheaper in UK sadly The departures though is just incredibly stressful I cant stand security at the best of times but its so over the top here I do not know if its the norm for the turkey but the checks before boarding the aircraft were incredibly panic and anxiety inducing They make you feel like a criminal and do drug swabs all over you and your stuff I will also mention the prices are criminal and you should  avoid spending any money inside this airport Water and food is cheaper on the plane,3.0,,Positive,Negative,Neutral,ManualCheck
Damascus,airport,Paul Harvey,2010-06-16,Our late night arrival was surprisingly easy to manage After a coached journey to the terminal some planes use jetties it was straight into the immigration hall currency exchange immediately on the right which had a couple of lanes for non Arab passports The lines moved quite quickly and we were soon into the baggage hall where our bags were waiting Customs took no interest and one is soon landside where there is an ATM one of a small working number in Syria a Currency Exchange and minor shops We were met on arrival so I cannot comment on ground transport arrangements but there did seem to be numerous taxi drivers seeking fares There are many worse airports throughout the world most of which are major airports,3.0,,Positive,Negative,Neutral,ManualCheck
Dammam Port,airport,11 reviewsO Saab,2017-04-16,Worn out airport stuck in the early s Used this airport for a domestic departure and was disappointed at the overall appearance of this airport Toilets were very old and filthy Airbridges were old dark and depressing The airport had some good retail outlets but it definitely needs a major overhaul in terms of infrastructure and services,2.0,,Negative,Positive,Neutral,ManualCheck
Darwin,airport,1 reviewsBlair Porter,2017-04-11,Darwin Airport is a small to midsized airport It has limited food options during the off peak times of the day but is sufficient enough There are plenty of seats to wait on before boarding and the maximum time taken through security is about  minutes,8.0,,Negative,Positive,Neutral,ManualCheck
Delhi,airport,P Kavel,2025-03-03,A connecting flight on this airport was one of the most anxious and terrible experiences of my life I initially boarded Air India Flight on Jan th in EWR USA but the flight was delayed by  minutes or so due to inclement weather snow and with another half an hour spent getting of the plane in Delhi it didnt leave me with much time to catch my next flight Air India to Mumbai  I would have to personally collect my luggage get it through customs get through all the security checks even though I had a connecting flight both Air India the Delhi Airport staff refused to get the bags to the final destination Even this would have been fine if all the staff had given me a proper answer on time because some told me that I didnt need to do anything while others told me If I dont collect the luggage myself I will lose everything So in order to save my stuff I went through all the process very slow lines most of the staffs just walk away for no reason even if there is a huge line at their station Getting through all of this had left me with only few minutes to board my plane so in a hurry I forgot my handbag at the security checkpoint and ran all the way to board the plane  and got on the plane at the last minute Only after getting on the plane did I realize that I had forgotten my Handbag at the airport So I reached out to Lost  Found Department countless times few calls every day for every week sent them all the details they asked for etc but no answer or response agents always delaying the process telling to call later or call at this time etc I followed all that but nothing until the very last week of my stay in India that they provided me with a Bag Number  saying theyve found it but they said they cant mail it or send it to me I would have to personally come collect it in Delhi Airport This would have been fine had they told me a week earlier while I was still in India then I would have been able to solve this issue and get my stuff back,1.0,,Neutral,Positive,Negative,ManualCheck
Delhi,airport,Sarah Thomas,2024-10-30,I travel a lot internationally and the overly complex chaotic unhelpful militant and unfriendly atmosphere has been experienced each time I fly into Delhi There are no airports that compare to it in terms of its chaotic endless overly redundant processes While flying in from Chicago we stood by the baggage carousel for  hours  without explanation Many passengers missed their connecting flights including me I therefore had to buy a new flight for the following day as my flight insurance would not cover Delhis inexplicable delays No explanation no apologies no interaction at all from staff Its basically survival of the fittest so be warned In transit to Rishikesh India after visiting Nepal after  security screenings the last redundant screening required I unpacked and unwrap all of my healing sound bowls bought in Nepal Not only did the ridiculous request undo complicated packing the security guard seemed to take great pleasure in making the process difficult I had to deal with him for an hour for no good reason The one Indian who spoke to me with a hint of kindness asked me what my impression of India was so far Unwelcoming,1.0,,Neutral,Negative,Positive,ManualCheck
Delhi,airport,Lyndsey Brasseur,2024-10-24,Every employee except one was rude dismissive and completely unhelpful We paid for a hotel stay at the airport since we had a long layover Airport staff were making us stay in a certain area with no explanation as to why We explained to one worker that we were currently paying for a hotel and he was the only one who seemed to care or try to help Others barely gave a response and put their head down as to ignore us and hope we go away They kept insisting we needed a different boarding pass in order to go through security however when we finally could go through the boarding pass we had was fine The security personnel was picking her nose before touching me and did not even say when she was done or that I was free to go She just walked away without saying a word After making it through security other workers we dealt with were very rude We changed our seats at our gate and I said thank you so much a couple of times with literally no response from the worker Overall horrible experience No organization or order and very rude workers,1.0,,Neutral,Positive,Negative,ManualCheck
Delhi,airport,R Kasri,2024-09-09,Terminal  has the worst system by GMR for security check Long long queue No support no guidance  Big harassment even after reaching before  hours  Authority should take care  improve the services asap,3.0,,Negative,Positive,Neutral,ManualCheck
Denpasar Bali,airport,A Vincent,2024-11-15,Arriving is smooth and easy Just really annoying with everyone trying to sell you stuff and trying to scam you with taxi rides Departure is a different story The airport staff was insanely rude both from the airlines as well as the security cleaning staff was very friendly I wanted to assist my mom for checking in as she doesnt speak English but my flight was later that evening and they wouldnt let me assist her to the checkin counter The airport separates all check in counters and airline assistance counters from the shopping area but still before passport and ticket control which I have not experienced in any other airport This makes it impossible to assist people or to contact the airline in case of issuesdelayscancellations I would not recommend this airport at all in general Indonesian airports Bali and Lombok and a lot of other islands are great but the airports are amongst the worst to use It also took h to check in the luggage for a flight They processed  passenger every  minutes which is incredibly slow,3.0,,Neutral,Negative,Positive,ManualCheck
Denpasar Bali,airport,Mario Beaulieu,2024-01-21,Waiting time is unacceptable Staff was the slowest and most arrogant Ive seen Joke Visa on arrival  minutes Immigration  hour Get your clearance  minutes Out of airport  minutes,2.0,,Positive,Negative,Neutral,ManualCheck
Denpasar Bali,airport,Nick Bitel,2023-08-21,The airport itself is fairly new and therefore well maintained with lots of shops and restaurants as well as ample seating However customs and immigration were incredibly bad and look  hours to clear We only made our flight because after much complaining they decided to allow nonIndonesian passport holders to use the air crew line,2.0,,Neutral,Positive,Negative,ManualCheck
Denver,airport,Lyn Matthews,2023-11-05,English is not the first language here Announcements in English are at the end Isnt Denver still in the US Airport seats are low and hard very uncomfortable and not enough charging stations Bathrooms arent properly stocked and trash is overflowing A lady was vomiting with the stall door open and a worker walked in and didnt pay any attention Arent they supposed to report that Airport is dreary and you have to walk forever to find food If there was a reno they need it again Looks worse than when I was here  years ago I will try to avoid this connection for sure oh and my layover is  hrs today Not a good Airport for that,2.0,,Neutral,Negative,Positive,ManualCheck
Denver,airport,Judy Susak,2023-10-25,Where are the restaurants I have an hour and a half between flights my departure gate is  gates from my arrival gate The closest actual restaurant is  gates in the wrong direction and none of the moving sidewalks work Im over  years old Im not going to run My only other choice is notgreatlooking vending machine sandwiches at  Several Gates away the one near my flight is closed at  pm,1.0,,Neutral,Negative,Positive,ManualCheck
Dhaka,airport,I Reddy,2023-06-18,Dhaka airport is a terrible airport it could probably handle a  deboarding but with s and s at the airport its just too crowded baggage takes more than an hour to arrive immigration takes forever HSIA really needs to improve with Biman Bangladesh airlines expanding with s As s,2.0,,Neutral,Positive,Negative,ManualCheck
Dimapur,airport,12 reviewsPrayash Giria,2016-01-08,Tiny airport stuck in the dark ages No night landing and the only flight into the airport regularly gets cancelled Very gloomy place to be stuck in with little information One shop one cafe selling expired packaged food beware and one TV set You simply walk between the terminal and the plane Baggage arrival is simply a large hall with a conveyor belt Best left for passing through this place,1.0,,Positive,Negative,Neutral,ManualCheck
Djibouti Ambouli,airport,Adam Norten,2021-06-14,I was trying to board my flight Ethiopian Airlines flight ET  Djibouti to Addis Ababa on June  at  I arrived early at the Djibouti airport I got my boarding pass printed by an Ethiopian Airlines employee  Next a Djibouti airport security man said my Covid certificate had been printed on the wrong shade of blue paper I looked and compared my certificate to the other passengers certificates who were with me in line Their covid pcr certificates were exactly the same and they were on the same color and type of paper as my certificate At this point I suspected that I was in trouble  I was being singled out for harassment for some reason They told me to take a taxi all the way back to the Boufard Medical Center hospital in Djibouti city to get a new covid certificate  Then I asked an Ethiopian Airlines employee to help me at a kiosk I asked how much the taxi was going to cost They would not tell me But they told me I had to hurry very quickly and rush and that my flight to Nairobi was leaving soon  They said dont worry its only  minutes away  I told them I had been to the Bouffard  hospital  times  before and I knew it was further away than  minutes  They got me a taxi driver I kept asking how much it was going to cost I even asked in French how much  combien  he said dont worry its ok  I said i am very worried I know you are going to want a lot of money from me  The Airport security said I had to go with this taxi driver I did not have a choice I tried to get the airline people to help again and they said dont worry it would be ok  I said the driver and security were going to cheat me When I got to the Bouffard Hospital in Djibouti they laughed  because they said nothing was wrong with the original Covid certificate that they had issued me They just printed the same covid certification form for me again I have photos  I said that the airport security had told me that the certificate had to be printed on a darker shade of blue paper The hospital called the airport and I was just told to return back to the airport now Sure enough the taxi cab driver now wanted  US dollars to take me back to the airport He had only driven me  minutes to the hospital and then back to the airport  I said no i wasnt giving him  USD and I jumped out of the taxi in the middle of the street with my bags I was then in a very dangerous situation in the streets of Djibouti with my bags fighting with the taxi driver  Then he told me it was ok and I had to get back into the taxi  Then the taxi driver said he only wanted  each way I tried to jump out of the taxi again with my bags and leave him in the street and call a different taxi but there werent any pulling over for me I was in a bad neighborhood   We finally made it back to the airport At the airport i tried to give the driver  worth of Djibouti money for driving  He threw it back in my face I walked back  to trying get back into the airport to try to get help I argued for a very long time with different people at the airport The Airport Security man said it was my fault for being stupid and not getting the price from the taxi driver before I left the airport  I told him I did ask the price multiple times to the driver before I got into the taxi and he refused to tell me the real price They made me open my bags They ended up getting USD off of me,1.0,,Neutral,Positive,Negative,ManualCheck
Djibouti Ambouli,airport,19 reviewsLaurent Charpentier,2017-08-26,Arrival at  am with Qatar Airways we were  passengers so no queue on arrival Departure only  desks to check in without any airconditioning so we had to wait a little bit We had to pay  FDJ in cash for airport tax and the boarding gate was only big enough for an A  full Cleanliness Djibouti style No food nor shopping near boading gate,4.0,,Neutral,Negative,Positive,ManualCheck
Doha,airport,Jeroen Mutsaars,2023-07-27,I would absolutely avoid Doha at all costs Its so big now that simply getting from gate to gate is a lengthy exercise and one of my flights still involved a bus ride Inadequate seating unfriendly staff even in the Qatar business lounge its not good enough I will be looking for a different route to take my regular journeys between the UK and Jakarta,2.0,,Neutral,Negative,Positive,ManualCheck
Doha,airport,Bernard Stauffer,2023-04-15,The ratio Qatar aircrafts vs available gates is very small I was travelling business class Geneva to Johannesburg with a transit in Doha of  hours The plane coming from Geneva was parked away from the terminal and a bus for business class passenger was waiting The drive from the aircraft the terminal lasted a good  minutes It was followed by a transit security check that took  minutes in the dedicated business class lines totally unacceptable the web site says no security checks for passengers from safe countries but I do not think that Switzerland is dangerous I headed for the lounge where entry was denied because my connecting flight was boarding at the far end of the airport,1.0,,Positive,Negative,Neutral,ManualCheck
Dortmund,airport,T Basereva,2025-03-30,Absolutely horror experience They let you wait in the queue for more than hour with  months old baby without stroller We asked twice if we please can go to the front and they told us  we dont do this here you need to be in the queue In the security they obliged me to take out every single toy from My back pack and touched it,1.0,,Positive,Negative,Neutral,ManualCheck
Dortmund,airport,K Nozadze,2024-03-19,Terrible Security at the airport behaves like all the people in the queue are terrorists All the airports are now much more relaxed Europe is going to cancel the rule of ml liquids and everybody knows that Now in Dortmund you have to take all the items that resemble liquid and run it through the scanner again Why What additionally can they see in the clear bottle of perfumes In the water bottle A sealed pack of razor blades is confiscated Seriously A water bottle can not be emptied in the toilet next to security You have to be escorted to the arrival go through the gate empty the bottle and then go through the security again Nice I can understand that all this can be explained by the strict rules simply followed by security personnel Then the rules in the airport have to be changed Boarding Gate   is a tiny room with  people packed in it Not enough seating for sure Boarding started and all  people were moved to the airfield waiting to get into the plane for  minutes in the cold Also nice Public transport The only viable option  airport express which costs  euro reasonable but not part of any transport system so no other tickets work although some tickets are good for ANY transport in Germany I guess Dortmund from now will be last option when selecting arrivaldeparture airports in Germany,1.0,,Neutral,Positive,Negative,ManualCheck
Douala,airport,Michael Powell,2016-12-11,I arrived at and left from Douala airport twice in two weeks As Central African airports go its not too bad But if you are only used to big international airports its not much fun If you are arriving on an international flight immigration takes for ever They have a new system which involves having your photograph and fingerprints taken Leaving on an international flight is also tiresome  you are continually asked to show your boarding card and passport as you pass along the corridors Toilets are variable  some have running water others dont One big plus at the gate passengers with oversized hand luggage were firmly told that it was going in the hold Bravo If you are travelling to Brussels dont be alarmed to see your plane arrive and then leave very early Its doing a quick hop to Yaound and then comes back Checkin is a bit of a lottery If you arrive too early you are refused access to the checkin area which is airconditioned unlike the main areas Arrive in a normal time frame and you could be in a long queue For the uninitiated  your place in the queue is marked by where your luggage is not where you are Airport staff are generally unsmiling but not intimidating A tip there is an upstairs restaurant in the concourse Its not bad at all and has a well airconditioned section However staff at the snack bar at the bottom of the stairs will tell you the restaurant is closed Dont just believe them  go up and check Another tip if you have an internal flight on Camair go straight to the office in the concourse and check that it is actually going to operate Its not going to be a certainty,4.0,,Neutral,Positive,Negative,ManualCheck
Dresden,airport,11 reviewsK Edwards,2018-08-21,My flight arrived at around  am The airport was dead  yet bags took forever to come out The airport was clean though There was minimal signage,6.0,,Neutral,Negative,Positive,ManualCheck
Dubai,airport,S Makesh,2025-01-12,This a not an airport its only a shopping mall the customer care does not exist I booked for my parents wheelchair service due to first flight delay by Emirate airline they should wait  hours in airport My mother with serious back problem and my father stage  lung cancer under chemio therapy Took two hours to have wheelchair every time the airport employees were saying takes only  min my parents walked quite long to reach the area of waiting list for hotel and wheelchair In the way back from hotel although the Hotel employee mentioned several times that a wheelchair must be ready in front of airport nobody took care again my parents walked a lot and stay in waiting list and no place to sit sown first the wheelchair of my father was ready after  minutes for my mother during this time they tried to take seat each one  minutes to help each other the wheelchairs  The whatsapp is filtered you can not make any phone call,1.0,,Neutral,Positive,Negative,ManualCheck
Dubrovnik,airport,C Sale,2024-08-06,I recently had an extremely disappointing experience at Dubrovnik Airport Heres why I would never recommend this airport and if I could give it negative stars I would Before Security  The only store available before security was a small tobacco convenience store with very limited food options The only food offered was junk food like candy bars and chips all overpriced by   The one cafe available sold lowquality baguette sandwiches for a ridiculous  each  Seating was extremely limited This was especially problematic for me as I am pregnant and traveling with a small toddler The airport is not handicapfriendly at all and I would never feel comfortable bringing my elderly handicapped parents here Security  Security was incredibly unorganized The priority lanes for handicapped individuals pregnant women and parents with small children were not operating  There were no signs indicating that you needed to remove electronics and jewelry leading to confusion and delays  The electronic belt system at security was poorly designed and dangerous The security guard kept yelling at my toddler to move her hands away from the belt because trays were smashing against each other Its difficult to explain but the design is not customerfriendly and is potentially hazardous  After the Xray most customers had their bags inspected due to lack of proper signage about removing laptops baby medicine kids cupsbottles etc Belongings were handled carelessly and just thrown down the belt This made it easy for someone to grab my laptop and jewelry while my other bag was being inspected After Security  You are forced to navigate through a cluttered dutyfree shop to get to your gate which is not ideal when traveling with carryons and a toddler  To board the plane you are then bussed adding to the overall inconvenience The entire experience was chaotic and stressful I was extremely unhappy with my time at Dubrovnik Airport and would never recommend it to anyone,1.0,,Neutral,Negative,Positive,ManualCheck
Dundee,airport,Matthew Ross,2005-06-03,Dundee Airport is very small but has a modern terminal building Facilities are not suprisingly rather limited but the checkin is very quick and easy Free parking is available The only route is the Scot Airways service to London City Airport which operates several times daily The only negative aspect is the lack of public transport links but a taxi ride to the city centre takes only five minutes The main AberdeenGlasgow railway passes the airport  the lack of a station is annoying Compared to the long queues and delays at larger airports the tiny Dundee Airport is a delight to use and a useful alternative to Edinburgh or Aberdeen airports The view of the city and the River Tay on takeofflanding is stunning,0.0,,Neutral,Positive,Negative,ManualCheck
Dushanbe,airport,V Nokk,2014-03-14,After going through a nightmare in Tashkent airport I was expecting to face something similar in Dushanbe I was surprised  in a positive way Yes the airport is old no facilities but  it took me  minutes to get the visa another  to go through passport control and once I finished with that my suitcase was already waiting for me No custom forms to fill out only a short immigration form Thinking that this may have been an exception I arrived to the airport  hours before my departure  minutes for check in no queue in passport control and literally a minute in security check no one cares about things like liquids taking out laptops etc Which left me with more than an hour and half in the terminal where there is nothing to do A small duty free expensive and a small bar are the only things for entertaining no wireless of course Overall not bad at all The new terminal building is supposed to be ready this fall,6.0,,Neutral,Positive,Negative,ManualCheck
Dushanbe,airport,P Bedson,2010-06-02,Welcome back to the s Soviet era customer service and chaos Dushanbe only has  flights a week from Istanbul most flights are from Moscow  if they had more the system would collapse On arrival it took  hours to clear immigration  once I got my visa I had to wake up the border official to stamp my passport Usual FSU customer service standards  it took  minutes from getting to the desk to receiving a boarding card with the check in agent calling her friends and wandering off during check in hand writing passenger details carry your own bag through the scanner etc They relieved me of  exit charge for which I got no receipt so I am not sure if this was simply a bit of Tajik private enterprise or a tax on foreigners Airside there is absolutely no space  the airport was designed before security measures and you simply have to wait until  minutes before the flight before you go through Duty free closed with only  flights of westerners a week you would think it was worth their while to open it and nothing at all airside aside from a few plastic chairs Land side there is a coffee shop selling bizzarely coloured cakes and a variety of beverages but as the Turkish Airlines flight is horribly early in the morning I did not feel up to consuming anything so cannot comment,2.0,,Positive,Negative,Neutral,ManualCheck
Dusseldorf,airport,Dario D’Elia,2024-04-21,The security staff especially one lady is extremely rude I experienced the same rude behavior of this lady before Most unfriendly and rude security control She Should learn behaviour with older people Its just the way you tell things to a guest She yelled at me like a  year old school boy who made a mistake because I put the box with my belongings in a vertical instead of horizontal direction towards the belt I told her that its not the way to yell at a  year old person and she laughed at me telling me that she only advises guests two times how to put things correctly and if its not done the way she wants it she would yell,1.0,,Positive,Negative,Neutral,ManualCheck
East Midlands,airport,E Bane,2023-10-26,This has to be in the worst airport Ive ever used in the UK and across the world for treatment by security staff I know there have a job to do but well their ability to deal with passengers is shockingly bad I took my prescription medication in a separate clear bag with the labels on As I had been instructed to do at another UK airport being advised having the prescription labels matching my passport details would help the process I may as well have been trying to take liquid cannabis instead of anti inflammatory creams I was repeatedly asked for my paper prescription I can only assume the staff havent been ill for a number of years so have no idea the NHS has stopped issuing paper prescriptions its all done electronically After the  minutes of interrogation with me finally getting the NHS app working to show them they were actually my prescriptions I just wondered shouldnt there be more interested that my passport maybe false if it aligned to all the details on the prescription labels on my medicine And they didnt believe a word of it More interested in a little bottle of something bigger than youre allowed Final indignation because theyd messed me around so much before the scanners I then had a full body search going through It is the last time I ever use this airport,1.0,,Neutral,Positive,Negative,ManualCheck
Edinburgh,airport,Alison Bathgate,2024-12-27,Arrived at Edinburgh airport to fly with Ryanair for a am flight to Alicante Chaos from start to finish We checked in at one location then had to drop bags at a different location which took  minutes The queue to reach security was all the way outside and took  minutes to get up the escalator When up stairs there were hundreds of people with no queue system in place where absolute chaos ensued There was a lack of staff and systems in place to ensure a smooth transition and to make sure everyone caught their flight I have never in over  years of travel witnessed anything so unorganised and absolute mayhem We over heard a member of staff saying it takes  minutes to get through security eventually after  minutes we asked a member of staff after showing our boarding passes were we hoping to miss our final call she let us skip a bit of the queue but we still had to queue and by the time we got through the security queue the flight had closed for boarding The swissport staff stated the bus had departed to take passengers to the flight and we could not board despite the flight still waiting for take off The member of staff was not helpful and directed us to Ryanair check in which we did to be told to go to the Swissport desk who then told us to go back to Ryanair check in desk We insisted on speaking to their manager who was helpful and we then had to go back to Ryanair check in who arranged a flight the next day for  pounds each My partner and I had to book an airport hotel that night this terrible experience cost over  more and we lost  days from our holiday My advice is avoid Edinburgh airport if possible there are too many early morning flights which they are unable to accommodate due to staffing and chaotic systems in place Shocking service and staff ranged from very helpful to incompetent and those who simply did not care and were uninterested,2.0,,Neutral,Negative,Positive,ManualCheck
Edmonton,airport,Dr Dilbag Rana,2021-07-03,One of the cleanest airports but car rental returns was a nightmare Sign was car rental instead of car rental returns No directions how to enter the gate turn right  press button and obtain ticket Bar will be lifted Directions to P  car returns not bold enough to see No employee to receive returns I wasted  minutes and barely got into the flight If you can do something to improve it will be helpful for future travellers I read similar complaints by other travellers but does not look liked any changes have happened,8.0,,Neutral,Negative,Positive,ManualCheck
Eindhoven,airport,J Galesa,2022-12-22,I missed my flight Thousands people do too After more than  hours waiting in a shameless security control queue Misinformation with no help from airport or Ryanair And finally no assistance,1.0,,Positive,Negative,Neutral,ManualCheck
Eindhoven,airport,Andrew Yfantidis,2022-10-31,The airport is horrible in any term its old ugly without good infrastructure and most importantly the personnel is totally untrained rude and rather aggressive in order to transfer their responsibilities to the passengers under the name of security On instance I had the bad luck to have a trip from Eindhoven to Athens and there was a security person who saw me sweaty yes sweaty and he started asking me if I am ok and if everything is fine When I explained that I am ok just I feel hot and nervous due to the huge queue he came after me to ask for my ticket just to take a photo of and send it to the gate in order to put it on a standby mode literally because I was sweaty Another example of their great lack of training is the fact that an Italian family was talking behind me since they were nervous too that they would lose their flight to Bologna and an other employee told them that She saw that they are talking too much only to get the response that they are going to lose their flight and that her job is related to process the screening and not focus on whether they talk too much or not If someone wants a prison like experience then thats a great airport but either they have to improve it or they need to seriously train their employees to learn how to behave and act based on protocols and not based on what they use to watch on Netflix,1.0,,Neutral,Positive,Negative,ManualCheck
Eindhoven,airport,Martin Van Vliet,2022-10-01,Bad management at this airport Booked flight on Sunday morning   Arrived on time more than  hours waiting  of the  security counters  closed one of those  still malfunctions we dont open the  closed counters but are just waiting We missed the flight Flight booked with a layover in the evening at  oclock at the destination and EUR poorer Eindhoven airport has beautiful forms to claim damages but everything is rejected with lying excuses Must have been instructed government policy to limit flying and therefore irritate as many travelers as possible That worked out great for us what a gang of crooks that Eindhoven Airport  Slecht management op deze luchthaven  Op zondagmorgen   vlucht geboekt  Op tijd aanwezig meer dan  uur wachten oorzaak van de  security balies  gesloten gaat er van die  nog eentje defect  we openen niet de  gesloten balies maar staan gewoon te wachten  Wij vlucht gemist  vanwege zakelijke afspraak op  moesten we op  op plek bestemming zijn  Vlucht met een overstap geboekt  s avonds om  uur op plek bestemming en  armer  Vliegveld Eindhoven heeft prachtige formulieren om schade te claimen maar alles wordt met leugenachtige smoesjes afgewezen  Zal wel genstrueerd overheidsbeleid zijn om vliegen te beperken en daarom zoveel mogelijk reizigers te irriteren  Bij ons is dat prima gelukt  wat een boevenbende dat Vliegveld Eindhoven,2.0,,Positive,Negative,Neutral,ManualCheck
Ende,airport,B Vincent,2013-07-20,A new terminal has been built but was not yet open so I used the old facilities Arrivals area was a simple opensided area of the main building Checkin took place in a single room at the other end of the building At the xray scanner an operator gazed in the general direction of the monitor screen The main hall had no AC not even a fan and had a very oppressive atmosphere Baggage handlers manhandled checked bags out through a back door After checking in most passengers seemed to go back outside where it was much cooler The waiting lounge had decent seating some airconditioning unappealing bathrooms and no shops  it was quite full as there were two flights departing Flying from Ende was an interesting experience but I think the new terminal will remove a lot of what makes it special,5.0,,Positive,Negative,Neutral,ManualCheck
Enfidha-hammamet,airport,Peter Crawford,2025-03-28,Arrived at the airport only to find long queues outside For baggage screening We went through all the checks passports etc only to find a further check just for uk passport holders  we had to queue here for a long time only to find no seats or toilets We had to wait more than  hours before boarding I think this is totally unacceptable and needs sorting out it made travelling from this airport unnecessarily uncomfortable experience,2.0,,Neutral,Negative,Positive,ManualCheck
Enfidha-hammamet,airport,S Vali,2024-03-27,Clean spacious airport in March WiFi is available although the signal is weak Upon arrival you have to queue for longer than necessary a simple passport check should not take long Upon departure there is no online checkin All passengers must checkin at the counter even those with only handcabin luggage  I guess the airport run by TAV has not upgraded its systems for many years  There are too many security checks  Food and drinks are very expensive on the airside and there are no water fountains This is extortion,5.0,,Neutral,Negative,Positive,ManualCheck
Enfidha-hammamet,airport,A Martin,2015-06-17,By far the worst airport experience I have ever had Yes it is clean new and modern but these were the only good things about it There were at least  flights within the space of an hour and then nothing for the next  or  hours the result total chaos I think there were literally  or so security lanes serving what would have been probably  passengers in an hour We got to the airport about  and a half hours before departure and queued for almost  hours to get through security Some people were panicking and trying to jump the queue as their flights were being called but rightly so the passengers near the front stopped them Its the only time Ive ever had to run for a flight in my life Turned out they were still missing over  passengers on the flight as they were still stuck in the terminal Consequently Thomas Cook had to delay the flight The airport shouldnt allow so many flights to go at once if its totally incapable of handling them all If you somehow manage to go at a quiet time though Im sure it would be a very nice airport,1.0,,Positive,Negative,Neutral,ManualCheck
Fes-Saïss,airport,1 reviewsDavid Russell,2016-02-18,This airport is chaos and a mess There is little or no information regarding procedures at the airport Even though you hold your pre printed boarding pass they require you to still use a check in desk first even though you are only using carry on Security are supposed to stop anyone from getting to passport control who doesnt have the official stamp on their boarding pass but they dont so you queue for ages for passport control only to be sent back to Check in So it makes pre printing the boarding pass a joke but you have to do it because thats what Ryanair want you to do Queues are long and slow for passport control but I suppose thats the case for many airports these days Security is pretty thorough although your not required to remove liquids from your carry on Gate staff were however very efficient especially enforcing queuing prior to boarding Theres not much once your at the gate area a couple of shops a lounge and a prayer area Its quite a small terminal so space is tight and if you e got two flights departing close together youll have to fight for a seat Theres free wifi at the airport but be aware you only get  hour  minutes over a two day period So bottom line is if your a regular at this airport and you know their particular requirements then its not that bad but for first time visitors its s nightmare,4.0,,Neutral,Positive,Negative,ManualCheck
Fort Lauderdale,airport,Josué Gallegos,2023-11-08,Our flight arrived on time but the airport was unable to receive the plane We had sit again and wait in the plane Then they told us that they had no resources to unload the baggages from the plane and we had to wait another hour Finally there are way more travelers than what the customs could manage and we had to wait in the side and then we were moved to the line Because of that we lost our connecting flight We had  hours between arrival and departure which is normally more than enough for a so small airport The airport is accepting much more flight than they can manage and the customers are who suffer only The airport attendants did not care at all In consequence we had to stay the night at the airport outside the security area with nothing to eat and no where comfortable where to seat They were not willing to lay anything because they said it was a uncontrollable situation We booked the flight a month ago so they knew how many flights were arriving it was not an uncontrollable surprise If I can control it Ill never fly through Fort Lauderdale airport again,1.0,,Neutral,Negative,Positive,ManualCheck
Fort Lauderdale,airport,Jan Johannessen,2023-04-02,Fort LauderdaleHollywood International Airport FLL is a total shambles Unbelievable waiting times to park the plane to access the luggage area and another two hours for customs and immigration It really is a disgrace to treat visitors like this I travel a lot globally and this is much  worse than countries the US really does not want to be compared to In Houston two weeks ago this thing ran extremely smoothly,1.0,,Neutral,Negative,Positive,ManualCheck
Fort Myers,airport,Diana Page,2020-03-23,We are under a pandemic and I am wearing a mask and gloves respecting  ft distance Workers at security didnt want us to maintain  feet and told me they didnt care if we all got sick one guy called me sick girl and said you decided to fly you should have stayed home This is awful and disrespectful Security needs to be more aware of the part they play in helping keep people safe Otherwise they can stay home,2.0,,Neutral,Positive,Negative,ManualCheck
Fortaleza,airport,S Koenig,2014-08-03,Still a bit of a dump The airport expansionmodernization project first promised for  then  is now scheduled to be completed in  and even that may be in doubt since a new bidding process may be required,2.0,,Positive,Negative,Neutral,ManualCheck
Frankfurt Hahn,airport,Ajaz Latif,2023-02-26,Poorly guided transfer for incoming flight from elsewhere and then transferring from Z gates to DTW Dropped off at tarmac then  bus shuttles changes then  airport security checks Almost missed my flight Do not take Lufthansa or transfer through Frankfurt airport,1.0,,Negative,Positive,Neutral,ManualCheck
Frankfurt Main,airport,Sally Bowler,2024-10-28,Lufthansa flight late from Madrid They unloaded us to buses and we had a slow transportation to the terminal Many people had connecting flights The new gate was B a very long walk from where the bus deposited us Very unfriendly and unhelpful staff in terminal Very slow and mean customs officer I made my connection to SQ with  minutes to spare a sweaty mess before a  hour flight I have another  hour flight to follow the  hour flight,1.0,,Neutral,Negative,Positive,ManualCheck
Freetown,airport,Peter Bedson,2006-05-28,Much better than it used to be  they seem to have clamped down on the baggage handlers and general hangers on trying to extract dollars from you on the way in On the way out no real problems aside from a few panhandllers trying to take a last opportunity to rip you off Dont miss the duty free shop  it looks awful from the outside but is really well stocked and cheap,0.0,,Neutral,Positive,Negative,ManualCheck
Freetown,airport,Dave Stanley,2005-04-02,Back again at the end of March This time not such a good experience On the way in baggage was late because the handlers could not be bothered to do their job On the return we suffered a very long wait in the extremely hot entrance hall This is caused by the very slow and beauracratic check in procedures The air conditioning in the main part of the airport is proving totally inadequate and many units do not work Some of the staff are quite unhelpful Sierra Leone needs tourism but no respectable tour company would let their customers suffer this,0.0,,Neutral,Negative,Positive,ManualCheck
Friedrichshafen,airport,Nick Wilcock,2006-04-01,FDH is an airport I use quite often and it is generally fine But facilities at the airport are not geared towards business users for example there is no business lounge It was well served by Eurowings from Frankfurt until the beginning of  with  ATR flights per day each way But since LH Regional have taken over the service there are only  flights per day each way whose reliability timing and frequency are woeful,0.0,,Positive,Negative,Neutral,ManualCheck
Fuerteventura,airport,Anna Romaszkiewicz,2023-05-04,Terrible rude staff especially with special assistance I travel with my disabled son and when we arrived at at the desk for check in the woman who served us was so rude My son isnt an ambulatory wheelchair user but he walks slowly and we would be happy to get help to the gate She said if he needs special assistance he needs to sit in a wheelchair otherwise she is going to cancel it I tried to explain to her that he is fine without a wheelchair but she kept repeating herself not accepting any other answer My son started to get very anxious and nervous because he thought he needs to be taken to hospital by using wheelchair and finally she said if he doesnt want using wheelchair chair he isnt disabled person Does she have the medical education to comment on this  I tried to stay calm because my son was stressful enough so I didnt want make him more feeling stressed anyway she cancelled special assistance for him The airport staff having this job only because so many tourists coming to visit Fuerteventura so they should respect that instead of being horrible and making people feel like an unwanted intruder on their wonderful island Nowhere else have we been treated so horribly like at this airport,2.0,,Neutral,Positive,Negative,ManualCheck
Fuerteventura,airport,Steve Jones,2023-01-18,Awful For an island that relies totally on tourism the time taken to get through passport control was just not good enough Everybody should be prepared to accept queues but when you are in a queue of hundreds and there is one person in the passport control kiosks it simply isnt good enough Is it to punish the Brits for Brexit Cant think what other reason it could be for as it certainly doesnt put you in a good light Big improvement required,2.0,,Neutral,Positive,Negative,ManualCheck
Gdansk,airport,Vose Tatte,2024-08-27,The Internet connection is timed to  minutes and so bad mobile is far superior theres not enough seats and those that are there are extremely uncomfortable hard plastic with dividers No quiet zones low temperature makes you catch cold and then theres the staff The service is forced and makes you feel bad for even ordering anything and dont try resting at any of the restaurants better chairs  theyll call security even in the middle of the night Reason Well who really knows maybe they like seeing people resting on the cold floors since theres not enough seats  Theres even a dedicated announcement just to remind there are thieves If you can avoid especially if you have to lay over  pay a bit more and choose one you know to be peoplefriendly,1.0,,Neutral,Negative,Positive,ManualCheck
Gdansk,airport,2 reviewsPaddy Putland,2023-09-30,I am partially disabled with restricted mobility I have metal in my leg and hip following reconstructive surgery As a frequent traveller I know I set off the security metal archway detector therefore I know what to expect and ensure I carry no additional material which might exasperate my situation Noting some airports adjust the sensitivity of these detectors So back to the Gdask experience Having detected the archway I am directed to remove my footwear My trainers are clothplastic no metal This is the default situation and very annoying It is obviously not my shoes that cause the alarm Of course there are no aids by example a chair and I am forced to comply or no fly So no shoes but despite my explanations I again alert the archway I did tell you that would happen  me to the suspicious security person  now a physical search Remember I am partially disabled Stand on one leg and show me your sole Im  years of age and there is no standing support aid I am then very roughly treated by a security thug who has the compassion and intellect of a slug Frankly this was probably my worst experience over the years Shame on you Polish Civil Aviation Authority Treat partially disabled travelers with restricted movement with more respect and compassion,2.0,,Negative,Positive,Neutral,ManualCheck
Geneva,airport,M O'Shea,2025-01-02,Utterly inefficient organisation Checkin and organisation of security queues were totally chaotic with inefficiency everywhere On the evidence if this airport I have no idea where the myth of Swiss efficiency comes from Also extravagantly overpriced for everything and poor quality food and beverage Really unfriendly security staff,1.0,,Neutral,Negative,Positive,ManualCheck
Geneva,airport,M Collie,2024-12-16,Far better experience at Geneva on departure Checkin queues were long but moved quickly enough No delays at Security or Immigration so got the gate  minutes early despite the long walk Reason being I assume because there were few other departures around that time Shopping area is cramped and crowded,7.0,,Neutral,Positive,Negative,ManualCheck
Geneva,airport,M Collie,2024-12-09,Geneva really must get its act together Arrived at about  on Sunday Queues for immigration were one hour plus for non Eu and  minutes for eu passengers Admittedly three large intercontinental flights had recently arrived together but still unacceptable,3.0,,Positive,Negative,Neutral,ManualCheck
Gibraltar,airport,Bridget Buckell,2023-05-11,My husband suffers with neuropathy and towards the end of our holiday his feet were very painful which made walking difficult I did not arrange assistance at the airport and was concerned he was unable to do all the walking at the airport and worse still the amount of walking at Heathrow I enquired at the help desk and explained my predicament The staff were amazing and not only arranged assistance at Gibraltar but also contacted Heathrow on our behalf I cannot thank them enough for making our Journey an amazing experience at both airports which would have been a nightmare their kindness was was very much appreciated and I cannot thank them enough,10.0,,Negative,Positive,Neutral,ManualCheck
Gimhae,airport,Allan Lamb,2024-12-29,Its a pretty bad airport The airport itself is not bad in terms of cleanliness or anything But the experience at this airport leaves a lot to be desired To begin with it is far too small and clearly does not have the capacity to handle a lot of traffic The lines to go through immigration are utterly ridiculous The line went literally from one end of the airport to the other And moved at snails pace People were missing their flights Second issue is the rude and just dont give an eff attitude of much of the staff there Nevermind that most cant even speak English Provided you can even find anyone to help you or that gives a damn about helping you This is really more like a provincial airport than an actual international airport I have had far better experience at airports in developing African countries in terms of service South Korea should be embarrassed by this joke of an airport I would give a minus rating for the airport staff if I could But sadly a single star will have to do,2.0,,Neutral,Positive,Negative,ManualCheck
Gimhae,airport,Jimmy Kim,2022-12-28,Worst airport ever for welcoming foreigners Arrived in the morning and there was a queue of around  foreigners and one immigration officer Whilst the Korean passport holders breezed through There is a sign which reads Gimhae Airport How Korea Welcomes the World What a joke,1.0,,Negative,Positive,Neutral,ManualCheck
Glasgow,airport,Peter Loni,2023-01-05,to drop someone off and another  on the way back  for what Grumpy staff at check in border control security gates Not enough seating  am in the lounge used by Lufthansa and breakfast was over Cases lost on arrival Menzies aviation are a joke I had to go looking for them to inform them No reference number was given to me and none of my contact details were loaded onto the lost baggage site A quick call to Lufthansa sorted it the next day They received my case on the morning of the rd Jan and didnt deliver it until the afternoon of the th despite it being labelled as rushsame day delivery Menzies have gone to great lengths to prevent passengers from being able to call them No phone numbers anywhere Ill be taking this up with the CAA Ill be using Edinburgh in the future,1.0,,Neutral,Negative,Positive,ManualCheck
Glasgow Prestwick,airport,A Bayre,2022-12-26,This is not a family friendly airport at all We traveled with a  month old baby and had to join a general queue to go through security check This is not acceptable and the airport management should be ashamed of no family lane arrangement There were also no lifts or ramps on the way to the gates We had an inconvenience carrying the buggy car seat together with all our other belongings No assistance from staff was offered,1.0,,Neutral,Negative,Positive,ManualCheck
Goa,airport,3 reviewsS Hayle,2023-04-24,Large and fairly spacious airport unless theres a couple of wide bodies departing The terminal is new and smart without being stunning Good range of shops,7.0,,Positive,Negative,Neutral,ManualCheck
Goa,airport,Pankaj Jaiswal,2023-03-19,In Goa domestic terminal the seating is inadequate at  oclock in the morning lots of seating arrangement is in very poor condition and badly maintained For the kind of travellers that are passing through this terminal national image projection is very poor This is when sanitation staff a lady promptly came over to clean spilled coffee due to unbalanced chairs set Seating here is so close that your knees knock If these seats are unfit to use please have them replacedremoved Food offered from kiosk turned out to be stale chicken burger But was returned thankfully At the same time I would like to appreciate courteous behaviour of all individuals on duty,5.0,,Negative,Positive,Neutral,ManualCheck
Gold Coast,airport,Stan Barnett,2024-10-19,Hopeless Faulty Air NZ kiosk out of bag tag paper No help there with Air NZ staff Over zealous customs treatment No Air con in international lounge No lounge facilities We expected Qantas code share lounge as advertised None in international lounge area Very poor for on international airport Air NZ staff need to be there before  hours of departure Great week in Coolangatta Disappointed with departure,2.0,,Neutral,Negative,Positive,ManualCheck
Gold Coast,airport,Michael Jones,2023-07-22,Upon my arrival at Gold Coast Airport from Bali I experienced the worst border security treatment The officer detained me forhours This airport has more officials than passengers,3.0,,Positive,Negative,Neutral,ManualCheck
Gothenburg-landvetter,airport,G Marino,2023-08-25,The security staff are too rude In  years of Gothenburg commuting I have Goosebumps every time I go through security check The ml liquid limit for women is absolutely ridiculous and exaggerated knowing you can buy tons of liquid after security check Any other country in EU does better than Landvetter Today its August   and Gothenburgs airport isnt keeping up with modern flying conditions yet,3.0,,Neutral,Positive,Negative,ManualCheck
Gothenburg-landvetter,airport,S Gustavson,2022-05-02,I fly frequently from Landvetter and the staff is just the rudest Ive ever met at any European airport They are often unaware of international rules and Ive never experienced such a recurring combination of aggressiveness and blatant incompetence Airport staff are usually polite and helpful even at busier airports like Frankfurt or Amsterdam Im giving  stars out of  instead of  just because the facilities are very clean and the waiting time is reasonable  its a rather small airport with very little traffic Food options are limited generally unhealthy and expensive,2.0,,Neutral,Negative,Positive,ManualCheck
Gothenburg-landvetter,airport,Annelie Fischer,2018-11-23,I think everything is ok but not the baggage claim It is too long waiting for luggage When we arrive it said on the board that luggage would be there  When no luggage was there at  I went back to the board and it said that it was on the track  it was not We waited  minutes more So we landed at  and was out of the building  Thats too long waiting,5.0,,Positive,Negative,Neutral,ManualCheck
Gran Canaria,airport,Ben Robson,2024-10-20,Bag drop didnt open until late was meant to open at  didnt open until  for a  flight meanwhile all flights for easyJet were queuing for just  bag drop desks Security was somewhat chaotic the instructions have gotten less and less clear all electricals to come out despite signage saying put small items watches phones etc in hand luggage causing significant delays passing through security After passing security food choices are extremely limited there are many concessions offering a broadly identical menu ham and cheese sandwiches or cheese and tomato or ham some had tuna but looked particularly unappealing on the cheap and sweet local sliced bread There is also a Burger King but it was too busy owing to the aforementioned issues Subsequently UK passport holders were made to wait for the egates for another half hour while eu passport holders were prioritised for the same flights I have visited Gran Canaria some  times in  years and never seen chaos like this And frankly would make me carefully consider whether I return,1.0,,Neutral,Positive,Negative,ManualCheck
Grand Rapids,airport,M Phillips,2023-08-08,Convenient place to fly out of if they ever maintained their flight schedules My past three flight out of this airport have been cancelled When I ask why they make an excuse of weather but its not delayed the flight is flat out cancelled While all the other airports in the near area are fine DSW MDW OHare Complete waste of time no apologies no alternative provided than roll the dice and come back tomorrow Airlines used to work to get you out that day or even provide alternate airline solutions You either rebook on an app wait on a phone for  hours or get sent on your way at the counter Word of advice if you actually want to get somewhere on the original day intended drive to Chicago or Detroit,1.0,,Neutral,Positive,Negative,ManualCheck
Greenville–Spartanburg,airport,7 reviewsBill Holmes,2016-06-09,GreenvilleSpartanburg GSP is a regional airport in northwestern South Carolina It gets its international name from its customs clearance facility for air freight to serve the  foreign companies with operations in the region it has no international passenger flight although its  foot runway could handle them Greenville SC has become one of the most dynamic small cities in the US and the airport is finally upgrading to reflect this change of status Immediate inconvenience comes from a major construction project to upgrade facilities Boarding areas are comfortable even though services are fairly basic Baggage claim is very convenient Outside pickup and dropoff areas are being improved but can be somewhat cramped at present The biggest limitation is security which is totally inadequate during construction and features no TSA PreCheck,6.0,,Neutral,Negative,Positive,ManualCheck
Grenoble,airport,B Jordan,2025-01-20,Absolutely horrendous from start to finish Delays I can handle and are not the airports problem generally however the chaos on check in and baggage drop etc was unfathomable Tannoy announcements telling travellers to be at gate now when everyone is standing in a check in queue was not great neither oversized baggage needs a separate system not an aisle in the middle of all the check in aisles Horrendous experience however I feel that things will it change Cheese in duty free was good hence the  score,1.0,,Positive,Negative,Neutral,ManualCheck
Guadalajara,airport,Dan Landis,2009-04-14,GDL  seems to have completed the main phase of its cosmetic renovations but still lacks some of the structural improvements to provide more spacious checkin counters space in the waiting lounge and more jet bridges Latest development witnessed many international flights still on the tarmac awaiting pax to arrive via caterpillarlike buses Simply unacceptable for Mexicos second largest city and third most enplaned airport in the country,5.0,,Positive,Negative,Neutral,ManualCheck
Guatemala,airport,Robert Woud,2019-11-20,One of the least efficient airports ever Security check is a joke everywhere you have to wait for hours We almost missed our plane as arriving  hours before departure wasnt enough,3.0,,Negative,Positive,Neutral,ManualCheck
Guatemala,airport,Robert Torc,2018-10-19,Full body scanner was implemented and opting out for an alternative search is not an option I fully dislike being exposed to technology from which we have no real idea of the consequences especially since I was not aware of these kind of controls taking place,3.0,,Positive,Negative,Neutral,ManualCheck
Guayaquil,airport,J Smith,2022-06-25,I approached a clerk at boarding gate  to confirm my gate number since it was missing from my boarding pass Why it was not noted on my pass is another concern of mine How is anyone supposedly to know where to board The clerk knew which gate I was supposed to go to but when I asked she just kept staring at her screen There were two attendants there but the other was helping another passenger I even waited about  minutes for her to respond I asked her again and she just ignored me My wife then caught up and had to literally tap her screen to get her attention And then with an angry attitude she answered our question All she had to do was politely ask me to wait until she had a moment to help This attitude with staff at this airport is common I am writing this so you can at least try and improve your quality of service The passengers are paying customers we desserv be treated with respect and dignity,4.0,,Negative,Positive,Neutral,ManualCheck
Hailar Dongshan,airport,D Pryer,2013-06-04,A small modern gate airport Smiling and timely checkin security and boarding Pleasant airy shared lounge with good Mongolian and other ethnic items reasonably priced Ours was the only plane at the airport let alone scheduled to fly around midday but all shops and facilities were fully open and staffed Only criticism is the lack of a bar which I would prefer to for example the bridal wear store,9.0,,Positive,Negative,Neutral,ManualCheck
Hamad  Doha,airport,4 reviewsMichael Schade,2024-09-27,Doha Airport has gone from ok to unacceptable since its opening in  While bus gate arrivalsdepartures were the exception then it has become too frequent in recent years I am flying through Doha about  times a year more than half of my flights in  were remote bus transfers The departures via bus gate are particularly stressful with very limited seating unorganized boarding and stressed gate agents The picture shows my latest bus gate departure with crowded areas and inadequate seating,3.0,,Positive,Negative,Neutral,ManualCheck
Hamburg,airport,Moby Freel,2023-09-09,Arrived in Hamburg en route to Edinburgh from Istanbul Expected renowned German efficiency and a smooth transit through airport for final flight home Complete mayhem with a near miss disaster ensued instead On arrival all passengers were funnelled along corridor and down a narrow staircaseescalator combo Unknowingly this was directly into a narrow glass lined corridor with an abrupt disgorgement into passport control This resulted in a sudden crush at bottom of escalator as there was already a crowd along corridor Thankfully a quick thinking passenger hit the emergency button on the escalator which prevented a much more serious crush In addition the glass lined corridor was hot due to setting sun and overcrowding There were  passport control personnel It took around an hour to move through passport control with no staff available to explain the situation or ease the overcrowding Total shambles Once through passport control another blockage occurred at security Absolute shambles with people skipping to the front due to connecting flight departures Queues were closed and merged several times due to malfunctioning conveyor belts and overcrowding Tempers were frayed Luckily we had just enough time to make our flight but as someone with a spinal issue due to terminal cancer attempting to run to departure gate was stress I couldve done without Absolutely shocking and indeed dangerously laid out and disorganised airport Never again,1.0,,Neutral,Negative,Positive,ManualCheck
Hamilton,airport,Brad Thompson,2013-08-11,Hamilton International is a great little airport and very convenient for people trying to avoid the hustle and bustle of Pearson My family is located in southern Ontario and I always use this airport The only complaint I would have is the decision of management to serve no alcoholic beverages,8.0,,Neutral,Negative,Positive,ManualCheck
Hannover,airport,Sylvain Mas,2018-11-15,Flying out with Flybe back to Manchester Power sockets not working in waiting area before check in but thats often the case in many airports try Manchester T for example Its taking me  min to queue for checkin and to queue for passport control Still got another  min to wait until passport control then bags security check All because theres only  staff on passport control for about  people a real fine mess if you dont check in  hours before your flight Id advise to avoid this airport in its current state,3.0,,Positive,Negative,Neutral,ManualCheck
Hanoi,airport,Andy Balin,2024-08-07,Theyre not accepting eboarding pass and i have to go to the counter to print the pass however the counter only can print my ticket  hours before the flight time There are no self check in kiosk and its very inconvenience the airport staff also not friendly and not helpful,1.0,,Neutral,Negative,Positive,ManualCheck
Helsinki Vantaa,airport,H Birne,2024-10-23,Transferred from a flight from Tokyo All passengers had to reenter security by design which is annoying in itself but the real issue is how this was handled Security was lightly staffed and very thorough which created long wait times But the biggest issue was the personnel and system which was extremely inefficient and especially at some lines From when I placed the bag on the belt to when I could leave with my luggage it took more than  minutes and only with standard checks A record by far Would have missed my flight if the time between flights wasnt so long Terrible experience,1.0,,Neutral,Positive,Negative,ManualCheck
Helsinki Vantaa,airport,M Schaefers,2024-05-13,What an aggressive experience at this airport First we had a transfer many people had transfers They were very understaffed for the kind of luggage control they did From all the bags  was controlled for really tiny little things and very precise bag by bag many people were missing their flights They were very unfriendly and unresponsive to their over exaggerated research To have in mind people already were checkt  or  times I had to throw my sons toy away because it could be a weapon I asked them if they were serious and yes that is exactly why I was checking again because me and my son  are dangerous They said we could harm people I was flabbergasted with what do we exactly harm people with a wooden catapult with paper wraps Wow Helsinki Im very surprised by this Thought you are a kind country But this is just crazy and unwelcoming,3.0,,Neutral,Negative,Positive,ManualCheck
Hilo,airport,Z Charles,2016-05-18,Its been a few years since this airport has been reviewed so heres an update There is no cellphone waiting area when youre picking up passengers and the security people are very quick to ask you to move The last time I picked up a friend I stopped to call him to tell him I was there using a phone while driving is a ticketable offense in Hawaii and the security woman would not stop talking in my window at me to move while I made the quick call There was almost zero traffic at this time so I was not impeding others from loadingunloading The TSA security is unprofessional to a level Ive not seen at any other airport Ive been to I have heard them conversing loudly about the contents of passengers bags on numerous occasions The decor is extremely dated and the seats are very uncomfortable and of course there are very limited outlets There is a bar but I would not visit it The airport in general is uncomfortable smelly and unclean People keep reviewing it as having short wait times but I dont think thats right considering the small amount of traffic at this airport,1.0,,Neutral,Negative,Positive,ManualCheck
Hiroshima,airport,Peter Goldsbury,2008-08-26,I live in Hiroshima and regularly use Hiroshima Airport to fly to Tokyo Narita on my way to Europe This IBEX flight leaves quite early and I usually travel by taxi from Hiroshima Checkin and security checks are always very smooth but an annoying problem with the IBEX flight to Narita is that the plane is too small to use the normal gates So we use Gate A walk down the stairs and across the apron to board the plane Umbrellas are supplied on rainy days I would use Hiroshima Airport more frequently when travelling to central Tokyo but I think that the plane still cannot beat the Shinkansen for this distance just over  kilometers It is a pain to have to travel out to the airport  kilometers from Hiroshima undergo the checkin and security check board the flight and then have to travel from Haneda to central Tokyo The journey via JR is only marginally longer and involves far less hassle Nevertheless as a regional airport Hiroshima is very good,1.0,,Neutral,Negative,Positive,ManualCheck
Ho Chi Minh City,airport,Glenn Taylor-Biffen,2025-03-13,As part of a three week tour of the region quite a few airports were visited some were as expected some were shocking some deserve a mixed review and this airport certainly fits that criteria Arrival was of a domestic flight so quite naturally it was smooth and efficient Departure on the other hand was the opposite Check in seemed to take forever but the staff were friendly and obliging Unfortunately the departure process through immigration took so long concern set in as to whether wed make the flight or not the staff were more concerned with people keeping an untidy queue to the desk They even decided to change staff halfway through their shift adding more anxiety to the travellers as we queued in a weekend rush hour for departures The whole furore of leaving the official and legal sections of departures led to airline ground staff getting into a panic making buying a coffee a nonstarter and the urgency to use a toilet didnt go down to well either,4.0,,Neutral,Negative,Positive,ManualCheck
Hong Kong,airport,C Chen,2024-09-15,Excellent hardware but the signs to transfer gate are unclear The gate security staff were rude,6.0,,Positive,Negative,Neutral,ManualCheck
Hong Kong,airport,30 reviewsS Almeida,2023-11-18,I do not understand how people claim this is a top tier airport I found the staff to be very rude and abrupt with voyagers on arrival immigration officer was nice to me but I saw them being very nasty towards certain nationalities The lavatories are filthy and no staff near to be found The signals on the old part of the airport are actually better than the ones on the new terminal which can be confusing to say the least Prices are the same as in town but I found the airport express to be a little bit expensive considering the distance Check in staff seem not to know what they are doing and have to be calling their supervisor constantly it leads to huge and slow lines After this experience I can attest there are so much better airports in Asia and Southeast Asia,5.0,,Neutral,Positive,Negative,ManualCheck
Honiara,airport,Chris McQuaid,2010-12-27,First time ever in Pacific Islands working for two months in Honiara I had several trips to and from the airport collecting and dropping off our staff K Joseph has summed up Henderson International extremely well You walk from the plane to the terminal its less than  metres Queue on arrival was not too bad and luggage was available fairly quickly Plenty of trolleys but note that they are all kept by the baggage carousel Be warned though that if youre bringing in any equipment for work I had a couple of computer monitors with me you will get stopped by Customs and charged a refundable import bond only took ten minutes to get the refund when departing If you need a trolley when departing the simplest thing is to walk straight through the open security door where you came out on arrival across the Customs area and grab a trolley  nobody will stop you most of the time theres nobody there TO stop you Most departure days are nightmarish  the plane for Brisbane leaves at  pm and you really do need to be in the queue by  Although we had a couple of flights where it only took ten minutes to get people checked in the average was at least an hour an a half The day we returned home it was over two hours One advantage of the airport being only  minutes from the centre of town is that its possible to check in really early and then go back to your office or hotel until after  pm The only thing to make waiting at the airport bearable is the quality of the milkshakes  the best in town and at  SBD about  NZ its no more expensive than anywhere else in Honiara The toilets dont always flush and the taps on the handbasins didnt work so use those facilities elsewhere if you can,3.0,,Neutral,Positive,Negative,ManualCheck
Honolulu,airport,J Keale,2024-06-18,The staff at the airport were by far the worst I have ever experienced The airline staff made a mistake with my bday so with my ticket could not go through check in after waiting in line When rushing back from the ticket counter with the right ticket there were only  min left from the final call so I asked the queuing staff if they could help me both of them answered with cold voice and poker face NO After finally getting to the front of the line by asking favors from  passengers I told the lady who did my security check that I was terribly late Shes like thats why you need to get here earlier I explained to her that airplane made a mistake and this was my second time thought the security line She said with a big smile looks like not only you were not able to get in the last time you are not going to get in this time either You are going to miss your flight And she said in a way as if shes super happy that this happened to me This is beyond bad service it felt very inhumane After all what type of human with basic integrity would dosay things like this to a  months pregnant women whos worried sick,1.0,,Neutral,Positive,Negative,ManualCheck
Houston Hobby,airport,G Hartia,2023-05-13,Dont often fly into Hobby but in rare cases its a better option Not to thrilled with the airlines youre pretty much stuck with Southwest Was looking forward to eating at Pappasitos but guess the city kicked them out And the day of my departure most of the restaurants were closed Not fun because I arrived  hours early Even though I can expense my dinner I decided to just wait till I get to my destination Ill fly into Houston twice more in the next two months and will continue to use IAH as there are many more options,4.0,,Positive,Negative,Neutral,ManualCheck
Houston IAH,airport,D Bayle,2024-09-30,The staff was relatively pleasant in most places but not all The Starbucks staff were awful Bathrooms were less than desirable To get through TSA Precheck I had to go to opposite side of terminal couldnt go through appropriate side and then had to walk all the way around again and hopefully catch up with the rest of my traveling party Although wait in TSA line was minimal definitely a huge minus,3.0,,Neutral,Positive,Negative,ManualCheck
Hurghada,airport,Annemiek Peeters,2025-02-01,The departure from this airport is unstructured and very chaotic The containers for the scanning belt were thrown on the ground and you had to pick them up from the ground Some people including us even had to put our shoes through the scanner You will have to go through the scanner again at a different location You are treated like animals Finally through customs etc you immediately hear someone from a shop say cigarettes I went to take a look and wanted to take this for a friend The offer was  a piece I said Ill call my girlfriend first to see if she wanted this I walked out of the store went to call and the salesperson stood next to me during the conversation When paying for  slippers the seller wanted  euros When I said  he agreed after a bit of fuss At Burger King you will find an overheated salesperson who treats both his employees and customers very unfriendly When I wanted to buy another souvenir and I saw an offer of    free I wanted to pay for it and I got a completely different price I drew his attention to the offer which will apply to a completely different product When I said something about this I was answered in a nonfriendly tone with OUT OF MY SHOP I asked him why and was told that I was destroying his business Isnt it unbelievable What a disappointment for me a reason to never want to go to this country again where showing respect is not really of paramount importance  Het vertrek vanaf deze luchthaven is ongestructureerd en zeer chaotisch De bakken voor de scanband worden op de grond toegesmeten en moest je van de grond oprapen Sommige mensen waaronder wij moesten zelfs onze schoenen door de scanner halen Je moet op een andere plek nogmaals door de scanner Als beesten wordt je behandeld Eindelijk door de douane enz hoor je gelijk iemand van een winkel sigaretten zeggen Ik ging even kijken en wilde voor een vriendin deze meenemen Het bod was  dollar een slof Ik zei dat ik eerst mijn vriendin zal bellen om te gragen of zij dit wilde Ik liep de winkel hiervoor uit ging bellen staat de verkoper tijdens het gesprek naast me Bij afrekenen van  sloffen wilde de verkoper  euro Toen ik zei  dollar ging hij na verl heisa overstag Bij Burger King tref je een oververhitte verkoper die zowel zijn medewerkers als klanten zeer onvriendelijk bejegend Toen ik nog een souvenir wilde kopen en ik een aanbod zag van    gratis wilde ik deze afrekenen en kreeg ik een totaal andere verl hogere prijs Ik attendeerde hem op de aanbieding zal deze gelden voor een totaal ander product Toen ik hier wat van zei kreeg ik als antwoord op een niet vriendelijke toon  OUT OF MY SHOP  Ik vroeg hem waarom en kreeg als antwoord dat ik zijn business kapot maakte Ongelooflijk toch Wat een afgang voor mij een reden om nooit meer naar dit land te willen waar respect tonen niet echt hoog in het vaandel staat,1.0,,Neutral,Negative,Positive,ManualCheck
Hurghada,airport,D Rensh,2024-12-13,The whole airport is a disgrace  x body and bag checks before I got to my departure gate Everyone is out to scam you from the visas on arrival to the stalls selling water in the departure lounge Shady characters all over the place I saw cleaner toilets out in the desert It really puts me off returning to Hurghada,1.0,,Neutral,Negative,Positive,ManualCheck
Incheon,airport,T Johnson,2023-04-22,The first time through this airport two weeks ago took no time to get through immigration and customs Today it took much longer We had planned to make hay out of our eighthour layover and visit Gyeongbokbung Palace Alas it wasnt meant to be After immigration and customs we went to Hanjin Express to store our carryon luggage only to be told there was no more space That was the final decision point  we were going to kill the time inside the airport Its no joke  this airport is only good if you want to buy designer goods and only if you want a limited brand and product selection I footed the entire terminal from branch to branch and there is nothing that highlights Korean culture in an interesting andor contemporary way Dont make the same mistake If youve got more than four hours go somewhere outside this airport I hear there are good outlet malls nearby,4.0,,Positive,Negative,Neutral,ManualCheck
Incheon,airport,C Han,2023-04-16,Tax refund is very hard upon reach at counter D it was closed so ask you to go counter E officer will tell you to scan th receipts the person there just simply using her mobile phone you ask her and she will say I dont know and give you a black face overall its very hard as the steps is very manual do note that if the refund is more than KRW  you have to get the customs officer to check and stamp your receipt Most shops and restaurants are closed by  or pm airport has a lot of renovations works so its very noisy with drilling etc airport shops charges USD except the  and food court if you want to pay KRW they will convert it but the rates is too high ahjummas at th chocolate shops and duty free will scold you if you ask on the products  staff are unfriendly and will scold you if you ask Dont ever buy at the airport is much more expensive compare when you buy outside,1.0,,Neutral,Negative,Positive,ManualCheck
Incheon,airport,M Keale,2022-10-03,Great free wifi very clean bathrooms peaceful airport But strangely rude staff at the coffee shop and Dunkin Donuts I ordered a coffee and asked for a little milk or cream The barista pointed behind me gesturing liketheres the milk but theres nothing there So I ask again and then he says its in there and points at the coffee but no milk So I go over to the Dunkin Donuts and buy  donuts that I didnt even want to be polite and then ask for a little milk or cream and the lady immediately became quite rude I said I would pay for it  anyway very strange that theyd be a jerk about giving a little milk for their nasty coffee And maybe learn how to brew coffee that doesnt taste like its from a gas station,6.0,,Neutral,Negative,Positive,ManualCheck
Innsbruck,airport,J Diss,2013-10-15,Travelled late July Arriving from Edinburgh late afternoon found the airport quiet Standing at the back of a long line for passport control I thought we could in for a long wait But they virtually waved the entire plane load through in around  minutes By which time the luggage had already arrived So we were out of the airport within  minutes Ive never known anything like it On the way back there were several flights delayed due to a storm However everything still worked well for our flight and we departed on time Not a big airport but I was happy with my time there,9.0,,Neutral,Positive,Negative,ManualCheck
Inverness,airport,Sonya Grant,2018-08-21,I have travelled through many airports in my life But never have I been left feeling so penalised disrespected as I did travelling through Inverness airport The security staff are extremely rude they treat you like youre an inconvenience to them Even after getting past the security part we had to then endure an incredibly rude woman who bullied us about our hand luggage before we got on the plane I do hope that the inverness management review how they treat their customers,1.0,,Neutral,Positive,Negative,ManualCheck
Ireland West Knock,airport,J Saunders,2019-04-20,This is the second time I have used Knock It is a bit out of the way and coach connections are not very good But the timings of flights suited me better than the ones on offer to Shannon or Dublin so I used Knock My flight yesterday was the last time ever They do charge a departure tax of  euro which I had no idea about until I got there Annoying but you can put up with this This time I had to spend three hours in the departure lounge as coaches were either arriving too early or too late to catch flight Never mind I thought I can relax They are doing repair work in the departure lounge which is minute The noise was horrendous Walls were being knocked down sawing hammering etc All in a small area and three groups of workers spread around the room All wearing ear protection so they were really enjoying themselves making as much noise as they could it seemed I asked if there was anywhere quiet we could sit and a staff member told me we have to put up with this all day Try the bar The bar a small area in one corner So not much help there I have tried to find who to complain to but no one seems interested My point is my flight was the last one of the day  So they had many hours when work could be done to not inconvenience travellers It is a very small area where everyone sits The food selection is the worst I have seen so all in all a miserable three hours Never again I have two other airports to use both have been good in the past Passengers have a choice and my choice is never to use Knock again I warn anyone else to think again Staff seem fed up and Ireland has such a brilliant reputation for their hospitality it is a great shame,2.0,,Neutral,Negative,Positive,ManualCheck
Isle Of Man,airport,Natalie Fox,2019-06-17,The airport in general was great with no queues clean and helpful staff at security One negative point was the disgusting manners of the shop assistant in the duty free shop Sunday lunchtime After having a wonderful weekend in the Isle of Man with nothing but friendliness this rudeness was disappointing for our way home,6.0,,Neutral,Negative,Positive,ManualCheck
Istanbul,airport,P Beale,2025-02-28,Im flying  times a year in average This must be the worst airport Ive been to  different places to check your bag  times answering same questions about my trip to get safety stamps with just different colour Queuing all the time arrival to gate took more than  minutes On top of it prices for everything are ridiculous  for a small beer Really Staff not very friendly either Never again,1.0,,Neutral,Negative,Positive,ManualCheck
Istanbul Sabiha Gökçen,airport,S Hareym,2025-03-10,First of all I dont understand how all the airport employees dont understand a word of English their car parking is a huge scam the sign shows one price however you will get charged almost triple the price if you did not read the extremely fine print in Turkish language at the bottom of the sign All I can say it an obvious scam and thats the last time I am using this airport,2.0,,Positive,Negative,Neutral,ManualCheck
Jacksonville,airport,Katarzyna Pomianowski,2019-06-10,Unfortunately security staff at airport security check point was very rude it was a male security officer I placed my belongings in tray at check in point than on rolling rack and attempted to walk away He came yelling  whose stuff if is Who is watching your stuff You like you staff than stay there He sounded and behaved literally like an abusive spouse What is this Boot camp Who talks like that to people Most people coming to airport are stressed out already and last thing anyone needs is a stranger coming out of nowhere yelling at them when only simple redirection is needed What about being calm and professional instead Otherwise airport was clean and easy to use also rest of employees we encountered were very polite Just this one individual gave airport bad rep for a day,5.0,,Neutral,Positive,Negative,ManualCheck
Jaipur,airport,Kavita Jhajharia,2019-03-20,Parking washrooms are not at all clean In the name of hygiene all they do is ask for money After money also it was worst than you can imagine Not even flushed When I asked the person to clean he refused to and said better you take your money back and leave This is my experience with Jaipur airport,1.0,,Neutral,Negative,Positive,ManualCheck
Jakarta,airport,10 reviewsB Agnew,2023-01-02,Jakartas SoekarnoHatta has been for a couple of years my home base for both international and domestic travel The older terminal  has its charm but is clearly outdated and definitely is disorganised more or less depending which airline one uses If one flies with Garuda Citilink domestic or international or any international airline the departure or arrival is in Terminal  It is a modern building where unfortunately distances can be sometimes a bit of a challenge especially upon arrival often it is a true hike from plane to passport controlluggage belt Both terminals have enough food options to relax a bit or to kill time when you are delayed Only downside at SoekarnoHatta is the luggage collection time regardless of terminal or airline it requires quite some patience,6.0,,Neutral,Positive,Negative,ManualCheck
Jammu,airport,54 reviewsRahul Anand,2022-11-30,Nearest airport from Vaishnodevi situated at Jammu Airport with very basic facilities expensive food and no lounge options Security is very tight to enter the terminal we need to get our baggage scanned and also  times manual frisking after that again one security check of cabin baggage and manual frisking Wifi needs OTP but no roaming for prepaid sim in JNK and most people have prepaid sim so no wifi Toilets were clean and also the terminal,6.0,,Neutral,Negative,Positive,ManualCheck
Jeddah,airport,S Amin,2024-06-20,The duty free staff especially the fragrance section was very unprofessional Poor customer service No please to give feedback Otherwise the food and airport is good,4.0,,Positive,Negative,Neutral,ManualCheck
Jeddah,airport,L Carsan,2023-09-30,Surprised how small it is and the lack of choice for food What prompted this review however is the toilet situation There are plenty and they are clean enough but every single toilet has a bored attendant who will hover around outside your stall pretending to clean it the moment you enter Incredibly offputting and twice I just gave up and decided to use the toilet on the aircraft where Id have more privacy and less attention I will try to avoid this airport in future,5.0,,Neutral,Negative,Positive,ManualCheck
Jeddah,airport,K Haleem,2023-08-27,Our journey from Jeddah to Qatar with a transit stop in Riyadh was marred by a series of unfortunate events that left us deeply disappointed As we approached the checkin counter at Jeddah airport we encountered an attendant whose receptiveness seemed notably absent Despite our attempts to communicate our situation she briskly processed our documents and handed out boarding passes albeit segregating our family onto separate rows To our dismay she omitted the essential luggage tags for both our hand luggage and the baby stroller abruptly departing the counter with her personal belongings leaving us bewildered and adrift Our attempts to seek clarity were met with further frustration A request to summon a supervisor was met with a dismissive response as she claimed to be unaware of the supervisors whereabouts With her departure we found ourselves adrift until we chanced upon a more accommodating staff member at a different counter He promptly rectified the oversight issuing the requisite tags for our belongings bringing some semblance of order to the situation Upon our arrival at Riyadh International Airport the prearranged wheelchair assistance for my mother was conspicuously absent  In summation the cumulative experience involving Flynas Airlines Jeddah and Riyadh airports was profoundly disheartening Our expectations for a smooth and accommodating journey were regrettably unmet leaving us to reflect on the marked contrast between our aspirations and the reality we encountered,1.0,,Neutral,Negative,Positive,ManualCheck
Jeddah,airport,M Rayan,2023-05-19,Their staff is very unprofessional Queue got long because the boarding staff was busy gossiping and laughing at each others jokes I had to wait more than I should because of that Also they dont know good English if you need any information,1.0,,Positive,Negative,Neutral,ManualCheck
Jerez De La Frontera,airport,T Keller,2016-08-06,Ive come to use this airport multiple times normally its not too much of a hassle They are a smaller airport so they are not open  which means if you have an early morning flight you may be waiting outside before they open Apparently for some reason this airport in particular has an issue with losing luggage On my recent flight there was at least  other people and myself whos luggage didnt arrive Another passenger in the same scenario told me this is about the rd time they lost her luggage Only good news about that is she said that it normally arrives the following day but so far its the next day and mine is still missing Cabs are expensive some staff speak some English lines arent too bad,3.0,,Neutral,Positive,Negative,ManualCheck
Jerez De La Frontera,airport,2 reviewsB Clark,2015-08-28,Small airport easy to find everything Overall a majority of the airport had no issue However a single experience can ruin it In my case the airport staff at lost luggage was very unhelpful I had a bag missing and they had no setup for an overnight bag Going through the lost luggage department was like pulling out fingernails After an hour they finally open a case number that you can track online The number provided to their office would ring for a long time then either hangs up or is picked up by somebody who knows very little English While the lost luggage is the fault of the airline the process in Jerez is painstaking The taxi prices are outrageous Mine did not speak English so have your Spanish handy,5.0,,Neutral,Negative,Positive,ManualCheck
Johannesburg,airport,A Steele,2025-01-12,I took a connecting flight from London through JNB to Malawi We had to collect our luggage and check in again for the connecting airlink flight The queues for the passport check were very long and there were insufficient staff who were unfriendly We had four hours for the transit The monitors with flight details were not updating so we couldnt find which gate to go to The staff did not know Due to long queues at security baggage and passport we had only  mins in the terminal before boarding Thats about  hours waiting in queues Most of which was in hot sweaty lines with no working AC Security and passport and flight detail systems failed at different times Worst and most inefficient experience of a major airport so far I think we were unlucky to experience multiple system failure but modern airports should have decent backup systems in place,2.0,,Neutral,Negative,Positive,ManualCheck
Johannesburg,airport,Mark Holloway,2024-11-25,Sadly this airport is poorly staffed and when there are staff at customs they spend their time chatting and joking Rudeness which was prevalent is not good for tourism and business either The Diner restaurant used the same utensils to serve hot meat and then cakes The whole process was poorly coordinatedwith unecessary queues King Mswati  Airport in eSwatini is a much better experience and the Kingdom formerly called Swaziland makes for a fantastic holiday experience which is where we have travelled from,3.0,,Neutral,Positive,Negative,ManualCheck
Kabul,airport,Dave Stanley,2009-01-29,The new terminal may well have been inaugurated but it is not being used Maybe it is just for visiting heads of state etc We were pushed through the old terminal which has had some limited refurbishment However do not expect any food to be available inside the airport apart from nuts or Pringles That and the staff continue to be the airports biggest problem,2.0,,Positive,Negative,Neutral,ManualCheck
Kahului Maui,airport,Kristi Ottmar,2023-02-26,All Day long our family reported gate issues We had  people arrive today All were parked on the tarmac for at least  mins This airport is desperate for some help If anyone can get me a gate so I can deplane Id be grateful,5.0,,Negative,Positive,Neutral,ManualCheck
Kalamata,airport,Tim Burrows,2022-09-11,Without a doubt the worst run airport Ive ever used Flight at  on  In a shambles of a check in queue at pm and about an hour and half later started queuing in the security queue Arrived at the gate at about  Last passengers boarded at  and as a result the take off was delayed until  The evacuation of Baghdad probably went better No communication and no queuesystem management in evidence This part of Greece is a joy but I will never ever come back to this airport Disgraceful treatment of customers in the st century,1.0,,Neutral,Positive,Negative,ManualCheck
Kalibo,airport,M Ali,2017-11-01,Extremely bad experience after leaving Boracay  International Flights leaving at around about the same time creating utter chaos First you pay  peso to make your way to Kalibo Airport which involves van to the pier  min ferry ride to the mainland and a hour bus ride to the airport via a company called Southwest At this point you queue to get into the airport showing you boarding pass and going through medal detectors  xray bags You enter a small room which involves  processes which no one explains and you cant even see where lines end or start You need to st queue to get your boarding pass mins then queue to pay the Airport Tax  peso per person a lot of people didnt have the peso left as most are leaving the Philippines at this point and had to go outside to arrivals to exchange currency and then requeue to get scanned back in The last stage is the longest at which you need to clear immigration which is a spiralling queue within the middle of both other queues checkin counters and airport tax The immigration line is  or six wide of everyone pushing in which funnels into one queue of people getting upset Got to the airport  hours before my flight and boarded the flight  mins after the gate opened and  mins before the flight was due to leave I only had carry on thankfully  hour journey in total Highly recommend flying out of Caticlan which is  mins away from the Jetty port to Boracay Ticket costs can be double than leaving from Kalibo and you need to fly to either Manila or Cebu to exit the country first however cost factor is not worth the sour taste Kalibo leaves in your mouth after an amazing holiday in Boracay Total journey time in Caticlan would be  hours Arrival was fine as I did not have luggage to pick up and could organize my ticket to Boracay from Kalibo while everyone else was still waiting for luggage costing  peso in total Bus Ferry Pier Terminal fee Environmental fee and small van to your hotel You wait about  mins before the bus fills up and leaves for the Pier in Caticlan but it allows you to grab some snacks or a fast bite with many stalls and shops outside the airport I hear the airport has free wifi and shops however I did not get to experience anything other then queuing chaos needing to board as soon as I cleared immigration Signage was minimal to none Arrival was fine departure was a nightmare,1.0,,Neutral,Positive,Negative,ManualCheck
Kalibo,airport,14 reviewsAndrew Mortimer,2017-05-25,Power outages causing Air Asias check in to be an old fashioned manual check in and the flight itself was delayed by  hours resulting in many people being stuck in not much more than a glorified shed with no food and beverage outlets as these were after security Galling that we still had to pay a terminal fee when nothing seemed to work Also beware of porters hanging around who will snatch your bag up carry it  metres and then ask for a fee Next time I will go to Caticlan if I have the choice,2.0,,Neutral,Positive,Negative,ManualCheck
Kansai International,airport,David Russell,2023-12-23,Japan is totally great but the only disappointment has been arriving and departing Kansai airport struggles in almost every department It is cramped and slow When we arrived the queues to go through immigration were long and only a few counters open and they even closed others as we waited Took  hours to get through Staff were very slow to process just one person and seem totally disinterested and nonchalant about their job The public transport options to downtown stop quite early pm so if youre arriving late that will be an issue Returning to the airport to depart has been equally problematic Cramped checkin area and very slow When we were the next passengers in the we waited  mins to be called to the counter and we were near the front there was a very long queue behind us After that the security area is cramped and crowded and also slow No water or fooddrink shop after security just perfume watches and restaurants Very poor We were extremely thirsty as we had discarded our water long before the security check Had to hunt around for a convenience store but had to settle for a vending machine in the end Prior to arriving I thought Kansai was a leading airport but the feeling is that it wasnt designed to be this busy So many improvements could be made,4.0,,Neutral,Negative,Positive,ManualCheck
Kansai International,airport,Joey Chew,2023-11-25,Very poor airport arrangement Came here many times Im the tour leader of Malaysia many time group arrival at the departure parking no Trolley at all very inconvenient for passengers The security check point line is more than  minutes or more Cant you do something to improve the waiting time,1.0,,Positive,Negative,Neutral,ManualCheck
Kansas City,airport,S Newman,2024-09-14,The airport has been updated and its much better than what it was before but still doesnt even have a business lounge or place to go to if your flight is delayed and every time I fly through MCI the ladies bathroom in the Terminal always has a very long line because the other option is the ALL Gender bathroom but a lot of women dont feel comfortable sharing a bathroom with men,2.0,,Positive,Negative,Neutral,ManualCheck
Kansas City,airport,P Dawsen,2023-12-01,The bathrooms look like they havent been cleaned in weeks Splatters on the back of the toilets dirty floors dusty everything Looks like all they do is refill toilet paper and seat covers,2.0,,Negative,Positive,Neutral,ManualCheck
Kansas City,airport,J Cahill,2023-11-09,The old airport was great Fast TSA comfortable gate seating no frills The new one  not even close Check in was very clunky theres no real traffic flow just a mass of passengers Horrible slow TSA similar to Atlanta Way too many shops and restaurants Little to no signage for anything The gate seating area only sat  passengers More shops and restaurants why are there any at all An airport is not a destination its a thoroughfare I attempted to find a bathroom and looked until I saw a sign flat on the door no hanging sign Overall a poor experience with something that was supposed to make life better Next time Ill fly out of St Louis,1.0,,Neutral,Negative,Positive,ManualCheck
Kansas City,airport,J Rulo,2023-07-12,The new airport is very pretty but there are some important things missing The signage is not great They must have forgotten about signs for baggage claim because they only have sandwich boards in the main terminal area directing you to the baggage claim We found NO SIGNS for rental car area Finally got a broadcast on the PA regarding car rental location and shuttle The TSA lines were very long even though not many people are here They had the area roped of as if they were expecting a large crowd and didnt bother to shorten the lanes when not needed causing people to walk more than necessary The new seats are uncomfortable Our TSA person at the baggage check area was rude and didnt seem to know the rules for people over  I realize it is a work in progress but seems like some of these issues should have been obvious to the designers and planners Lets hope it gets better as time goes by,3.0,,Neutral,Negative,Positive,ManualCheck
Karachi,airport,Farhan Siddiqui,2019-08-04,I have visited this airport after several years and this time i found it much more crowded and dirty The floors were giving a messy look The air conditioning was not working properly so it was very hot inside The airport offers very limited shopping a small duty free shop and very limited food shops who offers very expensive things The immigration staff was not bad but the lineup for both the Pakistani passport as well as foreign passports were too long and they were not in a hurry to reduce the line quickly The building needs a lot of changes and renovations as Karachi is one of the biggest cities in the world but the airport gives a  year old look,6.0,,Neutral,Positive,Negative,ManualCheck
Katowice,airport,Lee McCluskey,2019-09-04,Airport was absolute chaos this Sunday the security line snaked through pretty much the entirety of the terminal with no clear beginning or end and took well over an hour to navigate Once I got to the departure area in Terminal A I took the escalators down to the bottom floor however the room was so crowded I couldnt actually properly get off the escalators as the whole floor was blocked Because the whole area was so busy there were no real clear lines to see which queue people were in for which flight The temperature was  degrees outside and there seemed to be no AC in the building too which caused the very long wait to be very uncomfortable too,2.0,,Neutral,Negative,Positive,ManualCheck
Kaunas,airport,V Neale,2017-06-17,Truly awful service Woman working at security was unbelievably rude and continued to hassle me even after my luggage was successfully screened Luckily the airport is small so getting to the gate without checking luggage took about  minutes At the gate there were about a third as many seats as people so many were standing  sitting on the ground  but its being renovated so hopefully this is soon to improve Flying from Kaunas could be a comfortable experience but the cosmetic improvements are moot when the staff have no respect for passengers Did not expect such poor treatment when the country actively tries to attract tourists  would rather drive to Riga airport than fly from here again,2.0,,Neutral,Positive,Negative,ManualCheck
Kazan,airport,Eduard Petrovsky,2017-10-19,I traveled to Kazan for business purpose and was surprised to see that this airport is rated as star one This does not correspond to other airports I am familiar with Access is only by expensive taxis Space in the international area is very limited Refreshments almost missing Security area very limited and uncomfortable The only positive feature I found was cleanliness,3.0,,Neutral,Negative,Positive,ManualCheck
Kazan,airport,Barry Byrne,2007-05-27,Kazan Airport has two terminals but T a square shaped building some m from T seems to be used mainly as a VIP facility Terminal  is a small rectangular building with separate sections for international and domestic services Most likely it is the international section you will encounter on the regular LH service from FRA that arrives  departs in the very early morning To say that Kazan has few facilities for departing passengers is rather an understatement a preliminary baggage scan leads immediately to a few check in desks and a very short walk to immigration control and a further scan for hand baggage In the small waiting area there are some hard seats in a small waiting room and a bar The business lounge has a few soft seats a fish tank and a television Drinks here even coffee are to be paid for nothing is free apparently There are no shops banking or change facilities at departure They bus you the m to the aircraft of course On the plus side this very small facility is a pleasant change from the corridors of FRA but not a place to linger to arrive too early or any place to be delayed either It is a reasonably long way from the city but linked by a good road so it does not take very long to travel to the city At that hour of the morning the roads are empty also The domestic area from one glance does not seem to have much to offer either,3.0,,Neutral,Positive,Negative,ManualCheck
Kefalonia,airport,Barbara Kandu,2016-06-26,Queued outside for  minutes with Thomas Cook Airlines then again indoors Two checkin desks only We were stood for  hours Unsmiling passport guy and one baggage scanner only Once through to departure its tiny  no smoking area a tiny kiosk with overpriced snacks and nowhere near enough seats  people are stood sat on the floor and on tables Power kept going off as did the departure screens there is no tannoy so the staff have to yell If only I were exaggerating  honestly Im not  the worst airport ever,1.0,,Negative,Positive,Neutral,ManualCheck
Keflavik,airport,S Anderson,2024-11-16,Extremely disorganized It is a cluster of an airport specially at the gate where there is not enough space for seating and the lines to on board get quite overwhelming,1.0,,Positive,Negative,Neutral,ManualCheck
Keflavik,airport,Dennis Cos,2024-08-08,Keflavik airport in Reykjavik is very poorly organized The interior resembles a concrete barn The service area includes one diner which is closed in the middle of the working day as well as a couple of bars besieged by crowds of passengers On offer are prepackaged cold sandwiches sold to you by equally cold unwelcoming personnel The tables in the service area are not cleaned with dirty dishes piling up and with nearly all tables filthy as they are occupied by passengers waiting for their flights In order to get to any other eating establishment besides those three you have to go back beyond passport control and then reenter the terminal through passport control once again That is what a service person told me in all seriousness Perhaps in Iceland such standards of service are acceptable but elsewhere they certainly are not Neither Icelandair nor the Keflavik airport are worth your money Avoid and choose a different route and a different airline for your travel,1.0,,Negative,Positive,Neutral,ManualCheck
Keflavik,airport,W Veronika,2024-06-26,Horrible experience with immigration officer When I went through passport control I asked kindly the lady not to stamp on empty page because I was running out of my pages I have plenty of passport pages with just  stamps I travel a lot and it was important for me The answer was  I will stamp whatever I want And she just stamped on my empty page that I was trying to save,1.0,,Neutral,Positive,Negative,ManualCheck
Kerry,airport,Ben Carroll,2021-10-28,I flew in with Ryanair from Dublin into Kerry Stressfree and the aircraft parks ft away from the terminal building at Kerry Only around  bags on the carrousel and they were there as soon as we were off which was only around  mins after landing Departure from Kerry was alright The terminal is small and cute Check in opens around an hour before departure but the staff working in Kerry airport give off a rude vibe The person in front of me had to pay  euros for being a tiny bit over their check in bag and I find this stupid since the flight wasnt near half full Security staff in Kerry were rude too which I was surprised since the airport is very quiet The detector seemed to beep everyone but it was quite modern There is a small duty free shop after security and the staff there were rude too no manners Airside is just a small cute bar and a waiting area gates All in all Kerry airport itself is nice but the staff there arent,6.0,,Neutral,Positive,Negative,ManualCheck
Key West Intl,airport,Uwe Lang,2025-02-13,Nice small airport with a lot of history but the new terminal is badly needed Coming in  the sign says I hope they keep some conch flyer feeling in the new terminal,8.0,,Neutral,Positive,Negative,ManualCheck
Kiev Borispol,airport,A Walker,2020-02-24,I have used Borispol terminal F on several occasions over the last  years when you enter the airport you have a security check of your personal belongings this is not the main security and everyone has to go through it to get into the terminal this naturally causes long waits and it is totally unnecessary I have not had to endure check in here as I normally use hand luggage only The main security and passport control are upstairs and are fine and the guards speak good english Once through passport control there is very little to do but to wait for your flight with no duty free shops or in fact any shops There are two extremely expensive snack stalls with very limited choice On the plus side there are plenty of seats of the normal uncomfortable airport style Also lots of great views of the apron and runway In the last  years of travelling to and from Ukraine terminal F it is now worse than ever The owners have modernised it since my first flight here in  although it is now Borispols LCC terminal but the lack of facilities and shops lets it down its a pity because the empty shops are there just waiting for companies to take them or waiting for the airport owners to allow shops in to this terminal,4.0,,Neutral,Negative,Positive,ManualCheck
Kiev Zhulyany,airport,Yevheniy Kahanovych,2012-08-07,Used Zhulany for arrival and departure domestic services No queues things went fast From car to plane in  minutes and  minutes from plane to car no hold bags The domestic terminal B looks bad but the new International terminal A is a good quality facility Overall ok but just for regional low cost flying,6.0,,Neutral,Positive,Negative,ManualCheck
Kigali,airport,T Kemp,2018-11-17,There are two entries into Kigali Airport  a newer entrance with an automated security screening and an older entrance with screenings done by Ks Both are slow so expect  min wait time You are not allowed into the building terminal unless you can show proof of an itinerary None of the staff are friendly or helpful they expect you to know where you are going and are brusque even rude in conversation The other traveler who spoke about the unprofessionalism of the terminal security staff is one I experienced as well There were  security agents yet one male made the sole female do all of the checking for both of my bags not even deigning to speak to her just pointing at things he wanted searchedand even though he knew my flight was at final call After the initial boarding announcement I went to the bathroom and  min later it was final call another issue I have with the airport He refused to let me inform the ground staff that I was there when they were just through the checkpoint only  meters not even allowing me to call out to them and making me almost miss my flight with the  min search He pulled out my EmergenC and Advil packets and accused me of being sick when I told him I am preventing myself from getting sick and told me that my small packets of energy gels and anti malaria pills were not allowed I was so frustrated with their lack of professionalism and empathy Kigali Airport needs to train their staff to be gender equal and educated on what exactly what is banned and what is not I was able to take all my belongings at the end as a superior staff came and told the man that I was able to take everything he told me I couldnt If I could avoid this airport I would if notgive yourself an extra  min for the in terminal security,2.0,,Neutral,Negative,Positive,ManualCheck
Kilimanjaro,airport,Michael Pro,2019-03-31,The arrival at a first view seems organized professionally some employees are kind Even in the evening its very humid and warm  must be terrible by day with  degrees and you cant communicate with any host or friend or driver because its difficult to connect yourself with the airportnetwork The worst point for me I cannot imagine that an uniformed was not able to difference between Dollar and Euro Its written in several media Visa for the damn foreigners  Dollars OR  fourty Euros I gave an Euronote to the officer but got no balance Would be nice to get some Tanzanian Shilling why not but nothing Theres no problem about ten Euros But I expect correctness from an uniformed justice and fairness Very bad Outside the building the same view No public transport just taxi drivers and they all want  yes  Dollars Because a silly white man must have that money The fact that this tourist already paid a flight ticket for more than a thousand Dollars doesnt interest to nobody My opinion Who likes to be treated by that way  welcome to Tanzania All the others There are nicer places around the globe,3.0,,Neutral,Positive,Negative,ManualCheck
Kilimanjaro,airport,Anne Linney,2010-04-27,Another charming African airport where you can bribe your way into any area of the airport and where power cuts tend to be a problem and staff have to run to the generator to get lights back on Surprising that KLM actually lands here no other western airline company does such a thing,2.0,,Positive,Negative,Neutral,ManualCheck
Kinshasa,airport,Dave Stanley,2006-06-30,The airport is not as bad as some of the earlier reports suggest Having a local guide meet you and handle the formalities will help a lot Most people hand over their passports tickets and baggage to these people and allow them to sort out the problems,0.0,,Neutral,Positive,Negative,ManualCheck
Kiruna,airport,7 reviewsGraeme Baxter,2017-11-17,Small airport with a coffee shop domestic travel only Local bus is there when a plane arrives and takes you into town The bus company keeps up to date with flight delays so there is no panic it will be there when you land No smoking room once you pass the security check,9.0,,Neutral,Positive,Negative,ManualCheck
KLIA Kuala Lumpur,airport,Gualtiero Coppe,2025-02-19,How is possible that still use buses to satellite Gate C it must be  years now or more for maintenance works of the train tracks I think they built it in shorter period of time and usually the maintenance is done on  track while the other one still working The train from KL Sentral is saving a lot of CO emissions but the hundreds of buses running all day at the airport is not helping What if they have to do maintenance to the train to the City instead of few hundred meters satellite train at Klia Moreover every morning the airport register some delays officially due to heavy traffic It doesnt seem KLIA airport is on the top  for traffic It was a fantastic new modern efficient airport years ago The solved the problem of very long queuing on arrival now I spent hours queuing there in the past Thats good,5.0,,Neutral,Positive,Negative,ManualCheck
Koh Samui,airport,1 reviewsDjordje Susic,2024-07-28,Koh Samui Airport was in general very cool This was because it was completely outside Although this is cool it was really hot throughout the airport which made it uncomfortable The airport was also dirty and the toilets were also dirty and very smelly The WiFi was also very poor Overall cool airport just the cleanliness isnt the best,6.0,,Neutral,Negative,Positive,ManualCheck
Koh Samui,airport,2 reviewsGuido Stoldt,2016-12-01,Koh Samui is a real unique airport almost everything is openair As they dont have any air bridges all passengers will be carried by little unique trolleys from and to the planes They do have a roof on most parts of the airport but no walls a very airy experience and a fine contrast to the usual,8.0,,Positive,Negative,Neutral,ManualCheck
Kolkata,airport,B Rajapati,2023-12-17,This is a surprisingly filthy airport where the majority of the seats were dusty or stained There are hardly any restaurants post security Creates for a very poor travel experience,4.0,,Negative,Positive,Neutral,ManualCheck
Kolkata,airport,Adrian Thwaites,2023-01-29,Rude behaviour from the security guard at the entrance Travelling with my wife and daughter a mixture of New Zealand and UK passport holders The man could not speak English or Bengali and could not understand Qantas bookings or boarding passes codeshare with Indigo nor had no idea what an OCI for my wife was Had difficulty reading the English names and then took out his frustration on my wife of Indian origin who kept saying speak in English or Bengali only and kept telling me in Hindi I presume to stop showing him my phone with two names in one booking my daughter and myself Then the worst most shameful behaviour was shouting at my wifes cousin in Hindi and asking him to leave because he had no ticket and obviously had no confidence to stand up to this staff member Airline staff could say or do nothing as they explained it was another jurisdiction My wife finally had the last word by saying we have international passports this despite this mans threat he could detain us for time wasting he of course could not This is not the first time we have seen such inefficient and jobs worthy behaviour from a domestic airport in india but today was the worst most unnecessary form of communication Thankfully checkin security and boarding staff were clear and polite with their communication and behaviour I have no doubt if I had not been a white man then my wife and her cousin would have received even worse conduct from this so called security official in a faux uniform Please could these staff be trained in English foreign passports foreign namereading and understanding code share or international airline boarding passes on a smart phone app before they are given such jobs  and how to behave with fellow human beings Quite clearly he was biased against younger men and women of his own ethnicity,1.0,,Neutral,Positive,Negative,ManualCheck
Kolkata,airport,Anirudh Chaoji,2022-11-14,Of the many airports that I use frequently Kolkata Airport is one of the worst Seating many bus stations and railway stations today provide more comfortable seating The seating area is very unclean No cleaners are seen Toilets very poor indeed  Today th Nov the temperature was terrible I had the misfortune of many early morning onwards travels from Kolkata today I am fortunate there are better airline connections Dread to spend night hours here,2.0,,Neutral,Negative,Positive,ManualCheck
Kolkata,airport,M Thomas,2019-12-24,This is the worst airport I have ever been to I have travelled across so many countries from a number of airports but Kolkata airport has to be the worst of all Starting from cleanliness to the processes from security processes or their knowledge the airline executive knowledge the airport managers knowledge and their incompatibility to address issues or guide the passengers This airport and the management is clearly deserving negative ratings if available I definitely wont recommend this to anyone Also would like to tell them that go and see how Mumbai airport has been performing and serving the passengers,1.0,,Neutral,Negative,Positive,ManualCheck
Kona,airport,S Cole,2023-03-14,The worst airport that I have experienced in  years of travel Even worse than airports in developing countries It is dark dirty brown low ceilings no functioning toilets in the gate area  there are almost no services food shopping Scarce electrical outlets for recharging There are two souvenir shops and the restaurant was in disarray old uninviting Seating in the gate area is restricted to wooden benches Big s deplane and board from the tarmac It took over  minutes for the handicapped and disabled to be hauled up ramps by the one porter on duty Staff were friendly and tried to reassure people but we were late leaving because how long it took them to deplane clean and load people in wheelchairs If you have to fly to Kona plan things so you can spend as little time as possible in the airport I cant understand how a state that prides itself in beauty and tourism would want this airport to be the first thing tourists see or the last thing theyll remember Perhaps there are plans for a new airport to be built and so they are not spending anymore on the old one Who knows But there is no excuse for dirty and a lack of facilities in the gate area,1.0,,Neutral,Negative,Positive,ManualCheck
Kona,airport,Natalie Nicholls,2022-01-23,This is without a doubt the worst laid out airport Ive ever visited We found it incredibly confusing to navigate since everything is choppy and spread out without proper signage The bench seating is incredibly uncomfortable and with multiple flights going out youre packed into the gates like sardines You have to clear agriculture twice why it cant be once I dont understand is this an American thing or specific to Hawaii Once you have cleared your bags you cant actually take them with you to use the bathroom without rechecking them And yeah you actually somehow do not have bathrooms past the bag checkpoint so for travelling alone its a massive headache The security people tell you to have your travel companion watch your bags so you can use the washroom without rescanning but why cant they just add restrooms by the gates Once at the gates there are no food options and even the snacksouvenir store closes well before the flights finish for the night The open air may be good for protection against COVID but given how many people were only half wearing masks and some not at all the staff need to enforce proper mask wearing is still required The signage for catching rental car shuttles is also missing which caused a lot of confusion,2.0,,Neutral,Negative,Positive,ManualCheck
Kona,airport,R Haines,2021-09-21,Do not come early They obviously do not want you to be comfortable Alcohol only inside the restaurant but zero chairs to sit in You have to stand Ridiculous,5.0,,Neutral,Negative,Positive,ManualCheck
Kos,airport,Hettie Herefordshire,2019-10-02,Absolutely disgraceful service this airport can obviously not cope with the amount of people it is just not equipped to deal with so many coaches arriving at the airport The departure lounge is not big enough so they just keep you queuing in an unreasonable order of time an unacceptable situation because they have nowhere for you to go and information given is appalling and you cant understand even when they speak as the tannoy system was terrible When we talked to the TUI reps they were not interested as they informed us this happens every Saturday night and there is nothing they can do to help anyway I will not return to Kos even though I had a lovely holiday I could not go back until this airport is refurbished It cant happen soon enough I am so amazed that nobody is willing to advise their passengers what is to be expected for your departure even some seating or access to water a unbelievable experience for,1.0,,Neutral,Positive,Negative,ManualCheck
Kosice,airport,Jan Buza,2012-08-12,Few years ago a new terminal was built Although it looks relatively good for a small airport it is hard to get anywhere from here since it is expensive for airlines to operate here There are only two small duty free shops with limited offer and enough place for sitting If you are flying outside of Schengen area you will go through the old terminal that looks terrible,5.0,,Neutral,Positive,Negative,ManualCheck
Kota Kinabalu,airport,H Ow,2024-10-25,Shame on Kota Kinabalu Airport For a basic necessity such as toilet you cant even manage it properly Airport toilets are filthy and no toilet paper Can you update toilet bowls with installed bidet Train your janitors how to clean toilet properly Have more frequent cleanings Really Shameful even shopping malls toilet are cleaner and dry,3.0,,Neutral,Negative,Positive,ManualCheck
Kota Kinabalu,airport,Julien L LaPlante,2023-06-27,Its a fine airport however for International travel they scan the luggage twice the first time at the entrance of the International Terminal and no outside water is allowed as per usual They then after being inside the gates check your carry luggage once more after you have filled your water in the terminal and at this point they make you dump your water again and then of course there is no water from that point on The you have to purchase water onboard Makes no sense,3.0,,Positive,Negative,Neutral,ManualCheck
Kota Kinabalu,airport,F Lukman,2017-06-04,Third time transiting in this airport Terminal  and was not satisfied with the quality of service from the staff around the airport Staff were not professional and lacked basic etiquette Airport is empty and has hardly anything to do Immigration and immigration staff are not professional and lacked basic communication skills as I was told to wait for  hours without any notice or information before being able to exit through the immigration Once I went through immigration I was shocked as the airport looked very untidy unclean and old The toilets are also very unhygenic and unsanitary as it reaked of waste and the floorings were all wet The only good experience that I had whilst on my transit was eating McD Would not recomend transiting through Kota Kinabalu better to transit through Kuala Lumpur or Singapore,2.0,,Neutral,Negative,Positive,ManualCheck
Krasnodar,airport,Sargeant Alan,2013-09-01,Left on domestic flight at height of summer season Very long check in queues and staff worked hard to try to get people on their flights No dedicated bag drop counter so no real advantage from on line check in Terminal and number of counters inadequate for demand Terminal was not very clean Regular announcements re flights etc,3.0,,Neutral,Negative,Positive,ManualCheck
Kualanamu,airport,A Simpson,2017-04-03,The staff were extremely unfriendly not professional and not helpful at all I had a quite big piece of luggage and they asked me to put the baggage in a different place from where I was checking in I was struggling to put the baggage on the XRay and the staff just stood watching me Not helpful at all Im quite petite woman and the male staff member just stood there watching,1.0,,Neutral,Negative,Positive,ManualCheck
Kuching,airport,S Amaya,2013-10-13,Airport is quite small and toilets are not so clean Not much to do while waiting for your flight but for a short wait the experience is not that bad,5.0,,Negative,Positive,Neutral,ManualCheck
Kunming,airport,D Gagliardo,2019-12-27,I had to pass through Kunming airport on my way to Thailand It was simply for a layover flight but our layover was  hours Given that the purpose of our vacation was not China we didnt wish to deal with the hassle of leaving the airport We assumed that being in an airport for  hours there must be some place to sleep right Well we discovered the rest lounge on the bottom floor it was full of uncomfortable chairs that do not recline and cannot be moved I did not wish for both me and my partner to be asleep in an unfamiliar airport and country at the same time so stayed awake away while he slept Our  hours was from pmam the next day  so the middle of the night The rest area was filled with visitors who were loud all throughout the night very hard to fall asleep We moved to some chairs that were actually more uncomfortable than the first but we could move them against eachother and actually lay down Well that worked until the literal police awoke us at am as they came towards us on segways and yelled at us and made us move the chairs back We drifted upstairs in search of refuge We found a sleeping lounge I gladly was ready to pay money for a wink of sleep they would not let foreigners use the sleep lounge You would think that at an international airport they would have an option for foreigners to get some sleep in a situation such as ours All of the kiosks were closed we couldnt figure out how to use the ATM which was fine our fault but when we asked restaurants if we could use our cards they yelled no At us and turned away When the kiosks did open up they sent us from one counter to another for about  hours Never giving us a straight answer we were very sleep deprived and simply trying to get answers Finally we got an answer as to where we could checkin and then they changed it on us  different times We ended up sleeping in restaurant chairs guarding our things until we were able to checkin I understand the airport is located in China but for a foreigner at an international airport I was very displeased and baffled by the quality of service Will definitely never be scheduling a flight through Kunming airport ever again,3.0,,Neutral,Negative,Positive,ManualCheck
Kutaisi International,airport,Jonathan Schhroef,2024-12-12,Beautiful and good looking airport but there are not enough public transport options to leave I had to wait  hours for a bus to leave the airport The trains also run  or  times a day which is useless,1.0,,Positive,Negative,Neutral,ManualCheck
Kutaisi International,airport,13 reviewsP Maile,2023-07-01,Terrible experience A very long queue at check in desk Completely chaotic No priority for priority passengers Than follows security check with even slower queue They operate only two lines and this is despite an overwhelming number of security staff The whole process is not managed complete mess No business lounge Crazy price charged for any snack Toilets are dirty Duty free is charging for wine the same prices like in the normal shops but in EUR rather than in GEL  The cars are parking everywhere alongside the main road because the airport parking is insufficient to the demandI am using Kutaisi airport for many years Never every service was good but I feel rather than improving they are deteriorating,1.0,,Neutral,Positive,Negative,ManualCheck
Kuwait,airport,D Faccauu,2024-10-21,No one should transit in Kuwait like me They dont give u a chance to charge your phone here anywhere or smoke for free beside if you pay  then u get h access to a lame buffet and some chairs and a smoking area Couldnt even find a charger there while I sat in their expensive smoking room Food was okey but not for  dollars and it was like nothing Some dry fika desserts as bread and stuffed sweet bread and only rice and like two salads and two different pot foods  with chicken and potatoes Machine coffee not good quality or taste And its only men here,2.0,,Negative,Positive,Neutral,ManualCheck
Kuwait,airport,Hossam Eldalil,2023-07-11,For one of the richest countries this airport is bad at all fronts Not organized rude security staff below standard lounges  services This should be compared to Doha or Dubai Airport but they are light years behind even compared with the smaller yet much better airports in Muscat or Bahrain,3.0,,Neutral,Positive,Negative,ManualCheck
La Guardia,airport,F Kauner,2023-06-18,High marks for LGA new Terminal B The building is spacious with plenty of light Long walks from checkin to the gates and one has to walk through the  shopping mall to get to ones gate Arrived on a Thursday at  Went to the TSA PRE line There were about  people ahead of me but with  stations open to check ID the line moved quickly Found myself in a tooslow security lane People why do you wait until you get up to the scanner to remove your watch belt jewelry etc Especially if youre in PRE you know who this works Still and all I arrived at  checked luggage and was through security by  Not at all bad for this newly refurbished airport,8.0,,Neutral,Positive,Negative,ManualCheck
La Guardia,airport,Ynette Evans,2022-07-25,I had a flight scheduled to leave a  in the morning connecting in La Guardia Several delays and flight changes later I finally managed to get on a plane and then had to wait in the plane for another hour because La Guardia had shut down airspace I will have to figure out another connecting flight because of this and they made me check my carry on so God knows where that will end up This has been a complete nightmare I will never fly through La Guardia again,1.0,,Neutral,Positive,Negative,ManualCheck
La Guardia,airport,O James,2022-07-23,This has to be the worst airport Ive ever been too Not only is every terminal a  minute drive but the shuttle service drops you half a mile from terminal C Wait it gets better you have to walk another mile once you get through security to get to gate  because they refuse to open a closer security checkpoint site This is a pathetic excuse for an airport and honestly should be shut down,1.0,,Negative,Positive,Neutral,ManualCheck
Lagos,airport,Finn Patton,2018-04-16,So as always when arriving it is hot one surprise the escalator was working The staff were very rude at immigration and customs When we got out people everywhere trying to help you but when they do they expect you to pay them and their friends Once you finally get out of all that its fine Not a very good first impression for newcomers,2.0,,Neutral,Positive,Negative,ManualCheck
Lagos,airport,Eric Trammell,2017-10-21,The procedure in the Lagos airport was to irritate and inconvenient the passengers First the airport did not turn on the air condition even though they have the unit in the hallway walking up to the departure gate  Upon entering the airport building you must weight your luggage on a scale Then wait in line Before you get to the airline counter you must go thru a screening to produce your printed itinerary and show proof of the credit card that purchase the ticket Then you wait in line again to the counter The luggage must be lifted up a meter high onto a stainless steel table and opened to have an officers to hand search At the checkin counter you check in the bags and get your bag weighed and your boarding pass They give you a yellow color departure card to fill out and specify exactly how much foreign and local currency are with you Time to change the currency  to  different booths Before enter departure area the passport and boarding pass was checked by a guard then queue up to the immigration Before you get your immigration stamped on your passport you get to have someone check your departure card boarding pass again Then the immigration stamp on your passport and collect the yellow departure card However I saw the immigration officer looking into my eye the right hand holding onto my passport and the left finger were thumbing or playing with his left fingers to signify handling over money I looked at him and smiled and shake my head Then I went thru the security line with shoes off and laptop out on to the xray machine Everyone get padded down And I got my shoes back and walked away towards the Duty Free store Going thru the store is the only way to the gate but there was no sign I hesitated and stopped an officer called me to halt He wanted to know how much money I was carrying and whether I can spare some change A Nigerian lady behind me just passed Niara  into his hand and quickly walked away because I was in the front and delaying the line while I had to explain to the officer that I had less than N I took out my billfold showing the Nigerian money and count in front of him He was satisfied and let me go knowing there is too little money to extort from me I went to the end of the hallway at gate  and waited in line to have the boarding pass scanned by the airline staff Directly behind this airline staff about literally  feet away sat a lady and wanted to see my passport and boarding pass Then I walked up a few meter in front all items in my carry on bag were taken out placed on the stainless steel table and every pockets of the bags were checked Then had me to take off the shoes to have body padded down again Finally I sat on the chair in the hot room and wait to board the plane One thing for sure is that all of these checks reduced the chance of terrorists bring in any weapon but what an experience,1.0,,Neutral,Positive,Negative,ManualCheck
Lahore,airport,A Tan,2018-10-31,Lahore Airport has received poor reviews I think it is important to establish a basis of comparison you cant compare it with Singapore Amsterdam and such airports compare it with airports in the subcontinent Based on this it is not too bad in terms of speed though the lighting toilets and othere areas leave a lot to be desired When I landed on Oct  night by Thai Airways flight TG on Oct  I was through Immigration and Baggage Claim in less than  minutes granted I was seated in the front cabin of economy and the gate at which the aircraft parked was very close to Immigration A couple of porters asked me if I neede their services but there was no hardsell I was more worried about Departure after having read some of the dire reports on this forum Remember they wont let you in until  hours before flight departure as the checkin counters for the respective flight do not open more than  hours in advance If you arrive too early you will have to cool your heels in the public area and that is not so inviting in fact it is hard to get a seat Once you do enter the secured area after having passport and ticket printout doubt they will accept a mobile ticket checked by Security you put all your bags on a belt where it goes through the XRay machine while you go through a security screnn and get frisked Then you walk to Customs but foreigners are not questioned just have their passports and boarding passes checked Then as is normal airline checkin desk Passport Control and Security and you are done The whole process didnt take me more than half an hour no doubt it could be much longer at peak periods Contrast this with my experience a month ago at Berlin airport where checking in and going through Security for a domestic flight took  minutes,5.0,,Neutral,Positive,Negative,ManualCheck
Lanzarote Arrecife,airport,Austin Egan,2024-04-03,There is no food available in this airport after  pm  The only option normally is Fast Food but incredibly they all close at pm So in an airport full of people taking  and  hour flights there is no option to eat for adults or children only crisps and sweets This is absolutely ridiculous  you could not make it up If you dont want to work put signs up and tell people so at least the people there at  would know about it No person from any other location would believe a business would close at pm and both deny people a service and deny the business the income incredible but a reality  bad end to a great holiday,1.0,,Positive,Negative,Neutral,ManualCheck
Lanzarote Arrecife,airport,Margaret Field,2023-08-21,Absolutely disgusting help with special assistance We had two assistants screeching and shouting at both myself and husband and then I was just left dumped at the gate when everybody else had left for the plane I have serious heart problems and was so upset my heart rate went sky high Im seriously considering never going to Lanzarote again as this completely ruined our holiday Have some respect please If you dont like your job leave then dont take it out on the disabled,1.0,,Negative,Positive,Neutral,ManualCheck
Larnaca,airport,L Skogmo,2024-06-29,A lot of noise They were talking all the time on the speakers The food on Burger King were not fully cooked nice staff but irritated by all the bilde on the speakers,2.0,,Positive,Negative,Neutral,ManualCheck
Las Vegas,airport,52 reviewsMahmud Noormohamed,2024-06-15,Review limited to Terminal  Arrived at the D gates The D concourse appears to have more amenities which appear to have more amenities than the B concourse The concourse is bright and spacious Departure was from B concourse The B concourse has only  restaurants and lacks amenities Slot machines take up most of the space at the gates which makes for a very crowded gate area I didnt notice any in seat USB andor power outlets The B concourse needs major renovations to align it the modern and spacious terminals you see at other airports There is no lounge at either B or C concourse Free Airport WiFi is fast We dined at PGA restaurant One of the worst meals weve had Our meals were comped fish  chips as it was not up to the restaurants standards,5.0,,Positive,Negative,Neutral,ManualCheck
Leipzig/halle,airport,2 reviewsLutz Kosbab,2016-02-29,LeipzigHalle is my home airport I like the short distances and the good accessibility with public transport long distance buses commuter and long distance trains Parking is comfortable and the number of direct connections is acceptable for the size of the metropolitan region LeipzigHalle Waiting times at security checks are usually predictably short It seems like they usually give me priority access with my Lufthansa frequent traveler status But there were times when I was standing with  other business people at one check point for  minutes whiles less than  tourists were quickly checked at two other open check points The bathrooms are terrible and need a renovation quickly In combination with the fact that you have to leave the Lufthansa lounge to use them I avoid using them in all circumstances The Duty Free is very small and I can not remember that I ever found something worth buying it There are plenty of seats in the public areas As soon as boarding starts you have to move into a hall that is connecting the gates If boarding is delayed then you have to stand in the line and there is only a hand full seats in front of the gates My standard LH Business and Senator lounge is one of the most boring LH lounges I have been to No daylight in Senator lounge things like prepared Bratwurst or Leberkse waiting on a cold plate until somebody is hungry enough to take it Very low food standard No own toilet as described above One really good thing in Leipzig is the quick baggage service at arrival I never had to wait more than  minutes after arrival before the belt started to rotate Sometimes when I have to take the bus from a small airplane to the terminal the suitcases arrive before the passengers All together I would say that I like the airport for quick services and short connections Some details need improvement,8.0,,Neutral,Positive,Negative,ManualCheck
Leipzig/halle,airport,Matthias Hermann,2008-01-09,Huge airport serving the cities of Leipzig and Halle and good connections to Berlin as well roughly  hour by express train Oversized shiny modern Due to its huge size one has to walk quite far through the whole airport to reach the rail station oversized as well which is located at the opposite end of the arrivals  departure hall Good and fast connection to the city centres of Halle and Leipzig but very unfairly calculated fare  they let you cross several fare zones so you have to pay more than for comparable distances in that region Because of new restrictions for landing and taking off after  pm  interestingly there are NO restrictions for cargo flights  many budget airlines have cancelled their services to this airport and now only few major European cities are still served by nonstop flights  Very sad since the alternatives now are Altenburg Airport or one of the Berlin airports However having to go there first from Leipzig or Halle increases the overall time of your journey massively,4.0,,Positive,Negative,Neutral,ManualCheck
Lima,airport,A Kawlten,2022-05-02,It was an airport official with a drug dog that sniffed me He needed to search my backpack I had a carry on and a backpack but he was only interested in the back pack He opened it and started to empty it I had smaller bags with things in it that he didnt look at I the back compartment I had my money belt with money that I didnt wear yet because I was still good my to go through security for a domestic flight He dove in to the backpack opened the money belt and took my money into his sleeves Luckily a face mask got stuck in the zipper so he could only open a small part of it and take some Costa Rican pocket money was going there after Peru Terrible that you cannot feel safe at the airport,1.0,,Neutral,Positive,Negative,ManualCheck
Limoges,airport,Mary Young,2022-08-22,As no taxis were available from pm to  pm at least  passengers from our flight were left stranded at Limoges It was  degrees There was no shelter no vending machines for food or water The staff were extremely unhelpful When all the staff left we were all still standing outside in the heat There were elderly people and children amongst us In the end some people walked towards Limoges Others begged lifts and in our case last three standing my sister whose birthday we were attending and who had already been driving for  hours drove another  hours to collect us I have been in many small airports around the world but this was the worst experience I have ever had at one Neither I nor my traveling companions will be flying to Limoges again,1.0,,Neutral,Negative,Positive,ManualCheck
Lisbon,airport,45 reviewsDiogo Freitas,2025-03-06,You often have to wait on a remote parking slot for buses to arrive flights have narrow time windows to land or take off which leads to delays both at the origin and destination Can definitely be better managed Geneva airport model would suit it perfectly It is extremely central and convenient You almost arrive on the historic zone of Lisbon,4.0,,Neutral,Positive,Negative,ManualCheck
Lisbon,airport,A Baldene,2025-01-08,Lisbon Airport is one of the most crowded airports to fly from The queue at Terminal  was extremely long and EasyJet did not help the situation as they were slow in attending to the earliest passengers The security control at the airport was particularly inefficient with only a few security processing lines functioning out of many available in the terminal This caused long queues at security and the processing of passengers took much longer than expected As a result the five of us missed our flight despite having already checked in Although we reported this issue to EasyJet and called to explain our ordeal there was no assistance offered It was apparent that they were already aware of the chaos at the security control yet the airports management did nothing to improve the situation Passengers were left to bear the loss without any accountability or remorse from the airline or the airport authorities It is unbelievable that we missed our flight after arriving at the airport two hours in advance,3.0,,Positive,Negative,Neutral,ManualCheck
Lisbon,airport,N Gray,2024-11-26,Not a good experience Staff seem to be purposefully unhelpful Passport scanning machines only seemed to work  of the time after which you are sent to an even bigger wait line When I told the staff I would miss my flight he told me to take it up with the airline which made no sense at all Very little seating in the airport wait for ever to use restrooms and no way near enough staff I only made my flight because people let me jump the line at passport control after waiting  hours Would give  out of  if possible,1.0,,Neutral,Negative,Positive,ManualCheck
Little Rock,airport,R Brook,2008-01-24,The facelift is complete After years of construction everything appears to be complete LIT is smoke free so smokers must cross security and go to a covered outside area Several coffee shops and a mini food court were added however while several open early for early bird flights most close long before the last flights arrive A couple of little news stands and a book store was added but the gift shop is not on the secure side So if someone one that has a lay over must cross security to shop Free wireless internet has be added that can be accessed from almost any where between gates    Overall not bad for a small airport,3.0,,Neutral,Positive,Negative,ManualCheck
Liverpool,airport,Leslie Cadwallader,2023-01-25,Its a long while since I have posted a review here but I have not changed my opinion of Liverpool Airport for my wife and myself it is always our first choice It is never crowded we know our way around and we have never had a negative experience when passing through About three years ago we had to switch to Manchester Airport when our flight was cancelled and we hated the crowds the queues and the struggle for seats In comparison passing through Liverpool is a doddle Weve never had any problem at security which is light and airy compared with the claustrophobic equivalent at Manchester It helps that we travel hand baggage only so we can bypass the queues to hand in hold bags and dont have to wait at baggage reclaim on the way back Were not interested in buying food and drink prior to our flight and we know that even if we are delayed en route to the airport well still progress through the airport to the boarding gate with time to spare Passport control can be a bottleneck on return but even that seems to have been speeded up in the last year or so As long as it does not overexpand in terms of flights we will be content to use Liverpool Airport for as long as we continue to fly,9.0,,Neutral,Positive,Negative,ManualCheck
Liverpool,airport,M Beale,2022-04-10,Dirty and smelly public washrooms Good food and beverage options Long queues at security screening Cramped baggage reclaim area and long wait for baggage to be delivered to the Carousel,2.0,,Neutral,Positive,Negative,ManualCheck
Livingstone,airport,Allan Robins,2009-11-08,Arrived on the only SAA flight into Livingstone a fairly basic operation though there was a mad scrum to fill out the visa form out as there were no pens on hand This slowed everything down as people were getting their Dollars out to buy the visas you have to have Dollars in cash as well About  mins after the BA flight arrived to add to the lines so thankful I flew SAA In the past the flights into S Africa used to dish out visa forms on the flight before you landed they should do this on this flight too,3.0,,Negative,Positive,Neutral,ManualCheck
London City,airport,Tracy Leishman,2023-03-21,This used to be a great airport I have no choice but to use it regularly Today I have arrived mins early which cant be helped with the train service at the moment I have arrived much earlier previously and been able to check in today I have been told to go and get a coffee then come back I dont want a coffee plus refuse to pay for one down here then go upstairs to get one The only seating is in the coffee shop I am a pensioner plus have disabilities So I am now standing with a crowd of people whilst I would like to say the check in desk is empty This has really set me up for going through security where they have adopted the same puffer jacket bouncer attitude as Stansted airport is an embarrassing,1.0,,Neutral,Negative,Positive,ManualCheck
London City,airport,Nic Castelijns,2019-10-28,Do not transit through this airport No direct transfer path have to pass through immigration no airline lounges even BA A godforsaken  hour wait in a miserable little airport Truly a third world experience in the heart of London,1.0,,Negative,Positive,Neutral,ManualCheck
London Gatwick,airport,M Keares,2024-09-13,Gatwick North terminal is not big enough for the number of passengers We are treated with contempt by the airport There is nowhere to sit nowhere to get an alcoholic drink  all outlets were absolutely heaving and no bar space or tables available Passengers have to beg for some service Travelling on my own and I had to walk the terminal  times to find a seat at a bar,2.0,,Positive,Negative,Neutral,ManualCheck
London Gatwick,airport,Ruben Turner,2024-08-28,Average airport Ive been here many times since I live in the UK but my experience never really changed There are a lot of shops which I find good and the food is meh I do often see some rubbish on the floor and wet floors with no wet floor sign which is quite dangerous If you come here I do recommend to go to the lounge since it is relaxing you get tasty food and a view of planes taking off The flights are always massively delayed but overall a pretty average airport,6.0,,Neutral,Positive,Negative,ManualCheck
London Heathrow,airport,Thomas Hodgson,2025-02-26,Terminal  has poor seating and overpriced restaurants Security has improved as they now have new body  shoe scanners Toilets are not well serviced Getting from train station to Terminal is a long walk Getting from hotels to Terminal is chargeable,3.0,,Negative,Positive,Neutral,ManualCheck
London Heathrow,airport,J Tydeman,2024-11-17,We use the BA lounges here to avoid the horrendous crowds everywhere in the terminals This airport needs at least two more terminals to offer the space and experience many of its rivals offer When we landed at Terminal  we had another interminable wait for our luggage Not a great experience again Id recommend it only because it is better than the other London airports,5.0,,Neutral,Negative,Positive,ManualCheck
Long Island Macarthur,airport,Daniel Mori,2006-03-18,While it is beyond the reach of New York City taxis ISP is five minutes away from Ronkonkoma railroad station in turn a hm train ride to Penn Station This may seem very inconvenient for Newyorkers used to La Guardia airoport but it isnt so bad if compared with JFK The airport is small and efficient There are little or no delays on the ground This field is used primarily by Southwest as its gateway to New York Southwest partner ATA is another visitor while some legacy carriers only offer regional service to their respective hubs or focus cities For those passengers who dont like turboprops be advised that Piedmont Airlines operates from this field with DHCs for Us Airways express while Colgate uses tiny Beechcrafts on flights for Usair express and Continental I find those tiny planes charming but many passengers complain Overall a very pleasant passenger oriented airport,0.0,,Neutral,Positive,Negative,ManualCheck
Los Angeles LAX,airport,Bob Breivogel,2024-05-27,Arrive at Alaska air terminal and walked to international Underground tunnels let you skip shuttle bus These are very narrow long and drab and you need bag on rollers Signage is sparse International terminal very crowded and seems duty free oriented Food is limited to very expensive fast fare Enough seating but few places to charge phone Not a great to spend  hours but Ive had worse,4.0,,Neutral,Negative,Positive,ManualCheck
Los Angeles LAX,airport,E Herso,2024-04-27,My family had a stopover in LAX a few weeks ago My elderly father is disabled and also has a cognitive disability We told a female LAX employee he cant walk on his own She offered to drive him on her cart but told us we my mom my aunt and I we couldnt go with him Then she drove off without telling us where she was going to drop him off After we went through security we did not see my father We started to panic and frantically looked for him for him all over the airport We asked a few LAX employees where we could possibly find him They shrugged and acted like they didnt care None of them got on their phones or walkietalkies to communicate with each other We also informed a customer service agent behind a glass booth and told him we couldnt find my father He was unhelpful and wouldnt go on a public speaker to page my father After over an hour we randomly found my father at an Alaska Airlines counter The airline we were supposed to fly with was Air Canada LAX this is unacceptable You should let family members travel with disabled passengers and train your staff to communicate with each other and with passengers,2.0,,Neutral,Negative,Positive,ManualCheck
Luanda,airport,S Kayne,2023-08-04,Looking forward to our holiday in Portugal we decided to book TAAG as this would be the quickest flight This is the first time my family and myself have flown using your airline and I can honestly say it will be the last We departed Johannesburg on Monday the th June We had a short layover in Luanda whereby the plane should have left at approximately pm Come boarding time the board read flight boarding however we were told by staff that there was no plane for us and we had to wait The wait took until am after there being another mess with the boarding pass machine written boarding passes were made  for what I dont know as all the info on the written pass was the same as the printed pass We thought this was a one off problem however when we returned to SA th July we were met with the same confusion at Luanda Airport No plane available to accommodate us and another long wait of   hours and not much information was given from TAAG staff I find this unacceptable The flights cannot be faulted however the airport and ground staff need a lot of work If you are booking flights surely planes should be available and not this hash up,1.0,,Positive,Negative,Neutral,ManualCheck
Luanda,airport,Willem Pretorius,2019-11-09,Wanted to go out and explore Luanda Staff at the airport lied to us and said visa was necessary kept us busy for an hour with no feedback General poor communication No charger ports in the lounge area not properly cleaned,3.0,,Neutral,Negative,Positive,ManualCheck
Luanda,airport,Heather dos Reis,2018-07-03,Although shabby and expensive I have to give credit where credit where its due While waiting to board my flight I was asked for my boarding pass then told that my suitcase had broken open and that I was to go with them to verify that my belongings were all there I followed the man into the bowels of the airport to find that the suitcase was not mine It belonged to someone from Sao Tome Our luggage numbers were similar Thanks anyway Luanda Airport Obrigada para a sua atencao,5.0,,Negative,Positive,Neutral,ManualCheck
Luang Prabang,airport,Glenn Taylor-Biffen,2025-03-14,One of the smallest airports Ive ever encountered Due to required visas for Laos there was a bit of a hold up at immigration but staff were thorough Luggage made it off the aircraft in an efficient manner so waiting times were minimal The whole arrivals area was so compact you could see the baggage hall from immigration and visa versa Interesting as the chaotic arrivals hall had all doors continually open and once you left the baggage collection area you could easily go back Our arrival was an evening one so most retail outlets were closed and inconveniently also the money exchange Not a bad little airport but renovation and refurbishment needed,8.0,,Neutral,Positive,Negative,ManualCheck
Luxembourg,airport,M Zietkiewicz,2022-10-24,We are currently at the Luxembourg Airport flying with three kids and are not allowed to enter the waiting room for the departure gate as it is too full  although you are able to see that there are still seats left So the kids have no access to seating rest rooms or beverages  food The security  police let certain passengers pass but is denying access to all other passengers No information at all no signs no info no spoken info Nothing,1.0,,Positive,Negative,Neutral,ManualCheck
Luxor,airport,L Frazer,2016-02-10,I recently travelled through the airport to London on MS Although better I would still describe security as a farce with some people able to go to and fro at will even if they do work in security But the main problem is the number of checks and the lack of efficiency with which they are carried out You get checked on entry but staff seem to be able to walk in a side door unchecked At least I could see no sign of any checks being carried out when I looked down the corridor Once upstairs you go through another check once your flight is nearer time Two operators manned the walkthrough door but had to hold people back since many of those already through were standing just inside awaiting their handluggage  a much longer conveyor is needed after the scanner There was one operator manning the screen and also carrying out searches if he saw anything in peoples handluggage While he was doing a search the queue just stood still since no more scans could be conducted I admit the passengers did not help  they seem to think L bottles of water will get through unnoticed Another staff member would speed things up but the longer conveyor is needed My camera bag was searched and  x AA batteries removed I was told Batteries not Allowed These  batteries have been in the case for the last  visits to Luxor Ignored were the batteries in torches spare camera batteries and the battery in my camera When did this change in the rules come about Or did the guard just need batteries for his torch Then you get a handswab then to get into the gate you undergo another handluggage check to make sure laptops pads cameras etc work On the way out I used Edinburgh and London airports  there was only one security check to be negotiated in each Maybe security staff should be sent to other airports abroad to see how it can be done Our plane took off nearly an hour late I have no idea if there was a technical issue or it was late arriving but even if all had been perfect the queue would not have been processed in time anyway so it would have been delayed If Luxor Airport wants to have any reputation other than Its a joke could I suggest that a serious look at security is required before Luxor Airport can consider matching normal international standards,2.0,,Neutral,Positive,Negative,ManualCheck
Lyon,airport,Nick Perry,2024-12-20,The staff at this airport were rude unhelpful and uninformed Both security and passport control were extremely slow We arrived  hours mins before departure would have been earlier but the signage to get back to car hire drop off was poorconfusing and still nearly missed our flight Security was a shambles badly laid out with bottlenecks that slowed the process down Passport control was obviously understaffed with just  desks open There was a large queue downstairs to get to an escalator that took you upstairs to the passport control hall where there was another large queue Passengers were being held downstairs to prevent overcrowding upstairs Our gate had already been announced by the time we cleared security so we went straight to the back of this first queue We were still in this first queue when our flight status moved from boarding to closing When we asked the staff holding the queue in place what we should do we were met with shrugs and a what do you want us to do about itwe dont care attitude Worried about missing our flight we found a lift that bypassed the first queue and got up to the passport control hall where one of the desks was being used to fasttrack certain flights We made the flight and had to wait for other held up passengers so the flight was delayed The BA crew were great and apologetic even though the situation was beyond their control It sounded like parr for the course for Lyon Im surprised BA and other airlines put up with such a terrible airport that treats their customers appealingly,1.0,,Neutral,Positive,Negative,ManualCheck
Lyon,airport,1 reviewsE Merill,2024-03-04,I had a connecting flight here to London and Montreal First off the WiFi here doesnt work I was in the airport for hours and would maybe have WiFi access for a minute or two at a times until it disconnected again One small plane of people took customs  minutes to clear through Then I had to walk through and extremely long series of hallways to try to get to my flight because the door that led to connecting flights was locked It was completely empty and the lights were off in a lot of sections of it I felt like I was trespassing at times it was so quiet and eerie After a while signs didnt point to connecting flights anymore and just said exit I had to walk around and try to find someone to ask for directions Then after finding the terminal it was a task to find the checkin counter for my flight I walked around for quite a while trying to the counter and couldnt find it anywhere I gave in and asked an employee at an information desk where it was She looked at me like I was an idiot and told me that it says on board next to the flight I went and looked and it said something like  or something I had no idea what that meant I tried to find a different employee who could help me find the checkin counter couldnt gave up and went back to the lady I asked her again and she said she would look it up and then told me that its at  I still dont know what that means She says that its downstairs past all the shops on the other end of the building I get there and they said that checkin had closed five minutes earlier I ended up having to book another flight back to London because all the flights that week were over a thousand dollars So I had to deal with this archaic checkin system After waiting half an hour in line I found out that you dont check in with the airline you checkin for that specific flight Just because youre in the right line for the airline doesnt mean youre in the right line I had to walk over to the other side and wait in line again Luckily security was fairly well streamlined and finding the gate was pretty easy Though since the WiFi doesnt work I had no idea that the flight was delayed  minutes It didnt say on any of the signs and they didnt announce it,1.0,,Neutral,Positive,Negative,ManualCheck
Macau,airport,18 reviewsK Andrews,2017-04-07,To start off the immigration staff are the worst I have ever seen They are unhappy people who just toss your passport at you When I said hello in Mandarin and English they didnt even look at me Across the border in China I met friendlier immigration staff even though typically Macanese people are very friendly To add to this bad immigration staff the food is extremely overpriced I got a coconut egg tart which had no coconut in it for  Pataca Outrageous A bowl of noodle soup for  pataca and bottled water for  Theres two positive things I can say about this airport One its very light and airy and two other staff are very helpful I would visit again if it werent for the bad immigration staff,4.0,,Negative,Neutral,Positive,ManualCheck
Macau,airport,L Anderson,2017-01-25,This airport is decent Its not that bad but its not that nice either The comfort rooms are nice The duty free only has a few shops What I dont like about this airport is that the salesladies are just rude They speak to me in Chinese because I look Chinese but I dont understand Chinese I asked them how to use their product and they just say huh Ive encountered many of them and almost all that Ive encountered are the same They speak in a rude manner knowing that Im their customer who spends a lot on things I guess its their loss that I didnt buy from them The airport is neat with only little trash,2.0,,Neutral,Positive,Negative,ManualCheck
Madrid Barajas,airport,11 reviewsPierre Ferrandi,2024-07-14,Traveled through MAD  times in June and July and it has been a chaotic experience Train between main T and Ts disruption with up to  min between trains imagine the mess queues for nonEU passport so long for Ts departure that they take the entire train platform luckily I have a EU passport and could bypass that Fastrack system malfunction not recognizing boarding passes lines of cars to the terminal block shuttles access and remote stand boarding procedure assuming everyone can use stairs  not a smooth operation Outside of that MAD T design is great but that does not help with travel experience,2.0,,Neutral,Negative,Positive,ManualCheck
Malaga,airport,Eileen Quinn,2023-10-07,Today I was dropped off at  for my  flight to Glasgow To check our bag in we waited in a queue for  hour We waited about  mins for security and then  hour for passport control It was absolutely chaotic and airport staff just shrugged their shoulders People were running everywhere fearing they would miss their Something has to change in this airport,2.0,,Positive,Negative,Neutral,ManualCheck
Malmo,airport,Peter Crandall,2024-05-27,As a frequent traveller I can truly say that airport security is horrible Rigid when it comes to liquids strange double checks of my hand luggage every time Im flying out of this airport On top of that the staff has an most unwelcoming attitude Unbelievable that this has been so for at least  years If you want your trip to start in a good way  stay away from Malm Airport for sure Choose Cph instead,1.0,,Neutral,Positive,Negative,ManualCheck
Malmo,airport,V Alin,2024-04-24,The most unfriendly staff They did not allow us to pass through security with more than one bag for liquids which is stupid Had to throw away some of the liquids from our hand luggage no explanation nothing In th of April the still check IDs for Schengen flights as well,1.0,,Neutral,Negative,Positive,ManualCheck
Malmo,airport,Diana Brudasca,2023-07-30,No service at all what is on the information screen does not match reality at all Dont understand what the staff is up to Shouldnt they inform travelers about flight times Thanks for missing the flight it doesnt matter if youre already there in good time No one cares to helpinform youIngen service ver huvudtaget det som str p information skrmen stmmer inte alls med verkligheten Frstr inte vad personalen har fr sig Ska de inte informera resenrer angende flygtider Tack fr missat flyg spelar ingen roll om man r redan dr i god tid Ingen bryr sig om att hjlpainformera dig,1.0,,Positive,Negative,Neutral,ManualCheck
Malmo,airport,Diana Cristina Binciu,2019-04-01,Very bad experience at security I am a very careful traveler and even though my bottle had ml written on it and it fit the special bag security decided that they will not allow it In my opinion this is not going by the rules I do not recommend this airport,1.0,,Neutral,Positive,Negative,ManualCheck
Malmo,airport,S Marius,2016-11-09,Well I have only one reason for complaining except the most obvious one that the Malmo airport is actually Sturup and is not close to Malmo as one might think The issue that bothered me was the fact that even though I had checked in before coming to the airport I was denied entrance in the airport based on the ground that I had to pass Wizzair desk for confirmation I had no cargo luggage I had my ticket with me and the idea of going to a queue for no reason whatsoever was mind blowing So I went to the desk the lady wrote something with her pen on my ticket then I came back and the lady that denied me in the first place made an ok sign with a marker and then I got to security check It seemed like a stupid unnecessary check since there was nothing to check in the first place So there you have it beaurocracy at its best,8.0,,Positive,Negative,Neutral,ManualCheck
Malta,airport,1 reviewsJoann Davies,2024-10-18,Malta airport was busy during October however I have to warn anyone who thinks that despite landing on time they will be on time to meet up at the other end The Passport people are beyond rude and blatantly taking their time In a  minute queue just to look at my passport and despite some kind of high tech looking machine right next to the box office where the man is inside he looked as if someone had seriously offended him and took each passport riffling through the whole book only to them ask a series of questions to nearly everyone in the queue including old ladies He then proceeded to slowly and reluctantly stamp the passport The whole queue was chatting about it after a while as we had all noticed by then The rest of the staff were also slow but not half as bad as this one individual who clearly wanted no one to enter This individual made us late for our transfer pick up and really took his time He was inefficient and clearly had a problem with everyone in the queue,3.0,,Neutral,Positive,Negative,ManualCheck
Manchester,airport,Andrew Wilkinson,2024-10-21,Early flight with Easyjet from Belfast to Manchester Smooth experience  then Fast Track through Manchester to Geneva Quite the worst experience we have had in years Five footmark spaces at security with only one allowed to be used Officious unpleasant staff who actually reorganised every single tray before letting them go through the scanner They used SIX trays for my wifes hand luggage and FOUR for mine Bearing in mind that we had just travelled from Belfast with two trays each being used laptops etc this was unbelievable I was told by the agent that I had breached security because I reached across the rollers to get a tray Then the luggage was pulled for inspection At this stage many people were complaining I asked politely to speak to the manager who when he approached me told me to Stand back He was quite the most ineffective manager I have ever encountered  many staff standing around doing absolutely nothing with no supervision Then my cabin bag had to be emptied and the lining unzipped because the scanner had detected something  the handle of the case  an  Montblanc which I have travelled with weekly for the last  years By this time the manager had scampered off somewhere ignoring the chaos All lounges full food offering poor elsewhere Unfortunately not a forgettable experience but one which thankfully I will be able to avoid in the future All in all a shameful offering,1.0,,Neutral,Negative,Positive,ManualCheck
Manila,airport,Ernest Lee,2025-02-08,Worst airport I have ever visited Less comfortable chairs for the passengers to rest  worst is many are with long hours transit You will see many passengers sleeping on the floor along the walkway to the departure gates Foods are pricy  with limited choices Luxury stores are with less items on display WiFi is not strong enough Internal looks old and a bit run down The airport has to be upgraded to preserve the image  dignity of the country,3.0,,Neutral,Negative,Positive,ManualCheck
Manila,airport,S.J Goodall,2024-08-06,Eventually helpful staff but they are all transfixed on to mobile phones constantly so fairly hard to get their attention Departure area is an uncomfortable chaotic hot very old area with absolutely nowhere to buy water or a coffee whilst waiting for your counter to open I had to stand for  hrs with no water as my previous domestic flight to Manila arrived  hrs before the next Be careful when transferring from one Terminal to the next very tricky and a lot of scammers everywhere There is WiFi in the airport but it is the slowest WiFi on earth All in all not a good experience at all,3.0,,Neutral,Negative,Positive,ManualCheck
Maputo,airport,7 reviewsSerge Grynkewich,2023-04-22,Arrival at Maputo Airport is via air stairs to the ramp to the terminal There is no covering that I could see in the event of rain Inside the arrival area is what seems to be a mass of confusion at the desk where one collects his visa unless you are one of those coming from a country not requiring a visa Following issuance of the visa one then has to clear immigration to have an entry stamp put in hisher passport This is a slow procedure and one is frequently asked where one will be staying  so best to keep a copy of your hotel confirmation with you Customs is simple enough where all baggage is screened in an xray machine Following this you are finished and can exit the terminal Note that there is presently no air conditioning in the terminal and it can be hot Also lighting is rather limited Departure is likewise slow I arrived  hours before my flight time and had to sit and wait almost  hour for the counter to open Again the terminal lacks air conditioning the story being that the system is under repair Following check in one takes an escalator to an upper floor where one processes through immigration which oddly enough is a fairly fast process The departure area has a few shops and some airline lounges but is otherwise fairly devoid of anything Flights are called over a loudspeaker system and one descends again to the ground level and proceeds out of the building across the tarmac to hisher plane The very worst part of utilizing Maputo Airport is the arrival where it seems that confusion reigns mostly due to the matter of issuance of a visa and having it applied to ones passport This occurs even if one has acquired the previsa on line and involves paying the fee for issuance of the visa Note the visa fee can be paid by cash or credit card Visa Master Card only If you have secured the online previsa be sure to bring a print out of it to show to the visa issuing clerks There are some countries that do not require a visa and apparently this number has just been expanded  although the expansion has yet to be implemented as of this writing If you have not secured a previsa and are from a country that requires a visa you can be delayed by this process for as much as  hours In my case I asked the tour company with which I arranged my bookings and tours in Mozambique to arrange a meet and assist service for both arrival and departure at Maputo Airport This was a good investment and I tipped to man who assisted me with US I highly recommend this type of service for a firsttime visitor,3.0,,Neutral,Positive,Negative,ManualCheck
Maputo,airport,Barry Byrne,2009-10-12,One nice feature of Maputo Airport is that it has one of the few remaining exterior viewing terraces so you can stand outside and take in arrivals and departures A worse airport on arrival than on departure with the slow waiting around for visas on arrival be sure to have exact change if you can and the relatively slow delivery of baggage which may or may not have items missing or delayed if your transit was via JNB,3.0,,Neutral,Positive,Negative,ManualCheck
Marrakech,airport,James Edwards,2024-11-15,After reading all the poor reviews I really readied myself for my arrival and departure I had to leave this review because I actually had an ok experience Im a regular traveller and have been to many airports Arrival yes it took about an hour to get through and out the airport I didnt need to collect luggage and sat at the front of the plane so was first in the queues If I was at the back I expected it to take  or maybe longer hours to get through Deparute had me most worried I was flying out at pm so arrived at  it took  mins to transfer from centre of the city to airport the driver said it or Ally takes  mins tops Yes there was a queue to get into the airport but we spent about  Mins waiting Its a simple Xray machine and the time it rakes it just the time it takes people to push their bag through There was no messing around You have to check in even if hand luggage only There were about  checkout outs ope For jet and and I was through in about  mins Next is security which again was fast no people took  mins or less Passport control was straight after and again hardly anyone there so it was through in less then  mins Overall it was a normal experience with only the arrival taking long and potentially causing a problem Overall this was not as bad as I thought it would be Maybe I was very lucky But if you are revelling too just expect a long arrival And give plenty of time to depart,7.0,,Neutral,Positive,Negative,ManualCheck
Marsa Alam,airport,Mary Needham,2018-12-31,Absolutely appalled We were informed by a lady with ID that we could free of charge use the awful lounge and have speedy boarding We clarified this with the lounge guest desk to be told it was free as a trial being a fairly new airport We then were moved to another lounge to be told it was a free service Appalling not edible food choice of  drinks Lounge like a waiting room at GP surgery How can Egyptian authorities allow this to go on It is absolute theft and needs looking into Have complained to Priority Pass and AMEX as she implied this service was free from the providers,1.0,,Neutral,Positive,Negative,ManualCheck
Marseille,airport,Aimée Price,2024-09-25,Where to start On arrival it appears to be a temporary structure converted for use as an arrivals hall Two flights landed at the same time and we were herded into an endless queue for passport control with only  officers The electronic passport control was no better as only  of the  lanes were working As bad as that was departures was even worse Again endless queue for a bag drop as no designated line for that got stuck behind a huge school group who were all checking in bags Then once you finally reach the end of the queue they give your bag back to you to go around the corner to enter another queue to hand your bag to a porter so he can check the tag against your birding pass and put it on the conveyor belt Next ANOTHER queue for security this one actually wasnt too bad On to duty free not bad but not enough seating There are apparently  lines to go through passport control But they dont tell announce which line is yours until the last minute just so everyone can make a mad dash to the line only to find out that both sides lead to the same place We were directed to the electronic passport control EU passports only  out of  were working but it was still quicker than the other queue We then entered a corridor leading to the seats at the gate But the door was locked and we had to queue AGAIN until somebody came to open it and check our passports and boarding passes m past the actual passport control There is a sign at the entrance stating Terminal  was inaugurated in  but it really feels more like something from  Avoid if you can Im giving it a rating of  out of  only because the website wont let me give,1.0,,Neutral,Positive,Negative,ManualCheck
Mauritius,airport,Yuri Rose,2025-03-28,Just landed and I didnt realise I had to fill in a form umtil I was in the customs queue Once I knew I immediately started filling in my form and once at the counter I was asked where i would be staying how long etc all the usual stuff He then asked how much cash I had which I found extremily unusual especially holding an Australian passport When I told him he seemed alarmed and consulted his workmate next to him It was then they told me I needed to have such and such a day being in Mauritus Internally I was laughing thinking yeah of course I have money in the bank to cover costs while here I just had little cash on me at the time Anyway this is what really annoyed me the most theres no train no bus services etc to the airport at least not after pm so I was told so the only way was via taxi Their taxis have no meters so it seems like their all working together to rip off every potential customer They have one head guy with a taxi badge he says it will cost so and so amount you think to yourself thats a rip off considering what my dollar is worth compared to yours I cant believe their government allows these scammers at the international airport what a joke coming to a small island and having this happen as your first or second port of call  I think something so simple as metered taxis need to be implemented,3.0,,Neutral,Positive,Negative,ManualCheck
Medina,airport,O Richards,2018-05-31,Not Verified  Bags didnt arrive with us Jeddah staff were probably responsible for this mishap Didnt issue a receipt for luggage Medina staff were very efficient and tracked and delivered bags a day later However they still kept on calling us back to ask if we received bags Staff at check in counter not efficient at all Didnt return our passports We walked off only to realize that it wasnt returned to us and returned to fetch passports Check in and departure were delayed Most disgusting of all was the foul smelling toilets below the beautiful mosque outside the airport,3.0,,Neutral,Positive,Negative,ManualCheck
Melbourne,airport,W Gan,2024-03-16,The airport is very poorly organised I was transferring from international flight to domestic flight by Qantas and there was absolutely no signage or directions of which terminal should I be going Despite from long waiting time of my luggage I have tried to reach out help from the T terminal staff and Qantas staff because of the limited transit time However they are not helpful I have talked to them about my situation and my luggage could not be checked in because of the machine issue The self check in staff referred me to the economy queue staff and then to the special assistance staff after a long queue My domestic flight was missed,2.0,,Neutral,Negative,Positive,ManualCheck
Melbourne Avalon,airport,Kieran Shotter,2019-06-30,Avalon is a small airport outside of Melbourne As it is small it is quite quick to get through immigration on exit and security The best option is to get a bus from Southern Cross station and this helps as it meets the plane so you can get to Avalon with plenty of time The new international departure area is big but with a few shops and a bit pricey Not too bad with more international it may improve a bit,6.0,,Neutral,Positive,Negative,ManualCheck
Melbourne Avalon,airport,H Clark,2011-09-01,In my experience ground facilities showed little improvement There is nothing to do unless you want gaming machines the food shows little imagination and is very expensive and you have to checkin long before departure Then you have to climb up steps to the aircraft  difficult for someone with disabilities,1.0,,Negative,Positive,Neutral,ManualCheck
Melbourne Avalon,airport,B McLaughlin,2011-07-04,Its small and its clean and its easy to use On arrival from the stairs hitting the plane door to my driving off in a hire car took me  mins  and that was with checked luggage You can deal with the hire car people while waiting for your luggage and the carhire parking spots are  seconds walk from the terminal Driving into Southern Melbourne took maybe  mins longer than it does from Tullamarine its further but the traffics better and you dont have to deal with the toll roads On departure there were no queues and no delays Food choices are limited and you have to pay for WiFi access those would be my only criticisms,5.0,,Positive,Negative,Neutral,ManualCheck
Miami,airport,Wilson Bryan,2025-03-31,Absolutely no seats at  gate there was an entire space of nothing So many people were sitting on the dirty floor Long lines everywhere not any good food options and it wasnt even that clean rather get rerouted Avoid Miami Airport,1.0,,Positive,Negative,Neutral,ManualCheck
Miami,airport,S Gale,2025-01-21,When we arrived on Thursday afternoon none of the elevators were working or the walking escalators Nothing is well labeled so we couldnt find our badge terminal and ended up at international baggage When you ask staff no one seems to know where to find Alaska We stopped for a burger at Burger King and had to wait for staff to finish their  min conversation Then had to wait till she completed the line that had formed before she loaded our food which was cold by the time she got to it Then after we finally found our baggage we had to find the rental car shuttle Nothing labeled easy to find so we had to go up and down stairs multiple times to find it Again no one who works at airport seemed to know where we needed to be to get rental car Finally found it then found shuttle Then when we got to the rental car area not well labeled what shuttle stop is for our rental car place Priceless The exact same miserable experience was when we returned to go home that following Monday No walking escalators working No one knew where our gate was and no one knew where our lounge was We asked  different people who worked for airport one of whom was a TSA agent Nothing well labeled and no helpful staff Tried to find a filling station for our water and again none to be found by restrooms and again no one knows  You know its bad when security check was the only smooth spot in this airport,1.0,,Neutral,Negative,Positive,ManualCheck
Milan Bergamo,airport,S Lorusso,2023-07-09,Twice I have traveled through this airport with my mother who needed a wheelchair as she cannot walk the long distances to the gate without getting out of breath and risk of heart issues Our flight was leaving at  am so arriving at  am is useless as the Sala Amica staff do not start until  am The totem where they ask you to register to request assistance also had no one answering so it was very worrying for Mum and frustrating for me The staff were friendly but its ridiculous to have flights coming and going with no Sala Amica staff available Mum had to walk with us helping her from the car to the checkin desk which was a ridiculous distance when someone has difficulty As her carer it was possible to ask to go with Mum and agreed Bergamo Airport please review how you support people with reduced mobility so you are available  hours before flights leave otherwise you are putting people at risk physically and psychologically Also there is no time for passengers using the Sala Amica to get Duty Free shopping or use the facilities such as toilets and cafes This is an added stress and also reduces potential sales for the airport and the travel experience is poor Its good the cafes are open all night at least,6.0,,Neutral,Negative,Positive,ManualCheck
Milan Linate,airport,Alan Lambert,2022-09-14,If you are thinking of making a transit at Milan Linate think again There is no dedicated transfer route through the airport so you have to leave the baggage hall find your way upstairs to Departures and go through security all over again On Monday we arrived  minutes late from Naples Stopover time was scheduled at  hour  minutes so catching our next flight to London was still possibleat a pinch We get ferried from aircraft by bus go through baggage hall take the escalator up to Departures and find a long long queue to get through Security Fortunately we had booked Fast Track No queue but problems with the boarding pass scanners Ran through the newly extended Duty Free obstacle course and made it to the Gate with two minutes to spare The airline had held departure for ourselves and two other passengers So we made it breathless and stressed I see that there have been previous posts here about the lack of an easy transit route Its bonkers that the airport authority still hasnt managed to provide one If wed not had a Fast Track booking we wouldnt have made the second flight Be warned,2.0,,Positive,Negative,Neutral,ManualCheck
Milan Linate,airport,S Wear,2019-06-09,As a single female traveller to be intimidated and shouted at by security is terrifying Luckily a male passenger on my flight care to my rescue I still dont know what I did to incur the wrath of this security guard who came up and started shouting at me what are you doing What are you doing You idiot Why did you do that His colleague was standing there laughing I still have no idea what he thinks I did Traumatic And complaining to the airport afterwards will get me nowhere,1.0,,Negative,Positive,Neutral,ManualCheck
Milan Malpensa,airport,K Hallem,2024-08-17,The rudest agents I have ever seen I asked a lady who was standing and clearly had a badge saying agent where the Air Canada checkin was and she yelled Oh My God Im not information Another walked away as I approached her and I said excuse me Im a passenger She turned around rolled her eyes sighed and said yes These people shouldnt be working with the public,4.0,,Neutral,Positive,Negative,ManualCheck
Milwaukee,airport,S Marden,2022-07-12,Airport was clean and great but would like to complain about the customer service of check in passage There was problems with my check in and although I understand that its not their fault their attitude just stuck into me Really offended when they ask me if I have a business black card and when I say no they just gave me customer service card and told me to call even though I was right there I understand that it may be useful to some situation but the way they handle and the tone is just really unprofessional I saw several people just standing behind the door seemingly free and on purpose trying to avoid me Not even mad just disappointed,4.0,,Neutral,Negative,Positive,ManualCheck
Minneapolis St Paul,airport,Sherry Hardin,2022-09-06,Security is a big deal and everyone just wants to get though the most efficient way possible but I have never seen such a disrespectful illtempered employee ordering passengers about as I did today at Security checkpoint  I witnessed an extremely elderly couple arrive at the TSA que They were traveling alone and obviously had trouble getting around They did not have the correct boarding documents but instead of showing compassion or helpfulness the airport employee yelled at them and told them to get out of line  go back to the ticketing counter The elderly woman asked if her husband could wait there  he had a very hard time walking but the grouchy employee said No you have to take him with you I dont have anywhere to stash him Like he was a piece of luggage or something Next she ordered me  my family to a TSA booth that didnt have an agent manning it We stood there briefly looking to see if an agent was coming Next we stepped to the next agent to show our ID  boarding passes She charged over to us and told us to stay where she put us I pointed out that there was NO agent where she sent us and she proceeded to start stomping around barking out orders My husband just told her we were staying in the line we stepped to because the TSA agent was already processing my daughter,2.0,,Neutral,Negative,Positive,ManualCheck
Mobile Regional,airport,41 reviewsJ Larch,2022-10-31,Mobile Regional MOB is honestly not a bad airport even if its showing some signs of age The signage leading to anywhere a passenger needs to go is mostly straightforward except for signage to shortterm parking for some reason though some of it is older and fading Parking is easy and relatively cheap compared to airports in larger metros The entry into the terminal is one covered passageway Checking in luggage is painfully easy at one of three small counters Going through security is easy with small lines and painfully easy if you have TSA PreCheck There are only seven departure gates total and  stores postsecurity One of those stores is one that almost everyone has to walk past or through on the way to their gate Hudson News pairing up with a tiny restaurant and bar equipped with cafeteriastyle seating It looks like the set of the old TV show Wings or perhaps a miniature version of a s mall food court This makes the airport so small that its quirky The personnel working in this airport are sweet and warm  yes in an airport As for the drawbacks some of the ceilings postsecurity are quite low with the lighting dim Only some of the presecurity area looks like its seen any renovation since the s The signage from I and most of Airport Boulevard until you reach the airport is almost nonexistent MOBs location is so far out in the western suburbs that its really quite inconvenient whether youre coming from Mobile or other Gulf area cities in Alabama and Mississippi Mobile Downtown Airport is expected to open in  and should be a vast improvement in terms of modernity and accessibility,6.0,,Neutral,Positive,Negative,ManualCheck
Mombasa,airport,Nashon Mwangemi,2018-05-11,I used Terminal  Passenger processing at this airport is very fast however the terminal building is in need of an upgrade Boarding of my flight was slightly delayed and no announcement was made Also no FID screens at the boarding gate It was quite hot and there is no airconditioning As I had arrived early it would have been nice to have a shop and caf of slightly higher quality although the  hour free wifi kept me busy,4.0,,Positive,Neutral,Negative,ManualCheck
Mombasa,airport,M Collie,2016-11-25,Domestic arrival and departure at Mombasa Walk across the tarmac on arrival but an airbridge on departure The airport is beginning to show its age but more than adequate for the current passenger numbers The approach road is truly appalling and the main road as bad with seemingly never ending road works There is no airconditioning except in the business lounge cooling being done by the fairly constant breeze Minimal delays in passing through arrivals or departures A shop and caf airside and lots of little kiosks on arrival for car hire money exchange etc A pleasant enough small airport,7.0,,Neutral,Positive,Negative,ManualCheck
Montego Bay,airport,Thomas Loree,2024-01-09,Slow slow Some of the laziest airport workers I have ever experienced Hot and humid Packed us into the jet ramp to await boarding Unheard of,1.0,,Positive,Negative,Neutral,ManualCheck
Montevideo,airport,M Robinson,2016-09-21,Sitting and overlooking the abandoned runway at Carrasco International in Montevideo waiting for the mysterious fog to disappear makes you imagine what the world will be like without people The airport closed due to fog and to help with the delay there will be a strike in the fog that got few passengers stranded and roaming this modern but today useless building However the lights are glistering bright on the far side of the runway and you cant help think that South American mentality is taken much further in Uruguay than the rest of the continent I wish I could upload my photo of the massive visible concrete slabs and the runway lights chasing away airplanes completely shying away from their function I think you can even see the new Pearol football stadium they recently completed in the distance and luckily it doesnt snow in Uruguay,1.0,,Neutral,Positive,Negative,ManualCheck
Montpellier,airport,E Lasarti,2022-05-24,Small airport clean and easy to navigate The airport is very basic no major queues as there are no many flights Waiting area is clean not many places to recharge iPhoneiPad and laptop I was not expecting too much but at least a decent taxi experience When I arrived there were no taxis at all outside the airport I had to call a number that I accidentally found at the taxi rank  A taxi driver replied saying that he would have arrived in  minutes No one turned up After  minutes another random taxi showed up Bearing in mind the experience taxi drivers are totally unreliable I booked a taxi on my way back well in advance as my return flight was at am The taxi driver did not turned up  impossible to find other taxi drivers as no one was answering also the hotel reception could not find anyone and I missed the flight I travelled all around the world and I have never missed a flight in my life Its like this place is stuck in  Rent a car maybe the experience is better,6.0,,Neutral,Negative,Positive,ManualCheck
Montréal,airport,Robert Lindsay,2024-10-29,Had a layover at YUL montreal airport for  hours The gates to come to Edmonton wing was where we had to stay for this period The lounge area had decent chairs without arm rests that you could sleep on that was ok The amenities coffee shop Starbucks and Java U plus Urban food The price gouging for food is out of this world JAVA U  sub sandwich heated with ham and cheese The URBAN RESTAURANT We had a meal of smoked meat sandwich boring with fries and a burger and fries one coffee and ice tea  and the waiter expected a tip on top Mediocor warm fries and crappy sandwichs Absolute rip off and you get it all in full french only one person spoke in broken english This country is biligual The French want special treatment in Alberta and recognition of their language yet English people arent given the same considertions in Montreal Never gonna fly into YUL if i can avoid like the plague,2.0,,Positive,Negative,Neutral,ManualCheck
Montréal,airport,Enzo de Marco,2023-09-06,The airport is filthy washrooms out of soap and paper towels bunch of morons changing gate number every two minutes sending travellers back and forth like yo yos Never ever again done with Air Canada and YUL airport,1.0,,Negative,Positive,Neutral,ManualCheck
Moscow Domodedovo,airport,S Atitarn,2017-12-06,The Immigrations process took the longest ever What a waste of time Fortunately we stood in front of the line Otherwise we wouldnt get to the Aeroexpress train in time All the staff should consider learning to speak English fluently since they have to deal with foreigners every day Some spoke to nonnative speakers of Russian and got upset when they didnt understand what they said This wasnt civilized,4.0,,Positive,Negative,Neutral,ManualCheck
Mumbai,airport,Shiva Badruswamy,2024-02-17,Chatrapati Shivaji Airports T terminal is absolutely the worst airport terminal I have ever visited and I have been to many global airports The digital sign boards are broken with many having paper stuck on it for instructions The transfer from international to domestic terminals is an excruciatingly painful process with no signs or helpful people telling you how to do this The worst thing is you have to come out of the international terminal and take a bus or taxi to the domestic terminal which you would need to do under extreme eye watering pollution No worthwhile airport in the world does this  terminal transfers are easy and comfortable Other peoples comments on rude behavior of staff and immigration officers is spot on There is no how may I help you counter Never again will I fly to this airport,3.0,,Neutral,Negative,Positive,ManualCheck
Munich,airport,S Jansin,2025-01-26,The airport is airport looks sleek and modern but the staff members are unfortunately inept It was neither overly busy nor were the people running the airport understaffed I had to wait an hour in a line to go through security And another  minutes to get through passport security Our flight was delayed leaving because so many people were held up waiting in the queues Much improvement is needed,2.0,,Neutral,Positive,Negative,ManualCheck
Munich,airport,Emad Mitwalli,2024-11-23,Terrible airport Terminal  passport control is  meter walking from security check Not enough seating in waiting area Most travelers have to stand Prices in duty free shops are way too high Definitiv NOT a world class airport,1.0,,Neutral,Positive,Negative,ManualCheck
Murcia San Javier,airport,P Morrow,2010-10-03,I fly through San Javier about  times a year and generally it works fine My only complaint is the boarding process Because there are no seperate gate lounges people queue in the departure hall All pretty chaotic especially if one has paid for priority boarding as it means fighting through crowds to get to the front and in the process putting up with mindless comments from people who dont seem to understand the concept of priority boarding The ground staff do nothing to help,4.0,,Positive,Negative,Neutral,ManualCheck
Muscat Seeb,airport,S James,2021-04-02,Very nice designed airport clean and big but they have the worst type of airport staff from salesmen at the duty free to airport staff walking around to assist you You feel that they were forced to work and you can see that in the way they behave,1.0,,Neutral,Negative,Positive,ManualCheck
Muscle Shoals,airport,Richard Mitchell,2005-07-06,Being a resident of Muscle Shoals the Muscle Shoals airport MSL is very convenient I can walk there from my house However my experiences with MSL have almost always been unsatisfactory In June  I flew roundtrip from MSL to Houston TX IAH The pilot would not land at MSL on the return trip because of a problem at the airport so he flew over the airport turned around and flew back to Memphis The problem was that the VOR was not working and claimed the pilot it was too hazy to land using VFR Visual Flight Rules The pilot told us seven passengers all on business that he would not have left Memphis had he known about the problem at MSL The MSL staff said that the VOR had been out for a month and that other pilots had been landing without it The MSL staff told my wife who relayed the information to me that if my plane the first of the day could not land then the second plane last of the day would probably not be able to land either None of the passengers including myself was willing to take a chance on Northwest Airlink NWA being able to land the second plane I rented a car from Avis at a cost of over  plus gas for the two and half hour drive from Memphis to Muscle Shoals This is not the first time I have had to rent a car to get home because of NWA and MSL but it will be the last,0.0,,Positive,Negative,Neutral,ManualCheck
Nadi,airport,Rafael Delgado,2024-07-17,Noise announcements My flights had been delayed today Its now more than  hours that Im still waiting Im right now at the airport gate  Not sure if ill get my flight But my disappointment is for the amount of repeated announcements Ive been counting its less than  seconds between announcements and they repeat over and over the same message This must be the most noise airport Ive ever been and Ive been to big ones I love Fiji islands This has nothing to do with the numbers of repeated announcements they do,5.0,,Neutral,Positive,Negative,ManualCheck
Nadi,airport,T Burton,2022-07-05,Staff are friendly facilities clean but was quite annoyed that when I deboarded and went through the transit area security checkpoint  bottles of perfume I bought in the departure terminal of LAX immediately prior to the flight to Fiji were confiscated and destroyed because they were just over mls even after I showed them the receipt proving I had just bought them in LAX The most annoying part apart from wasting my money and no longer having a gift to bring back to my daughter was that immediately after you leave this transit lounge security checkpoint you proceed straight into a shop that sells bottles of perfume that are over mls meaning that you will need to take those bottles in your carryon back for your next flight anyway so what is the point of destroying my bottles Not impressed Airport security team needs to be sat down to explain how they justify such an absurd policy,3.0,,Neutral,Negative,Positive,ManualCheck
Nagpur,airport,Spandan Wane,2019-07-08,Its a smaller airport compared to Mumbai not a problem actually Some toilets on the arrival hall are not good This airport has more shopping options now and its enough actually There are spa and lounge facilities available here The lounges are okay I have never experienced any delay to date Overall an above expectation feel It gets my job done,7.0,,Neutral,Positive,Negative,ManualCheck
Nagpur,airport,D Thakur,2019-01-10,Its really shame how the facilities are at this airport Authorities seriously need to look into certain issues if this is to be called an international airport A There was no snacks or refreshment counter in waiting area open past  which is extremely inconvenient as there are some flights scheduled past  hrs PVK Bar is open though B The waiting area was not clean and it looked as if the maintenance guys left sweeping work halfway through Air conditioning was not working properly it seems C Lighting is extremely dull D Its good to use TV screens for entertainment purpose but at least a few can show flight updates as well,1.0,,Neutral,Negative,Positive,ManualCheck
Nairobi,airport,S Allot,2023-08-29,Due to a late arrival of our international flight we needed to stay overnight in Nairobi Though we had a great stay at the hotel it was really short because all took so long at the airport after landing It was confusing and messy As I was traveling as a mum alone with  young children it always a challenge in itself so late at night Landed around pm if not mistaken My childrens boarding pass was printed but not mine so staff took my original boarding pass and went to print it so I ended up totally at the back of the queue Despite asking I was not allowed to shift back forward with the children I showed them my Tz residence permit while I was in the queue so I was told I didnt need to fill in a form But  minutes after completing the immigration check I was called back to fill a form anyway Immigration officer was very insensitive by  yet again  asking out loud and in front of my children  are these your children  When I commented that he should be more sensitive with this question in front of the children he refused to stamp our passports Then he went to watch some videomovie on his phone We waited really long both in the immigration queue as well as downstairs WiFi was not working there had also been no WiFi in the plane so had not been able to notify anyone Nobody of the staff provided much information We were  dumped  in another queue downstairs not knowing what was meant to happen We waited a really long time for the hotel pick up with no info Six weeks ago we also passed through Nairobi airport and both going and return we a small group of passengers got lost in transit up and down stairs It took a while to figure out where go Both building and staff are the most disappointing I have ever encountered in any of my trips Will do whatever possible to avoid this airport in the future Kenya What a missed chance to shine,3.0,,Neutral,Negative,Positive,ManualCheck
Nantes,airport,K Laisune,2024-01-22,Feels old and outdated Outside is chaotic confusing on a first visit Inside feels cramped and old lighting all artificial barely any outside light entering in the areas before security No matter its not meant for you to stay anyway there are barely anywhere seat The waiting area is really small with low ceiling that would need a good cleaning Finally some natural light but not a view still Only thing to see out the window is the large bridges with people disembarking A place to go through not to be enjoyed,3.0,,Neutral,Negative,Positive,ManualCheck
Naples,airport,C Allen,2024-10-04,Tax free department is very disorganized No one in the office Called the number posted and no one shows up You have to check in the luggage then carry the luggage to their office and still no one there Called the number again and they said to go the machine to do it Of course the machine is not working then went back to their office still on one there Called them again She said well we need to see your luggage still no one is available I talked to the lady in the front of the airport they said tax free department is very dysfunctional In the end we DID NOT GET OUR MONEY so many people had the same experience This is one of the worst airport to steal others money without any regards What a shame for the Naples airport because of this department,2.0,,Positive,Negative,Neutral,ManualCheck
Nashville,airport,Tanny Crawford,2022-12-23,Flight  Dec  AM We have been sitting on the tarmac for  hours tonight Yes there was some snow here We were told there are no open gates Get the other passengers off the planes at the gates if they arent going to fly out There is no reason for planes to stay boarded sitting and blocking the gates Ridiculous Very very dissatisfied,2.0,,Positive,Negative,Neutral,ManualCheck
Nassau,airport,Edward Fennell,2023-02-24,I have flown with Bahamas air to Nassau at least  time It was the first time we flew on a two engine prop plane The plane was not the issue It was boarding the plane We entered the normal location then had to decline  stairs The problem was with our carry on baggage There was no attendant at the top of the stairs I saw a shoot beside the stairs and placed my bag on the shoot I had not looked to the bottom and had not realized someone was removing their bag at the bottom I trust the sound of my bag travelling down the shoot caused her to look up and remove her arm before my bag slammed into hers She looked up and was not happy There needs to be attendant at the top to monitor when a bag can be place on the shoot which also runs very fast and could damage items in the bag On our return to Tampa we departed on the ground and walked to another staircase which would take us the normal departure level From prior experience I knew it was  stairs to the top I am  with a heart problem and my wife is in her s I was not going to carry our carry on up  stairs There was no attendant present I told the security guard I was not going to carry the bags up the stairs The guard tried calling someone without success There where two ground crew standing by the plane which she approached and one came to take the bags to the to the top,3.0,,Positive,Negative,Neutral,ManualCheck
Nassau,airport,James Alexander,2013-05-01,Arriving Lines for immigration lasted  minutes US charge for  minute no exaggeration cab ride that the hotel had said would cost no more than  Departing airport merchants ready willing and able to rip you off if your guard is down for a minute,1.0,,Positive,Negative,Neutral,ManualCheck
Nassau,airport,D Wagerman,2010-08-07,My children ages  and  and I went to the Bahamas in June  The airport was not bad at all Yes the airport is smaller but it got me to where I was going I did not run into one rude airport employee Some were quite nice actually  hours doesnt seem to be necessary but why chance it There are a few places where you can get something to eat One small restaurant dunkin doughnuts and subway Also there are some local wares you can purchase and a convenience store The bathroom is large enough and cleanThe screening process went easily and quickly Just be prepared You know they want all of your documents out and ready so do just that You know that you have to put everything through the xray machine so make it simple Wear flip flops and keep your bags to a minimum We didnt even check in any bags and had no problems No different then any other airport,4.0,,Neutral,Positive,Negative,ManualCheck
New Orleans,airport,F James,2023-02-15,Disgusted by the employees and customer service here Traveled with someone who left their purse with identification and the whole nine in it in a bathroom and we were sent on a wild goose chase to find someone who was even willing to help us retrieve it We were met with horrible attitudes and treated like a bother by everyone we encountered and were even told by multiple employees I cant help you with that and after being sent to them by another employee at that If it werent for the law enforcement office we would not have received any help at all Not being able to help is one thing but being rude and completely unwilling to help is another Do better,1.0,,Neutral,Positive,Negative,ManualCheck
Newark,airport,Colin Dayman,2024-09-22,The ladies at the United bag drop off were great they communicated well were very polite and helpful and the bag drop off was simple and speedy Pity the security staff were so offensive doing their jobs Of the six security staff encountered  were rude and had minimal idea of any service to the client Poor instructions were mumbled with a gesture to go elsewhere or do something when clarification was asked sorry Im not sure where you mean I should go could you please tell me again was met with a glare of disdain and a repetition of the same mumbled incomprehensible directions with a very offensive level of attitude The security staff ushered through  or more airport staff with little more than a cursory glance of IDs the opportunity for fake IDs being presented was breathtaking Meanwhile people catching flights were left standing in line while airport staff basically ignored them I have never seen such a poorly managed security system,1.0,,Neutral,Negative,Positive,ManualCheck
Newcastle,airport,Nicole Servini,2023-05-01,The female security attendant was unnecessarily rude and impatient with my  year old mother totally unacceptable Attitudes and behaviour like hers will make travel very difficult for older  infirm passengers What amazes me is that the North East has to be one of the friendliest places on the planet This is absolutely not reflected in airport staff at this airport,2.0,,Neutral,Positive,Negative,ManualCheck
Newquay,airport,Mark Tenser,2023-04-28,Very nice to have more flights at a local airport but still lots of improvements are clearly required from a passengers point of view Bad signage in airport the security queue blocks the main entrance All sanitizer stations were empty no signage to show customers that there were two security lines so many left standing waiting unnecessarily The flight info displayed was late and the gate opened after it was supposed to have closed The bag measurer was littered with half full cups of drinks Non priority passengers were told to go to the left many went left to the next desk but were not meant to actually only had to stand at the door where we already were not go left where pointed to On return flight we disembarked the plane and were left standing on the tarmac in the pouring down rain because the rain shelter is far far too small for the amount of passengers on a plane most passengers including elderly and babies left absolutely drenched and shivering in the rain for a very long time the airport wasnt ready and no staff were there nor were the doors even open we could all hear the staff on tarmac radioing to others to say you need to open the doors because everyones waiting in the rain as the security staff were not there ready for the passengers yet alone had opened the doors Once they eventually arrived and opened the doors they were so slow that majority of passengers had a further  minute wait outside yet plenty of empty corridor space if the security point was further back No shelter between airport and parking areas Lack of signage in car parks or any staff to ask for guidance also not enough car parking spaces even though we had paid weeks ahead End of the holiday ruined by this experience and now all have colds from standing shivering in the rain for so long Although most staff were polite there is clearly an issue with organisation or seeing potential issues from the customers point of view I really hope in the future this airport can improve the issues are all very simple things that can easily be corrected without any cost Just having staff there when a flight arrives would be handy and is completely necessary Its no good putting sings at the start of the queue after people have already been queueing for ages people cannot see that from the back so it only causes problems for the airport and the passengers,2.0,,Neutral,Positive,Negative,ManualCheck
Nice,airport,Glen Leighton,2023-09-28,I was waiting with my fellow traveller to board my BA flight on September nd  We were hoping to have a glass of wine and something to eat at Bellota Bellota where we usually stop However this time there was no one to be seen I and several other travellers waited for  minutes to no avail I walked just inside the area to check if there was a notice computer till wines food etc were all open and unsecured I turned by the unsecured opening and an enraged and shouting female demanded what I was doing I explained she said that there was no one to cover for her and that she was entitled to a break  I returned to my seat and this female came screaming over to me seated with other passengers asking if I had photographed her as I had no right I hadnt I am an older female and found this altercation embarrassing and humiliating and not up to the high expectations of wonderful Nice Airport I have been using Nice since you could walk to the plane,2.0,,Positive,Negative,Neutral,ManualCheck
Nimes,airport,Jenny Wright,2017-07-10,I am writing this because we are currently having a bad experience of Nimes Airport This is the worst airport experience Ive ever had The main problem is the lack of basic logic used in relation to the queuingcheck in system In very small writing one queue is marked as bag drop If you mistake this for the queue to go through to security which many did then you get turned away by a disinterested staff member and told to join the other queue Even if you do check in luggage you cant go through the door to security Instead of utilising the many potential entrances they were determined to make everyone in the airport form one queue and not for lack of staff If the airport read this then I would suggest letting people go straight through at that point And make your signs clearer Once through security you are welcomed with a lovely waiting room Phew,1.0,,Neutral,Positive,Negative,ManualCheck
Nimes,airport,Julian Davies,2005-03-11,Great Little Airport easy to find just off the motorway Departure Lounge only has seats toilets   drinks machine but allows own food Reception is again sparse of amenities but has small cafe souvenir shop of camargue items at a hefty price Car park is literally opposite Disabled passengers have  toilet  share toilet with baby changing No disabled lift to  from aircraft local fire crew manhandle wheelchairs down stairs  very scary,0.0,,Neutral,Negative,Positive,ManualCheck
Norfolk,airport,Lauren Yearsley,2015-07-18,This airport was dirty and dilapidated The terminal I was in was in the middle of an update but they didnt do much to try to make it look okay in the interim There are very few food options for some reason they are all outside the terminal so so youd have to eat before going through security if you want something edible The person who gave me my lackluster bagel was very rude and mumbled the whole exchange The prices at the food places are even more exorbitant than expected The checkin arrivals baggage claim and security were mostly fine but once youre passed security dont hold your breath for good service,2.0,,Neutral,Positive,Negative,ManualCheck
Norwich,airport,Joanne Buxton-Wade,2023-05-12,Where do I start I travel with a folding mobility scooter I usually fly out of Stansted with no problems But the staff at checkin did not have my scooter registered with my ticket they said it was the first time they had to check in a mobility scooter After a long procedure they finally got me checked in with a lot of help from me Next was security As I had no checkin luggage I had my toiletries in a plastic bag in my cabin bag I was rudely told that my plastic bag was not the correct size I said that unfortunately Tesco does not supply airport plastic bags She just scowled at me and produced a plastic bag that was a little smaller than mine and said I would have to take my items out of my plastic bag and put them into the other plastic bag Unfortunately one of my items would not fit the deodorant which she said I would not be able to take onboard Finally getting through the security I saw a convenience shop and popped in to buy some juice I then noticed a shelf of travelsize toiletries so I bought deodorant and just to stick it to the airport security I also bought some hand cream I put all the items into my original plastic bag and boarded the plane On my return flight the security at Amsterdam Airport did not even bother to question my largersize plastic bag The security staff at Norwich Airport has this inflated sense of their own selfimportance I had booked a taxi to pick me up on my return and as it was raining I wanted inside the airport terminal until I received a text from the taxi letting me know he had arrived I walked out of the terminal but could not see my taxi I walked back inside and asked the girl in the office where do the taxis pick up and was told I had to walk down to the car park After paying that pound airport improvement fee I had to walk down to the car park in the rain absolutely appalling The only reason I flew out of Norwich Airport was because I was going on a short holiday to Amsterdamt Worst airport in the world and I have traveled through airports in developing counties,1.0,,Neutral,Positive,Negative,ManualCheck
Novosibirsk,airport,E Dawes,2017-07-09,Pretty boring airport Not much on the way of amenities or food places Lack of working power plugs and comfortable places to sit Rude cleaning staff Staff at S lack basic English competencies Only recommended for short layover  hours or less,4.0,,Neutral,Negative,Positive,ManualCheck
Oakland,airport,D Jackson,2018-10-20,The baggage service for incoming international flights is deplorable I thought I would try Oakland instead of SFO because it seems like it would be more efficient since its  of the size of San Franciscos airport No wonder I have been through immigration and Im still waiting for my bag an hour later How ridiculous I will never fly into her from internationally again,3.0,,Negative,Positive,Neutral,ManualCheck
Odessa,airport,John Smith,2019-08-27,As we speak the new terminal is only used for arrivals Departures still go through the old dated terminal My first complaint is that there are no baggage trolleys at the parking place Very uncomfortable My major complaint is about how departing passengers are transported to their waiting aircraft on the platform A bus waits outside the gate and is so crammed with passengers that I worry some elderly people or children may become unwell especially in the summer heat A second bus is waiting behind Its an absolute insult to passengers that this second bus is rarely used Odessa Airport you are treating passengers worse than pigs,5.0,,Neutral,Negative,Positive,ManualCheck
Odessa,airport,T Simpson,2019-03-29,A truly awful airport old metal seats in departure lounge number  disgusting toilets that stink The whole building is old small and not fit for purpose The ground staff are over zealous on hand baggage size one guy actually carried a tape measure and small scales to catch passengers out My bag was the same size and weight as the outward trip the airline staff at Kiev Borispol had even seen and said yes its fine as hand baggage Not at Odessa departure terminal So  charge later and would I fly there again  no way Yet the arrival x terminal is very modern in fact its still being finished off Just knock the old terminal down think s design because that is it,1.0,,Neutral,Positive,Negative,ManualCheck
Okinawa Naha,airport,19 reviewsFrancis Wong,2016-11-22,The international terminal of Okinawa compare to the domestic one is a lot smaller Like all other airports in Japan signage is clear clean and very organised Be warned the early birds for flights may not get the worms what I mean is due to its small size and limited counters available Very often an airline will only open its counter for check in at  hours before the departure time There is no benefit to arrive early as you cant checkin yet plus very limited number of seating and restaurants The number of gifts shops and food stores after immigration is also very limited to a scanty few It is a little underwhelming so just dont expect too much its nothing like Osaka or Tokyo,7.0,,Neutral,Negative,Positive,ManualCheck
Orlando,airport,H Tyler,2024-05-16,The TSA women are horrible with no manners They should be saying thank you for visiting come back again Instead they tell me this is not Universal this is Orlando International Airport when Im going through the scanner They speak harshly to some and are nice to some Second time departing Orlando and they tell me I have something between my legs They told me either they feel me all over in front of everyone or they take me to a room to strip down Mind you Im traveling with a small child They really need to learn courtesy and be more polite Is this how they are being trained This is the Jet Blue TSA  one had gray hair and the other had red short hair They picked up my sun screen in my carryon but not the big Fuji bottle in my sons bag smh So much for checking and security,1.0,,Neutral,Positive,Negative,ManualCheck
Ostend–Bruges,airport,A Naldina,2019-06-17,I had terrible experience in this airport First of all there is nothing no cafe or shops nowhere to wrap your luggage But the worst are the hand luggage control  they may take ANYTHING they want from your carryon they dont bother to explain you why they take it to be honest I doubt that they actually spend a little time learning what is allowed to the cabin and what is not they just assume that they know if one of them doubts he just look at his colleagues and they together decide They wont show you any paper or instructions they just take your staff from your bag and say it is a rule And I am not talking only about cheese they love to take cheese from tourists you can see that smile and definitely can say that they enjoy their tiny power to take your things that you spend your own money on they can practically take anything Food cosmetics and more ones they took my tape If you dare to tell them that you disagree with them they become extremely rude and disrespectful They definitely wont try to find a way to save your property before you come back because people who use this airport usually leave the country forever and this is a reason why they think they can act so They know that none of their supervisors will hear about it they know that the tourists dont have time to argue about their things passengers dont want to have any problems and miss their flight and this is why the workers of the airport can do whatever they want laugh to your face when you cry about your things that they take I am curious does anybody check what is in that blue boxes Does anyone check what this workers take from people,1.0,,Neutral,Positive,Negative,ManualCheck
Outagamie County,airport,J Pavilack,2008-07-05,The airport is very small Only  airlines go there Northwest Airlink United Express Midwest Connect and Comair by Delta There are only  gates at the airport I flew there on Northwest Airlink and the guy that was at the check in desk also carried the luggage onto the plane Only CRJs go there There are very few shops so if you have a delay you dont have anything to do The nice thing about it is since that it is small you get through security very quickly Overall try to avoid it but if you have to then use it,3.0,,Neutral,Positive,Negative,ManualCheck
Palma de Majorca,airport,3 reviewsAlexander Hird,2024-07-12,Ive got to admit that our recent trip to Palma has been the worst airport experience Ive had in a long time Sure high tourism makes things difficult but I much prefer UKFrench airports Arrivals was dirty and worn essentially also resembling a halffinished construction site which it has been for years Toilets are disgusting with uncleaned waste on the floor and no effort of assistance from staff Extremely long queues at border control little organisation and very little officers working Those working were arrogant and rude going as slow as possible and laughing at building queues Definitely not a great start to a vacation Baggage reclaim is okay Departures are just as unclean and unorganised despite our checkin being good Security was fast however I did question if their checks were thorough and an agent didnt even look at the screen while I went through the scanner much worse than UK airports The departure lounge is also disappointing extremely busy and no organisation stores shutting unexpectedly and large amounts of individuals messing around Walk to gates also showed the age of the terminal with tiles from floor missing making it look like out of a third world country Despite this the area near the gates was modern and comfortable despite little temperature control meaning it was a relatively nice sendoff However the airport issues have put me off returning to Majorca voluntarily really disappointed,2.0,,Neutral,Negative,Positive,ManualCheck
Panama Tocumen,airport,Lisa Torres,2025-04-05,Easily the worst airport of the  countries Ive been in You have to hop from restroom to restroom to hopefully find soap They have you fly intofrom one terminal but pickupdropoff bags in a different terminal They dont give you a warning that they sometimes have a second wave of securitysearching outside of your gate so you dont realize you need to allocate extra time Overall not enough seating not comfortable not free wifi after an hour,1.0,,Neutral,Negative,Positive,ManualCheck
Panama Tocumen,airport,I Anarova,2025-03-12,This is the worst airport ever  Security controls every  meters Even if you get a bottle of water in Duty Free area they will take it at the gate All security officers are with a strong attitude rude and dont speak English,2.0,,Neutral,Positive,Negative,ManualCheck
Panama Tocumen,airport,Gabriella Delia,2025-03-03,Airline messed up and we had to spend the night in Panama Annoying but nothing major The security checks when we got back to the airport were horrible Two grumpy staff who shouted in Spanish at people who clearly did not understand and rummaged through bags in search of anything to shout some more Apparently mosquito repellent that is allowed everywhere in Europe and South America is a good reason to shout more and throw it away Wonderful when youre travelling to a malaria infested country They would not even let you say a word just shouted They did this to me kept a couple who had gone though the same screening the day before there for ten good minutes shouting at them not to touch anything again they did not speak Spanish when their gestures said otherwise Terrible Very few places to eat no seating Even the paid lounge is a waste of money Glad Im not passing through on my way back home,10.0,,Neutral,Positive,Negative,ManualCheck
Panama Tocumen,airport,Susanne Walter,2024-12-08,Not great this airport Consumerism rules  there are shops upon shops upon shops and literally no where to sit not even at the gate The gates have about four rows of seats which obviously isnt enough for all and other gates are guarded off by staff Instead of having hundreds of shops this airport would benefit from having some SEATING or LEISURE areas for passengers,4.0,,Neutral,Negative,Positive,ManualCheck
Panama Tocumen,airport,Jamie Araiza,2024-10-03,It is very discouraging that an airport that calls themselves the bridge of the Americas provide such poor service My husband and I had to change planes in Panama in our trip to South America and stopped here twice in our way down and back up to the US The service is terrible the technology sucks the bathrooms we bad the people very unfriendly the employees who checked bags right before we board the place towards Orlando were very young and unfriendly ladies who do not take their job very seriously and did not consider older people who needed help It is sad since I liked Copa Airlines but I will try to avoid Panama airport as much as I can and I hope their management reads this and does something about it and put some money to bring this airport up to part make this airport a real sample of technology and service that truly deserves the name you so proudly call yourselves but do not show you have a lots of room for improvement and all areas and aspects,1.0,,Neutral,Positive,Negative,ManualCheck
Papeete,airport,Jennifer Morrison,2023-11-01,I have been using this airport for close to  years and can honestly say it has become a complete nightmare The day we departed the had  International Flights set for Departure at the same time and the airport was a complete disaster They are in no way equipped or handling  flights simultaneously They seem to have missed the fact they are the size of a municipal airport and trying to have the appearance of an international airport We arrived at the airport  hrs early as directed and they entire time was spent in the security line There were  passport control employees as the line was wrapped around the building and down the sidewalk to the rental car lot The workers while friendly didnt have a care in the world that they were holding up a thousand people from boarding their flight in a timely manner Their TSA was also the slowest on the planet taking their sweet time to look at everything and ask the same questions over and over again We walked on our flight at final boarding and our plane was delayed  mins due to more people stuck in the line They also had a side door at passport control that they allow people to continuously cut in line because their flight was in final boarding or they seem to know the people working at the airport We must have had  people jump the line in front of us during our  hr  min wait time This airport needs to reevaluate their procedures and limit the flights departing at the same time as they are in no way up to the standard of being able to work in this manner,1.0,,Positive,Negative,Neutral,ManualCheck
Papeete,airport,D White,2022-04-18,This airport like much of French Polynesia does not have air conditioning or modern amenities  of the restaurants and shops you encounter before security at the airport are always closed for some reason and the places that are open are very expensive If you are flying domestic or international there will be one restaurant selection past security When we had a domestic flight there were long lines at the Snack Shack I cant comment on the food quality because there was no power When I flew international the one shop selling food was not making iced beverages but was selling hot coffee and sandwiches of rancid meat and cheese They are probably rancid due to the lack of roper refrigeration in this hot and humid climate The two upsides are that staff are very friendly and the airport was very clean considering it is all an open space,1.0,,Neutral,Negative,Positive,ManualCheck
Paphos,airport,David Daker,2021-10-31,The lack of organisation and laid back attitude of staff at this airport is letting the whole of the holiday industry down in this area After touch down last night we were through customs and waiting for our luggage within  minutes It took another hour for our luggage to arrive on the carousel Two of the carousels were working but neither of them had the correct flight numbers on so you were not sure where your luggage was coming from Our flight number never came up on either carousel There were was one member of staff trying to assist handicapped passengers and that was the only staff member I saw This was a very frustrating start to a  week holiday The holiday industry in this area is relying on the staff and organisation of this airport to survive At the moment it is giving a very poor impression of the island,4.0,,Negative,Positive,Neutral,ManualCheck
Pensacola,airport,James White,2005-04-05,I live in Fort Walton Beach and every time I need to fly out I drive over to Pensacola I prefer Pensacola Airport over Eglin AFB because of the wide selection of flights Over  a day and more nonstop destinations  at PNS vs  at VPS and not to mention the lower fares Its worth the drive every time,0.0,,Positive,Negative,Neutral,ManualCheck
Perpignan,airport,Dave Wharton,2007-03-03,Very small provincial airport close to town but out in the scrub Not a bad airport when arriving plenty of taxis but departing is pretty grim Facilities limited to one small cafe bar and one small newsagents shop plus vending machines There are very few seats The facilities after passing through the baggage security checks are practically zero  fewer seats and not even any toilets plus all the glazing is frosted  you dont even have a view I have experienced airports in many third world countries in Africa India and the Caribbean but departing from this airport is not enjoyable,2.0,,Neutral,Positive,Negative,ManualCheck
Phoenix Sky Harbor,airport,James Devney,2024-09-09,Forgot my identification TSA usually gets a bad rap but Im here to tell you they were awesome today I was taken to the side where an alternate route of id verification was sought I was treated promptly and with the utmost in professionalism Thanks TSA  I made my flight,10.0,,Neutral,Positive,Negative,ManualCheck
Phuket,airport,J Parker,2024-11-18,Extremely rude staff at passport and boarding pass entry before hand luggage security especially to Indian travellers at approximately pm not letting them through the queue with evidence of their flight boarding telling them to get to the back of the queue I let them in in front of me as I have been delayed myself and been late for flights Horribly screaming at everyone to get their passports out totally unnecessary and unacceptable The duty free shop staff at gate  were standing about not helping customers I asked where the Samsong would be and they casually pointed to the whisky section they must have seen me frantically searching before boarding but just stood there I asked a young man and he told me they didnt stock it thankfully he was very helpful and apologised for the womens attitude The staff in general in all the shops didnt seem to care about being helpful or interested in doing their job,3.0,,Neutral,Positive,Negative,ManualCheck
Piarco,airport,Barbara Malagraph,2024-08-11,A ghastly customer service experience I lost my passport at the airport I attribute this in part to the endless bureauocratic nonsense at this airport Everyone here is on a mini power trip where the greatest pleasure is taken in saying things like Maam please stand behind the line or You missed question  on the immigration form Totally uninformed lacking manners and quite pathetic really I took my passport out a total of five times I am quite sure that the incidence of lost passports occurs regularly They need to streamline their operation cut out about  meaningless steps and place their focus putting the customer first They are a long way off from this in my opinion,2.0,,Neutral,Negative,Positive,ManualCheck
Podgorica,airport,6 reviewsPeter Gloor,2023-10-25,The main problem with this airport is that it is becoming too small for the traffic it tries to handle especially the terminal The positive point about the ramp area is that without docking on a jetty a plane can taxi off right from its parking position without the help of a tow truck The arrival and departure halls airside and landside are too small and crowded Checkin staff was unfriendly No hello no comment no thank you nor any sort of have a nice trip Boarding pass scanning to get access to the departure hall took  minutes I have knee trouble and had to stand in a crowded line had to wear a face mask to stay safe bacteriawise The line was single file one of two scanning positions was not staffed A lazy employee took the boarding pass scanned it herself a thing that is done by the passenger normally and takes a couple minutes and handed it back with no thankyou Little seating room in the waiting area but at least there was a coffee shop Boarding started late and with no particular system Everybody just tried to get thru The employee at the gate walkout boarding in any weather when asked why there was no priority boarding for business class snapped First here first go Unfortunately Austrian Airlines seems to have no control over the pathetic lazyness and utter indifference towards the paying customer,1.0,,Neutral,Negative,Positive,ManualCheck
Pointe-à-Pitre,airport,Andre Franca,2015-06-18,"I visited Guadeloupe in  I found the airport stuck in the s A little old mixed with modern glass Immigration was quick and no questions I travel on a Brazilian passport Everything very expensive and cleaning conditions can be filthy even on food carts Taxis charge average  EUR to get you to downtown public
transportation only if you walk to the main road outside airport zone",5.0,,Neutral,Negative,Positive,ManualCheck
Ponta Delgada,airport,21 reviewsBento Martins,2017-01-07,Well this a small airport reasonably well kept but small Arriving was easy and dropping off the luggage was a fast process as well as paying for excess luggage and going through security The airport was clean and it looks nice but there are a quite a few problems with it Foods and drinks are expensive and the offer is small Waiting rooms are very small not much in terms of shopping Dont know any other airport that requires you to insert a coin to use the cartstrolleys And finally at the arrival it was terrible There were just  flights at that time and still people had no place to be while waiting for their luggage I couldnt even get an eye on the convier belt and it was very hard to notice my bag let alone get to it Some people couldnt even get a trolley for the luggage as they werent nearly enough It was very bad to walk amongst that people in such a crowded place with the luggage and I must confess I have been to much bigger airports like Frankfurt Haneda or Kansai and never felt so crowded People working in the airport were professional but not much in the way of nice They could do so much better,5.0,,Neutral,Positive,Negative,ManualCheck
Ponta Delgada,airport,21 reviewsM Benson,2016-10-01,Ponta Delgada is a small airport If you have to stay for more than  or  hours you are out of luck Almost no places to spend your time few options to have a drink or something to eat and no wifi Staff arent friendly nor are they efficient or helpful Check in and boarding takes abnormal amounts of time for such a small amount of passengers to take care and sometimes people dont even respect the check in queues and the staff dont care You are on your own Waiting rooms are small and with inadequate seating Cleanliness could be much better and strangely I couldnt find any place to place my suggestions To get a luggage cart you need to deposit a coin this is not practical as many flyers dont have local currency on arrival and there is no place to exchange your currency for the local one at the airport I have travelled a bit and never found another airport where I had to deposit money to have a trolley this is even a bit offensive not sure if they are afraid I might steal their carts,2.0,,Neutral,Negative,Positive,ManualCheck
Port Vila Bauerfield,airport,Nicholas Janides,2010-10-28,This airport really needs a major overhaul Vanuatu is becoming very popular with visitors from the south Pacific region so an upgrade to this airport is badly overdue No WiFI no Qantas Club and very slow checkin facilities The airport could also benefit from providing air conditioned comfort instead of overhead fans,3.0,,Neutral,Positive,Negative,ManualCheck
Portland,airport,3 reviewsDavid Coffing,2020-01-22,This is my local airport and not a bad little place Yes at times TSA slows things down to a crawl but the TSA workers here seem to actually have a sense of pride and a sense of humor I have a steel hip and this has caused numerous delays in other airports but either they know me by now or they have their collective ish together Food offerings are decent and the Powells Bookstore is a great place to grab a book for your flight My only bummer is that it IS a smaller metro airport and thus fewer international nonstops,9.0,,Neutral,Positive,Negative,ManualCheck
Preveza,airport,Kevin Mulcahy,2015-07-09,Queue queue queue Its all you do at Preveza Airport in Greece If my next holiday to Greece involves flying into this airport Ill change my holiday plans On arrival we were met with extensive queues outside the terminal building twoandahalf hours later we still hadnt checked in But it didnt stop there  once we had checked in and had our luggage weighed we then had to queue up for another half hour with our luggage to have it scanned and taken off us More queues for security and toilets airside left a really bad taste in the mouth and I would advise anyone against using this airport if they can possibly help it,2.0,,Neutral,Positive,Negative,ManualCheck
Pristina,airport,Klau Dia,2021-06-06,I only have one experience departure from this airport but not so good The problem is that they are unprofessional  the border police probably never saw my eu resident permit and wanted to prove that is fake I lost more than  hour and I needed to run to airplane with a small child However they had no reason to think it is fake Some police dont know or want to speak English Check in  from  counters  were not working many people in row Security checking  good,7.0,,Positive,Negative,Neutral,ManualCheck
Providenciales Intl,airport,J Mahone,2023-10-29,This airport is in dire need of demolition and reconstruction Arrival was not bad thanks to TCI Fast Track and departing wasnt bad until you are done the process and in the terminal which is dirty outdated crowded uncomfortable The mens room toilets were overflowing the air conditioning was pretty much non existent seating areas are lacking both downstairs and upstairs For such a beautiful island I would think the government would spend a little money making their airport more modern As much as I love traveling to Turks the airport is awful and unless you are staying at a resort the rest of the island needs some serious cleaning,1.0,,Neutral,Positive,Negative,ManualCheck
Providenciales Intl,airport,Mark Calafati,2022-12-28,My wife and I had a great time in Turks and Caicos Islands I was selected for a special search at the gate upon departure My wife was ordered to board the aircraft but refused She was informed that she would also be searched The female employee was very rude and abrupt to her I contacted the tourist website I was informed via email that this is a common complaint from visitors The gentleman wrote that he personally has been subjected to rudeness at this airport He asked for permission to forward my communication to the TCI airport authority where it will no doubt be ignored Turks and Caicos Islands is a beautiful place with wonderful people and a pitiful airport,1.0,,Positive,Negative,Neutral,ManualCheck
Puerto Vallarta,airport,Jim Blosser,2023-02-14,Clean airport but there are no drinking fountains and asking for a small amount at the food courts was refused They will sell you bottle water for   Refused to pay that and found a cola for  dollars I guess it is the last fleecing of airport guests before you leave,5.0,,Neutral,Negative,Positive,ManualCheck
Puerto Vallarta,airport,Bruce Bowes,2021-11-12,After arriving you are assaulted by a phalanx of timeshare sellers and taxi and tour companies that descend like a plague of locusts When you finally manage to be able to leave through the doors there is another school of hungry piranhas who descend on you offering you highly overpriced taxi rates or tours Just exit to the left walk up the stairs and cross the pedestrian bridge to hire a taxi at one fifth the price Leaving isnt much better dont be surprised to pay  dollars for a bottle of water or ten dollars for a crappy slice of pizza This place should be bulldozed and build something not controlled by crooks,2.0,,Positive,Negative,Neutral,ManualCheck
Pula,airport,A Allen,2018-09-26,This must be one of the worst airports I have ever used Arrival from the UK aboard a BA flight was fine although the queue through passport control was substantial The departure was a painful affair Long queues through security which is not geared towards catering for families was travelling with an  month baby one cafe post security charging extortionate prices even for the most rudimentary sandwich one chaotic duty free shop and no waiting area to speak of tired and frustrated passengers were all herded together in the departures hall with the lucky few who managed to find a free seat carefully guarding it for fear of losing it if should they leave it for a second Free airport wifi does not work Airport staff unhelpful even if they see you struggling with a toddler and a pushchair you need to go down a flight of stairs to reach the plane and there is no help provided as soon as the gate opens there is a mad rush to reach the airplane and it is not possible to safely descend the steps whilst carrying a baby and a pushchair There is no baby changing facilities A horrid airport experience will not be using this airport again,1.0,,Neutral,Negative,Positive,ManualCheck
Punta Cana,airport,Tyrone Hibbler,2024-12-18,Probably one of the worst experiences that I have ever had with an airport It was nice to look at but it seems few now what to do I was traveling with a group of  and over  of us had problems getting to our departure terminal It seemed like all needed to have our luggage opened and checked that in itself was not bad The process of checking was terrible The agents had to constantly called some one else check to see if they were doing it Four in our group made it within minutes of take off You have a beautiful country but you will have join to the modern world in moving passengers Ill probably give you a couple of years to get it together and until then go back to Jamaica They got it together Maybe you should check them out and learn how move crowds,2.0,,Neutral,Positive,Negative,ManualCheck
Punta Cana,airport,J Mirton,2023-02-18,We were departing Punta Cana on February   after a  day vacation at a resort in Punta Cana We had a very bad experience during checkin for the following reasons The AT checkin counter the clerk did not seem to know how to checkin She needed her managers assistance and did not speak very basic English Her manager knew a little better English and when I reached out to him he was rude My wife was in a wheelchair and there was no consideration for expediting her checkin The checkin agent did not seem to differentiate between normal person checkin and a disability person checkin Although we reached the airport  hours before departure the checkin process took well over  hours leaving no time to charge my wifes portable oxygen concentrator Air Transat services at Punta Cana airport needs improvements which is well under Air Transats jurisdiction Air Transat needs to ensure that the checkin personnel have better basic English competency Due to the ordeal we went through we do not plan to use Air Transat services to Punta Cana in future Please consider the above feedback so other future travellers do not have to go through the frustrations we experienced,1.0,,Neutral,Positive,Negative,ManualCheck
Punta Cana,airport,Alex Palota,2022-03-13,People that work here seem more preoccupied with talking amongst themselves than paying attention to customers Although immigration has improved its processing of passengers there are still quirks Security procedures here are not lined up with US guidelines they took a pair of nose hair trimming scissors from me that had a round tip and not even  in blade Just absurd Shops are expensive  dollars for coffee from an automatic machine seems excessive,4.0,,Negative,Positive,Neutral,ManualCheck
Punta Cana,airport,Jean Lou Schreiner,2022-01-23,This airport is just a joke Queue for hours Too small Not enough seats Worst business lounge ever Disorganization at gates Wifi very slow Third world airport,2.0,,Negative,Positive,Neutral,ManualCheck
Punta Cana,airport,William Pruitt,2021-12-12,One would think that after  years PUJ would figure out how to operate an airport Whoever runs the place has no clue with respect to airport operations or management It is definitely a rd World airport Customs and Immigration is ridiculous and laborious Staff are extremely rude given its a tourist airport The departure lounge has maybe  seats for  travelers and  restroom The worst part is the PA system wont tell you when aircraft are boarding until the last call By then you are scrambling to get to the plane Checkin counters are openair with no ac They think their thatched roof and openair are cute but we want ac when we get to the airport on  degree days Weve had enough sun and heat and dont want to sweat all the way to the plane The coup de gras is some idiot thought it was a good idea to put a pool by the departure lounge so you can swim while waiting for your plane Good news though There will be a new airport in Bavaro to compete with PUJ Should go a long way to put PUJ out of business The new airport investors seem to know what they are doing and how to run a good airport We will see My advice is to fly in to Santo Domingo and get transportation to Punta Cana and avoid the hassles,2.0,,Neutral,Positive,Negative,ManualCheck
Punta Gorda,airport,Heather Evans,2019-01-09,Very small airport which is not necessarily a problem The problem we have every time we travel into or from PGD is that they have inconsistent rules nearly every time We have TSA precheck which we paid to obtain At all other airports this allows us to leave our shoes belts and light jackets on as well as laptops and ipads in our bags Not at PGD Even though they hand us a piece of paper that identifies us as TSA precheck travelers we have to remove belts jackets and laptopsipads nearly every single time It is as if the TSA agents at PGD went to completely different classes than every other agent in the country Not to mention how rude some of them can be about it as well I really try to avoid this airport as much as possible,2.0,,Neutral,Positive,Negative,ManualCheck
Qingdao,airport,Jenny Chia,2014-02-26,Pretty good facilities The negative side of this airport is the bad customer service from the custom officers I had to fly to Singapore and lacked one of the documents that was not required from previous trips the custom officer told me that I was not allowed to pass immigration and confiscated my boarding pass No more help was given other than telling me that someone from Singapore had to fax me or mail me the document They left me hanging there One of the young custom officers tried to help but was immediately directed away by his superior If there is one thing to improve about Qingdao airport it would definitely be the level of service provided by the custom officers At the end of the story the document they required can be printed within  minutes and was not required of course I missed my flight,2.0,,Neutral,Positive,Negative,ManualCheck
Qingdao,airport,S John,2011-12-06,Not a bad little airport Plenty of space and seating if you need to wait a while But like all most Chinese airports the departure shops are terrible and expensive Bring your own snacks drinks or something to read Nothing to see there but it is comfortable enough,6.0,,Neutral,Positive,Negative,ManualCheck
Quebec City,airport,Sandra Penzkover,2024-11-13,We flew out of YQB UA  on Tuesday October   at  pm I became very disabled after a bad fall in old Quebec Clty on Monday October   After going to the Blessed Sacrement emergency and having much pain due to pelvic fractures After much pain we had to delay flight plans back home from Oct I contacted UA for disability help I was assured we would be taken care of at the car rental area and throughout the airport terminal also YQB website assured they are very proud of their disability service Fortunately after Avis personnel refused to help an airport employee saw us struggling to manage our luggage walker and wheelchair and offered to help get us to Avis Sadly I had to beg for help because the response was Our airport is too small Finally at Avis a young man behind the desk said I will help you And then took us to the UA Ticket Counter He refused an offer of a tip Then after getting baggage etc taken care of again we asked for help to go through TSA and boarding area At first the response was again Our airport is too small Fortunately a young woman said she would help And she did with kindness and refused a tip She dropped us off at boarding area after letting us get some food at a vendor and stopped so we could use the restroom She said she would be back to help us get our boarding pass and onto the plane SHE DID We are giving an excellent rating because of the people that did take the initiative to help us despite others refusing,10.0,,Neutral,Positive,Negative,ManualCheck
Quebec City,airport,A Daniels,2018-09-21,We have traveled to many countries including throughout Europe China Russia etc but the Quebec airport is truly the most disorganized we have ever experienced First you cant check your luggage in until  hours prior to departure which means you have to drag your luggage everywhere until that time We were coming off a cruise and were there  hours ahead of time There were so many people there was no where to sit Then when it was time to check in it was huge lines with representatives giving out conflicting information kiosks not working properly etc Once we did get ourselves checked in and went upstairs the few food locations they had were jammed with very long lines Maybe flying into this airport would be okay but I would discourage anyone from flying out of this airport It is utter confusion,1.0,,Positive,Negative,Neutral,ManualCheck
Queenstown,airport,Ana Corpuz,2022-12-28,It is unbelievably customer unfriendly Baggage took over  minutes to be off loaded There were no taxis waiting for passengers that arrived There was no one calling for taxi service There is very very limited shade Lucky it was a hot sunny day but imagine arriving on a wet winter night Its not rocket science This has to change Absolutely disappointing experience,1.0,,Neutral,Negative,Positive,ManualCheck
Raleigh-Durham,airport,S Neale,2024-03-30,The airport itself is nice and clean but the staff were awful I consider myself pretty easy going and let a lot of things brush over but the way my daughter and I were treated was completely uncalled for It was myself and my  year old learning disabled daughter traveling home from a vacation visiting family in North Carolina TSA yelled at and berated my daughter for struggling to follow exact instructions scaring her and made following instructions that much harder It turned our already stressful day into a nightmare I understand millions of people move through the airport and there are protocols that need to be followed for everyones safety but I can say with absolute certainty we will never fly into or out of Raleigh again Experiencing one moodyrude person is easy to pass off as they are having a bad day but literally everyone Staff really need to get in touch with how to treat travelers like human beings not prisoners Chicago OHare TSAstaff are top notch and were so kind for our trip flying out making our experience this morning that much more shocking,2.0,,Neutral,Positive,Negative,ManualCheck
Raleigh-Durham,airport,S Karstein,2021-05-18,Remarkable that they speak several languages over the loud speaker but have no free internet available A disgrace to the travel industry I will rethink coming through RDU ever again,1.0,,Positive,Negative,Neutral,ManualCheck
Recife,airport,Urs Graedel,2015-10-05,The airport might be nice small and clean but there is a big BUT  hours before departure the queueline was already going all the way through the airport that means the double length of a normal full line  but the checkin counter was not open They didnt work I am sure you had to queue for more then  hours with that airport service I am sorry but the airport is not modern since they dont accept boarding passes on a smartphone  they make you to go back in to the line to get the boarding pass printed Since I did already the checkin online and had no baggage I could go to the fist class line and skip the  hour checkin line otherwise I would have been very upset and angry with the Recife Airport Also not perfect It is a bit complicated to store the luggage inside the airport and its very difficult to find it you have to ask a person,4.0,,Neutral,Negative,Positive,ManualCheck
Regina,airport,K Martin,2019-03-19,Regina International Airport is viewed by many as a municipal airport as they only have domestic flights and their only international flights are during the winter holiday season The airport is trying to expand but with the loss of transborder flights its limitations to serve the global network are seemingly smaller That being said their amentities presecurity include a full service Tim Hortons SubWay and a restaurant alongside a Relay In the departure lounge there is a Tim Hortons express a cafe a bar and another Relay The airport would benefit from a lounge such as Plaza Premium Departure and arrival are very quick as the only delays are due to the inbound flight or the deicing of an aircraft,7.0,,Neutral,Positive,Negative,ManualCheck
Rhodes,airport,Chris Swanson,2024-08-19,Awful airport Very few staff for a great deal of passengers Queued for nearly an hour to check in with  staff No water fountain facilities as is standard everywhere else Staff in restaurants unwilling to help but you can definitely buy water Its  degrees outside And the air conditioning is terrible Announcements are poor Fraport are more interested in making a ton of money Thats what happens when theres no competition around Theyre making a bad impression of the great country of Greece,1.0,,Neutral,Positive,Negative,ManualCheck
Richmond,airport,W Kusnierz,2022-05-16,TSA pre check is so slow Its supposed to be faster than general boarding thats what Im paying for The lady doing the check in appears to be new or just slow She needs help am,5.0,,Negative,Positive,Neutral,ManualCheck
Rio De Janeiro,airport,15 reviewsP Hayes,2023-11-27,Galeo International Airport The primary airport for Rio De Janeiro International arrivals can lead to long walk from most distant pier but Passport Control relatively quick  no paperwork needed Baggage Reclaim no problem and arrivals hall has usual selection of food and drink leading out into the parking area Domestic Departures a bit more chaotic with lots of Bag Drop machines beyond a checkpoint for tickets etc Security up on the next level was efficient A selection of shops and eating places along one wall opposite glass wall looking out onto parts of the apron and one of the runways Different lines at each gate to gather before boarding,7.0,,Positive,Negative,Neutral,ManualCheck
Riyadh,airport,Ezra White,2023-09-14,Flew DXB  RUH  CAI Taxied for about  minutes after landing and then on top of that had to take a bus to the terminal which took another  minutes On departure also had to take a bus to the aircraft and taxied for a lengthy time again The airport staff are deplorable Everyone I came across was rude No one wants to help or acts like asking them something is a huge inconvenience Its the opposite of what Ive experienced in other GCC countries Saudi is lightyears behind UAE and Qatar when it comes to service and treating people with respect I would not recommend anyone transiting through King Khalid International Riyadh,1.0,,Neutral,Positive,Negative,ManualCheck
Roland Garros,airport,Ø Groenen,2019-02-04,I have visited this airport numerous times over the last years Arrivals departures and transit Air Austral a very good airline in the indian ocean is using this airport as its hub unfortunately this is the most awful airport even compared to all other African airports I have visited Transfers If you are on a transfer flight be prepared to ring a bell to get through security and wait up to an hour before they open the door Departure They are trying to set record in the longest checkin process ever I have experienced  times that the check in number has changed while in line Expect to use  hour to check in if you have just carry on or already checked in online Not much to do while you are inside the airport after security A small taxfree and kinda a restaurant and a few stalls Free internet if it works Usually it does not You have to check screens to know your gate It is not a lot of gates so it do not require many steps English is not spoken in stores or restaurants Arrival Buses comes if they want usually no taxis or wait forever One atm if it does not work you do not get euros Very unorganized airport bad service It is a shame since the best airline in the area uses it as a hub,2.0,,Neutral,Positive,Negative,ManualCheck
Rome Fiumicino,airport,Deva Britow,2024-06-05,I was scammed by a taxi driver When there is a taxi service with regulated queues outside of an airport one expects a degree of safety I dont care how beautiful an airport is or how many shops it has if I dont feel safe  it doesnt matter Before getting into the taxi double check that they have a card machine and dont get in if they say its cash only Very upsetting to have this happen on the day I arrived in Rome,3.0,,Positive,Negative,Neutral,ManualCheck
Salt Lake City,airport,John Kelsey,2024-09-06,B Terminal is very hot Like theyre trying to save money on air conditioning Restrooms are not clean  dirty seats Paper Towels on floor,1.0,,Negative,Positive,Neutral,ManualCheck
Salvador,airport,Richard Millard,2010-01-08,This is an efficient and wellequipped airport For travellers on AA beware that ground staff and security dont seem to communicate The security channel for US departures remained closed until beyond the scheduled time of departure with no explanation given The departure boards didnt show that there was a  minute delay and instead left all boarding passengers to wait outside the secure area This seems to be a specific AA problem,3.0,,Neutral,Positive,Negative,ManualCheck
Salzburg,airport,M Mckeon,2019-03-10,On arrival on Sat nd March we had to queue outside the building then inside the building for a total of  mins to get through passport control  two unmanned counters on what I assume is busiest slot of week and season No signs at luggage reclaim as to where to collect skis found out from another passenger that they are left outside the terminal building in the bus park On flight home one week later even more chaotic with skis   metre queue outside terminal  with people directed to join it to check skis in People in front confirmed we were in the right queue After about  mins in this queue we came across a small sign that said this queue was for TUI and other charter carriers Asked Crystal rep and he confirmed we were in the wrong queue and that we should check in skis with rest of luggage in Jet check in desks One hour later the woman at checkout said that I should now rejoin the queue outside to drop off my now labelled skis Fortunately by now the queue outside was only about  metres long so I resigned myself to about another  mins waiting My prayers were answered by a helpful Crystal rep who said that I should take my skis back inside an ring a bell on a door to the right and simply hand my skis over I was overjoyed when this worked I was then able to help out some fellow Brits who had also been misinformed by checkin desk staff A few signs in the airport would be much appreciated I will try to avoid using Salzburg airport again as it is incapable of handling the passenger numbers in the ski season It seems it is happy to take the money but unwilling to provide the service The contrast with Innsbruck Airport at the same time of year could not be greater A really poor experience,2.0,,Neutral,Negative,Positive,ManualCheck
San Antonio,airport,Fred Willer,2024-03-13,Overall good level of cleanliness and amenities However security systems are poor Despite not being busy in the least security lines were bottlenecked disabled passengers neglected staff frazzled and harried all passengers treated with the minimum of civility Most airports are significantly busier and flow more smoothly A top to bottom review of systems may help pinpoint why such a small number of passengers can cause the entire process to break down continously,4.0,,Neutral,Negative,Positive,ManualCheck
San Diego,airport,C Jackson,2024-05-22,This place is so tiny its a fire trap Way too many people for either terminal Bathrooms are also small It needs expanding for sure Plus the carpet at security was so gross,3.0,,Positive,Negative,Neutral,ManualCheck
San Diego,airport,E Venton,2024-02-08,Had to make a connection here Got off the plane Had wheelchair assist Went to Einstein Brothers picked up a drink take my meds for the next flight and a bagel Then find out we are changing terminals and have to go through security again so purchasing an expensive airport drink only to throw it away  minutes later Every major airport I have traveled through has secured connections from one terminal to another This is totally crazy for an airport that has this mini flights Had to turn around in the other terminal and buy another expensive airport Drink not mentioning wasting time going through security for the second time which I had done   hours earlier in Honolulu Overall if youre making a connection avoid this airport at all cost,2.0,,Negative,Positive,Neutral,ManualCheck
San Jose,airport,1 reviewsMarco Fernandez,2018-01-01,As a rule of thumb we avoid changing money at airports unless the country were visiting isnt credit card friendly or weve been advised to use cash for certain purposes Although Costa Rica is credit card friendly we read that changing money at the airport is advisable This was a big mistake In comparison to the exchange rate and charges at a bank in San Jos city we lost around  due to changing at the airport  this was the largest percentage weve lost amongst all money exchangers at an airport For us this was a very unpleasant experience especially for incoming new tourists Moreover one of our luggage was lost and there was only one person for the airline accommodating  it took us over an hour in the baggage claimlost and found area,4.0,,Neutral,Negative,Positive,ManualCheck
San Jose,airport,Sean Symon,2012-02-20,Not a bad airport Flew out of Terminal A with American Airlines I thought Terminal B was nicer than Terminal A Plenty of places to eat and view the runway My only complaint was the longish wait at security Other than that San Jose is a very functional airport,8.0,,Neutral,Positive,Negative,ManualCheck
San Juan,airport,M Seaver,2024-01-28,Took over an hour to get through security  Quality of food abysmal Terminal was changed several times for no reason forcing us to run across the airport then when we finally arrived at the last relocation over an hour early there were no seats left forcing us to stand or sit on the floor For the WiFi they try to get you to fill out a full survey with contact information Also to make everything somehow even worse there isnt any sort of usable map available online simply states food for restaurant locations Good thing this place is a monopoly because otherwise theyd go under in a week,1.0,,Positive,Negative,Neutral,ManualCheck
Santiago De Chile,airport,T Garo,2024-03-17,Absolute nightmare of an airport No pharmacy past passport control No soft seating anywhere not even many seats in general Im in the middle of a  hr flight from southern Chile to Australia with a bad back No showers unless you pay USD I love this country but hands down one of the worst airports in the world The USD million upgrade is a joke Only people happy to help are inside California pizza kitchen,2.0,,Neutral,Positive,Negative,ManualCheck
Santiago De Chile,airport,Peter Farrant,2023-12-09,Very poor performance Two immigration kiosks operating after pm for  international flights Waiting times for immigration were    hours No effort made by airport staff to secure more officials at a very busy time,3.0,,Positive,Negative,Neutral,ManualCheck
Santiago De Chile,airport,B Andrews,2023-01-03,One of the worst experiences at an airport ever First of all the airport doesnt serve alcohol and wont allow you to purchase any for drinking at duty free Next they had a bunch of extra security checks and even dumped all our water at a check right before boarding The flight also left late Overall it was unfriendly and rude and made us feel like middle school students getting punished for nothing eg filling our water bottles to have hydration on the flight Weve been through multiple airports in Chile and theyve all been great experiences  this is not a Chile issue Its a Santiago airport issue Really upsetting and wont be traveling through here again if we can help it,2.0,,Neutral,Negative,Positive,ManualCheck
Santo Domingo,airport,T Robinson,2019-01-08,I have been using the Las Americas Airport for more than  years and over recent years with much more trepidation On my last departure the Friday before Christmas I arrived before pm for a flight to Madrid leaving at pm travelling business class After clearing security it took more than  minutes to get through the immigration people and at  I was called to go to the departure gate where I was escorted to the downstairs baggage area because I was told they wished to search my bag which was not locked I could see my suitcase but no one wanted to sit down so I waited for more than  minutes and there I witnessed young security men opening cases and throwing items all over the table and floor They opened Christmas presents of people flying to Europe they opened cigarette packets and emptied the cigarettes on the table they opened baby food and destroyed much and laughed in the faces of the passengers Finally I saw a terminal worker from my airline and asked her to try to get someone to inspect my case A customs official came and found only clothes and wanted to know why my case needed to be inspected when it had gone through the xray machines as had all the other cases I was the last person to board my flight and the flight attendants all told me of their dread of Santo Domingo airport try to avoid it,2.0,,Positive,Negative,Neutral,ManualCheck
Santo Domingo,airport,Richard Turnley,2018-04-08,SDQ has become a nightmare for Dominican residents leaving Now you need much more time as you are sent from one person to another to have the residency card photographed and then another person to have your ID checked and finally another person to stamp the passport Worse for people who are paying the penalty charge for staying longer than a month Once through the lounges are basic in the extreme duty free items except some alcohol more expensive than the Santo Domingo stores and the process of loading passengers on board chaotic it used to be so good but no longer,4.0,,Positive,Negative,Neutral,ManualCheck
Sao Paulo Congonhas,airport,Else Barrer,2012-05-31,Compared to GRU and other SAmerican airports it is not that bad For arrivals the metro does not exactly reach the airport but there is a city bus that can get you to the nearest station English signage is totally lacking so finding that bus is not going to be easy for international travellers Airport is crowded but for Brazil amazingly somewhat efficient For departures dont even bother to check the gate number on your boarding pass It will change  often more than once before boarding But there is a modestly overpriced barstall after checkin where you can watch the monitor as your gate changes,5.0,,Neutral,Positive,Negative,ManualCheck
Sao Paulo Guarulhos,airport,Mitja Vainio,2021-12-22,Airport help and customer services are bad No actual details or information about things that I tried to ask No real service and I am stuck here since the airport service screw ups Employees dont speak anything else than Portuguese or if you are lucky Spanish I speak only English all the information available are as squared as an circle It is nice to wait unknowingly how many more hours I need to sacrifice from my holiday I hope that these problems are not daily Ive been here at least time before and had problems then as well,1.0,,Neutral,Positive,Negative,ManualCheck
Sarajevo,airport,40 reviewsR Janssen,2019-10-14,A small airport yet convenient for the amount of flights they receive Checkin is mostly fast and efficient yet you cant use any online checkin yet due to restrictions by law The airport has  jetbridges and  gates the  others are used for walk or bus boarding Border control is friendly and efficient The airport has  duty free store but not much other facilities Beware of taxi drivers demanding outrages prices for a trip to the city center  KM should be more than enough Theres a bus service to the city center but timings are a bit off,8.0,,Neutral,Negative,Positive,ManualCheck
Sarajevo,airport,D Mitchell,2010-05-07,Very small but clean and cozy airport with only  gates Going through the passport control and customs was a breeze I do agree with the previous comments about taxis There is no public transportation from the airport to the city so unless someone is picking you up or youre picking up a rental youre forced to take a cab which will routinely rip you off and not even turn on the meter For a  minute ride I was charged  marks currently USD  If you can arrange some type of transportation other than the taxi my advice is to do so,3.0,,Neutral,Negative,Positive,ManualCheck
Sarajevo,airport,Andy Chung,2006-12-29,It is very clean and the toilets are cleaned by the crew literally every  minutes I was stranded in this airport for more than  hours due to fog which Sarajevo suffers during the winter months of December to February It is funny kind of similar to the rest of Sarajevo in regards to hospitality They are either very friendly with a big smile or just very rude and disinterested For example the people at currency exchange information desk baggage claim and check in just couldnt stop smiling But the people at the security and ticket counters were rude Ticket counter agents any request such as air fare inquiry schedules etc creates extra stress for them that they make you feel guilty for being a human being For instance the lady at the Croatia Airlines ticket counter all I wanted was the air fare from Sarajevo to Munich and she rudely yells at me and say we do not sell tickets from Sarajevo which doesnt make any sense to me whatsoever,0.0,,Neutral,Negative,Positive,ManualCheck
Savannah,airport,Jessica Richardson,2021-10-02,SAV Airport is the only place to rent cars from the process seems seamless but its not For people coming from a flight directly to the airport it is but for locals it can be a headache with the parking of their actual vehicles The woman at Thrifty counter was beyond helpful she made this experience so seamless and easy The lady at the exit point for ticket collecting was rude and unprofessional Im usually a nice person but she had the nerve to say this is why people need to know how to read when we were trying to exit following the directions given to us since we had to cross load our vehicles Ive never felt so insulted,4.0,,Positive,Negative,Neutral,ManualCheck
Savannah,airport,Lisa Bacigalupo,2021-04-10,I had requested assistance the night before our flight There was no one to meet us when we initially arrived to head to Las Vegas and even though our entire flight there and back home the other airports had someone to meet us When we flew back home no one was there to meet us and we had to wait for them to find someone From now on we will choose another airport to fly out of and into,2.0,,Positive,Negative,Neutral,ManualCheck
Seville,airport,E Merkers,2023-09-15,We came in from Marrakesh Time h Walked to passport control Waited Waited Waited Some douanier really impolite Two hours later we were outside Why so irritated and why so understaffed Automatic passport control units not open until h Why Why keep  people waiting standing up old people included Shame on you And if you had good reasons explain Just explain Do it,1.0,,Positive,Negative,Neutral,ManualCheck
Seychelles,airport,David Dale,2013-03-21,Arrived on almost full Emirates flight to an airport arrivals area that was flooded with passengers No orderly lines for immigration Arrivals area was hot no air conditioning no fans even the air was still and hot Very uncomfortable A local music group was set up just inside the door in the arrivals area with the loudest music it was not the greeting many wanted People standing in front and behind were commenting on the volume Local Seychellois arriving pushed their way to the front ignoring foreign passengers and making fellow passengers feel unwelcome When they were challenged their attitude was indifferent Police and immigration officers just watched on and ignored this problem Immigration processing time was extraordinarily slow Random bag check was a faux pas After being asked a series of questions and then being told to put bag through scanner I noted there was actually no one observing the monitor Departing Seychelles was slightly easier But again the processing time to get tickets and check bags was so slow The bag check and line up area is open air Upon going through to immigration and security I noted two of the immigration officials on the Internet looking at everything but what they were supposed to be doing The whole experience was not impressive Quite an embarrassment for such a beautiful country,1.0,,Neutral,Negative,Positive,ManualCheck
Shanghai Hongqiao,airport,W Baker,2019-09-12,This is the second airport in Shanghai and has a train station next to it Traffic can be very bad here especially during holidays so recommend giving yourself some extra time or take the subway Security is just ok does move slow often and not many lanes open Restaurants are better here than PVG and there are options on the other side of security Shops are plentiful and appear to be good for alcohol candy perfumes and Chinese goods The only large issue is the lack of jetway use This airport likes to make passengers take a bus especially when arriving here Even if it rains they still make you go outside Not sure why when jetways are open but its happen  times for me out of the  times Ive used this airport Also I would avoid flying into this airport at night because they will make take a bus and it adds about  minutes on to your travel time Bags arrive at a good rate and there are taxi stands outside Just avoid the people asking to give you rides just like most airports they will charge you more and technically are breaking the law by being there I always just ignore and go outside to taxi lines which move quickly Tip Avoid travel during Chinese vacations This will save you loads of time because when Chinese travel they all use train next door and taxi lines are ridiculously long,5.0,,Neutral,Positive,Negative,ManualCheck
Shanghai Hongqiao,airport,7 reviewsB Chang,2016-06-13,Overall Shanghai Hongqiao is a good airport if you are flying domestically There is not much you can do inside the terminal There are not many restaurants and shops there On the up side you dont need to arrive too early for departure because wait times are typically not terrible Arrival can a bit painful since you may have to walk pretty long distances to get to the exit Shanghai Hongqiao Railway Station is adjacent to the airport and they are connected indoors thus if you need to make a transfer between a flight and high speed train it will be easy,7.0,,Neutral,Positive,Negative,ManualCheck
Shanghai Pudong,airport,Kara Garcia,2024-02-24,We were transiting through to Tokyo from London Gatwick Immediately upon arrival we were herded into a corridor with lots of other people trying to transit to other flights and given zero information After some time which we could have spent navigating the Airport independently we were herded to the transit section This whole process was a massive time suck and not needed it felt like they didnt trust foreigners to navigate the airport on their own The whole feel of the place is very eery We both felt on edge as they monitor everything with an excessive amount of cameras watchingrecording you constantly We had to endure so many painfully long queues that seemed illogical We were getting a transfer but we had to go through the exact same processes we had already cleared  hrs prior in London Gatwick Our liquids and hand luggage was intensely scrutinised even though again we were cleared at London Gatwick We had to constantly show our boarding pass provide lots of personal information and photos constantly and it all felt quite invasive It felt like a massive overkill We thought having a layover of  hours would be plentiful however we ended up after enduring the most surreal and stress inducing transfer weve ever been through with only  mins to catch our flight It seems judging from previous reviews I was lucky to be able to buy  drinks prior to getting our flight as we were desperately thirsty using my card but again I had to sign things and it was a very elongated process I am dreading our return journey No one speaks English they seem unconcerned about time pressures with flight transfers and while we saw quite literally over  members of staff congregating at various points in the airport they have minimal staff processing flyers The presence of so many staff loitering around is also intimidating as is very intensive security procedures Ie everyone goes through the metal detector gate but noone escapes a pat down It so excessive and massive overkill You cannot access the free wifi unless you are prepared to give more personal info like your phone number or passport details with current photo and if you do take that deal everything is blocked unless its a Chinese website so massive issues of censorship here which is deeply uncomfortable I would not recommend unless you are into the vibe of a dystopian escape room,1.0,,Neutral,Negative,Positive,ManualCheck
Shanghai Pudong,airport,2 reviewsK Marsek,2023-12-18,Quite terrible huge but hollow terminal has  cafe that sells food most shops closed numbers of gate have no logic Basically no wifi   of sites and apps are blocked Reasonably clean as its empty lots of space to sit or lay down and one particular employee was helpful to get me on next flight while I missed my original all in all Really below average airport,2.0,,Neutral,Negative,Positive,ManualCheck
Shanghai Pudong,airport,James Sankovich,2023-11-21,This whole airport experience was a complete and utter joke The debacle began the second we left the plane where we were subjected to long queues and no apparent wifi connectivity The staff slap a sticker on you without consent and herd you like cattle to the transit area The best description of the transit area is a skeleton Yes it is modern and clean with the initial appearance of many shops and restaurants but spend more than  minutes there and you will realise there is hardly anywhere to eat where the food is inedible and there is hardly anywhere to shop and the staff dont speak English So to pass the time we decided to splurge on entry into the airport lounge However we were told in broken English that they only accept Chinese yuan for entry Slightly annoyed we asked where we could withdraw cash or exchange foreign currency the staff member advised there was no ATMs nor currency exchange outlets in the airport So if you want to spend more than  minutes in a place with barely any edible food a smoking room resembling a scene from Black Mirror Gulaglike environment covered with security cameras and that simply makes you hate life then I recommend a transit at Shanghai Pudong,1.0,,Neutral,Negative,Positive,ManualCheck
Shanghai Pudong,airport,Daniel Krebs,2023-11-19,Recently had a stopover at Shanghai Pudong for a TokyoLondon flight Arriving at Pudong at around pm we were greeted with chaotic scenes At no point were we told that we needed to go through immigration get a transit visa pick up our luggage and go through the whole checkinimmigrationsecurity check procedure again thanks air China for not making any effort to explain this process To make matters worse We spent an hour in the wrong queue The whole process was a joke The  passengers in the very slow line there were only  desks open werent allowed to proceed to baggage collection until every passenger had been processed We were just told to wait over there Rudeshort tempered staff who couldnt speak much English throughout A  hour transit time left us with about  mins to spare before boarding We couldnt buy any drinks and the WiFi was only available to Chinese more about this later On the return flight we were given boarding passes for the onward connection to Tokyo Thinking we were in for an easier time was nothing short of wishful thinking Same again really except we didnt have to go through immigration One desk open told to wait by the toilets Once the whole flight had been processed we were allowed to proceed through yet another security check where my duty free purchases from London were scrutinized Dont bother with the free WiFi You have to scan your passport at a terminal another queue and once connected the internet doesnt work The few minutes we had in the duty free area wasnt enough to get some drinks and the stores only accept Chinese currency On top of it all one of my suitcases hadnt arrived in Tokyo Terrible experience Never flying Air China or transiting through China again,1.0,,Neutral,Positive,Negative,ManualCheck
Sharm El Sheikh,airport,M Hughes,2024-06-14,Worst experience of my life after a lovely holiday this airport has definitely put me off ever returning On arrival you go through passport control and one security check which is fine however when returning there are about  security checks each time if you are female you get completely touched up in a body check as someone who is under  this left me feeling violated and very uncomfortable there There is no sense of order and queues are awful if you are planning on going there arrive very early After going through loads of rounds of the exact same security checks you get to duty free and the terminals these are very unhygienic with an inside smoking lounge with no door or separation from rest of airport there are bugs and roaches all over the floor the toilets look like they have never been cleaned When entering the gate there was random security checks these were no random at all as everyone who got sent into the line was definitely under the age of  where everything gets taken out your bag and rummaged through and you and your belongings get swabbed you are then expected to clear out the area with all your belongings that have been thrown all over the table quickly This airport is absolutely vile there are staff everywhere with guns which would be terrifying for families with young kids There is no WiFi available I would try to avoid this airport at all costs,1.0,,Neutral,Negative,Positive,ManualCheck
Shenyang,airport,Robert Walbeek,2014-10-22,Terminal  in now already in operation for more then a year Spacious clean clean toilets food and drink very limited Still impossible to find Diet drinks or have a decent coffee No smoking room Announcements in English poor not understandable and very limited Underground parking is a long walk from the DepArr area A real nuisance in this airport is the fact that priority handling of Gold members of any airline is not honoured Finding a taxi is sometimes also a challenge There is a new rail line now connecting the airport with the city but have never tried,8.0,,Neutral,Negative,Positive,ManualCheck
Shenyang,airport,J Bai,2008-06-12,Its very convenient to get tofrom Shenyang city centre The nearest boading gate only meters from security check and the airport is full of shops and restaurants  chinese style But its sad to see the airport is kind of showing its age now  only completed in  or so I think this is due to the fact that the construction quality is not up to standard The new T is adjacent to the abundant T which is now looks like a ghost airport terminal itself Apart from that SHE is an airport which is being well used,3.0,,Positive,Negative,Neutral,ManualCheck
Shenzhen Baoan,airport,Y Tan,2023-11-01,Flew from Johannesburg to Schenzhen connecting flight to Chengdu Before we landed stewardess announced that if we are connecting to another city must wait in the transit area Arrived at Baoan airport asked the security people where to go or where to go to the transit area keep pointing to the queue Nobody speaks English Asked nearly everybody in the queue not interest Eventually got through to customs asked again where Transit area is just say th floor Went to th floor dont see any transit area went to Information Counter nobody speaks English Very hesitant to help Again asked everyone if they speak English so they can translate for me nothing Went back to Information again the lady took me to Check in counter issued me with a ticket kept saying must check in Asked what must I do she eventually wrote on her phone your luggage has no business here so said I know but I did not collect my luggage because in all my other international flights your luggage gets put on the next plane on your connecting flight My luggage from JHB has got a big yellow tag with TRANSFER attached So I presumed that it will be put on the plane to Chengdu Meanwhile by now I am stressing out because my luggage was not collected downstairs Was told to go to ground floor to collect my luggage went into the lift it only went to the nd floor ran around and cant find a lift going down Went to the th floor again and asked the lady to help me They do not seem interested I kept asking and asking people standing around too Nobody is interested in assisting One security man was standing there so I kept asking him and he said to follow him we went to a restricted area waiting for a while and eventually he managed to get my luggage to me I had to run and check the luggage in again nearly missed my connecting flight There should be English speaking staff at the Information Counter Was so frustrating too checked in my luggage I asked where is Gate  the girl working behind the counter said Read You are already in stress mode and must still get staff working there to be so unfriendly unhelpful dont even smile Staff should be more helpful at least speak some English its customer service WiFi services does not work Terminal signs and directions is non existent long queues Airport staff is not friendly not helpful dont speak English Will not go there again,1.0,,Neutral,Negative,Positive,ManualCheck
Shreveport,airport,41 reviewsAnurag Dave,2016-07-24,Flew tofrom Shreveport on United Express After picking up my checkin luggage from baggage claim I went outside the terminal and did not find any Taxis When I did spot a Taxi the driver asked me to call his company reserve and then they would dispatch someone to pick me up In short taking a taxi from Shreveport Airport takes significantly longer than most airports When returning I arrived at Shreveport Airport  hours early due to potential delays at the airport Apparently there was no one at the United ticket counter When an agent came she told me that I arrived too early Overall the security lines at Shreveport are short boarding areas are compact and dining options are limited after security The primary reason why I cant recommend this airport is due to the serious inconvenience caused to passengers who cant find any cabs readily available at Shreveport Airport,3.0,,Neutral,Positive,Negative,ManualCheck
Siem Reap,airport,Leah Maicher,2025-02-26,Unprofessional and shocking airport staff I have flown from many different airports and my experience was one of the worst I have ever had  We only had around kg additional weight for the hand luggage and had to pay  At this airport there is zero tolerance The staff makes you weigh everything you bring on the plane and it cannot exceed a gram over kg Upon trying to find a solution the staff were incredibly rude unprofessional and treated us very disrespectfully Frankly they just ignored you and did not respond to any questions and even laughed at you I have never experienced such a condescending attitude from the CheckIn staff Also we learned this is the airport policy and AirAsia is usually more tolerant at all other airports we flew from Singapore Bangkok Kuala Lumpur Absolutely unreasonable  The airport does not allow local food stands for the local taxi drivers near the airport If they dont pay for the overpriced airport food they cannot eat during the day The old airport apparently put much more effort into treating the taxi drivers fairly  Very rude and cold staff at the entire airport from immigration to the shops No one says hi thank you  nothing The airport did not at all reflect the great experience we had in Cambodia with incredibly friendly people It is a shame that this is the last experience you have when leaving the country I am sincerely shocked,1.0,,Neutral,Negative,Positive,ManualCheck
Skopje,airport,E Kurminova,2024-05-06,Horrendous Bought priority boarding with Wizz There was absolutely no distinction between priority and no priority Families with prams and little children were among the last ones to board thanks to the disorganisation of the airport Instructions were shouted in Macedonian and no English I feel robbed and Wizz should feel robbed as well This is no airport experience I would feel ashamed to fly there Travesty,2.0,,Positive,Negative,Neutral,ManualCheck
Sofia,airport,P Porter,2023-11-10,OK First impressions on arrival were neutral A somewhat dated airport by appearance linking to reflections of the s where I was a youngster Anyway as a frequent air traveller with Partially Restricted Mobility PRM I am acutely conscious of the fact that having metal inside my body following reconstructive surgery is likely to activate the security metal detection archway So it happened at Sofia Airport Despite showing a medical card and explaining my medical situation I was then forced through the default procedure adopted by less progressive countries So in this case remove shoes and jumper despite both being clothe Of course this does not stop the activation on reentering the archway So with PRM I have to remove footwear I have restricted mobility and suffer the indignity of further removal of clothing in public which exposes sensitive to me tissue scarring and then repeated attempts to not activate the machine Do I need to go thro naked Why is the default not to immediately use the handheld metal detector for people with declared PRM At progressive airports this has been my experience and avoids embarrassment whilst treating PRM people with dignity Of course ideally fully body Xray machines would completely eradicate this issue Shame on you Sofia Airport security staff Dont just default to basic principles have a progressive and appropriate security protocol for passengers with PRM,1.0,,Positive,Negative,Neutral,ManualCheck
Southampton,airport,John Clift,2024-04-19,It does not matter how you look at this place the saying you cannot polish a turd reflects the airport  Everybody staff wise encountered departing and arriving clearly have nothing but disdain for the passengers traveling through the place Car parking at  for the day is nothing short of a rip off Using the airport in this instance was Hobsons choice as it has the only early morning flight to Jersey Awful,1.0,,Neutral,Positive,Negative,ManualCheck
Split,airport,Steve Jamieson,2024-06-15,Worst Airport food and coffee i have ever experienced at the caf top of the escalators Nice new building and fast and efficient check in Just woeful coffee,5.0,,Positive,Negative,Neutral,ManualCheck
Srinagar,airport,Vinod Kumar,2023-10-14,First of all the washrooms are junk not at all clean no hygiene Lounge is also not satisfactory chairs are bad normal pvt bus stand is better than this you will loose your appetite once you get to know the price of edibles In my opinion Cochin airport is far far better,1.0,,Positive,Negative,Neutral,ManualCheck
Srinagar,airport,K Reddy,2021-04-07,Pathetic service no support in boarding pass baggage checkin when your internet service is low travelling first time make sure you arrive at least  hours prior to your journey as airport has no help nor are the SpiceJet employees friendly,1.0,,Neutral,Negative,Positive,ManualCheck
St Louis,airport,Chris Friend,2024-06-20,This place is way undersized for the traffic it has The restaurant selection is a joke The main food court has been closed for months Restrooms are dirty and small Southwest needs to find a better Midwest hub,1.0,,Neutral,Positive,Negative,ManualCheck
St Louis,airport,Deanna Woodroffe,2022-12-24,I have never been so angry Because the security guard at the terminal two arrivals area couldnt be bothered to do his job and manage traffic people were parking and staying in spots long before their family arrived This led to such a long line behind them that it took over an hour for my daughter to get through to pick me up There was plenty of space at pickup but nobody could get through the single file line because of the idiots parking rather than driving around again Had the guard just done his job it would have been fine,1.0,,Negative,Positive,Neutral,ManualCheck
St Lucia,airport,Patrick Souverein,2005-07-02,I arrived at the George Charles Airport after a flight from Bridgetown Barbados It is a really small airport conveniently located near Castries The airport can only handle smaller aircraft turboprops the main international airport is in the south of the island UVF Aircraft arrival at the platform is greeted by local spectators at the airport fence Arrival hall is a single room that contains one baggage belt and two customs positions Obviously youre out of the airport in minutes,0.0,,Neutral,Positive,Negative,ManualCheck
St Petersburg,airport,Maria Green,2017-09-29,I havent been to this airport in years and I must say it has changed a lot for the better but still has a long way to go The arrival zone is small and grey with a few rows of very old and dirty seating The only colourful spot was a red warning sign right in the middle about taxi fraudsters The washrooms have probably seen better days and could use some maintenance We waited quite a bit for our luggage but after that everything was pretty quick no big lineups at the passport checks and we were out in no time The best part of this airport is its exterior looks nice and modern The departure zone was a bit strange You can get a luggage cart at the airport entrance but you wont get far with it They run the luggage through the scanners right at the entrance even before the registration desks and you cant get the carts past the scanners so after the bags are scanned youre stuck without a cart and have to carry your bags to the airline counter There are self checkin kiosks but only the third one I tried actually worked the passport scanner still didnt work and I had to type all the information myself but at least it printed the boarding passes for me But even with the boarding passes you still have to stand in the airline registration line where they check in the bags take the boarding pass you just printed away and give you a different one Staff at the checkin counter were very nice and helpful There were a couple of cafes and a restaurant but the service at the restaurant was very slow Security and passport checks were a bit slow but not too bad no super big lineups there There was some shopping in the dutyfree zone The dutyfree zone was actually not too bad albeit relatively small The flight left on time,3.0,,Neutral,Positive,Negative,ManualCheck
St Petersburg,airport,Jennifer Valentine,2014-07-12,This is ridiculous st time trying out Allegiant Air at St Pete PIE airport and I would never recommend it This is the first and last time I will be here The air conditioning doesnt accommodate the number of people you check in and wait standing in line with no AC no seating except wheelchairs which Im sure they charge extra for Supposed to board at am still standing in line with no AC at am So many people that the door outside remains open so more hot air pours in Ill take Tampa Intl from now on,0.0,,Positive,Negative,Neutral,ManualCheck
St Thomas,airport,1 reviewsMichelle Grimes,2016-11-06,Cyril E King Airport in St Thomas is a dirty ugly and deteriorating airport What a way to welcome people to the Virgin Islands Did you look around No wonder the welcome girls hand you rum when you pick up your bags theyre trying to blur your vision Ive never seen so many employees doing nothing  someone hand them a paint brush,1.0,,Positive,Neutral,Negative,ManualCheck
Stewart,airport,David Glo,2013-01-18,Stewart Airport is a great little airport providing service for New Yorks Hudson Valley Rockland County Westchester County and northern New Jersey Parking terminal security everything is convenient and easy The only problem is that the commercial service has dwindled down to only a few flights each day a few flights to Philadelphia and Detroit for connections on USAirways and Delta plus a couple of nonstops to Florida on JetBlue Its really a shame because the nextclosest airports Westchester County and Newark are overcrowded difficult to park and chaotic,10.0,,Neutral,Negative,Positive,ManualCheck
Stockholm Arlanda,airport,Magalie Rungasamy,2025-02-22,Airport departure hall going to London gate  does not have any water available either to buy or in fountain We had to use the water from the toilet tap which is unacceptable and not up to standard This poses a health risk,2.0,,Positive,Negative,Neutral,ManualCheck
Stockholm Vasteras,airport,Jon Worth,2005-07-18,I am a big fan of this airport It has only four or five checkin desks and lots of plants and pine furniture in the small departure hall It feels quite homely The staff at check in and at the small cafe have always been pleasant when I have flown from here I have also flown from Vasteras when the weather conditions have been dreadful  very cold and heavy snow  and everything at the airport and the shuttle bus from Stockholm have functioned with typical Swedish efficiency,0.0,,Negative,Positive,Neutral,ManualCheck
Sunshine Coast,airport,P Cole,2022-11-26,Sunshine Coast Airport MCY services mainly flights to Sydney SYD and Melbourne MEL with some services to Adelaide ADL and seasonal international services to Auckland AKL New Zealand A new low cost airline will soon be operating from the airport which will make flights north to several cities in Queensland and other flights to Melbourne and regional New South Wales and regional Victoria The airport terminal is located in Marcoola about  mins north of Maroochydore Private Airport transfer services Taxis Ubers and public buses service the airport however the public bus system does not run a timetable that would service all arrivals or departures Paid short term and long term parking is available with some of the long term parking having sails to provide limited protection from the elements There is also an offsite private parking business within the airport precinct that offers secure indoor and outdoor paid parking The terminal has Checkin counter areas for airlines at the northern end and a covered breezeway then leads to security screening and the departure area at the southern end of the terminal The luggage carousels for arriving passengers luggage are also located at the southern end of the terminal along with rental car counters toilets Luggage sometimes can take a while to arrive on the carousels as it appears the incoming aircraft is unloaded and the bags for the departing flight are then loaded before the arriving flight luggage is finally brought into the terminal and loaded onto the baggage carousel The departure area has food outlets that sell food and drinks at the usual airport prices as well as a few shops including a surf shop and a news agency books newspapers etc The northern end of the departure lounge also operates as the international departure and arrival area when the seasonal Auckland flights are operating at other times it forms part of the domestic departure area Gates serve both as Arrival and departure gates and their are currently no aerobridges so you will walk down stairs onto the tarmac and into the terminal Facilities are available for disabled passengers who cannot utilise the stairs The airport at times can be very busy especially if flights are delayed otherwise their is plenty of seating As most flights are coming from Sydney and Melbourne weather or other delays can have a knock on effect causing delays to outbound flights The real advantage of using this airport is avoiding around a hr  min trip to Brisbane Airport on a good day when there are no traffic delays or accidents on the M to Brisbane Airport The airport is expanding and the terminal facilities will improve as part of the expansion project Overall a very good airport experience,8.0,,Neutral,Positive,Negative,ManualCheck
Syracuse Hancock,airport,D Fitz,2011-01-03,Small and always a risk for bad weather but they do an amazing job clearing the snow closed less than  hrs per year despite getting more snow on average than any comparable city Rarely any delays at counters or security Free WiFi Not much in the way of food or shopping No public transportation into Syracuse taxi only,3.0,,Neutral,Positive,Negative,ManualCheck
Taba,airport,Geoff Williams,2009-10-29,This airport is very bad If you fly with Thomsons they have  flights arriving within  mins of each other Massive queues to get through the one gate On return they have the same  flights Gatwick Manchester and Birmingham all checking in at the same time Once through you are greeted with a poor departure lounge  not enough seats You can only use local currency Refreshments are the dearest you have ever seen Toilets a joke Most passengers have had a long transfer before reaching this nightmare I thought Sharm was bad but its positively luxury compared to Taba,1.0,,Neutral,Positive,Negative,ManualCheck
Taipei,airport,M Shinagawa,2023-11-25,Very poor experience on guiding Although the security check and customs clearance were smooth there are too many promotional messages on the ceiling block and guidance signs in the middle of the way to the boarding gate As a result I almost couldnt get on the plane,7.0,,Neutral,Negative,Positive,ManualCheck
Taipei Songshan,airport,Janek Schergen,2020-01-07,Queuing time was  minutes long to get through The staff were unhelpful I cannot imagine a single person in that exceedingly long queue thought there was not a better way to do this process If you can avoid transferring flights at this airport do so It is inefficient I keep thinking theyll correct it but in seven years it has remained the same,2.0,,Neutral,Negative,Positive,ManualCheck
Taipei Songshan,airport,Graeme Bray,2015-08-11,Decided to fly via Kinmen to mainland China instead of HKG This required using Taipeis older Songshan Airport instead of Taoyuan Airport Access to the airport is very quick and easy using the Taipei Metro direct to the front of the airport something that Taoyuan is yet to get I used the Domestic Terminal which is odd in many ways as the domestic arrangements in Taiwan do not follow an international standard For a start there is a KG limit despite the airlines website saying KG was okay the error was simply a copy and paste from the airline international sister airline and followed international rules The CheckIn counter were arranged in small islands however after getting your boarding pass you then had to go to another counter along the airside wall for your baggage While the queue was almost nonexistent why it can not be done at the same counter at the same time defies logic Baggage tags simply state the name of your destination in English and Chinese no bar codes and no straight forward ability for transferring to other flights Due to the limited space on the airside gates passengers are asked to wait in the CheckIn Hall where there are amble lounges and Eleven convenience store When your flight number appears above the Security Door you can then proceed through to your gate Flights are very frequent and regular so this was not a great issue and waiting by the gate or the lounge makes little difference Overall it was efficient and quick despite its quirky nature On my return flight the baggage hall housed two belts and the bags appeared quickly enough and I was through and on the metro back into Taipei in little time,7.0,,Neutral,Negative,Positive,ManualCheck
Tampa,airport,Lena Hancock,2022-06-25,Airport staff offered no assistance with flight cancellations or my wheel chair due to a significant injury to my foot Personnel stood by while party struggled managing luggage a  year old and my disability,1.0,,Positive,Negative,Neutral,ManualCheck
Tbilisi,airport,Stuart Clapham,2023-02-02,Modern airport generally fine On arrival the taxi situation is uncontrolled resulting in ripoff cabs I ended up angrily being demanded  GEL on arrival in Tbilisi for a  GEL journey They seem to try to block Bolt which doesnt seem to work On departure good luck finding a coffee for less than  in any caf  seems to be run by a cartel,6.0,,Positive,Negative,Neutral,ManualCheck
Tehran Mehrabad,airport,Michael Davies,2010-07-12,Departing on am flight to Kerman All bags Xrayd before you enter the terminal There was one queue for my flight and only one person checking everyone in but she was fantastically efficient and once at the head of the queue the process must have taken only  seconds Amazingly people behind me were thrusting their tickets at her whilst she was dealing with me Airside departure lounge was full and despite a lot of seats very few free There seemed to be about  flight leaving at the same time as mine The lounge reminded me of a s bus depot Plenty of shops around to get souvenirs and snacks although I didnt use them It is a small affair and all gates are in the one area Toilets were grim with long queues Go before you arrive Flight information screens toggled between English and farsi but the English version stayed on screen about  of the time It seemed I was the only European person there Suddenly the screen above the departure door flashed up for my flight Bus to the plane for an on time departure On the return journey bus journey back to the terminal and baggage re claim was very fast I was out of the airport within  minutes of landing Some taxi offices in the arrivals building Overall Mehrabad is a place to catch a domestic flight no more no less A long delay would be a nightmare here The transfer to the international airport is about an hour through heavy Tehran traffic,3.0,,Neutral,Positive,Negative,ManualCheck
Tehran Mehrabad,airport,Anthony Singer,2004-10-07,Although the computer information screens are in Farsi and English I would advise completely disregarding the English information Flying from Terminal  to Esfahan on Iran Air the computer screens read Delay without estimate next to my flight An hour after the scheduled departure time this suddenly switched to boarding When I enquired I was told I was too late to check in By this point the info screens were showing Await further information on my  now departing  flight Moral of the story Ignore the screens and be at a check in desk  any check in desk  an hour before your flight is leaving and stay there until someone gives you a boarding card Dont take no for an answer and dont ask the airport info desk  theyre nice but clueless  speak with the airline Airport itself is fine but frequently descends into chaos that only a minimal amount of planning or thought would avoid You quite often see hordes of staff racing around and shouting trying to resolve a confused multi flight boarding situation when it would have taken just one of them to head off the problem with clear directions half an hour earlier Would strongly recommend arranging for your hotel to send a car to pick you up on arrival It is not possible to figure out how the airport taxi system works without practice  and often its the last thing you need when youve just landed Taxi touts attempting to charge a  markup on the maxmimum rate are common Ensure a fare at the start and dont let him drive off until youre satisfied,0.0,,Neutral,Positive,Negative,ManualCheck
Tehran Mehrabad,airport,Michael Moxley,2004-01-18,Mehrabad airport is an old and small airport that shows its age The tarmac is worn out and inside terminal  is very dark and boring  Duty free shops are expensive and theres not a good eatery at the gates Also I noticed security was taken easier than other airports given that I walked through the metal detector and it beeped but nobody apparently cared I also noticed that their body search was very basic On another occasion upon return I walked into the Homa class lounge without having proper authority and no one seemed to care In the lounge although nice looking there was nothing special All in all its a tolerable airport but far from being a world class gateway I am hoping to see the brand new airport opened in my next trip to Iran this summer,0.0,,Neutral,Positive,Negative,ManualCheck
Tel Aviv,airport,Laura Poirier,2023-08-20,Traumatising experience in this airport last friday Everything was ok when we arrived but it was a whole different story when we left Israel The first security check before checking in our luggage is simply ridiculous We got interviewed by a very young girl who was clearly having fun torturing us with the most stupid questions who packed your bags did you leave your bags unattended what did you do with your bags since you finished packing it was endless She went to see what seemed to be her supervisor many times with our passports surely with the hope of delaying us more But they seemed to tell her off and she finally let us go She put a number on the back of our passport and after checking in our bags we got sent to the infamous line  very strict bag searching security check Rude staff there again  who will shamelessly open all your bags and go through all your stuff We arrived  hours prior to our flight and were at the gate  minutes before boarding What a joke,1.0,,Neutral,Positive,Negative,ManualCheck
Tel Aviv,airport,F Horten,2023-05-28,The security is so rude and disrespectful I arrived at the airport at  for a  flight due to getting stuck in traffic for many hours because of a holiday in Israel which I did not know about I was really stressed that I was going to miss my flight First security acted like they had never seen dual passports in their life before I have German and South African then the head security lady came to ask me the most useless and pointless questions stressing me out more about missing my flight She was clearly having an ego trip and told me she wont speak to me until I calm down while I was calm the whole time I just did not know the answers to the questions she wanted such as the name of the uncle of my friend  I do not speak Arabic so I cannot remember his strange name Then she was on the phone for ages wasting my time and came to ask me more useless questions like with who I stayed with and the names of other family members asking me why I drove with the uncle instead of my friend and not believing me when I said because my friend was working I finally got her to let me through after showing her Whatsapp messages with my travel agent who was reasurring me I would still make my flight I felt personally violated and disrespected Then at security they pulled me aside the the extra intense security check  They ripped all of my personal belongings out with absolutely no care my underwear everywhere and my nice new handbags getting manhandled I had packed everything so meticulously so that I could fit everything in and was left with my things strewn around and told to repack after about  minutes of them treating me like vermin I had enjoyed Israel but I will never be back due to the slowness and rudeness of the staff here,1.0,,Neutral,Positive,Negative,ManualCheck
Tenerife,airport,P Redfern,2025-03-03,From going into departures the man at check in never spoke and did not ask any security questions not sociable at all Did not stop there also in E Gates they were talking to people aggressively who were having difficulty using the new system Not going on holiday for that,4.0,,Positive,Negative,Neutral,ManualCheck
Tenerife,airport,Michelle Dennis,2024-06-30,Went to information for some help  women standing around talking Didnt even stop when I stood there waiting for someone to acknowledge me Then when I asked the question the just pointed towards the cafe where I had already been and asked So unhelpful and uninterested is an understatement Actually I found that rude Maybe they should try a bit harder to help someone instead of having a paid mothers meeting,1.0,,Negative,Positive,Neutral,ManualCheck
Thessaloniki,airport,B Carson,2024-07-21,I recently arrived at Thessaloniki Airport with my monthold child in a carrier expecting a smooth transition after a long journey Unfortunately my experience was far from satisfactory Upon arrival I had to collect my luggage which included a travel case with two bicycles a stroller and regular luggage Managing all of this alone was already challenging but it became nearly impossible when I tried to get a trolley To my dismay I discovered that trolleys could only be accessed with a coin which I didnt have There were no machines to obtain coins nor were there any employees willing to assist or lend a coin Despite my obvious struggle and the presence of a small child no staff members stepped in to help The lack of basic assistance and the unavailability of a simple solution to access a trolley made the situation extremely stressful and frustrating This level of service is unacceptable especially for an international airport that should be equipped to handle the needs of travelers including those with young children and large luggage I hope the management takes steps to address these issues and improve the overall experience for future passengers,1.0,,Neutral,Negative,Positive,ManualCheck
Tianjin Binhai,airport,S Liu,2012-04-02,The new terminal is a big step up compared to the old one but still it does not give the passengers a warm feeling Its big and but feels small crowed and untidy comparing to Incheon Intl airport Most of the facilities are not well designed Signs are confusing and some do not make sense Most staff are unfriendly International departure area is not an open design passenger need to go through a door to check in at the counter and if you want to come out you have to go through the same door again totally unnecessary Seems that the Chinese has long way to catch up with the world standards,2.0,,Neutral,Negative,Positive,ManualCheck
Tirana,airport,40 reviewsH Bakker,2021-11-14,A small airport serving the capital Its a bit of a chaotic place long queues staff arent the friendliest and generally messy The terminal itself is clean tho and seating is comfortable As its the only major airport in the country this it what they can offer Taxi trip to the center is  lek,6.0,,Neutral,Negative,Positive,ManualCheck
Tivat,airport,Bee Cox,2024-07-23,This is a seriously bad airport honestly the worst I have ever visited It is far too small for the number of flights it serves with poor facilities All staff I dealt with were fine its the physical building and facilities that are lacking The loo is dirty and smelly the caf too small and had run out of a lot of drinks and foods on the menu The space for queuing for security and passport control is hot cramped and crowded as is the airside space I loved Tivat town but please sort out the airport,3.0,,Neutral,Positive,Negative,ManualCheck
Tivat,airport,Alison Meredith,2023-05-16,What a dump Queues going in all directions From outside you have to get through the queue to security to access the gates Your own boarding pass is not acceptable they throw it back at you and give you one of theirs People queued  wide to get through security manned by  person The gate number on the boarding pass is not the one used The airport departure lounge was pouring with rain inside No information and nowhere to get out of the way,1.0,,Positive,Negative,Neutral,ManualCheck
Tivat,airport,Harun Rathore,2019-10-17,Tivat Airport is the busier of the two international airports in Montenegro It serves the coastal area of the country The airport seems to have two terminals of which I only saw one The airport caters mostly for charter flights from European countries as well as Russia and Israel On arrival all passengers can make their way to the terminal In Tivat no buses are used The baggage claim went pretty quickly but they do not adhere to the priority labeling on the baggage Within  minutes after leaving the aeroplane I was outside A week later I checked in early for my Lufthansa flight to Munich so there was no crowd at the checkin counter and at the security and passport control either At checkin I was misinformed about the possibility of using the airport lounge It proved that Lufthansa  as one of the few airlines serving Tivat Aiport  has no contract with the lounge The things you can do in the waiting area are very limited There is one large dutyfree shop in the departure hall but no caf or snack bar where people can buy some food or refreshments which is a real shame However I later noticed that some fellow passengers had gone through security control with their drinks which means Montenegros authorities do not stop you from taking drinks from outside on board Good to know for the next time Boarding went swiftly and again all passengers were asked to walk the short way to the aeroplane,7.0,,Positive,Negative,Neutral,ManualCheck
Tontouta,airport,Patrick Callioni,2006-01-03,Not a great airport but not the worst either The only really bad aspect is the cost of food and drink   Australian dollars for a stale sandwich and two cokes at a selfservice cafe is over the top The fact that smoking is allowed is also a black mark Make sure you have arranged a transfer to and from the airport because there are few taxis and the ride is not cheap because of the distance from Noumea,0.0,,Negative,Positive,Neutral,ManualCheck
Toronto City Centre,airport,O Johnson,2016-09-15,Upon arrival to Billy Bishop there were no wheelchairs My husband used a luggage cart for mobility through the tunnel We registered as needing assistance We also submitted doctor form Cancellation was given way later than seems appropriate It was a very stressful experience for ourselves and others,4.0,,Positive,Negative,Neutral,ManualCheck
Torp,airport,Gary Colburn,2023-10-02,Small cramped airport with limited seating facilities one shop in arrivals terminal Wi fi is pretty decent but this airport doesnt seem to be big enough for the numbers of people departing and arriving Toilets not the best Ive ever seen cant recommend Torp at all,3.0,,Positive,Negative,Neutral,ManualCheck
Torp,airport,K Allerton,2008-08-02,Nice design but thats it Long lines for security poor shopping poor eating and a smell of sausage from every hotdog stand cafe and eleven Distance to city is a problem and there is nowhere to get to downtown Oslo fast and cheap I paid more for the train than for my flight,2.0,,Positive,Negative,Neutral,ManualCheck
Toulouse,airport,J Bob,2018-10-23,They have downsized this airport in terms of spaces to relax get fooda coffee One tiny cramped stall to get food and just a cart with sandwiches once you go through security for passport control Instead of a place to sit and have a bite to eat and a cup of coffee there is just a ton of very poor quality and expensive duty free shops which take up a ridiculous amount of space They have the selection of the poorest corner shop in Toulouse with similar prices This is an incredibly badly thought out airport plan There used to be a larger restaurant area but they got rid of it for more duty free space Getting out of the airport for departure is easy with short security gate queues however arriving can take a long time for passport control,4.0,,Neutral,Positive,Negative,ManualCheck
Trapani-birgi,airport,M Heathcote-Smith,2010-10-20,Trapani is still a partly military airport with fencing all around the civilian area and perhaps this is why it seems so crowded  and perhaps because Ryanair have hugely increased their flights recently The result is that the landside arrivals was crowded but not too bad but the car park was full and the car hire area overflowing with double treble and quadruple parked cars Finding the right person and right car and attempting to get out of the airport was not easy  and all this despite the airport saying that the number of parking and car hire spaces have been increased recently On the way back the departure lounge with nice views which would be pretty much filled up with three planes full was further strained by the fact that there were about  or more extra aircraft at the airport due to Palermo being temporarily closed a Windjet aircraft had landed  metres short of the runway Overall Trapani is fine but it seems to be reaching saturation despite recent extensions both inside and out Whilst it was a minor irritation for us I imagine a few extra passengers could cause problems of the sort to make you tear your hair out Just hope that you dont arrive immediately after a couple of other aircraft or you could be in for a long wait for your baggage car hire etc  and just getting out of the car park,3.0,,Neutral,Positive,Negative,ManualCheck
Tri-Cities,airport,Lisa DePaulo,2021-06-07,I am  miles short of a million miler This might be one of the most inefficient and unfriendly airports I have ever entered The only word I can think of is line Two words slow lines Do not be fooled of a small airport running smoothly I had a am flight that I arrived at  and just got to my seat at  An hour and fifteen minutes for what two small planes Maybe they should serve coffee at the airport Slow and grumpy is all you get at this airport,1.0,,Neutral,Negative,Positive,ManualCheck
Trieste,airport,R Matthews,2018-12-29,Surreal A bit like traveling in Belarus Queues that recall Soviet times Non existent customer service that makes you wish automatization of work would go faster so that humans at this airport could be replaced with machines Horrendous luggage service my luggage lost on the way in took some heroic efforts to recover Shops are sad and deserted Absolutely a nightmare Avoid at all cost Apparently they are struggling to sell the airport  no surprise there,1.0,,Positive,Negative,Neutral,ManualCheck
Trondheim,airport,Christian-Bernard Häfeli,2009-08-11,Clean but inefficient unfriendly and crazy behaviour at the security check AMS to TRD more than  minutes for delivering luggage from only one plane at the international terminal No handling staff No information desk at the international terminal only one in the domestic TRD to AMS harassment at the security check and unfriendliness of its staff No limits under the word security I have sent twice a complaint to Avinor in Oslo airports authority for Norway and to Avinor in Trondheim No answer from both This behaviour shows me an evidence of incapacity to manage the Airports and a confession of failure for the Kingdom of Norway Moreover no lounge for KL passengers,2.0,,Neutral,Negative,Positive,ManualCheck
Tucson,airport,E Slick,2012-09-20,As I checked in my bag I was surprised that I had to use a kiosk to check in With all the employees standing around it would have been more efficient if they could actually help me I was told by an indifferent male employee that it cost  to check in a bag I was unpleasantly surprised but paid the fee At security I was again met with employees that had bad attitudes and shoved me along quickly,1.0,,Neutral,Positive,Negative,ManualCheck
Tulsa International,airport,1 reviewsJohn Lamb,2015-10-26,I fly American a lot The A terminal just got a nice revamp but there is a revolving door to get out of the gate area This is such a slow door that they have people there to let you around it about  the time I have complained to the airport about it several times and received no reply You would think that after spending so much money for a remodel they would fix the one big thing I hear a lot of frequent travelers complain about,5.0,,Positive,Negative,Neutral,ManualCheck
Tunis Carthage,airport,John Richards,2023-04-24,The Airport is starting to look a bit dated now but the staff are helpful the officials etc Check in is pretty much the same as most airports except online check in and boarding passes are not functional as yet or at least by my booking I catch this flight to London every couple of weeks Points of frustration and Im sure its down to financial during these difficult times However every time I clear check in you then go through a further passport control I find this odd as I havent done this anywhere else even flying in and out of neighbouring countries Alas though there is to little staff to accommodate the passenger flow and waits and can be very long I would add an additional  mins to your airport time Once through you go to security pretty standard but I often see staff just chatting and not observing the machine screens which seems to negate the very reason we all go through this security Now my major frustration was with the duty free staff I found them rude and unwilling to help I approached  lady staff and asked if they could show me the headphones of which I was pointed to an area and they resumed talking I am an Arabic speaker so I understood they were just talking of their Eid celebrations I went to the area and no electrical items were on display so I approached the ladies again to only have eyes rolled and huffing and puffing I thanked the lady and she just stated there was nothing in stock She then turned her back and walked off whilst I understand people have bad days but both ladies were rude and disrespectful I was then approached by an officer who asked if I had any money on me do t be alarmed at this but they Tunisian currency is not allowed to leave the country or so it was explained to me Now my only area of frustration in returning through Carthage airport is the passport control the lines are exceptionally long and it takes a very long time to clear Once you clear passport control your passport is checked again less than  meters later The same security issues were noted and nobody seemed to care about monitoring screens to be checking baggage leaving the airport This has been the way pre covid and I dont see any improvement in standards its such a shame as I love this country and it sets the wrong impression to people here visiting,4.0,,Neutral,Positive,Negative,ManualCheck
Turin,airport,Mark Vella,2017-05-12,Turin Airport looks new but it is clearly mismanaged The problem as is usually the case in Italy starts at the top and continues all the way down to those who are supposed to clean the toilets Staff at security simply look unprofessional and are busy chatting with each other At the cafe in the Center of the Airport there were  staff chatting with each other or on the phone while my wife waited in the queue for a cappuccino The worst is boarding  Passengers are checked for boarding in up to  minutes before they can actually board the flight After going through boarding passengers do not actually board but they have to walk down two flights of stairs carrying their hand luggage and then they wait outside for up to  minutes Next passengers walk up the steps carrying their  kilo hand luggage to board the plane Meanwhile the brand new walkways that can take passengers directly from the terminal into the plane avoiding walking down and up stairs and waiting outside are idle I have been to Torino  times since September and the walkways have never been used People talk about the difference between the North and South in Italy however I see the same incompetence from North to South Italy has one if the Worlds most significan historic and cultural heritages but the culture of incompetence permeates Italy,2.0,,Neutral,Negative,Positive,ManualCheck
Udon Thani,airport,Jim Timmerberg,2010-12-21,This is a very comfortable and affordable airport There are a number of shops on the ground floor with very reasonable prices also Thai massage at the end of the ground floor again with very reasonable prices Theyve replaced the lounge chairs in the past two years and the new chairs are nicely padded The only negative is that you will likely have to walk across the tarmac to board your plane No problem in the winter but Im not sure how that works during the rainy season,5.0,,Neutral,Negative,Positive,ManualCheck
Valencia,airport,Karin Benders,2023-05-20,There was no access to toilets for more then  minutes in departures hall We had a delay it was very busy  and a very unpolite lady was cleaning toilets More than  people waiting in line who had to catch a plane and not able to use the toilets,5.0,,Positive,Negative,Neutral,ManualCheck
Varna,airport,Tommy Fondie,2018-07-07,Ok not much to do but not bad queues Very small and modern airport Has a smell of cigarettes in the gates where S fly There is an outdoor bar in the summer and has very expensive duty free There is also a McDonalds and a coffee store both expensive,6.0,,Neutral,Positive,Negative,ManualCheck
Varna,airport,A Williams,2011-07-17,Terrible place On arrival waited  mins around a baggage claim carousel that displayed the flight for it to change to the other one yes only  claim belts in an arrivals hall So not a problem you may think wrong Literally hundreds of people One full British flight and one full Russian flight shoved in one room waiting for their luggage at the right belt then for it to be switched at the last minute is not a good combination On return flight check in speedy and good overweight baggage didnt stir an eyebrow to my advantage but then the fun commenced A queue stretching around the departure lounge and back again for security checks and the reason one person at the control desk There were at least  flights due to leave according to the flight board Everyone queuing to get through but the queue just grew longer and longer as the names of flights were shouted out to try push past everyone in an attempt to make their flight we arrived in ample time thanks to our tour operator Utter unorganised chaos And all this in sweltering heat as very little in the way of airconditioning,2.0,,Neutral,Positive,Negative,ManualCheck
Venice Treviso,airport,Vicky Faure,2022-03-09,They asked me to buy a ffp mask almost  euros for a pack no single mask available because they said I couldnt fly with my surgeon mask Then they let embark everyone and even the cabin crew didnt have the ffp mask The flight was h minutes late and all they gave us was a  voucher when all the sandwiches prices are over  euros Not enough sitting places in the airport,3.0,,Positive,Negative,Neutral,ManualCheck
Venice Treviso,airport,Marie Lowe,2018-09-16,Nice quiet airport however departing to East Midlands yesterday was unbearable Crowds were left waiting in a very humid area at the bottom of the stairs no air con on Passengers were all complaining about the chaos and safety Minimal seating Most were standing,7.0,,Positive,Negative,Neutral,ManualCheck
Venice Treviso,airport,J Workman,2018-08-09,This tiny little airport couldnt be any more crowded or inadequate for its traffic Underseated understaffed And the most frustrating thing is the amount of space wasted on trying to sell perfume and other duty free when no one cares to buy it while people are all crowded around sitting on the floor in the terminal Food costs were highway robbery even in comparison to other airports and lines were so long it was frightening The only good part was the security agents who were friendly and less stressful than in most airports,2.0,,Neutral,Negative,Positive,ManualCheck
Veracruz,airport,Claudiu Vlad,2015-09-23,Veracruz International Airport is small and clean airport The problem was that after passing the check in and entered the departure hall there are no duty frees or shops and my problem no smoking lounges One small store is accepting only pesos and there are absolutely no souvenirs,6.0,,Neutral,Negative,Positive,ManualCheck
Verona,airport,Rachel Bennett,2019-08-12,NotVerified  How this airport has changed since we last used it  years ago Arrivals wasnt too bad with the inevitable queues but Departures was another story We arrived by taxi at  am for a  flight and checked in straight away with TUI with no waiting Then the queuing began  straight to Security and joined a long queue there were  lanes A to I but only  were in use Several earlier flights were called through so we didnt move at all After about an hour we were through and straight into another queue for Passports This went straight through Duty Free but moved so slowly that we took turns to visit the shop buy very expensive water and visit the toilet Again they were not using all available lanes Once at the gate it was heaving with frustrated people but we did manage to find a seat We were put on a very hot bus and kept waiting on there for ages before being transferred to the aircraft Why is this airport so understaffed If all the lanes had been used it wouldve been much better although the waiting areas at the gates are far too small for the number of people using them at busy times,3.0,,Neutral,Positive,Negative,ManualCheck
Victoria Intl,airport,George Dodd,2022-08-02,The security screening at your airport is tedious and slow I arrived  hours before my flight in order to be within the  hour window recommended by the airline The security screening line took  minutes to clear I had arrived from Calgary International Airport where security screening was accomplished without any delay at all You have three lines available for security screening and only one was in use forcing people to wait This situation has not improved since my last visit to your facility Please do something to fix this problem,1.0,,Neutral,Positive,Negative,ManualCheck
Vilnius,airport,F Marks,2019-07-13,Worst airport security I have experienced in traveling across over  countries As other reviews have suggested the attitude and work quality of the security personal at this airport is completely unacceptable and a complete insult to anything to do with tourism  hospitality or simple being human As a family of  all of us were harassed through the security gates  items were confiscated all  items were already with us through our travels to Milano and Brussels the previous days The items were a toothpaste that was not marked for volume it was a regular tube ml I would say but as the marking of the volume was already faded they just throw it away because nothing say have a nice day than taking a toothpaste from a traveler It was a lighter that was not loaded it was bought empty but with a price tag of  EUR I must assume they liked it They said its a blueflame lighter despite the fact that they couldnt light it up once tried it over and over just to prove their point The rd item was a perfume that was indeed  ml it was half full but yes I know legally it should not be taken on board if the original load is over ml Two things that became obvious through the process  The staff members are far more happy if they find something they also sent bags through the scanner  times just to find that empty lighter The motivation behind that  I let you have a guess  The staff members have thug mentality they take pleasure of bullying people make inside jokes within each other on their language and talk to passengers including my elderly parents like dogs Disgusting vile unreasonable behavior Left the country after a beautiful holiday with a bad taste in our mouth,1.0,,Neutral,Positive,Negative,ManualCheck
Vladivostok,airport,Richard Kirby,2016-05-18,Vladivostok is a fairly modern airport built in the last  years it has lots of space for check in and a decent departure area There is one major problem though there is limited foreigh language support if you are a non Russian speaker If you have problems with your baggage all the forms are written in Russian with no translation all the support staff only speak Russian The people at check in have limited English language skills  enough to check people in but I estimate  of staff in the airport only speak Russian If you dont have any issues when you fly into or out of Vladivostok then it is a nice airport to travel through but if you do have any problems it can be a nightmare to try to find any people willing to help you  they just dont care if you have an issue,5.0,,Positive,Negative,Neutral,ManualCheck
Wagga Wagga,airport,Andrew Kemp,2009-11-10,Wagga Wagga is a regional airport serving a town of  All was good except that our flight was delayed due to Sydney weather thats not an issue but the snack bar closed during the  hour wait There is a soft drink vending machine but nothing for food or snacks Oddly there were instant coffee and sugar sachets on the tables but no hot water Large plasma screens whiled away the time and there were enough seats to stretch out and have a nap Its the home base of REX Regional Express Airline  a snack machine and hot water would be good,4.0,,Neutral,Positive,Negative,ManualCheck
Washington Dulles,airport,Jim Burton,2023-09-15,I made the mistake of flying international out of Terminal  at Dulles Thursday evening flight I arrived at  pm There are meant to be four restaurants but two of them Wolfgang Puck and an oyster bar were boarded up closes Carrabas was open until they told me the bar was closed Bracket was the only place to get a beer left and they have exactly zero electrical plugs On a long international flight you need power I ended going to Volo Vino which had a plug horray but not beer or spirits just wine I knew Dulles was a terribly managed airport but this experience takes the cake There were thousands of people in the terminal and nearly zero places to sit down and eat Dont ever ever fly international in or out of Dulles Its like its stuck in time from  The reason I rated it  instead of  or  is because it was clean There are plenty of places peddling their wares of course but thats about it If you do get stuck flying out you might consider bringing along a Sherpa and some oxygen Its not the airport staffs fault either its management,1.0,,Neutral,Negative,Positive,ManualCheck
Washington Dulles,airport,K Andrews,2023-09-12,After long trip from Copenhagen we about  passengers were directed to funny bus  packed to the limits and very hot We did arrival at what looks like United Airlines hub We are Global PassTSA members so we got our face screen and after we had to pickup our luggage to place it back on the conveyor for transfer There was no screening no one checking why we had to do this After we were directed to TSA check  why We did our Global check which should include TSA After a long wait we arrived in terminal where we had to walk fast the full length of terminal to catch our connecting flight There was no place to sit and most of the restaurants had long waiting lines For anyone specify for ones arriving for the first time in USA this Capitol airport is total embarrassment It looks old dark and dirty Airport management needs to invite Secretary of Transportation to visit this place as a regular passenger without any preparation for his visit,1.0,,Neutral,Positive,Negative,ManualCheck
Washington National,airport,Marisol Castro,2022-05-31,I live in Alexandria VA I do not travel very often but I made a trip to Tampa FL this past Memorial weekend My review or complaint is about the public restrooms service in DCA small spaces uncleaned sinks clogged broken faucets no refilled soap dispensers no coatpurse hooks in resume a restroom service failure DCA is the capital airport What a shame When I was in Tampa Airport waiting for my flight back to DC I used the restroom it was almost impeccable also I saw an airport staff with a checking list Time to improve DCA authorities,3.0,,Neutral,Negative,Positive,ManualCheck
Waterford,airport,Patrick Jordan,2007-07-30,First time to use this Airport and I have mixed feelingsThe poor signage makes this a difficult airport to find on a first trip However it is a rare pleasure to be able to park mere yards from the terminal Mind you at Euro a day it is far from cheap Yet the automated pay machines do not accept Euro notes or Laser debit cards Staff are very friendly and the small size of the building is makes a pleasant change from most other airports At present catering is limited to drinks and snacks Beware of one outrageous thing each passenger is required to pay a fee of Euro at checkin to fund the future development of the airport Nowhere during the booking process is this mentioned Furthermore when other busineses plan expansions there is no requirement for current customers to pay upfront I would have thought that as with most business plans additional facilities would be funded from the additional revenues received,2.0,,Neutral,Negative,Positive,ManualCheck
Windhoek,airport,E Gibson,2017-09-27,What a horrendous experience again Getting through WDH airport has now become a mission and Id suggest to anyone planning a trip there to bring a camping chair sandwiches and something to drink because youll spend up to  hours getting in and out of the airport A new immigration system is to blame I understand Forget trying to do a day trip to Windhoek what with the queues and the lengthy drive into town youll probably only get an hours work done This airport does nothing to enhance the image of what is otherwise a very pleasant country to visit,1.0,,Positive,Negative,Neutral,ManualCheck
Windhoek,airport,Carol Tait,2013-05-09,On arrival we had a long wait in the queue at pm It appeared as though most of the staff were on lunch We had a few elderly people in the queue who had difficulty standing for so long On departure a female staff member had an earpiece for a cell phone in her ear was enjoying her conversation and laughing Barely greeted me and almost threw passport at me Very hostile attitude Officials generally were unfriendly Two toilet seats were missing in the ladies toilets in the general area,6.0,,Neutral,Negative,Positive,ManualCheck
Windhoek,airport,Joaquín Quinto,2012-08-05,Windhoek Airport is nearly km away from the city Most people will arrange for private transport although there is supposed to be shuttle bus operators It is not very big and there is a decent selection of shops airside The waiting hall is spacious enough most of the time The problem is during peak periods notably in the early morning when a bunch of flights leave around the same time or when the WindhoekFrankfurt flight leaves that it falls short The immigration counters and the single xray machine the second machine appears to be for show only backs up considerably,8.0,,Positive,Negative,Neutral,ManualCheck
Winnipeg,airport,Charles Lekic,2019-10-12,It is October    pm and we have been waiting for one hour to be deiced on the Delta flight  to Minneapolis We are not deiced yet and there are very very few trucks deicing the planes This should not be happening in the city that of all the cities in the world has to be ready for events like this It was known for a number of days that the snow was on the way and this kind of delay is unacceptable and will lead to a number of passengers not making their connecting flights At the end someone should be responsible for this mess so that it does not happen again,1.0,,Positive,Neutral,Negative,ManualCheck
Wroclaw,airport,V Hodge,2016-12-17,Arrival to Wroclaw Airport was fine I pre booked my airport assistance and he was there when the aircraft landed got me through passport control and out to me my booked taxi It was on my departure that I experienced very very poor service I have used the very twice for good reason It was  and we waited until  for the checkin to open to deposit our case We also had a walking frame on wheels for me and my pair of crutches On putting the case on the belt I was told that it was over kgs I explained that I had in fact paid for  pieces of luggage one at  kgs and another at  Kgs the checkin clerk still was trying to charge me for the case which weighed in at  kgs The staff would not have it that I had paid for two cases but was only checking in one piece Her colleague reiterated that she must charge us and I asked to see the manager who arrived and was incredulous that the clerk was trying to charge for a piece of luggage that was already paid for and that was clearly on her screen as being prepaid That hurdle over next was my walking frame and crutches I was told that I had to take both through security which is odd because at airports the walking frame usually goes via extra large luggage portals Never mind I went to security and of course it would not fit through the scanner no matter which way they tried This was not my fault although I was made to feel that it was my fault lots of dirty looks etc and so on and so forth Then came the body check  I will always set off the alarms at I have replacement hips and knee The alarm went off and without asking I was then ordered to remove a cardigan I had already removed my coat I was then asked to take my hair down as I had it on top in a bun and remove all hair clips at no time was I given the opportunity to explain about my metal joints and once again I was made to feel guilty for the walker not going through the scanner The treatment of a disabled person in Wroclaw airport is nothing short of scandalous the security Do not get me wrong I support everything they do and what they are trying to achieve to keep us safe but really did I deserve such a woefully embarrassing experience  I think not For sure I will not be returning to Wroclaw again,1.0,,Neutral,Positive,Negative,ManualCheck
Xiamen,airport,13 reviewsAlain Kupferman,2024-11-20,Very bad checkin huge queue at Xiamen Airlines but only one counter open apart from courtesy Desk and checkin without luggage Unpleasant security people my checkedin suitcase had to be opened to check on my Swiss Army knife and this was coupled with a long waiting time Very limited choice of goods in duty free area general atmosphere similar to hospital morgue,5.0,,Neutral,Positive,Negative,ManualCheck
Xiamen,airport,John Tan,2019-12-12,Actions speak alot And to log in and post a review is alot to me Anyways the employees are severely understaffed for the amount of passengers there are If you are departing from Xiamen  you can expect them to fly a plane halfway turn back and tell you theres a weather issue then take the entire passengers on  busses to a hotel whom they promised us was free then start charging the folks in the back of the line for a room I paid for the hotel btw after employees suggested us to wait till the end I did check the forecast for the city we were landing at and it was clear at  humidity with mph winds at  degrees fahrenheit In my mind there was an underlying motive for the delay The airport customs wait line queues incosistent boarding gate changes and management are enough for me to choose a different place Expect to jog or run or feel rushed when transferring Flights are very often delayed My rating is  You get what you pay for This quote resonates deeply Maybe I will mellow out with time because I am still shocked at my experience But my hr flight turned into a  hour flight So I could have reasons for writing a post And I am sorry for sharing my experience,3.0,,Neutral,Positive,Negative,ManualCheck
Yichang Sanxia,airport,S Yang,2021-07-20,First impressions of the airport when entering are pretty good there was staff at the entrance that were eager to help However the check in counter is then a different story Security behind the luggage x day scanner at check in was rude and disrespectful at best Both the person in front of me and I were unaware that we packed a portable charger in our check in that was our fault fine But the security staff then shouted at us to open our luggage he then proceeded to throw things in our luggage all over a table without a single touch of care He then swore at us in front of everyone and pronounced that the other person and I were idiots How this airport can put up a four star plaque with confidence is beyond my belief I have never encountered such a toxic person in the air travel industry For reference this was on  in the evening at check in counter,1.0,,Neutral,Positive,Negative,ManualCheck
Yogyakarta,airport,Aria Dhika,2015-01-19,A small airport with a single crowded waiting room Only one restaurant and its food is expensive The check in area and the arrival area is very crowded I would recommend using Adi Sumarmo Airport nearby when visiting Yogyakarta,4.0,,Negative,Positive,Neutral,ManualCheck
Yogyakarta,airport,Avi Kartushi,2006-02-01,Very small nice airport There is no shops at all no airco check in was OK no queues at immigration The only downside is to get to town was quite difficult as when I was there there was no any taxis or buses so had to wait for almost  hour Staff was friendly but facilities poor,0.0,,Neutral,Negative,Positive,ManualCheck
Yuzhno Sakhalinsk,airport,Norman Sutherland,2006-01-15,Rod Hocking seems to have had a particularly tough passage through UUS  its usually not that bad If youre arriving from outside Russia its important to get close to the front of the plane Inbound immigration can be lengthy and the form will be in Russian Cabin Crew may have an English cribsheet After immigration you have to register with with the Police and the baggage does take some time to come through with no priority for Business Class I dont know why they didnt use the carousel when Rod arrived  there is a small one in international arrivals And you will have to show your Bag Tag before you can exit All pretty slow and not very organised and usually very crowded You just have to be patient and rarely will you be out of the building within an hour of landing   hours would be average On international departures arrive early at least two hours before departure Airport Tax is RR and has to be paid before you can checkin Outgoing Immigration is more spacious than incoming and there is a bar in the departure area which may or may not be open Youre going to have to walk to the plane so in winter you need to wrap up Yes UUS is bit chaotic and far too small for the current passenger traffic but it does work just about Dont expect it to be efficient dont be late or in a hurry  and be patient,0.0,,Neutral,Positive,Negative,ManualCheck
Zanzibar,airport,T Ballack,2019-10-26,The infrastructure is poor as expected However this can be managed if the weather is not hot What makes the airport one of the worst is the staff Unfriendly service almost everywhere especially in the lounge This is better than the ground floor service still bellow any standards The airport is pretty chaotic and the security is more than questionable,1.0,,Neutral,Negative,Positive,ManualCheck
Zanzibar,airport,Karolina Stan,2019-02-16,Horrible airport everything is chaotic and people constantly want money for everything The security searched my husbands bag checked luggage and decided that a mosquito repellent and a deodorant must go to rubbish cause of the inflatable liquid sign on them You must be joking When I explained to her the toiletries and personal care items are allowed and she could as well take another  items from my suitcase following her logic thinking she said I need some education Who is the one who needs education Cant even do her job properly Or maybe she wanted me to buy out the items I was about to lose Hah The funny thing is that everybody who wants to visit Zanzibar will have to go through that horrendous experience as there is no alternative airport Good luck to whoever is flying in the future,1.0,,Neutral,Positive,Negative,ManualCheck
Zaporizhia,airport,11 reviewsThomas Radoubé,2017-04-25,Zaporizhia airport Ukraine is probably the most original and exotic airport I flew to and from The airport serves a million people city and is unbelievabely small It did not see any main restructuration and reconstruction since the middle of soviet era and this airport is a real step back in times but it will change by  I have nothing bad to say about this airport because it is impossible to compare with european standards The terminal consist in a small building where everything is included into a very small space It deserves a visit Landing in Zaporizhia is landing in the s You walk to the terminal from the aircraft then you pick up your lugguage straight on the tractor no conveyor For checkin you also bring you baggage straight to the tractor because there is no conveyor as well Then there is a very small cafe and a unique passport control and you arrive in a waiting room that youve never seen before To go to the plane you walk down outside stairs and walk to your aircraft again A very interesting experience,4.0,,Neutral,Positive,Negative,ManualCheck
Zaragoza,airport,A Martin,2010-01-08,Pretty new terminal opened about a year and half ago Its an improvement on the old terminal Not many flights and  of them from Ryanair Basic regional airport that does the job not huge lines to check in or pass security Dont go through security unless your flight its about to depart since in the air side there is only a little barcafeteria and two vending machines not too many seat if there are two flights at the same time In the land side good bar and resto Bad Bus connection to the city and expensive taxi service  EUR to centre So overall small nice airport that allows you to show up h before your flight departs without risk of missing the plane,3.0,,Neutral,Positive,Negative,ManualCheck
Zhuhai,airport,G Bray,2008-03-31,Travelled domestically to this airport to avoid the higher airfares charged to travel directly to Macau or Hong Kong It was neat but showing some wear at the edges We were the only aircraft at the terminal so was able to move through quickly Was confronted by a barrage of taxi touts upon leaving the airport It is a long way out of Zhuhai  Macau some  minutes for the km  the road was a giant construction zone for most of it,3.0,,Positive,Negative,Neutral,ManualCheck
Zurich,airport,B Maizan,2024-09-22,We reached TSA at a time when we had  minutes to make it to our next flight if you ask why the rush it is because our previous flight got delayed We ask people online to let us go ahead of them so that we can catch the flight They all were nice and let us go to the front of the line Two of our bags got signaled as needing more search I approach one of the security workers and explained our situation She ignored me totally Then another security officer started helping us It took him over  minutes searching through both of our bags as slow as he could be told us we should have known the rules granted we went through TSA in JFK Vienna with the same bags He took out containers that had much less quality than  ml he took out our stuff into a bin and made both bags a big mess throwing our stuff back in We told him he could take whatever containers out we didnt care All we needed was to be done with the process and catch our plane Yet he went at his same very slow pace  When I told him that this experience and his treatment would make us never come to Switzerland again he said That would not be a shame The real shame was the attitude of security officers at such a major airport And we actually ended up missing our plane by a couple of minutes,1.0,,Neutral,Positive,Negative,ManualCheck
Dalaman Airport129 Reviews,airport,Jude Price,2023-11-11,Arrival was very good no fuss at all Bought duty free cigarettes which were very well priced booze ended up being cheaper in UK sadly The departures though is just incredibly stressful I cant stand security at the best of times but its so over the top here I do not know if its the norm for the turkey but the checks before boarding the aircraft were incredibly panic and anxiety inducing They make you feel like a criminal and do drug swabs all over you and your stuff I will also mention the prices are criminal and you should  avoid spending any money inside this airport Water and food is cheaper on the plane,3.0,,Positive,Negative,Neutral,ManualCheck
Read more,airport,Jude Price,2023-11-11,Arrival was very good no fuss at all Bought duty free cigarettes which were very well priced booze ended up being cheaper in UK sadly The departures though is just incredibly stressful I cant stand security at the best of times but its so over the top here I do not know if its the norm for the turkey but the checks before boarding the aircraft were incredibly panic and anxiety inducing They make you feel like a criminal and do drug swabs all over you and your stuff I will also mention the prices are criminal and you should  avoid spending any money inside this airport Water and food is cheaper on the plane,3.0,,Positive,Negative,Neutral,ManualCheck
Panama Tocumen Airport134 Reviews,airport,Lisa Torres,2025-04-05,Easily the worst airport of the  countries Ive been in You have to hop from restroom to restroom to hopefully find soap They have you fly intofrom one terminal but pickupdropoff bags in a different terminal They dont give you a warning that they sometimes have a second wave of securitysearching outside of your gate so you dont realize you need to allocate extra time Overall not enough seating not comfortable not free wifi after an hour,1.0,,Neutral,Negative,Positive,ManualCheck
Panama Tocumen Airport134 Reviews,airport,I Anarova,2025-03-12,This is the worst airport ever  Security controls every  meters Even if you get a bottle of water in Duty Free area they will take it at the gate All security officers are with a strong attitude rude and dont speak English,2.0,,Neutral,Positive,Negative,ManualCheck
Panama Tocumen Airport134 Reviews,airport,Gabriella Delia,2025-03-03,Airline messed up and we had to spend the night in Panama Annoying but nothing major The security checks when we got back to the airport were horrible Two grumpy staff who shouted in Spanish at people who clearly did not understand and rummaged through bags in search of anything to shout some more Apparently mosquito repellent that is allowed everywhere in Europe and South America is a good reason to shout more and throw it away Wonderful when youre travelling to a malaria infested country They would not even let you say a word just shouted They did this to me kept a couple who had gone though the same screening the day before there for ten good minutes shouting at them not to touch anything again they did not speak Spanish when their gestures said otherwise Terrible Very few places to eat no seating Even the paid lounge is a waste of money Glad Im not passing through on my way back home,10.0,,Neutral,Positive,Negative,ManualCheck
Panama Tocumen Airport134 Reviews,airport,Susanne Walter,2024-12-08,Not great this airport Consumerism rules  there are shops upon shops upon shops and literally no where to sit not even at the gate The gates have about four rows of seats which obviously isnt enough for all and other gates are guarded off by staff Instead of having hundreds of shops this airport would benefit from having some SEATING or LEISURE areas for passengers,4.0,,Neutral,Negative,Positive,ManualCheck
Panama Tocumen Airport134 Reviews,airport,Jamie Araiza,2024-10-03,It is very discouraging that an airport that calls themselves the bridge of the Americas provide such poor service My husband and I had to change planes in Panama in our trip to South America and stopped here twice in our way down and back up to the US The service is terrible the technology sucks the bathrooms we bad the people very unfriendly the employees who checked bags right before we board the place towards Orlando were very young and unfriendly ladies who do not take their job very seriously and did not consider older people who needed help It is sad since I liked Copa Airlines but I will try to avoid Panama airport as much as I can and I hope their management reads this and does something about it and put some money to bring this airport up to part make this airport a real sample of technology and service that truly deserves the name you so proudly call yourselves but do not show you have a lots of room for improvement and all areas and aspects,1.0,,Neutral,Positive,Negative,ManualCheck
Read more,airport,Lisa Torres,2025-04-05,Easily the worst airport of the  countries Ive been in You have to hop from restroom to restroom to hopefully find soap They have you fly intofrom one terminal but pickupdropoff bags in a different terminal They dont give you a warning that they sometimes have a second wave of securitysearching outside of your gate so you dont realize you need to allocate extra time Overall not enough seating not comfortable not free wifi after an hour,1.0,,Neutral,Negative,Positive,ManualCheck
Read more,airport,I Anarova,2025-03-12,This is the worst airport ever  Security controls every  meters Even if you get a bottle of water in Duty Free area they will take it at the gate All security officers are with a strong attitude rude and dont speak English,2.0,,Neutral,Positive,Negative,ManualCheck
Read more,airport,Gabriella Delia,2025-03-03,Airline messed up and we had to spend the night in Panama Annoying but nothing major The security checks when we got back to the airport were horrible Two grumpy staff who shouted in Spanish at people who clearly did not understand and rummaged through bags in search of anything to shout some more Apparently mosquito repellent that is allowed everywhere in Europe and South America is a good reason to shout more and throw it away Wonderful when youre travelling to a malaria infested country They would not even let you say a word just shouted They did this to me kept a couple who had gone though the same screening the day before there for ten good minutes shouting at them not to touch anything again they did not speak Spanish when their gestures said otherwise Terrible Very few places to eat no seating Even the paid lounge is a waste of money Glad Im not passing through on my way back home,10.0,,Neutral,Positive,Negative,ManualCheck
Read more,airport,Susanne Walter,2024-12-08,Not great this airport Consumerism rules  there are shops upon shops upon shops and literally no where to sit not even at the gate The gates have about four rows of seats which obviously isnt enough for all and other gates are guarded off by staff Instead of having hundreds of shops this airport would benefit from having some SEATING or LEISURE areas for passengers,4.0,,Neutral,Negative,Positive,ManualCheck
Read more,airport,Jamie Araiza,2024-10-03,It is very discouraging that an airport that calls themselves the bridge of the Americas provide such poor service My husband and I had to change planes in Panama in our trip to South America and stopped here twice in our way down and back up to the US The service is terrible the technology sucks the bathrooms we bad the people very unfriendly the employees who checked bags right before we board the place towards Orlando were very young and unfriendly ladies who do not take their job very seriously and did not consider older people who needed help It is sad since I liked Copa Airlines but I will try to avoid Panama airport as much as I can and I hope their management reads this and does something about it and put some money to bring this airport up to part make this airport a real sample of technology and service that truly deserves the name you so proudly call yourselves but do not show you have a lots of room for improvement and all areas and aspects,1.0,,Neutral,Positive,Negative,ManualCheck
Adria Airways,airline,D Meijer,2019-09-24,Do not book a flight with this airline My friend and I should have returned from Sofia to Amsterdam on September  and  days before they sent us an SMS informing the flight was cancelled For  straight days we tried to reach the airline and the web agent edreams and we did not get a solution Finally  hours before our cancelled flight time and after  minutes on a call waiting the airline was able to get us on a flight with Lufthansa Do not book Adria Airways it is unreliable and in our case it ruined our last days of holidays since we needed to be on the phones all day,1.0,,Positive,Negative,Neutral,ManualCheck
Aer Lingus,airline,Briana Brown,2024-12-02,I paid  extra to reserve two seats together for my husband and I on our return flight Instead Are Lingus put us in separate rows and sold our seats to other people I was told at the gate that I had paid to reserve the opportunity to request the seats This is the most deceptive business practice I have come across with an airline At no point when I was picking seats and paying for them was I told that I was not guaranteed the seats The person at the gate also told me I could just email Aer Lingus when I arrived in Boston and they would refund me the extra fees I had paid I have emailed the company four times so far with NO response  I strongly discourage anyone from flying with this airline,1.0,,Positive,Negative,Neutral,ManualCheck
Aero VIP,airline,6 reviewsMax Blanck,2017-07-17,Funchal to Porto Santo This minutes flight is a true experience Aero Vip carries out the public service obligation connection between Funchal and the smaller Porto Santo airport located on the island with the same name The outbound flight was on a vintage  Jetstream  turboprop airliner with the return flight being on a slightly older  Jetstream  In both cases the safety briefing was carried out by the first officer himself as the plane does not have any FA on board The outbound flight left right on time and touched down in PXO just  minutes later The plane on the way back arrived late and we left PXO with some  minutes of delay again reaching our destination in slight over  minutes The planes interiors are quite worn out but overall the planes gave me the impression of being in a good mechanical shape If you take this flight to reach the beaches in Porto Santo as was my case the whole flight is a really fun and unique retroexperience for aviation enthusiasts which unfortunately comes with a hefty price tag  EUR return It needs to be said however that the rates are much cheaper for residents who need this flight as a means to ensure territorial continuity,8.0,,Neutral,Positive,Negative,ManualCheck
Aeroflot Russian Airlines,airline,Martin Belling,2023-12-01,I am shocked at how far Aeroflot standards have fallen since they invaded Ukraine and this flight was a clear indicator of how much this airline is struggling to stay in the air The ground service at Sheremetyevo Airport was dreadful rude staff at Aeroflot counters  lounge and of course security and immigration gets worse by the day Naturally I was very concerned about the safety of Aeroflot nowadays as they cannot legally get parts for most aircraft but we got here Food that used to be quite good was abysmal inflight entertainment is very poor and cabin staff seemed totally disinterested and presumably wanted to get a day or so on the Dubai beaches rather than do any work Certainly recommend to avoid and I have rebooked my return on Turkish Airlines to have some better reassurance of safety Avoid Aeroflot completely,1.0,,Neutral,Positive,Negative,ManualCheck
Aeroflot Russian Airlines,airline,E Maryenka,2023-08-25,No way to get a refund My flight was cancelled three times in  and back then the company refused to refund instead they issued a coupon that had a refund option after three years And now when the time has come they tell me that because Im a foreigner I can only get my refund in their office in Russia Kazakhstan or China I do not recommend anyone to fly with this company ever,1.0,,Positive,Negative,Neutral,ManualCheck
AeroItalia,airline,Eric Vuurman,2024-03-19,Absolute crooks Had a flight from Ancona to Rome on December   Flight was postponed  times in three hours and then cancelled Had to organize a taxi to Rome cost a fortune and missed my connecting flight Waiting for my refund ever since Now they dont even answer my emails anymore,1.0,,Positive,Negative,Neutral,ManualCheck
Aerolineas Argentinas,airline,Sidney Savary,2025-03-16,I will never consider it again Three of us traveled from Buenos Aires to Rio I paid extra to fly Premium Business to benefit from checkin to baggage claim at the destination At checkin the lady asked me if I knew that I had to pay for the suitcase I told her we were flying Premium and I was also a Skyteam Elite Plus member free additional suitcases and the suitcase was only kg On international flights kg is allowed according to the homepage and ticket She said that she would make an exception We have access to the lounge and through my Elite Plus status with Skyteam either way Only the lounge is in the terminal between arrival and departure So its outside Complete nonsense because a lounge belongs after security and passport control because you never know how long you have and cant leave the lounge  minutes before boarding like everywhere else They really dont serve wine in business class Argentina a wine producer The food was a light sandwich wrapped in plastic They simply moved one of the backpacks in business class to put a suitcase from economy class in the upper compartment We pay more to have more comfort and peace and quiet The crew was arrogant orand in a bad mood again playing up the whole service The seats were dustydirty The price was expensive we flew with other companies in a better class and had top service there Never again  not recommended  They represent Skyteam very badly,1.0,,Neutral,Positive,Negative,ManualCheck
Aerolineas Argentinas,airline,M Norton,2025-02-10,I made a simple mistake of putting a wrong date whilst I was paying and requested a refund within an hour when I realised it they refuse to reimburse even a bit of my money and telling me that if I bought the ticket from the UK the  hr full refund does not apply not helpful not contactable and I am out of pocket These people are not being held accountable and not reliable I can only kick my own self and will try my best to escalate as I have all the emails Unbelievable and sad and no customer service whatsoever,1.0,,Neutral,Negative,Positive,ManualCheck
Aeromexico,airline,Andrea Winter,2025-02-25,The return flight to JFK was bad enough We were traveling in business class and they ran out of meal and the entertainment system did not work and the place was old tired and the seats barely reclined We arrived at JFK at PM and one of our bags did not It was difficult to find anyone at the airport to whom we could report the loss In the end they had me scan a QR code The code uploaded a form for me to fill out only in Spanish I do not speak Spanish and as we were in the USA Id expect to be able to fill it out in English The next morning I called the number Id been given at JFK for lost bags Nobody answered I left a message clearly stating that they should call me for an address to send the bag I left  more that day and called the    more times I spoke to  agents and was assured that the bag which was in Mexico City would arrive that day and would not be sent without speaking to me Instead it was sent to an address Id put on the Spanish form a commercial building and left with a night security guard not a doorman I was already home and not in NYC so I did not get me bag for another week I had to replace some things in it Now AeroMexico will not pay one cent for any of the items I had to purchase The bag had a medical device in it that we could not replace AeroMexico keeps saying how sorry they are but does not accept responsibility as if this is all normal So I guess it is and that they routinely misplace baggage They said theyd have paid for the items that may have been needed if I was for example a Mexican person arriving in NYC But as I was in my home country they had no obligation to do so even as they never called me as promised had me filling out forms in a language foreign to me and somehow managed to misplace a bag on a direct flight I surely will never fly on AeroMexico and hope anyone reading this wont either My bag was marked priority as we flew business class So imagine how coach baggage is treated Or how Aeromexico deals with any problems Be careful I booked on Delta and this was a code share,1.0,,Neutral,Positive,Negative,ManualCheck
Aeromexico,airline,Tony Sherborne,2024-12-17,A cheaper flight than the decent airlines was not worth the hassle annoyance and stress making an overall first and last experience with this airline We upgraded to business class after a misleading offer Dont do it Its barely second class The premier lounge is little different to a cheap overcrowded and hot cafe Given how much money the country makes from tourists they could do so much better,2.0,,Positive,Negative,Neutral,ManualCheck
Aeromexico,airline,D Far,2024-11-26,This is the worst customer service that I have ever experienced from an airline I was travelling with my boyfriend and our small dog in the cabin from Puerto Vallarta to Medellin We get to our gate and right before we are scheduled to start boarding the flight is delayed two hours Already off to a bad experience Then before we board the flight the awful employee tries to zip tie my dogs bag shut I have flown on over  flights with my dog and NO airline has ever done thisEven the stricter ones Their website says they are dedicated to providing the best possible inflight experienceand that includes for your beloved pet Aeromexicos accommodating rules and friendly customer service ensure you safe and stressfree travels  this couldnt be further from the truth I tried to argue with the heartless employee and he would not listen to a word i was saying He kept on repeating himself and shouting if you want to get on the flight I told him what if I need to give her water or an emergency happens and he said its not his problem  Why would they even pretend on their website that they want to ensure the best possible flight experience Complete lies Luckily he didnt zip tie is properly and I got on the flight I would not have gotten on had he zip tied it shut like he intended to To make matters worse on our flight back from Medellin to Puerto Vallarta  they dont allow us on the flight We had all of our dogs medical records in order and when we landed in Medellin we got an ICA form and she emailed me the form to show when we leave Medellin When we arrive at the Aeromexico desk to check in they tell us we need a new one to leave the country I have travelled to  countries with my dog and have never needed such a thing No one told me I needed a new one on the way out The ICA office was unfortunately closed while I was trying to check in and the women at the desk were so unhelpful They said theres nothing we can do and didnt even try and help They almost seemed to be getting pleasure out of our misery So its pm and we quickly find a place to stay while we figure out our travels I call Aeromexico and the guy helps me book new flights that I have to pay for  they dont give me any discount for the inconvenience But he does say he will transfer the credit for my dog so I dont have to pay for her Right when he is booking the new flights the call gets disconnected I try calling back and I wait on hold for over an hour It says I am the only caller in the que Someone finally answers after  hours and its a new person who doesnt see a new reservation for me and is trying to charge me for my dog AND doubles the whole cost of the new reservation I told him about my previous conversation and he just keeps repeating theres nothing he can do I will never fly with this airline again and you should not either Absolutely terrible people working for this airline,1.0,,Neutral,Positive,Negative,ManualCheck
Aerosur,airline,K Beard,2009-08-23,Santa Cruz to Cochabamba Cochabamba to La Paz This airline tries hard to fill the gap left by the collapse of Aero Lloyd Boliviano but is still plagued by constant changes to schedules usually because the aircraft flying the international route Brazil is late in arriving in Santa Cruz and therefore delays the local flights It also tends to overbook flights and then moves confirmed ticket holders to later flights it is really important to reconfirm flights and will even change flight schedules back in time so flights depart  hours earlier then scheduled The airline is fine if you are not in a hurry and dont mind delayed flights changed schedules and dont mind having confirmed tickets ignored,6.0,,Neutral,Positive,Negative,ManualCheck
Aigle Azur,airline,Ian Snow,2015-03-30,Paris Orly to Lisbon new airline for me seat and leg room average but if your traveling with baggage the kg baggage allowances included in the fare makes Aigle Azur worth considering Cabin crew did a quick run through the cabin with a paid drinks cart then duty free cart and promptly disappeared behind the curtain for the rest of the flight The airline appears to be unsure of its identity although they provide a baggage allowance they are not a full service airline as this flight was over a meal time dinner no food or snack service provided but not a LOCO as no food was available for purchase either so we went hungry,7.0,,Positive,Negative,Neutral,ManualCheck
Air Algerie,airline,95 reviewsDiogo Freitas,2023-08-17,Almost no announcements in English during flight Plane very dirty like not cleaned for decades decaying  couldnt eat the suspicious snack given Online checkin is actually not available for Air Algrie flights as you need to have your ticket printed in the old fashioned way Staff were friendly and professional but cant make it better with the airline theyre working to,1.0,,Neutral,Negative,Positive,ManualCheck
Air Arabia,airline,Pradip Dhakal,2025-03-01,I recently had a very disappointing experience with Air Arabia regarding their ticket cancellation and refund policy I booked a flight for my brother and paid an extra  just to make the ticket cancellable Later due to unavoidable reasons I had to cancel the ticket Instead of refunding the amount back to my original payment method Air Arabia held the amount in credit points which is an unfair policy considering I had paid extra for a cancellable ticket When I tried to use these credits for my own flight booking I was shocked to find out that I couldnt use them because the credit was under my brothers name despite the fact that both bookings were made from my own account This makes no senseif Air Arabia is going to hold my money hostage in credit points then at the very least they should allow it to be redeemed within the same account regardless of the passengers name This is a highly restrictive and unfair policy If an airline is unwilling to return the money directly to the customer they should at least provide the flexibility to use it for future bookings regardless of passenger name as long as it is within the same account This experience has left me with a very negative impression of Air Arabias policies Instead of offering customerfriendly solutions they create unnecessary restrictions that ultimately cause financial loss and frustration for their passengers I would strongly advise anyone considering Air Arabia to read their fine print carefully before paying extra for a cancellable ticketbecause in reality your money might not be as flexible as you think I certainly wont be choosing them again unless they make their policies more transparent and customerfriendly Very disappointed with their refund  credit policies,1.0,,Neutral,Negative,Positive,ManualCheck
Air Berlin,airline,P Meason,2018-07-12,Florence to London via Dusseldorf in September  First flight from Florence delayed by  hours resulting in missed connection This wouldnt have been an issue especially considering the airline was meant to reimburse all customers for costs of the delay However my checked baggage was misplaced Again this wouldnt have been an issue under normal circumstances I spoke to the baggage handler who told me to come talk to him prior to the next mornings flight which was due to leave at am I was forced to pay for a taxi which totalled  Euro each way with promises of reimbursement to the hotel which the company had placed passengers in only to stay there for  hours before having to leave again to catch the rescheduled flight When I went to see the baggage handler I wasnt able to find anyone in the department I went to the Air Berlin help desk and after explaining the situation to the woman at the desk she said there was nothing she could do I asked if she was able to call the person who handled baggage as I needed to put my checked luggage on the new flight and she said she could but wasnt going to When I asked again saying Please I need to catch my flight on time I cant wait for someone to answer me knocking at the door my flight leaves in less than an hour and I have to go through security She promptly said to me in these exact words Why dont you just do everyone a favour and go away I flew to my destination sans baggage and deeply offended Being under  years old at the time and a solo flyer I am to this day outraged by the lack of sympathy and understanding of the customer support team I had to wait  whole weeks for my luggage to arrive at my final destination The airline owes me over  Euros in reimbursement which it has managed to avoid paying due to their own fiscal troubles I hope this airline is never resurrected and that no one is treated like that in there travels,1.0,,Neutral,Positive,Negative,ManualCheck
Air Berlin,airline,43 reviewsEelco van den Heuvel,2017-10-23,Dsseldorf to Catania via Rome Booked Alitalia got Air Berlin I was prepared for delays and even cancellations because of the insolvency of Air Berlin And indeed our original inbound flight from Catania tot Dsseldorf with a change in Milan was cancelled but within  minutes we were moved to the direct ABflight CTADUS Even better So we had two punctual flights with a friendly crew and reasonably priced drinks Leg room was awful however I like the small route screens on Air Berlin aircraft But its all over since Air Berlin stops flying in a few days so no recommendation Pity because Air Berlin was one of my favourite airlines Never had any problems,8.0,,Neutral,Positive,Negative,ManualCheck
Air Busan,airline,1 reviewsJustin Wong Siu Hong,2016-12-17,Flew Air Busan from Jeju to Busan No delays  my experience of taking budget airlines gives me an impression that they will surely delay They served orange juice that was quite nice onboard Smooth landing at Busan I slept on board  But they dont have aerobridge like Korean Air Asiana Airlines or Jeju air,8.0,,Positive,Negative,Neutral,ManualCheck
Air Canada rouge,airline,Sabrina Hohn,2024-10-22,If it wasnt for the convenience of the timings we would never fly air Canada Rouge again based on our last experience To start the aircraft was  years old Airbus  reg CGARJ and it showed The business class seats were beyond worn and uncomfortable and there was no inflight entertainment or wifi The purserinflight directorin charge was what really made for an unbelievable experience Sitting on my own I was ignored on  separate occasions and when I finally spoke up I was told that she is not used to seeing passengers sitting alone and therefore didnt notice me Nice Drink orders had to be repeated more than once and overall she seemed very unprofessional I work in the airline industry and the fact that all window blinds as far as I could see were closed during taxiing and take off which I know for a fact is against DOT regulations The fact that I paid such an outrageous amount of money for  business class seats for me and my wife on this decrepit airplane with sub standard inflight service is an absolute joke and Air CanadaRouge should be ashamed,1.0,,Neutral,Negative,Positive,ManualCheck
Air China,airline,7 reviewsShadi Alkasim,2025-02-08,This was one of the most uncomfortable flights I have ever been on I had initially booked with Cathay Pacific flight CX from Hong Kong to Chengdu expecting their usual high standards However it turned out to be a joint flight operated by Air China flight  and the experience was disappointing The plane felt oldfashioned A with cramped seats no inflight entertainment no WiFi and little legroom The cleanliness was lacking and the quality of the food was disappointing Adding to the discomfort some passengers were loud others were inconsiderate and the cabin was filled with foul odors When I asked the crew for help I was surprised that the flight attendants could not speak English which made communication difficult Fortunately after trying to communicate with two of them a third flight attendant came She spoke English and was kind and helpful and eventually moved my daughter and me to better seats Upon landing several passengers ignored basic etiquette got up prematurely and acted in a disruptive manner This flight was more like a crowded public bus than a flying experience While Cathay Pacific is a reputable airline the codeshare partnership with Air China could be damaging to its brand I hope they reconsider these arrangements to maintain their high standards,1.0,,Neutral,Negative,Positive,ManualCheck
Air China,airline,R Gina,2024-12-22,The only advantage of this airline is that it has ontime flying times Other than that very disappointing Jakarta to Shanghai flight with transit in Beijing Imagine a transit that was originally  hours  minutes was rescheduled to  hours  minutes even during transit we had to take care of moving our own baggage Our family ended up going to pieces taking care of everything in a very short time Other airlines if baggage transfer during transit is handled by themselves they will give a warning Meanwhile this is not listed We feel like we were cheated When we returned from Tokyo to Jakarta we had a  hour transit in Beijing The information we got was that we could get a h free entry visa but apparently we couldnt for unclear reasons Finally we couldnt check in at the hotel we had booked and my money was forfeited Because I landed in Beijing at  pm  There are no transit hotels at Beijing airport The staff who were asked did not understand Once there is a Paid Lounge the prices are very unreasonable The price set is around  million rupiah for a full day  million rupiah for just  hours And thats the only hotel there is there are no other hotels Other airlines provide transit hotels if the transit lasts more than a few hours Finally our family was like homeless people waiting  hours for our next flight I will not use this airline again Very bad service  Keunggulan maskapai ini hanya waktu terbang yang ontime Lain dari itu sangat mengecewakan Penerbangan Jakarta to Shanghai dengan transit di Beijing Bayangkan transit yang awalnya  jam  menit di reschedule menjadi  jam  menit pada saat transit pun kita harus mengurus perpindahan bagasi sendiri Kami sekeluarga akhirnya kocar kacir mengurus semuanya dengan waktu yg sangat singkat Maskapai lain jika perpindahan bagasi saat transit diurus sendiri mereka akan memberikan peringatan Sedangkang ini tidak dicantumkan Kami merasa seperti tertipu Pada saat kepulangan kami dari Tokyo ke Jakarta kami transit jam di Beijing Informasi yg kami dapatkan kita bisa mendapatkan visa free entry h tapi ternyata tidak bisa dengan alasan yg tidak jelas Akhirnya kami tidak bisa check in di hotel yang sudah kami booking dan uang saya hangus Karna saya landing di Beijing pada pukul  malam  Di dalam bandara Beijing pun tidak ada hotel transit Para staff yang di tanya tidak ada yg mengerti Sekalinya ada Paid Lounge harganya sangat tidak masuk akal Harga yang dipasang skeitar  juta rupiah untuk full day  juta rupiah untuk jam saja Dan itu hanya satunya hotel yg ada tidak ada hotel lain Maskapai lain memberikan hotel transit jika transit lebih dari sekian jam Akhirnya kami sekeluarga seperti gelandangan menunggu  jam penerbangan kami selanjutnya Saya tidak akan menggunakan maskapai ini lagi Pelayanan sangat busuk sekali,1.0,,Neutral,Positive,Negative,ManualCheck
Air China,airline,S Galemerou,2024-09-05,Flight Booking and Customer Support Everything was fine and we booked the tickets easily and hasslefree The flight was only rescheduled by  mins on our way there and  mins for our return flight from Athens to Beijing which it was made up on the air and our flight landed even earlier than scheduled The price was exceptional with the second cheapest ticket after that being nearly  more expensive Online CheckIn My flight included two adults and one child we flew from Melbourne to Athens via Beijing The online checkin process was really bad both times I did not manage to check in online because during the process after reaching a point then the buttons were not working I have tried multiple from different computers and browsers and I did not manage to complete it something must be wrong with the website Be aware Transit Layover Air China has a Transit Hotel or Transit Lounge service Unfortunately again the websiteapp I have tried both was not very userfriendly and the information asked for the account creation was confusing and part of it was available only for Chinese residents After a lot of struggle again the booking process reached a point where it was asking for the passport number but it did not accept it I finally gave up and I booked a hotel nearby Flight The flight was much better than what we were expecting after reading all the bad reviews I think for some of them people had a bad experience with a long delay or they have been too picky because the ratings are not very fair Back to the flight review The seats padding was a little bit thinner than what you can find in a similar aircraft of other airlines but not to the point that caused any inconvenience The meals were a bit smaller but of decent quality like any other flight meal The crew members were frequently passing by asking the passengers if they wanted any drinks The entertainment system was good with movies some older some newer games for the children etc Not the latest entertainment system or live sports games that you can find in other airlines but good enough to keep you busy during the flight The electronic conveniences were good with proper touchscreen controls a power outlet to charge your laptop and a USB charging port Headphones and blankets were provided Also there is no wired remote attached to the seat everything is controlled via the touch screen only The internet wifi was there but it wasnt I did not manage to connect to any website at all it was like there was no internet at all The crew members were very polite and respectful Their English were not perfect but they could understand you  out  times If you are not sure just repeat and they will get it done Overall the value for money was  worthwhile with airline ticket prices skyrocketing nowadays if you are willing to sacrifice a fraction of convenience and you can live without the internet for a few hours I would certainly recommend flying with Air China,9.0,,Neutral,Positive,Negative,ManualCheck
Air Corsica,airline,P Dubois,2017-01-06,Flight XK on December th Like every year going back home there were long queues at the checkin counters due to understaffed service on Christmas Day which caused a  minute boarding delay for just a  minute flight Aircraft was as tight as usual  full Dont expect much from this flight which is just a hop across the Med Onboard crew is OK but ground staff are slow Propeller aircrafts are very noisy Service onboard is  drink But most of all is how can the airline justify such a high price  Euros non flexible tickets round trip for only x min flights Prices are more expensive than ever despite the very low cost of fuel,4.0,,Neutral,Positive,Negative,ManualCheck
Air Corsica,airline,M Salvesen,2014-03-31,Short hop from Nice to Calvi Hardly any people onboard Crew were not particularly friendly or welcoming but we were served a cookie and soft drinks Landed smoothy although slightly delayed due to a missed approach However tickets were cheap and luggage included All in all a decent experience,6.0,,Neutral,Negative,Positive,ManualCheck
Air Dolomiti,airline,E Walden,2023-10-23,Lufthansa Frequent Flyer here You will see a previous review from me entitled Seems to be late quite a lot under the surname Weber Good news Air Dolomiti owner Lufthansa is still late on my travels This time it was only  minutes They are improving Excuse We left Frankfurt late The problem is that Air Dolomiti connects me to my international flights so when they are late they have no time to transfer my luggage from the their small jet onto the connecting flights jet The result  out of the last  of my international flights have had my luggage not arrive at the destination airport Verified that in each case that they were not loaded from Air Dolomiti to Lufthansa plane due to no time because of late arrival Yes Air luggage delayed so often is sure helping Lufthansa frequent flyers both owned by same group Air Dolomiti is still late,1.0,,Neutral,Positive,Negative,ManualCheck
Air Europa,airline,28 reviewsRobert Watson,2024-10-20,Usual poor service Only booked with Air Europa to use up my air miles They cancelled my seat reservations made at time of booking They never explained but I guess because by the time of flight my status has changed from elite plus to elite Always good to see their ability at annoying their regular customers is at its finest once again I would recommend they do not serve food as it is revolting and just adds to the perception of them taking their customers for mugs,4.0,,Negative,Positive,Neutral,ManualCheck
Air Europa,airline,1 reviewsD Damage,2024-08-05,This sadly wasnt the first time Ive flown Air Europa and necessity means Ill have to do at least one more flight but hopefully that will be it Its difficult to begin where to start and to be frank there are so many failings that listing them would be a rather long process so Ill keep it brief My last flight was long haul Gatwick to Crdoba Argentina via Madrid and in Business Class This is supposedly a low cost carrier and the standard in all respects but one is indeed low cost comfort food cabin crew etc The one thing which wasnt low cost was the price it was more expensive than similar airlines such as Air France and KLM the other carriers Ive previously used and been happy with I suppose other than the truly uncomfortable seats the worst aspect was the cabin crew Ive rarely seen such selfserving people in the service industry On this latest flight there was literally one person who seemed to enjoy her job a young lady who was helpful and with a smile The male attendants ranged from being uninterested to almost overtly aggressive Others have pointed out the practical failings and lack of comfort of the actual planes so Ill leave that but in all honesty this airline should be your last resort I had hopes that the proposed takeover by IAG would turn it around but that seems to have come to an end with the business pulling out of the deal,2.0,,Neutral,Negative,Positive,ManualCheck
Air Greenland,airline,Mike Ryan,2023-12-02,The product offered by Air Greenland is vastly different between their A jet service from Copenhagen and their propeller Dash  flights within Greenland My overall rating covers my entire experience The A to and from Copenhagen was actually very good Nice modern aircraft very friendly crew decent cold meal service and  drink services Seat back entertainment but no headphones provided or sold so remember to take your own standard headphones with a small jack connection Id rate that part as  stars out of  The internal Air Greenland Dash  planes were basic and tired inside no entertainment and only a drink offered Tighter seating but friendly staff Id rate that as  star The onboard experience all in all was ok but its the behind the scenes I have issue with Firstly with the  flights we had I had around  schedule changes before departure between  mins and a few hours so really need to keep an eye on them My biggest annoyance was both cases were damaged but as it was the zipper lock mechanism smashed it was deemed the wrong type of damage for them to offer any assistance Both cases are unusable without repair but Air Greenland arent interested at the airport or at their customer relations centre So taking that into account I rate as  out of  overall,4.0,,Neutral,Negative,Positive,ManualCheck
Air India,airline,Deepa Tiwari,2025-03-26,Recently travelled on Air India flight from Toronto to New Delhi Trust me any state transport operated buses are so much better as compared to Air India Flight of around  hours with kids and there was no inflight entertainment It was just not working for almost everyone on the flight The seats were very uncomfortable The trays were broken and literally put together using tapes at some places The overhead reading lights were broken as well and had sharp edges which could easily cut fingers while trying to adjust them The food quantity was very less it almost seemed like sample food for tasting and there was no variety The airhostess was polite but inflight service was not good Didnt serve tea or coffee and just left the aisle in a hurry Cold beverages were at room temperature Flight hit turbulence way too many times Overall it was not a pleasant experience and would definitely avoid it next time,3.0,,Neutral,Negative,Positive,ManualCheck
Air India,airline,Surinder Buray,2025-03-18,Air India Flight ATQBHX B Dreamliner  Seat D InFlight Entertainment Inoperable USB charging port inoperable Seating old dated and showing significant signs of wear  tear Reading light inoperable Inflight food poor at best Cabin crew call button inoperable Cabin crew efficient but failed to smile giving the impression they would rather be somewhere else Pointless providing earphones with broken inflight equipment Tray table dirty Rubbish from previous flight in seat pocket The flight landed  minutes ahead of schedule The New Air India  is still in Phase of their transformational programme and is nowhere near the mark of world class for which they strive There are world class alternatives on this flight sector that involve a short layover that are far more superior to AI who are All talk and no action,2.0,,Neutral,Positive,Negative,ManualCheck
Air Italy,airline,Pritam Silakar,2019-11-30,Munich to Bologna and Pisa to Munich both on an Embraer  economy Both flights handled efficiently southbound on time northbound delayed by about  mins on departure due to to late arrival of incoming flight there had been thick fog at MUC early that morning which had sent things adrift for much of the morning However support given to those with tight connections Modest inflight service  snacks and drinks  wine came in proper glasses Air Dolomiti worked okay for us,5.0,,Neutral,Positive,Negative,ManualCheck
Air Italy,airline,A Kalamatis,2019-09-10,New York to Catania via Milan We flew business class on the way over on this trip Service was okay Food was not great Upon arrival despite having priority tags on our bags my bag never showed up in Sicily There was no way to contact anyone at Air Italy and they only have  person who manages lost and found bags No compensation or return upgrade was offered I had to spend every day trying to track my bag and spend money to replace things A complete waste of precious vacation time We arrived on Saturday afternoon and I didnt get my bag until Thursday afternoon we left Italy a few days later When I inspected my bag I realized they cut through  sections of the bag even though there was a TSA lock and I gave them the code They also went through my belongings for no reason my original tag with name and information was still attached Everything was just shoved back in haphazardly It was also impossible to get a hold of anyone on the phone used the US toll free number you wait on hold and then the system hangs up on you They really had a negative impact on my vacation and cost me a lot of money,1.0,,Neutral,Negative,Positive,ManualCheck
Air Juan,airline,H Walden,2019-05-25,This airline cancels flights on people if they can sell the seat for more money They cancelled both my flights because I had purchased the tickets as a Super Saver price I have followed their procedures and policys but they have stopped replying to my emails for a refund  business day later The last email was Its with the accounting department and they will process the return shortly,1.0,,Positive,Negative,Neutral,ManualCheck
Air Juan,airline,R Keane,2019-05-22,Booked a flight from Manila to Puerto Galera in October  Informed days before that that flight had been cancelled due to routine maintenance If routine then why the unexpected unavailability of the aircraft Was given the choice of a refund or credit towards another flight so opted for credit silly me Rebooked for a Puerto Galera to Manila flight in March  and had to pay an extra  pesos for the privilege Days before that flight it was also cancelled for  you guessed it  routine maintenance This time I opted for a refund and after filling out and returning the form was told it would take  to  working days to process  days later Im still waiting for my refund After numerous emails the response to which was always a copperplate your refund is still in process I contacted my bank for a chargeback only to be informed that the  day expiry had passed already So tough luck Total scam,1.0,,Negative,Positive,Neutral,ManualCheck
Air Malawi,airline,J Piper,2008-03-18,Air Malawi brands its self as Africas friendly airline I live in Kenya and my mother was coming from the UK to Blantyre via Nairobi She was booked on a Saturday flight to Blantyre via Lilongwe from Nairobi On the Friday we found that Air Malawi had cancelled the flight without thinking to tell us When I contacted them they said there was a flight on the Monday but it was full so they rebooked her for the Wednesday flight As she was going to Malawi for  weeks this would have made her trip very short Finally I managed to get her on the monday flight Air Malawi have two scheduled flights a week from Nairobi to Lilongwe Monday and Friday But they book people for all seven days of the week If enough people book they fly if they dont they cancel the flight The thing that really annoyed me was that I chose to use Air Malawi because they told me they fly every day If I had known the truth I would have used Kenya Airways who admit they have only two flights a week The second thing that annoyed me was that there was not even a hint of an apology from them for cancelling the flight If you are trying to go to Malawi my advice is to use Kenya Airways They are more expensive  but they will get you there when they say you will and if they cant at least they will say sorry,1.0,,Neutral,Negative,Positive,ManualCheck
Air Mauritius,airline,S Wailen,2024-11-05,Booked  refundable business class tickets A few days before departure one of the passengers had a stroke Cancelled our tickets and now still waiting for the refund November  Emails go unanswered as do phone calls Seems we are not the only ones there is even a dedicated Facebook page entitled Air Mauritius refund us We booked through Expedia but it is the airline who takes from your credit card not the agent No refund from Expedia and too late to open a credit card dispute as tickets were purchased in April,1.0,,Negative,Positive,Neutral,ManualCheck
Air Memphis,airline,A Thompson,2012-03-15,My mother and I flew from Sharm to Cairo return I thought we would be boarding an Egyptair flight  unfortunately not We boarded through the back of the plane as we walked to our seats another passenger sat down only to find a piece of metal had come apart from the seat Most of the seats were held together with duct tape Never again,0.0,,Positive,Negative,Neutral,ManualCheck
Air Moldova,airline,Clarissa Jurumenha,2021-10-04,I tried to fly from Istanbul to Lisbon as I received a job offer I had in hands house contract work contract signed from both parties invitation letter from the company and even a document from the Portuguese Consulate authorizing my arrival But yet they have decided not to let me board with the excuse I need a visa I am Brazilian I dont need a visa anywhere in Europe let alone Portugal Ive waited for about  hours until they decide to officially not let me board The counter guy was absurdly unprofessional The manager wasnt so bad But then they tell me I need to contact an email or call some weird number that never picked up And No one ever replied to my email attempts I called the offices in Istanbul Lisbon and Chisinau and none of them helped with anything  euros on the trash So trust me they will coast you more than any other more expensive but trust able ticket,1.0,,Neutral,Positive,Negative,ManualCheck
Air Moldova,airline,Sean Sheehan,2020-04-29,Very inflexible in giving me the dates I wanted to reschedule because of the Coronavirus pandemic when I reschedule the dates I wanted to they gave me the dates I didnt want to go and I ask them for the dates I wanted and they said it was not possible for me to change the booking for those dates,1.0,,Negative,Positive,Neutral,ManualCheck
Air Namibia,airline,1 reviewsEd Reblin,2020-01-18,It was the first time I flew Air Namibia in June  in Business Class thinking it waswould be a good and short flight from Cape Town via Windhoek to Frankfurt in business but what I then experienced was definitely not cool Ok the total costfare I paid was less than other comparable airlines at that point in time but the fact that first of all my connection flight from Cape Town to Windhoek which was originally scheduled to only need about  hour for transit was actually then cancelled Hence I was advised  just a few days before departure then  to use a flight from Cape Town to Windhoek much earlier leading to a like a  hour stopover on Windhoek Not what I wanted and also why I did not take another airline into consideration  then I could already have chosen Ethiopian or Turkish etc with a similar stopover time Anyhow so the lounge in Windhoek is not a business loungelike anywhere else in the world It is so bad no proper food not adequate seats no service  nothing not even adequate toilets Ok the beer is ok  if that is what you need to survive Now back to the plane The service is more than just reasonable  nothing special  but for sure not business class standard The seats are worn out  but I must admit flat seat at least But that is basically all I can say positively All the rest is not business classrelated and feeling old Food just ok hardly any selection of drinks and the worst thing I do not know what really happened to my luggage it arrived  ok  but in such bad condition I hardly have ever seen before So I must assume and believe that happened during the long transfertransit in Windhoek as described above as I travel a lot from and to Cape Town but this trip definitely did wear out my luggage,1.0,,Neutral,Positive,Negative,ManualCheck
Air Niugini,airline,N Mullins,2025-02-28,Absolutely obscene baggage fees at the airport Instructions for extra baggage on website are not sufficient They charge X the online baggage fees when at the airport My extra baggage cost more than my flight This is criminal and unacceptable They also only allow one carry on bag Only fly this airline if it is your only option,2.0,,Positive,Negative,Neutral,ManualCheck
Air North Yukon's Airline,airline,S Roberts,2011-08-21,YVRYXY in Economy Checkin agents were quick and boarding commenced on time On board the aircraft was old and not well maintained and in need of refurbishment No inflight entertainment and seat pockets tray table and carpet were dirty Inflight snacks mediocre Seat was worn and not comfortable though the pitch seems to be pretty standard with Air Canada Cabin crew announcements were rushed and inaudible Service was the highlight and the crew were friendly Flight arrived ontime and baggage was a short wait,4.0,,Neutral,Negative,Positive,ManualCheck
Air Panama,airline,V Gabris,2021-09-26,The plane was in a good condition even for an old plane Both flights were on time On the  minute flight there was no service Staff of the airline were professional and quick at check in No echeck in,10.0,,Positive,Negative,Neutral,ManualCheck
Air Seychelles,airline,G Dorsen,2022-06-11,We were booked on a oneway flight from Praslin to Mauritius PRISEZMRU The checkin in Praslin was pretty smooth The lady told us that our baggage is directed to Mauritius nothing to worry about on Mah Great news After arrival we had to checkin again as the second flight was international At the counter I mentioned casually that we only have two backpacks as carry on as our checked baggage is transferred to Mauritius No that is not possible we were told You have to pick it up at the baggage claim and check it in again After some discussions I went back Luckily a met a couple from the UK that did the same trip as we did Same problem there We found an Air Seychelles employee explained the situation gave her our baggage tags we got earlier at Praslin and followed her back to the counter They were having an argue Unbelievable Both flights operated by one airline that does not know their internal procedures and processes After we were told that the baggage is transferred to Mauritius  surprise  the real problems began as my girlfriend was traveling with her wheelchair that comes with electrically powered wheels We showed them the necessary IATA certificates and technical specs as we always do in that situation around the globe with many airlines Airlines are generally not pleased to transport batteries in the cargo area due to potential risk of fire But in this case the batteries are an integrated part of the wheels You cannot take them off without taking off both wheels completely So as usual they checked everything and let us finally continue So far so good After boarding was finished the captain announced that we were actually early some minutes  But suddenly the lady from the checkin appeared at our seats to tell us that the wheelchair will not be transported by Air Seychelles because an approval was missing We had no idea what she meant As I already wrote we had shown them the papers And by the way we had sent the all the documents five days ahead of the flight as requested by Air Seychelles We never got a reply to that email They still insisted an approval was missing Just to mention again No issues with the same airline on the first flight segment before However three to four employees were discussing at the aircraft door After  minutes the captain explained the situation to all passengers via speaker He said they are organizing the missing approval and are waiting for it What missing approval and how are they organizing it by themselves when the complained that we did not bring the approval Simply does not make sense at all After an hour I accidentally could observe a guy walking right next to the aircraft carrying the wheelchairs wheels with the batteries Minutes later we took off without further information After arrival in Mauritius we found the wheelchair in parts lying on the floor in front of the special baggage counter Some idiots bent one of the shafts that connect the wheels to the chassis Without any tools and with pure force I could barely fix the shaft Otherwise our trip had ended at this point We have never ever experienced that kind of discrimination against people with disabilities anywhere on the globe Totally unprofessional and completely intolerable The Seychelles are probably the most beautiful places we have ever seen on earth but Air Seychelles is a catastrophe Shame on you,1.0,,Neutral,Negative,Positive,ManualCheck
Air Tanzania,airline,E Lanson,2025-02-18,Air Tanzania almost killed our two dogs and our cat We were warned ahead of time about using this airline to ship animals but after several visits to their office in Mwanza a lot of paperwork and some significant fees paid out we finally felt comfortable We even double checked everything with the cargo office the day prior to the flight Thankfully the pilot happened to notice the animals being loaded onto the plane and stopped the process the morning of the flight The cargo hold had no oxygen and they wouldve died I had to book a vehicle and drive to Dar to make our international flight with our pets It was a long drive but at least they lived I never got refunded my ticket for missing my flight Lesson learned Do not use Air Tanzania to transport live animals,1.0,,Neutral,Negative,Positive,ManualCheck
Air Tanzania,airline,M Usman,2025-01-23,In the last two months I traveled thrice via Air Tanzania talking a total of  flights Out of these  flights  were delayed  a staggering  Twice I took NboDarNbo flights and both times return flight was delayed I took NboJnbDarNbo flights Dar  Jnb flight was delayed as well as the JnbDar flight Last leg of the journey DarNbo was also delayed Have anyone seen any other airline who has a punctuality ratio of only  If they dont have the experience of managing and handling multiple flights and destinations why cant flight be such as to give sufficient time for transfers etc Please improve Air Tanzania,5.0,,Neutral,Positive,Negative,ManualCheck
Air Tanzania,airline,K Flynn,2024-11-05,Do not go anywhere near this train wreck of an airline That have some very suspect business practices Tanzania has some incredible sights and most people are very friendly and trustworthy What they dont have is a trustworthy or competent national airline I booked a business class ticket ESky Because its a short flight from JROZNZ it was only about  more When I arrived at the airport I was told the original plane was damaged and a replacement was being flown in and they had given my business class seat to someone else Not wanting to argue I asked them to simply refund the difference between the business class seat I had paid for and the economy seat I received The answer from the very rude ground attendant was incredible she said we cant afford that Then I said just give me a business class ticket on the return flight instead The manager arrived late and looking like he had just crawled out of bed and was just as rude as the first woman Flight was very late but noneventful cabin crew were nothing special plane looked pretty worn out landing was rough I followed up with Air Tanzania but they dont know how to answer a phone cant read emails or dont speak English I also contacted ESky the ticket agency I used but will never use again and they have been useless so far Locals in Tanzania told me to avoid Air Tanzania and use Precision Air instead as an alternative If youve booked a safari trip with an agent I would check to see if theyve got you on Air Tanzania and simply change it to Precision Air,1.0,,Positive,Negative,Neutral,ManualCheck
Air Transat,airline,Christina Donovan,2025-03-31,I had the most ridiculous experience on my way back from Portugal We had only brought carryons and checkedin online but to get our boarding passes they made us get in line and go through checkin anyway When we get to the front a worker insists that my carryon is too big even though we took the same plane on the way there and there was no issue I tell her this makes no sense We flew with you guys here and it fits in the over head so she tells me to weigh it and says its overweight It turns out the rules online say the weight requirements are light enough that you can lift it without assistance So they make me pay  EUROs to check it and then I find out the flight was full I guess they were trying to make room but instead of asking people to check their carryon for free like normal they wanted to ring more cash out of people who booked a flight with just carry on bags I take  trips a year with the same carry on bag and have never experienced this Will not be flying with them again,2.0,,Positive,Negative,Neutral,ManualCheck
Air Vanuatu,airline,D Nightingale,2023-09-22,Changed flight details  times to only cancel the flight  hours before leaving the airport The airline has left us high and dry with no other information since informing us of the cancellation at am It is now am the following day Office is not available outside of business hours and when you can get in touch with them they cant tell you anything Terrible communication and professionalism Phone line actually cut out mid conversation and they didnt bother to call back and thats when I could get through Language communication barriers werent helpful either and their support team seemed clueless and unable to help at all We were told by Flight Centre that they are planning a flight on a Monday This is  days after the original departure date Our holiday was only for  nights I cant understand how an international airline could have no leasing arrangements with Qantas as they are affiliated with them and the flight numbers are NF and QF To cancel an international flight with no further communication or support is disgraceful To not have an emergency flight organised for the next day is really unethical and unfair on paying customers To make customers wait  days for a flight is unacceptable Terrible customer service I wont ever trust Air Vanuatu with my holiday again What a roller coaster ride We booked through flight centre and flight centre were not updated by the airline with all of their changes on multiple occasions We had to ring our travel agent about the cancellation as they had no idea No one has any idea about anything Great customer service is gone,3.0,,Neutral,Negative,Positive,ManualCheck
Air Vanuatu,airline,W Gan,2023-06-11,Air Vanuatu the nightmare that never stops Flew from Fiji to Vanuatu on April th and they off loaded our luggage without telling us When we arrived they informed us we could fill in a missing luggage form and that maybe theyd be able to bring it over in the next couple of days Our flight to Sydney was scheduled for April th and that only gave them  days to sort it out We proceeded to have to come in every day to their office in Port Vila as well as the airport to ask for the compensation that was clearly stated on their website  vatu a day per person for a maximum of  days They didnt want to honour this as they claimed the policy had changed but wasnt updated yet on the website After repeatedly showing up they finally accepted to pay for  days In the end they werent able to bring our luggage over so we requested for it to be sent to Sydney as our terrible nightmare of a vacation was nearly over However one day before departure they cancelled our flight The one Boeing they use for international flights had mechanical problems Customer service is horrendous theyre unhelpful hang up the phone and told us whats the big deal Its only one extra day The big deal was that our luggage was still not with us imagine not having access to clean clothes for  days in a hot country Do not book this airline,1.0,,Neutral,Negative,Positive,ManualCheck
AirAsia,airline,1 reviewsAndrian Winata,2024-10-27,We found too many communications between the AirAsia staff which caused inconveniences for passengers to walk a very long distance back and forth for more than  hours in the airport and faced a very unhelpful ground manager all of these making the rescheduling process very difficult and confusing and ended up with none we eventually still need to stay at the airport until almost dawn This is a very exhausting experience,3.0,,Neutral,Negative,Positive,ManualCheck
AirAsia X,airline,Mark Fosdick,2024-09-01,On  we booked  tickets to fly Sydney to Bangkok on  Air Asia cancelled the flight on  and offered us either refunds or seats on a flight  days later The deferred flight was not an option for us as we had booked accommodation so we chose the refunds Despite many attempts to contact the airline the refunds have not been received Their reply is always the same  they are being processed It is now  and still no refunds,1.0,,Positive,Negative,Neutral,ManualCheck
AirAsia Zest,airline,16 reviewsAeron Aquino,2016-02-01,Now everyone can fly because of cheap fares In a way this is a good thing However I dont think it brings about all good things Low cost on the other hand can also mean low quality You basically get what you pay for My flight with Air Asia Zest to Hong Kong from Manila had more of the negatives than the positives To begin with our flight was delayed for over three hours at Manila Airport The aircraft was delayed in an airport somewhere We were asked to move gates three times that just made everyone confused None of their ground crew came to inform and reassure passengers at least When the aircraft finally arrived another complication happened The air bridge was not working so we had to go down the stairs to the tarmac then stairs again to the aircraft Perhaps we burned some calories but all of us got wet  it was raining heavily then Passenger comfort was basic and the food I preordered was not to my liking We arrived four hours late in Hong Kong AirAsia will get you to destination thats it Customer service and passenger comfort is not a priority for this airline,2.0,,Neutral,Positive,Negative,ManualCheck
AirAsia Zest,airline,Walther von der Vogelweide,2015-08-19,Airline ground counter staff very unfriendly and unprofessional unable to make any decision in favor to the customer Though I checked in very early as sequence no  the system assigned me the very uncomfortable middle seat B The ground staff at KLIA fortunately helped me to find another seat since the flight was not fully booked Cabin staff most of the time busy with themselves took them  hours after departure to serve the first meals and drinks The passengers who preordered meals got served first the rest had to wait more Scheduling and cancellation policy worst ever Flight scheduled for rd of August was confirmed by mail on th of July but suddenly cancelled on th of July At a very short notice I had to book another flight which was of course more expensive,1.0,,Neutral,Negative,Positive,ManualCheck
airBaltic,airline,S Almada,2025-02-05,Air Baltic has an ok service seats are not so comfortable but its a flyable airline The big issue is their customer service My baggage was completely destroyed by the airline handlers I requested my compensation at the airport and promptly I entered in contact with air Baltic with the details I received in the airport I submitted my claim and received an automatic email that told me to go to the near repair shop and this same repair shop was closed for holidays I couldnt repair my bag and after almost  days I got an answer from the Air Baltic customer service saying the exact same thing that I should take my baggage to be repaired However the baggage cant be repaired since its destroyed One wheel was completely removed from the luggage other parts are completely damaged and another wheel its half broken The luggage its unusable and after several emails till the day of today I received no answer from the Air Baltic customer service team Its a big shame,2.0,,Neutral,Negative,Positive,ManualCheck
airblue,airline,Shahid Mehmood,2024-11-02,I recently booked a flight with airblue only to find out after payment that all the seats were already reserved They took my money without informing me and issued a waiting list ticket instead When I decided to cancel they informed me that Id have to wait  working days to receive a refund This is completely unacceptable and feels misleading I expected transparency and better customer service If youre considering flying with airblue be cautious  they may not be upfront about seat availability and their refund process is far from customerfriendly,1.0,,Neutral,Negative,Positive,ManualCheck
Airlink,airline,Henry Wong,2024-07-13,My group of  checked in today but only  boarding passes were issued together with  payment requests for  kg excessive weight without telling us that two of our luggages were over kg or giving us a choice of removing some and putting them in the carry on bags When we requested to do that the lady said the luggages already went inside and couldnt be retrieved No payment no boarding passes Pathetic,2.0,,Negative,Positive,Neutral,ManualCheck
AirSWIFT,airline,Chris Tesh,2025-03-30,They charged me  for two regular size checked bagsThe flight was only  hr and  minutes and it was a hotbox Everybody was sweating Hot and humid the whole flight,1.0,,Positive,Negative,Neutral,ManualCheck
AJet,airline,Marina Cherkasova,2025-02-14,This is an incredibly unreliable company I was travelling with my dog who was supposed to travel in the luggage compartment We called AJet before the flight to book the place for the dog We talked with the staff at the checkin counter at the airport and everything seemed fine I paid for the pet transportation at the airport It was when the boarding had started that they let me know that the crew refused to take my dog on board Reason The temperature of luggage compartment of the airplane can not be controlled by the crew They couldnt tell me how its possible that the luggage compartment is not suitable for pet transportation however its possible to book a place there And to pay for it Whats more a second dog of ours had happily travelled by the same airline in the same plane just three weeks before After some time of arguing the ground staff showed me a message from the crew that they refused to take the dog under any circumstance I had to fly so I left my dog in Almaty with my friends which was a tough decision After I boarded the plane I found out that there was no place left for my cabin luggage as well as for the luggage of some other passengers Thats why some of the suitcases were taken from the cabin to the luggage compartment It gave me a thought that maybe the real reason for not taking my pet onboard was the overbooking and excessive amount of luggage We had to travel back to Kazakhstan to take my dog with another flight the expenses we were totally not ready for Whats more we havent even received the refund from AJet Problems that seem small compared to this but that should be mentioned the airplane was packed the air conditioning was poor making it really hard to breath which is quite a torture for the  hours flight The food and drinks were available only for cash or credit cards and as I had a debit card I couldnt afford anything But thankfully they gave me a free glass of water Do not recommend this company is a total chaos,1.0,,Positive,Negative,Neutral,ManualCheck
AJet,airline,Michael Asher,2024-08-16,I was looking on Turkish Airlines website for a return flight from Istanbul to Diyarbakir The outward flight at the time I wanted was on Ajet Although shown in the Turkish Airlines computer it made me go to Ajet site to book So I did that and then came back to Turkish Airlines to book my return ticket Entering the aircraft was like stepping back in time Old fashioned ceiling and wall panels small luggage bins no video screens After takeoff there was a line of people waiting for the toilet until the crew realized it had been locked during departure but had not been unlocked after takeoff A Turkish Airlines cart was brought through the cabin from which cold snacks and soft drinks were available for sale I bought a sandwich and drink One bite of the sandwich told it was cold dry and stodgy I looked inside and as you can see in the photo there was a miniscule amount of butter maybe not even butter on both sides of the bread It was undoubtedly the worst catering I have had from Turkish Airlines in  years flying on them Later I saw what were obviously hot crew meal entrees being taken to the rear galley I hope they at least had something good to eat Adding the cost of my sandwich and drink I paid more on Ajet than for my flight back on Turkish Airlines The crew were polite with a few smiles One of the crew uniforms was navy blue and green another all red and a third all grey I only saw three of the crew The recorded announcements were clear and understandable but live ones were at double speed and mostly unintelligible Credit where credit is due the flight departed on time and arrived slightly early I had worried about this when I saw that the preceding Tehran flight on the same aircraft was over nine hours delayed Will I fly Ajet again Probably not unless there is no other option,3.0,,Neutral,Positive,Negative,ManualCheck
AJet,airline,D Cahlun,2024-08-02,My ADBSAW flight which was made on AJet July  was changed much earlier than notified to me at the new time is  in the morning  When I arrived at the airport because the agency approved it without notifying me I naturally applied to the AJet sales office because my flight has already left I cannot use my SAWDXB flight because the sales office did not notify me of the change made by the agency I cant make free changes and the first SAWDXB flight is on  I lost my money and my work,1.0,,Positive,Negative,Neutral,ManualCheck
Akasa Air,airline,Harshil Pabari,2025-03-18,Good Airline to fly with Good staff and services there were no delays in departure and arrival The luggage at the belt came very fast Only the problem was Seat was not comfortable,7.0,,Positive,Negative,Neutral,ManualCheck
Akasa Air,airline,M Mahdin,2025-01-03,I have Bad experience with Akasa Air with their staffs including emails team and customer care I tried to book tickets on th December  total  family members however several attempts transaction was failed finally nd last transaction payment was successful but tickets not booked and I saw on the screen money will get refund within  to  days however now more than  days and still money isnt refunded Even I send email th times with transaction screenshot and bank statement after  hrs they responded and requested again payment screenshot however bank statement was attached in the st emails even I shared again now almost  hrs and didnt get back any responses after calling customer care they said I have to wait how long they dont have any answers,1.0,,Neutral,Positive,Negative,ManualCheck
Allegiant Air,airline,G Baker,2024-12-29,Allegiant cancelled my flight without telling us the reasons The next available flight is  days away the customers have to pay for the extra cost from hotel car rental etc I tried to call the agent to reschedule but I was put on a hold for  hours still nobody picked up my call,1.0,,Positive,Negative,Neutral,ManualCheck
Alliance Air,airline,Padmesh Choudhary,2025-02-19,It cancels flights frequently this is my th time when Alliance Air has cancelled their flight from Rupsi to Kolkata for no reason First time it was th Jan than th Jan than th March than th March  and even th Jan money was not refunded till now,1.0,,Positive,Negative,Neutral,ManualCheck
Alliance Air,airline,Pradeep Manyam,2024-04-29,This flight has some bad history of cancelling Our flight got cancelled at last movement Our relatives had to book another at high cost from Bangalore to Vijayawada I booked for  Apr  marriage as it was cheaper based on checking the history that it might not repeat again as it was only once cancelled in last month But had a nightmare i was in call with family till takeoff hoping we are good Soon about  minutes of takeoff Captain announce technical problem in midair and will be returning back to Bangalore Also asked to hold your children But luckily we landed safely The coordinator said will arrange the flight at  am When we asked again said its same flight upon repair then in  mins again another information that the flight is not suitable and hence cancelling for the day So the same flight is repaired and lifted every day If there was such problem in this old ATR aricraft they should have grounded it,1.0,,Neutral,Positive,Negative,ManualCheck
Alliance Airlines,airline,Patel Siddharth,2024-07-29,They often cancel flights at the last moment and when asked for a reason the management provides unsatisfactory responses They also claim that at the time of booking they clearly mention that the airline has the right to cancel the flight at any moment Make sure to have an alternate travel option other than this airline I believe they operate like corporate scammers holding our money and using it for  days without any interest Please choose another airline for your travels My flight was I from Udaipur to Ahmedabad scheduled for travel on,1.0,,Positive,Neutral,Negative,ManualCheck
Alliance Airlines,airline,James Chakkittukudyil,2023-10-02,Seating comfort is very poor The business management of this airlines is very poor because majority of seats are vacant Simply increasing the fare daily If the fare was law  of my friends would have booked this flight instead of bus from Hyderabad to Mysore Considering the standard of the flight if the fare decrease the airlines may get more passengers If the passengers are not sufficient the management should decrease the fare the same day of flying and in that case it is better to have bargaining platform,4.0,,Neutral,Positive,Negative,ManualCheck
Amaszonas,airline,39 reviewsJJ Lim,2019-10-13,Small plane E it was but everything moved along efficiently Decent legroom nothing to rave nor complain about but more importantly the boarding process was seamless and so was the disembarking process Baggage arrived with zero issues Worthwhile noting that tickets were expensive though Despite all the negative reviews here its one of the only options from La Paz to Uyuni other than the Todo Turismo tourist bus which we took on the way back and was pretty decent as well so where flights are concerned just cross your fingers and hope for the best Do not be afraid after reading all the negativity here Not all is bad,9.0,,Neutral,Positive,Negative,ManualCheck
Amaszonas,airline,M Urquidi,2018-12-20,Santa Cruz to Asuncion I had an international ticket that said snack The snack was food for sale The airline will not even give you water on their planes Planes are very old smelly and dirty and the staff was trying to do their best but were not specially kind or efficient Seats are very small two per side per row with very little space,2.0,,Neutral,Positive,Negative,ManualCheck
Amaszonas,airline,G Sewell,2017-11-21,La Paz to Rurrenabaque Avoid  will cancel flights and move you onto other flight times without any contact We arrived at airport to find both legs had been cancelled and we were on different flight times which meant a complete change of plans and additional costs incurred They claimed not to have contact details despite us proving we had provided these as they had contacted us to confirm booking and provide tickets via email Check in staff will also just shrug their shoulders and will not even provide an apology Make sure you reconfirm your flight the day before but be warned at the check in desk they reserve he right to cancel  change flights up to  hours before with no warning or refund,1.0,,Positive,Negative,Neutral,ManualCheck
American Airlines,airline,Anna Tran,2025-03-15,Horrible experience The online checkin didnt work and the airport checkin experience was super complicated and took h so we almost missed our flight My partner  I were assigned separate seats even though we were on the same booking The agents there were very accommodating and were doing their best given the system restrictions Apparently the system didnt recognize that we were only transiting in India and needed us to submit a visa for India which is not needed for transit The agents specifically told us that its good that we didnt bring checked luggage because we cannot leave the transit area The agents at the gate forced us to give up the luggage under the premise that we would receive them directly when we exit the plane There was lots of space on the plane to put carryon luggage Upon arrival of course our luggage was not there and the New Delhi staff told us we needed to pick up the luggage at the belt So now we cant receive the luggage and have been stuck at the airport for h at this point and missed our connecting flight while theyre trying to figure out the situation Also our initial AA flight was h delayed as well No food vouchers or any other compensation offered Better communication and coordination among their teams would be appreciated for an airline that calls itself American Airlines,1.0,,Neutral,Positive,Negative,ManualCheck
American Eagle,airline,D Marshall,2025-01-16,My wife and I booked American airlines from Heathrow to Huntsville the later part of this journey was American Eagle from Philadelphia to Charlotte then Charlotte to Huntsville The first flight was truly fantastic with attentive staff When we arrived at Charlotte and tried to check n for the second flight the booking staff let me wife go on then told me my seat didnt exist and I needed to stand to one side while they let everyone else on and then looked at my issue When I queried this the female staff member became irate and said I was being sarcastic and she might not let me on my wife returned and we were moved to one side another member of staff took out tickets and reissued two seats at the back of the plane I asked about compensation the original member of staff curtly said it would be sent me but did not take details On the plane we found a single man sat in what should have been my seat I commented to the staff about this but they just manoeuvred us to new seats after that the cabin crew kept away from us I have complained to American airlines three times and keep getting bot answers no refund no compensation terrible service I think the man in my seat was a friend or colleague of the staff Abysmal treatment from American Eagle and American airlines,1.0,,Neutral,Positive,Negative,ManualCheck
ANA All Nippon Airways,airline,Lawrence Osborne,2025-01-20,I have always liked ANA and their service food and crew are always first class However this time we flew from Bangkok to Haneda direct and then Haneda to Hong Kong I had preselected windows seats which in the event bore no relation whatsoever to the plan we ended up in This was an ancient  configuration which we hate If you traveling as a couple its semibearable other wise there isnt privacy no storage space the seats dont go lieflat are narrow hard and incredibly uncomfortable  Other Japanese customers were complaining loudly in Bangkok For a five hour flight this is unacceptable In the end we felt kind of insulted by ANA On this route at least they are basic cheap feeling and borderline unpleasant Wont be risking this with them again,2.0,,Neutral,Negative,Positive,ManualCheck
Arkefly,airline,Andre Remmers,2014-10-12,Flight CancunAmsterdam October  Aircraft was changed and passengers like us who had bought comfort class were downgraded to economy Flight was a nightmare with screaming kids and nonexistent flight attendants Crew blocked some comfort class seats for themselves while passengers who had paid for them flew economy Do not fly with them,0.0,,Negative,Positive,Neutral,ManualCheck
Arkefly,airline,J de Graaff,2014-09-06,Flew Amsterdam  Aruba  Amsterdam OR and OR  in July  The outbound flight was on one of the old s a noticeably old and used aircraft approx  yo The seats in economy provide just enough legroom and you indeed have to pay for everything Since the flight was only around  cheaper than the KLM alternative I would not recommend this one especially due to the old and noisy aircraft the charter flight customers many crying children and relatively inattentive crew However the return flight was a brand new  Dreamliner aircraft in which I chose to fly Star Class The difference is huge The aircraft is quiet spacious and the seats and service in Star Class are much like Business Class with other premium airlines You pay  for an upgrade which is decent value for money All in all I would only fly Arkefly long distance again if it would be in the,8.0,,Positive,Negative,Neutral,ManualCheck
Arkefly,airline,Conrad Kickert,2014-01-07,Flew Amsterdam  Orlando  Miami There are many signs that Arkefly is simply not a proper airline but just a charter operator It goes beyond the nickle and diming that other airlines do although Arkefly takes it to a new level The fun started a day before flying a text message that the plane would be departing two hours late On with the seat assignments you have to pay for those and in a strange move you cant check in online unless you paid for a seat At the checkin counter they had to call operations for a half hour to get me a seat only for me to find out on the plane it didnt exist The other thing I found is that the plane was quite old no proper overhead luggage storage and seats were cramped old and hard as a rock Charter flight so lots of really loud crying kids Up to you if you mind I flew economy comfort leg room is pretty good As others mention everything has to be paid for except one meal and drink No complaints there I knew that was the case and I feel that prices were reasonable By the way dont bother to pay for IFE the selection is pretty useless Less palatable was the fact that we were significantly delayed due to two passengers being not being admitted to the US at Orlando stopover enroute to Miami who were promptly put back on the plane to fly to Miami and onward to Amsterdam If Arkefly would do passengers prechecks in Amsterdam like grownup airlines this wouldnt have happened,2.0,,Neutral,Positive,Negative,ManualCheck
Arkia Israeli Airlines,airline,S Hadel,2022-09-15,We were late arriving to SSH and only an hour and half late departing SSH on our flight back to TLV but that seems normal for Arkia Buying a ticket was easy on their website but in no place did I notice that this was a charter flight The expensive ticket price was not charter air fare price A few days after baying the ticket received notice departure from SSH was changed three hours later making us miss the last train for the night Arkia can only be reached via WhatsApp the problem is they never bother to answer no matter how many times or how many days we try to reach them After paying for the tickets Arkia total disconnect us we were on our own unable to change our tickets  Arkias own luggage regulation means nothing the Arkia rude ground crew do as the please Our carry on were sent to to luggage hold in the plane but other passengers seemed to be excluded and carried on the plane two carry on and personal hand bags In the carryon bin above our seats were other seats carry on luggage I asked the crew why we were forced to give up our carry on while other did not I just got a dirty look and walked away First and last time for me on Arkia Even free would never fly with Arkia,1.0,,Neutral,Positive,Negative,ManualCheck
Armenian Airlines,airline,Armen Vardanyan,2023-09-29,If I could give Armenian Airlines negative stars I would My recent experience with this airline was nothing short of a nightmare From start to finish it was a comedy of errors that left me questioning why I ever chose to fly with them in the first place Lets start with the booking process Trying to book a flight with Armenian Airlines felt like navigating a labyrinth designed by a sadistic genius Their website was a hot mess of broken links confusing menus and error messages It took me longer to book my ticket than it did to plan my entire trip If that doesnt scream userunfriendly I dont know what does The day of my flight arrived and I foolishly thought that the worst was behind me Oh how wrong I was The checkin process at the airport was a disaster The line was longer than the Great Wall of China and the staff seemed completely disinterested in helping passengers I had to wait for what felt like an eternity before I could even drop off my luggage,1.0,,Neutral,Negative,Positive,ManualCheck
ASKY Airlines,airline,Fatime Djalle,2023-01-30,My trip wasnt planned it was a last minute thing had to find a flight going to Bangui in  days only flight available was ASKY  years ago had a horrible experience with ASKY but had no choice but to fly them Going to Bangui flight was good flight attendants were great joyful easy to talk to good manners and helpful I was shocked and surprised but in a good way Bangui to Lome flight KP  was terrible same bad experience all back flight attendants super nasty bad attitude bad service impolite miserable people They need to go back to learn how to react with customers Dont bring your bad mood to your job People on the plane are paying customers they deserve respect ASKY should do better,4.0,,Neutral,Positive,Negative,ManualCheck
Atlasglobal,airline,6 reviewsD Abed,2020-01-18,Tehran to Amsterdam via Istanbul with Atlasglobal Their service was nothing above mediocre There is no inflight entertainment at all Seats are not comfortable especially in their A fleet They offer good prices but my last flight which was in December got cancelled and a refund was just offered after two months,7.0,,Neutral,Negative,Positive,ManualCheck
Avianca,airline,I Kaiser,2025-04-03,First ignore my request to change my flight so I was forced to buy a new one When I wanted fly back I was told at the airport that I couldnt use my return flight because I didnt use my first flight and Im not getting a refund  I was stuck in San Juan having to pay for a fourth flight food taxi and hotel I had to call them for months and get rejected several times until I finally got my incomplete refund,1.0,,Positive,Negative,Neutral,ManualCheck
Avianca Brazil,airline,10 reviewsT Murber,2018-09-15,Sao Paulo to Lima Friendly and efficient check in process in Sao Paulo The lounge they offer on Terminal  is unfortunately not really great they have no own lounge and you use the GOL lounge which is really an underwhelming experience terrible food old and dated interior not very friendly staff Boarding was efficient staff on board friendly Food was nothing special Great was the views from the aircraft The aircraft is relatively old and dated but the seats are ok for a  hour flight not fully flat,7.0,,Neutral,Negative,Positive,ManualCheck
Azerbaijan Airlines,airline,Haituk Desai,2024-08-18,Extremely unfriendly No smile on the face of the staff It looked like they were forced to work  a drudgery They blocked the middle passage with a food trolly for nearly  minutes and would not allow a senior citizen to pass towards the lavatory When he got desperate and a little angry the steward Ahamad shouted at him The lady staff member would hide he name and when I tried to read it she pointed at the camera and threatened me The food too was nothing to write home about The omelet was dry No inflight entertainment or wifi Did not get any boarding pass online when I reserved my seat despite giving my cell number and email Next time Id rather fly Indigo to Baku via New Delhi,3.0,,Neutral,Negative,Positive,ManualCheck
Azerbaijan Airlines,airline,A Afsoon,2023-04-27,We had a flight from Dubai to London Heathrow with a hour transit in Baku Due to the over hour delay from Azerbaijan Airlines in providing the flight to Baku we missed our next flight which was from Baku to London and their next available flight from Baku to London was in two days  After  minutes of the departure time the Dubai Airport staff at the boarding gate informed us that there is a delay but they do not know how long the delay would take and so we should purchase another ticket at the airport As the next flight from Baku to London was in two days we had to purchase another super expensive ticket at the airport just to arrive at our destination to be at our work on time Now not only they do not refund our first tickets which they could not provide the services for but they also do not refund the full cost of the new tickets,1.0,,Neutral,Positive,Negative,ManualCheck
Azerbaijan Airlines,airline,Onur Guvenc,2022-06-02,We were planning to fly from London Heathrow to Baku on th March  but we had to cancel our flights due to the global pandemic Azerbaijan Airlines responses is Refund can be processed after the regular flights resumption This has been the answer since  and it has been more than  years All  other airlines got back to their normal flights but Azerbaijan Airlines I totally understand this was an okay excuse in the beginning but after  years it cannot be accepted They cannot hold our money for that long,1.0,,Positive,Negative,Neutral,ManualCheck
Azul Airlines,airline,Emeric Fort,2025-02-25,A  hours  minutes flight turned out to be a  hours wait and I am still at airport and we are still waiting First plane they changed the time without informing us So we missed our flight connection had to wait  hours instead of  minutes When we finally boarded they told us to leave the plane as the flight was cancelled because of technical issues They dont talk English or explain anything We have a three year old and lost one whole day at the airport instead of enjoying our vacation It was the most expensive flight we paid in our whole trip We lost one night in hotel the taxi we rented and we are still waiting Lets see how this will end,1.0,,Positive,Negative,Neutral,ManualCheck
Azul Airlines,airline,Patricia Silva,2025-01-20,Cabin crew didnt provide seatbelt for my baby of  months when requested already  times They said that they didnt know what I was talking about Crew was also not friendly Airline give priority to sell the seats where can fits baby bassinets and doesnt give priority at all for you even though you have a babe If you want your baby bassinet you need to pay extra,4.0,,Neutral,Negative,Positive,ManualCheck
Azul Airlines,airline,Viviana Medina,2024-05-11,I paid over  for  roundtrip tickets I paid extra to travel on seats with more leg room because my husband has back problems and it was a hour flight A few days prior to the trip they decided to change the aircraft and said they could not honor the seats I had paid for Their solution was to give us   vouchers We tried to talk to the lady at the counter in the airport she said we couldnt do anything and suggested to call customer service I did and the representative told me there is nothing he could do My husband asked to speak to a supervisor who told him that even though we paid extra those seats were subject to availability I paid extra because those seats were available when I booked the flight They made a change that I didnt request and they didnt even give us a decent refund We traveled very uncomfortable in the tiniest seats no tv no WiFi and nobody could do anything about it Unacceptable Worst airline ever,3.0,,Neutral,Negative,Positive,ManualCheck
Azul Airlines,airline,E Bardem,2024-02-02,Be cautious of flight cancellations and inadequate customer support in English The outbound flight was better than average and entirely acceptable However issues arose when the return flight got canceled by the airline I had no opportunity for compensation regarding my accommodation or Uber expenses The customer service team struggles with English proficiency and when submitting required documents via email the response is cold stating that It is not acceptable They dont provide a chance to resend documents or communicate through email instead youre directed to initiate a new claim After multiple frustrating calls I found that the customer service is unhelpful and if you seek a supervisor youre informed Sorry we have no supervisor who speaks English Each response from them takes about  days reiterating It is not acceptable After realizing I was losing more money by following up I decided to discontinue flying with them I acknowledge their shortcomings in customer service and cancellation policies This is an honest review  not out of hate but as a precaution against potential financial losses due to flight cancellations,1.0,,Neutral,Negative,Positive,ManualCheck
Azur Air Germany,airline,H Johnson,2018-07-15,Dsseldorf to Palma Azur Air Germany operates a fleet of two worn out Boeing   years old various previous operators in Asia Africa South America and a single Boeing  of formerly black listed Lion Air from Indonesia The  is configured very tight Seating is all economy in a  configuration Seat pitch is the tightest Ive seen on any airline and feels extremely uncomfortable even though it was just a  hrs flight They used these configuration even for flights to the Caribbean  hard to imagine this on  hrs flight Passengers are mostly party tourists visiting Mallorca for drinking Which makes sense for Azur Airs very low budget target group for their flights Service aboard was rather poor Drinks and meals on purchase only They didnt provide a menu because the plane is also operating in Ukraine Therefore all magazines were in Cyrillic and they didnt have German ones aboard Thats why it was even unclear which meals and beverages they offer No inflight entertainment and no Wifi Cabin crew seemed pretty new in the job and unexperienced There were no clear procedures on board and even while boarding creating an overall unprofessional impression of Azur Air You could tell how Azur Air staff disliked the clientele on board They were also rather harsh when speaking to passengers If you have the choice go for any other airline,1.0,,Neutral,Negative,Positive,ManualCheck
Bamboo Airways,airline,E Lanetescu,2024-10-15,Its been a full year since my flight was cancelled and was promised a full refund I have received numerous confirmations that my claim was forwarded to the Accounting department but still no trace of any refund Just save yourself energy and time and avoid them at all costs An incompetent customer service that cant do their job right,1.0,,Positive,Negative,Neutral,ManualCheck
Bamboo Airways,airline,G Horak,2024-02-08,I booked a flight on  for  On  they decided to cancel without offering me an alternative flight I had to struggle till  through their non responsive helpdesk and messenger to get my request for a refund acknowledged According to their internal rules they gave themselves generously a staggering  days period to refund to the original payment method Now it is over  days since their acknowledgement and over  days since they canceled and they gave nothing They didnt bother to reply neither to my requests nor to my emails Everywhere you look in tripadvisor and trustpilot people got the same hassle and couldnt recover their money I regret having booked with them,1.0,,Positive,Negative,Neutral,ManualCheck
Bangkok Airways,airline,4 reviewsDjordje Susic,2024-07-26,This flight was ok but my biggest remark is that the cabin was very dirty and outdated The tray table and the toilet pictures provided below were very dirty The flight attendants were very polite and friendly The food was pretty bland and the juice wasnt good The dessert was ok The flight was delayed for  minutes but everything was fine I would recommend this airline for shorthaul flights,6.0,,Neutral,Positive,Negative,ManualCheck
Batik Air,airline,E Horten,2025-01-13,We specifically ordered gluten free meal  months ago when we booked the ticket in business class as husband is a diagnosed coeliac Then we called to confirm twice that the meal would be available and told yes it will be on the flight Then we received an email telling us the meal will be available So we get on the flight and told no its not available My husband could not eat anything that was available on the plane Considering the price we paid we deserved to get the flight we were promised and were not As well as the seat not reclining lumbar support just sticking out or footrest working no power on outlet no entertainment and no food  On an almost  hour flight all they gave us was a Sprite And we took off mins late no reason why,1.0,,Positive,Negative,Neutral,ManualCheck
Beijing Capital Airlines,airline,Sophia Chong,2015-10-08,Departed from Singapore and arrived in Beijing on  August  at hrs To avoid missing the Beijing Capital Airlines flight as planned to depart at hrs the same day we went to the Information Counter at Beijing Capital International Airport to confirm the terminal for boarding We were only aware and informed that the flight has been cancelled upon checking at the Information Counter From the flight booking details it was clearly stated one of my companys contact number and email However the airline did not ensure that we were informed of the flight cancellation After checking at the Information Counter a phone call was made to Beijing Capital Airlines to reconfirm the cancellation of the flight and to find out why we were not being informed No answer was given In view of our original arrangement in Hulunbuir we also check with the Beijing Capital Airlines on the next earliest available flight to Hailar However all flights to Hailar was fully booked due to peak season And we were informed by the airline that the earliest available flight was on  August which affected our original plan greatly To minimize the delay to Hulunbuir we have no choice but to source for alternative flight from another airline having the earliest available flight on  August According to our conversation with Beijing Capital Airliness operator the airline was able to refund our tickets After made a request of the Flight Delayed Certificate and ultimately we received it after we come back from our trip Reason stated in their certificate is cancelled due to aircraft adjustment We were required to writein to request to claim of our refund and followup by some other procedures However until todate we are yet to received a reply from the airline We find no other way to make our request and was like being ignored No followup action by the airline I hope someone able to assist on the matters,1.0,,Positive,Negative,Neutral,ManualCheck
Berjaya Air,airline,B Chan,2011-10-26,SINRDN Return A new ATR with two flight attendants For a  hr flight a packed towel plus a bottle of water was given out Although the attendants werent very enthusiastic the crew members in the flight deck kept us up to date with information,9.0,,Positive,Negative,Neutral,ManualCheck
BH Air,airline,A Meares,2019-06-24,Manchester to Burgas Shocking airline misleading advertising shocking service unhelpful staff Flight finder sites along with their own website carry their flights as direct when they are in fact double touch which means that if you are the last destination when entering the UK you will have to get off at the first destination go through customs and reboard the plane You will lose your seat Any items you have bought in duty free will get confiscated unless they are in a sealed bag with a receipt This is ignored on the plane and the staff are uninterested in providing you with these clear bags or in sealing them On reboarding the plane you will lose any prebooked seats despite the gate crew telling you that you will not The airport handling staff were unaware that they had passengers for transfer and held us on the plane for thirty minutes while they got someone down so we could queue further for them to issue us with handwritten boarding passes Disabled passengers were unassisted It was chaos passengers didnt get their boarding passes as this was not communicated by the airline staff and had to get help from other airport personnel The staff at the gate held us for an additional  minutes assuring us our seats would still be there when we got on but they werent Aircraft staff completely unhelpful and unconcerned It might not be their fault their head office does this but they represent the company and some appreciation of the issues would not go amiss Balkan BH Air misrepresented their flights as direct they werent If this was a one off it would be understandable but they do this as a matter of course on multiple flights week in and week out whilst still advertising their flights as direct Customer service is appalling and they keep your money for the prebooked seats you dont get Do not travel with this shambles,1.0,,Neutral,Negative,Positive,ManualCheck
Blu-express,airline,S Machen,2016-09-05,Milan Bergamo to Tirana Flight delayed  times waiting  hrs with no information from airline or airport staff Even one announcement to confirm that our flight will actually happen would be better than sitting in a tiny terminal with one bathroom and a small food kiosk for hours Were not able to leave the terminal Were basically stranded with no plan Horrendous experience Will never fly with this airline,1.0,,Neutral,Positive,Negative,ManualCheck
Blue Islands,airline,S Storoni,2016-05-27,I booked flights for my boss and  colleagues with Blue Islands to fly to Jersey on Tuesday  on a flight due to depart at  I booked the flights online on  and checked them in online on  When they arrived at London City on Tuesday they were told by airport staff that Blue Islands have changed to their summer schedule and that the  flight does not operate any longer Not only was I able to book the flights less than a month ago I was also able to check them in online and print boarding passes for a flight that was not operating We received no message whatsoever that the schedule had changed and in fact they are still selling this flight on their website Ive had no response to date to any of my emails or voicemail messages left with their Customer Care department My colleagues also informed me that there is no Blue Islands desk in London City Airport,1.0,,Positive,Negative,Neutral,ManualCheck
Blue Islands,airline,M Valla,2016-05-21,Saturday afternoon phone call to say Mondays Blue Islands flight rd May from London City to Jersey was cancelled No emails no messages lucky I picked up the phone call Very unhelpful offers of other flights far too early or far too late Shambolic trip ruined what a rubbish airline,2.0,,Neutral,Negative,Positive,ManualCheck
Blue Panorama Airlines,airline,Diego Agostini,2019-07-16,Mykonos to Milan Bergamo Middle name change is a total scam Some had to pay  depending on the time they have booked it some people chose not to pay and didnt fly the airline is super shady and is scamming thousands of people daily,1.0,,Positive,Negative,Neutral,ManualCheck
Blue1,airline,E Birman,2012-08-06,BLQHEL which they fly  weekly during the summer A bit of a random route but the flight was full due to very cheap fares I got in on an OW for  incl all taxes Flight departed about  minutes late and a little time was made up en route Plane was spotlessclean with Blues new seats Service was generally OK but everything is now forpurchase including soft drinks Not sure how they can call themselves a fullservice airline like that Bologna is a disaster of an airport with the construction and there was only one agent for checkin for the entire flight and nothing for G Well for the price this can slide,6.0,,Neutral,Negative,Positive,ManualCheck
Breeze Airways,airline,E Barlois,2025-03-08,Breeze offered an option to bid on an expanded space seat which means theyll block the seat next to you My flight was long about  hours so I bid because I thought the extra space would make my flight more comfortable I received an email saying I won the bid my credit card was charged and I was even issued a boarding pass showing I had two seats reserved So imagine my surprise when somebody came to sit next to me with a boarding pass for the blocked middle seat Breeze did refund me the extra money I paid shortly after takeoff but I wouldve preferred having the blocked seat Nor did the airline apologize when I complained they simply noted that for operational reasons they can assign somebody else to the blocked seat This seems fundamentally dishonest to me if youre going to offer a bid system to block the seat next to you and then tell someone they won the bid and collect the money from them you shouldnt then sell the seat to somebody else Its unfortunate because I have liked Breeze in the past and they offer some routes from my hometown which other airlines dont serve well but this incident really made me think less of this airline and I may hesitate to book them in the future,3.0,,Neutral,Negative,Positive,ManualCheck
British Airways,airline,10 reviewsJ Meares,2025-03-19,Flight mainly let down by a disagreeable flight attendant No queue to check in at Cape Town  good However checkin agent was unfamiliar with BA size and weight rules for sports bags so had to wait  minutes while phone calls were made  annoying Lounge was good Gate service was excellent with organised queues Seat was good the new upgraded Club Suite The zip broke off the amenity kit so it was unusable  BA cutting corners too much here Offered a cocktail service which came promptly and the drink was excellent But no nuts So I went off to the galley to ask for some nuts or a snack to go with it I spoke to a male flight attendant who looked at me with utter distaste that I had the temerity to ask for nuts The he said where have you come from What a bizarre question I said seat E to which he responded with a flick of his hand  go ask her shes serving you I was stunned  I have not been treated that way in even the cheapest restaurants let alone business class on a premium airline The gentlemen concerned has no place in service or hospitality and should find a different line of work Anyway the food was good The IFE worked fine WiFi wasnt working I managed  hours sleep and we got off the plane promptly despite being at a remote stand requiring a bus The luggage took quite a while to arrive Overall  Would be  but for the rude staff member,7.0,,Positive,Negative,Neutral,ManualCheck
Buddha Air,airline,Akangcha Limbu,2019-10-25,Biratnagar to Kathmandu I waited for  hours just to be notified that my flight was cancelled I arrived airport at  to catch my  hrs flight we kept on asking if our flight was ready they told us our flight was being held but surely we would fly at  hrs But it was around  hrs after boarding they told us our flight was cancelled as the pilot told his time was up Disgusting and unprofessional,1.0,,Positive,Negative,Neutral,ManualCheck
Bulgaria Air,airline,Mai Nguyen,2022-10-15,Absolutely awful service I had a flight booked originally on the nd of February  I asked a few days before the flight if it was going to happen they said yes It was cancelled and they offered my money back or to reschedule the flight for the  to which I said yes reschedule it I receive an email with my ticket On the day of the flight they said I was in the system but not on the plane  after which they told me to go and ask a help desk located in the airport They said i cannot board the plane and that the only way for me to fly on the day is to buy a new ticket and the money to the newly bought ticket would be returned I sent emails pictures of boarding passes and they said it would take them  months to process my issue  months later I did not receive any answer so I emailed them They returned the money for the first flight which was lev cheaper The money I got refunded was not even the full amount People are struggling to make ends meet and they dont even bother to fix your issue and in the end they return not even the full amount of money Absolutely unbelievable I would never recommend flying with them super unprofessional,1.0,,Neutral,Positive,Negative,ManualCheck
Cape Air,airline,John Scarrow,2023-08-30,Supposed to fly Cape Air from Marthas Vineyard to Boston  AM  Saturday August  Got an E mail that the flight was canceled   hours before MVis an Island All subsequent flights were fully booked My wife and I are in our s  we had  large suitcases Had to get to the Ferry  walk on  pay Had to scramble at Woods hole to get a bus to Boston Logan  pay  missed our connecting flight to Toronto on Air Canada We have flown Cape Air a few times before  never again,2.0,,Positive,Negative,Neutral,ManualCheck
Carpatair,airline,Tom Lowe,2007-02-13,Munich to Timisoara business class Service was excellent The meal and bar was generous ad FA professional and attentive Sadly it all went belly up when we landed and my luggage didnt make it Heard nothing from the airline for three days Got increasingly frustrated by the lack of contact Had to collect my luggage myself from the airport four days later,0.0,,Neutral,Negative,Positive,ManualCheck
Cathay Dragon,airline,Keng Leong,2020-01-30,Hong Kong to Kuala Lumpur Have flown this route many times connecting from Chicago on Cathay Pacific In the past service and food has been ok However on this trip noticed that the service manager delivered the menu to the  or  passengers first and addressing each by their name but I was completely ignored Only after these passengers were served was I given the menu in silence,1.0,,Positive,Negative,Neutral,ManualCheck
Cathay Dragon,airline,William D Webster,2019-11-04,We are very disappointed in Cathay Dragon We booked a flight from Hong Kong to Phnom Penh on Oct   because they advertised it was on a roomy A but the airlines substituted a smaller A If we had been notified of the change and given the chance to change our flight date to an A we would have done so,2.0,,Negative,Positive,Neutral,ManualCheck
Cathay Pacific Airways,airline,Luis De Jesus,2025-03-16,I had very high expectations when I flew Cathay Pacific to Hong Kong from Bangkok However the airline rates way below my expectations I genuinely thought I was walking in one of the best airlines in the world but instead I walked in an old plane with lazy crew service I didnt appreciate and neither enjoyed my journey with them,5.0,,Positive,Negative,Neutral,ManualCheck
Cathay Pacific Airways,airline,Michael Copeman,2025-02-13,Cathay no longer allows passengers who wish to pay to upgrade from Economy to Business at the airport Instead bookings have to be cancelled and whole new bookings made  a cumbersome and offputting process This is commercially foolish by Cathay,2.0,,Positive,Negative,Neutral,ManualCheck
Cayman Airways,airline,S Heale,2019-08-11,New York to Grand Cayman When we flew into this country we had a wonderful experience Flying back however was the worst flying experience Ive ever seen We were met at the check in counter by the rudest woman I have ever met in my life She not only rolled her eyes about a dozen times charged us the incorrect amount for bags and told us it was our fault and cussed under her breathe about  times during our interaction and she decided to take a personal cell phone call while checking us in she walked away from us on the phone and there were about  people behind us in line We then went through customs where they proceeded to tell us there were totally different flight regulations for our carry on The rude woman told me to take all liquids out and put them in a little bag she gave me She then informed me that this included my lipstick since when is lipstick and liquid So as Im emptying out my whole purse she starts hysterically laughing that I have so many more liquids in the carryon We wound up having to go all the way back to happy pants at check in and check our carryon Then I return with no liquids to find out that my brother his girlfriend and my fianc have all been stopped too for a random check I have never had an experience with an airline that is less competent kind or respectful in my life I would take ten connecting flights before flying this airline ever again,1.0,,Neutral,Positive,Negative,ManualCheck
Central Mountain Air,airline,A Fraser,2016-06-27,Flew Fort St John Airport to Prince George Airport Theres no point in taking Central Mountain Air if you can take WestJet or Air Canada They charge outrageous baggage fees so it doesnt even save you money and the flight times are not always convenient and the aircrafts are small Could have had a more comfortable flight for the same amount of money definitely feel like Ive been scammed Will only take this airline if it goes to some remote city where no other airline goes,3.0,,Neutral,Negative,Positive,ManualCheck
China Eastern Airlines,airline,W Eraj,2024-11-04,Diabolical at best I have travelled budget airlines which has better service and offering From the time we boarded it was all about what they wont or cannot offer No soft drinks only Soda Food limited Soft drink menu only tea and coffee  flight only one tepid meal Toilets were dirty My seat inflight entertainment did not work Selection was awful So it might They should not sell business class at full price I have travelled many a budget flights on business but this was by far the worst I had to take this return flight as my original flight on a different carrier was full Made in China at its best,1.0,,Neutral,Positive,Negative,ManualCheck
China United Airlines,airline,5 reviewsB Dreller,2017-03-03,Beijing to Hailaer What an airline Its a low cost carrier Youll get nothing aboard not even a water If you want one you need to pay Cabin a bit worn and sticky better not using toilets Not clean and a lack of soap Cabin crews English could be improved a lot Crew members dont care if passengers doing phone calls while starting or landing or passengers tsnad up whil taxi Not well organised,2.0,,Neutral,Negative,Positive,ManualCheck
Citilink,airline,R Marsem,2024-05-08,They kept rescheduling the flight onesidedly Was supposed to fly on pm got rescheduled a few days ago to pm And then got rescheduled again on the dday to pm This is very uncomfortable as people could have had plans And there is no clear reason for the reschedule only operational reasons Wanted to reschedule to an earlier flight via their live chat but got rejected The live chat is also not responsive The ticket price is not cheap as well so its not value to money considering all these inconveniences Do not fly with them again,3.0,,Neutral,Negative,Positive,ManualCheck
CityJet,airline,Derry Temple,2018-09-10,My partner and I took a flight from Dublin to London with Cityjet The flight was delayed several hours due to weather conditions and they changed the destination from London City to London Southend which is some distance away Apparently they cannot fly into City after pm While they initially offered to give us a flight the following day should we wish This turned out to be false as further enquiries at the desk proved they could not actually guarantee us a seat on any other flights and the attendant advised us to take that flight He assured us there would be a bus put on to take us back to London city When we finally arrived at Southend airport some  hours late there was no bus provided and we were told via text that we could take a taxi and be reimbursed We arrived home  hours later then expected I am still waiting to be reimbursed for the expensive taxi journey  weeks later Each time I contact the airline I am told I will be reimbursed next week Their communication and handling of the situation has been less then satisfactory throughout Flying into London City airport is promoted as being easy and quick but this has not proven to be the case I would not fly with Cityjet again nor would I advise anyone else to fly with them,1.0,,Neutral,Positive,Negative,ManualCheck
CityJet,airline,29 reviewsZafrullah Hamzah,2018-07-03,This City jet flight was operated for Air France After arriving with an Air France flight in Paris from Singapore this Paris to Dublin flight was a big letdown compared to the service with an actual Air France flight First of all after everyone has boarded their system recorded an error in their reservation  Simply bizarre that they only discovered this after letting everyone on board This resulted in the plane not even moving from where it was parked for about  minutes after scheduled departure We were then moving practically all over the airport for what seemed like they wanted us to view the runways before the plane actually took off Service on board was quite slow After being served the meal it seemed like they did not feel the need to clear the tray tables quickly One stewardess managed to splash some CocaCola on the lady sitting beside me She was very apologetic and nice but I got the impression that she was under pressure On arrival in Dublin my bagage which had a priority tag after arriving in Paris on a first class flight was the th bagage to come out  While Air France has consistently maintained high standards it appears that their City Jet partner just could not be bothered to do the same As a result I missed the noon direct bus to Limerick and ended up having to use another bus company that took  hours and  minutes and a very convoluted route to get to Limerick After spending so much to get priority service this connecting flight was a big disappointment and is way way below the service of an Air France operated flight,3.0,,Positive,Negative,Neutral,ManualCheck
Coastal Aviation,airline,Sylvain Desrochers,2021-06-09,I booked a chartered flight more then one month prior my flight Two days before my flight I messaged Coastal in order to make a small adjustment to my departure time However come the day of our flight and Coastal had completely forgotten about us I had to call Coastal upon arriving at the airport when I concluded the plane was not there Our flight time from Zanzibar to Dar es Salaam is only  minutes and the plane arrived one hour late Being stranded at the airfield with an  month old baby in the midafternoon is unacceptable I asked three times to have the contact details of the General Manager but was refused to have the information I was greatly disappointed with this airline and will not be flying with them again,5.0,,Neutral,Negative,Positive,ManualCheck
Cobalt,airline,Izzat Kayali,2018-09-06,Larnaca to Manchester It was not mentioned in the booking process on the Cheapflights website or Cobalt website that you have to pay for your bags and the surprise was in the airport where the manager on the check in desk was very unhelpful to accommodate the situation The customer service lady asked for the price of the baggage and the extra weight which we agreed to pay however she changed the charge three times and each time my wife had to leave back beyond the security checkpoint to withdraw cash from the ATM machine and last time she stopped my wife at the door of the plane claiming that she still have to pay an extra amount of money because she did not calculate the charge properly All in all it was a very stressful experience I would not recommend this company at all,1.0,,Neutral,Negative,Positive,ManualCheck
Cobalt,airline,D Mardan,2018-09-03,Larnaca to Gatwick In flight was OK what youd expect from a budget airline In flight entertainment via their website to your device was an unexpected bonus and worked well for me but I was the exception as a lot of passengers complained they were unable to connect However this airline has woeful customer service and the online check in procedure simply doesnt work For customer service you have to wait for a call back that never comes tried to have a name changed on the ticket but they refuse to do this unlike other airlines were it wasnt an issue just went on line and altered it You cant add baggage via website either you have to do this by phone Come on Cobalt take a look at the competition and make improvements I wouldnt use this airline again their procedures are too clunky and not customer friendly and they simply ripped us off as we had to purchase another ticket rather than let us change the name,3.0,,Neutral,Negative,Positive,ManualCheck
Cobalt,airline,75 reviewsDavid Robson,2017-11-14,Beirut to Stansted via Larnaca on Cobalt Cobalt is a budget airline so all services are unbundled No meals or refreshments were purchased I will fly Cobalt Airlines whenever I can,9.0,,Positive,Negative,Neutral,ManualCheck
Condor Airlines,airline,H Wardon,2025-03-12,I recently had to cancel a flight with Condor Airlines over two months in advance due to my wifes pregnancy We provided a doctors note stating she was unable to travel yet we were told that only taxes would be refunded despite their website stating a  cancellation fee for trips canceled  days prior This crucial detail was buried deep in their  page terms and conditions making it incredibly misleading Customer service was unhelpful and unwilling to assist When I requested to speak with a manager I was denied with no explanation  Condors lack of transparency and rigid policies make it difficult to trust them If youre considering booking with them be aware of their policies and poor customer service,1.0,,Neutral,Negative,Positive,ManualCheck
Condor Airlines,airline,Alain Tips,2024-11-04,Its an absolute shame We are on the flight and want to order food but they refuse to accept cash so I want to pay with my maestro card and they also refuse it because it is not a German maestro card As far as I know maestro is maestro it doesnt matter which one it is This is why we had to starve for  hours Een regelrechte schande is het We zitten op de vlucht en willen eten bestellen maar ze weigeren cash geld aan te nemen dus wil ik betalen met mijn maestrokaart en die weigeren ze ook omdat het geen Duitse maestro kaart is Bij mijn weten is maestro maestro maakt niet uit welk het komthierdoor hebben we  uur lang honger moeten lijden,1.0,,Positive,Negative,Neutral,ManualCheck
Contour Airlines,airline,S Jansen,2024-01-07,I had purchased four tickets on flight  from Chicago to Marion traveling December   The flight was to leave Chicago at  am Early morning notification on the website indicated the plane would leave early at about  am My children and grandchildren for whom I had purchased the tickets arrived at the gate at approximately  am  came and went without any notification or information about the flight from your staff at the gate I tried calling the toll free number at about  and requested a call back from the automated system At  I received automated textemail indicating the flight was delayed until  At the same time staff working the gate notified the waiting passengers Similarly at about the same time your website was updated to say status was unavailable and to call the toll free number Nothing was updated in person by phone text or email for the next several hours At  we again received text email and in person notifications that the flight was again delayed until  The website never changed the flights status As I had still not received a call back from the morning call to the toll free number I tried again again requesting a call back Finally at about  pm I received a call back from your customer service member At that point the representative had the same information that the flight was delayed and should be leaving at  At about  passengers were told the plane they were waiting for had arrived and they would be boarding soon Shortly after  the passengers were loaded onto a van and driven to a plane Before boarding the plane at about  the passengers were told this was not the plane to Marion and they were driven back to the terminal Once at the gate they were notified that the correct plane to Marion had never arrived Passengers were sorted by who could fit on to the next flight scheduled to leave for Marion at  pm There was not enough room for all There was some brief conversation about the idea that the  flight would leave after  pm but the staff ultimately admitted that was unlikely Finally at  pm I received the textemail notification that the flight was cancelled This is completely unacceptable It is clear that Contour knew the flight was going to be cancelled from the beginning Instead the staff provided little to no information over the course of  hours My family including two minors spent all day waiting with the hope this plane would actually get them to their destination They spent hundreds of dollars getting tofrom the airport and in meals while waiting,1.0,,Neutral,Positive,Negative,ManualCheck
Copa Airlines,airline,B Hamell,2025-01-14,I am very disappointed with Copa Airlines Ive had a few flights with them lately they are fine on short distance but absolutely horrible longhaul Id understand their low standard if it was a budget airline but their flights certainly werent cheap I had a hour flight from Panama to Las Vegas There was only one meal no snacks as youd get with most airlines But what was shocking is that they dont have any special meals As a vegetarian I couldnt select vegetarian meal in advance assuming theyd have a veggie option during the flight How wrong was I The two options they had was beef and chicken Just as well I had the sense and bought something overpriced at the airport so I wasnt left starving the whole flight I was very disappointed though at this day and age special meals should be automatically included  Their staff doesnt seem to be well trained or have basic customer service skills either Felt like they selected a few spare people at the airport threw them into the plane to act as stewards One was walking around and shouting like he was at a market stall the other two seemed to be more interested in sharing their personal lives than us as paying customers And another shocking part of the flight was that there are no screens on seats For a longhaul flight The only option was to connect to their Wifi which was free for the entertainment channel and watch it on the phone With own earphones Which was hard since I needed to charge my phone and had only wired earphones with me The government in Panama is trying to entice tourists to visit their country promoting it everywhere but they should first look at their main airline I wouldnt go back to Panama if I had to fly with them again,2.0,,Neutral,Positive,Negative,ManualCheck
Copa Airlines,airline,Darleen Franco,2024-09-29,Were awaiting flight CM destined to leave from gate  at terminal  from Panama to Trinidad boarding at pmas indicated on our boarding pass and screen at gate  We sat for  ours in the seating area next to terminal  Approximately  mins after boarding time we were confused why no announcements were made for boarding and proceeded to step to the terminal gate  for assistance as a representative had only recently arrived Terminal  was in our site at all times and displayed our flight information as our boarding pass At this point a different flight appeared on the terminal screen and we were informed our flight had just left from a other terminal  minutes walking distance Further adding to our confusion and panic no gate was seen assigned on the screens after we were informed of the flight departure The airline app also showed no change and we received no emails regarding a gate to our flight either There was no call for boarding or individual names called on the announcement systems at any point in time We proceeded to the COPA airlines help desk where we were informed that we had to pay in full for ticket changes for the next available flight Our credit cards were at their limit but luckily the bank accepted else we would be stranded for good We are currently stranded at Panama airport with no idea where our bags are having no rest and feeling cheated and robbed The airline attendants were completely dismissive unpleasant and unhelpful They informed us that gates are subject to change without notice at any given time and that we should have looked at the screen In all our years of international travel  never have we missed a flight or encountered this problem  On the morning of September th  at am COPA airlines representative at terminal  Panama International Airport admitted that something was wrong with the Tocumen system and that we need to check in with her regularly to get gate changes She further explained that this was a regular occurrence here and gates do not get updated on the monitor at the gate until close to boarding COPA airlines needs to rectify this and make regular announcements or warn passengers ahead of time This experience has left us traumatized,2.0,,Neutral,Negative,Positive,ManualCheck
Corsair,airline,S Gregory,2021-12-19,The shortest flight of  minutes turned into a ruined vacation thanks to Corsair and the incredibly incapable staff of Sint Maarten airport First we were checked in and made to wait for hours without any communication or information on our flight When we finally made it to Guadeloupe we were  hrs late Then half the plane did not get their luggage and there were people connecting to Paris No help from PTP staff either they just showed us the number of lost luggage service on the wall and told us to call it My bag is missing for three days now Yesterday the plane arrived from Sint Maartens but my bag was not on it This kind of company can only be evaluated on the fact that the pilots safely landed the plane and we made it in one piece because everything else about this flight was an absolute disaster,1.0,,Positive,Negative,Neutral,ManualCheck
Corsair,airline,A Moskona,2020-03-15,Paris to Miami I was skeptical about flying Corsair after reading very mixed and lessthanstellar reviews however I was pleasantly surprised Our trip I traveled with my adult daughter took place during the second week of March  and the Corona virus drama Checkin at MIA was uneventful Since it was not a soldout flight we each sat in a different row OK so the airplane had the look and feel of a discount airline narrow thinly padded vinylfeeling seats however legroom was pretty decent and the movie selection wasnt terrible Food was pretty bad in terms of quality and variety but I paid  RT so I wont complain Flight left on time and got us there ahead of schedule so perhaps my bar is set pretty low but I was a happy camper For the flight back from Paris to Miami we were scheduled for Monday March    on Thursday morning I find out about the whole travelers ban and all sorts of red lights start flashing I try to call Corsair to move the flight up and their telephone system is terrible Prior to to leaving Miami I tried calling them to ask a couple of questions and all the calls were greeted with a prerecorded message from a callforwarding system A day later all I got was a message that seemed to be recorded by someone at home That was a very offputting experience Similar situation when trying to call their Paris number calls were repeatedly immediately disconnected Until the receptionist at the hotel suggested I call the  number how is a tourist supposed to know that at like  per minute I was finally able to speak to a representative who very courteously listened to our situation took my information and promised to call me back to let me know what could be done An hour later she called to let me know that our departure had been moved to Friday March  so Corsair gets major points there Checkin at Orly went without a hitch and since we were only like  passengers in an A we had room to spare This was a different A fabric seats and  abreast instead of  narrow I moved up to the Economy Plus section  besides a little more legroom and the fact that they recline a little more fully I cannot understand nor justify the price differential The seats are the same width and just as thin as those in economy Flight left about  minutes late due we were told to immigration issues with a passenger Cabin crew was attentive polite even happily served me an extra couple of lunches when I asked midway through the flight I was starving and had bottles of water juices and soft drinks on the galley counter to serve yourself whenever you were thirsty So no complaints there Overall we got our moneys worth plus plus If youre looking for something of the caliber of Lufthansa Premium Economy or Business then you will not be satisfied but if youre looking for an inexpensive flight that gets you where you need to go the Corsair probably wont disappoint,8.0,,Neutral,Positive,Negative,ManualCheck
Corsair,airline,I Block,2019-09-18,Paris to Miami Unfriendly only speak French and try to avoid speaking English They dont care about their customers you get very little to drink no English films apart from  or  if your lucky Out of date Tv screens dont always work,3.0,,Neutral,Negative,Positive,ManualCheck
Croatia Airlines,airline,P van der Wilt,2023-09-28,As long term KL platinumgold booked to Split nd leg Zagreb to Split by Croatia Airlines Once I arrived in Zagreb I found that was flight was cancelled which can happen I was rebooked at flight  hours later and provided with lounge access to overcome  hours However they did not let me in over unfriendly staff and they just let hang around their clients and spend money in the bars This was a one time experience,1.0,,Neutral,Negative,Positive,ManualCheck
Croatia Airlines,airline,L Divjak,2023-07-21,The interior of plane such as window frame seats seats belt plastic back from back of the seats are in bed condition broken over used not clean with very old commercial stickers on plane seats Cabin personnel  overall rate  referring to uniforms are very rustic Meaning that cabin crew need to have fresh look tided hair and clean uniforms Informing passengers for delay of flight   minutes we were waiting just for answer when we can expect our flight On top of that no service personnel on gate  at all  not even from Company responsible staff to explain Believe that this company need to do more about overall organisation and staff,3.0,,Positive,Negative,Neutral,ManualCheck
CSA Czech Airlines,airline,T Pornitz,2020-02-05,Budapest to Paris via Prague with CSA Czech Airlines The flight started with an hour delay Before landing in Prague I Was asking about my luggage if it will arrive on time to the next airplane Of course sir bla bla  it did not arrive Very uncomfortable feeling to travel without luggage,2.0,,Negative,Positive,Neutral,ManualCheck
Cubana Airlines,airline,C Morton,2019-06-08,Santiago de Cuba to Havana My wife and I spent three weeks wandering Cuba and overall had a wonderful time filled with exceptional experiences our flight with Cubana Airlines was not one of those experiences If it were only the close to two hour delay we experienced apparently this is a regular occurrence with Flight  Santiago to Habana then I wouldnt be writing this negative review The fact that they detained us and all their other delayed customers in a very hot stuffy room with no air conditioning or fans Id be willing to let that slide Even having to wait an extra hour at the baggage carousel for our checked bags wouldnt have inspired me but after discovering that items had been stolen from both my bag  my wifes is when my real issue began I personally picked up both my backpack  my wifes and carried them myself to our waiting taxi I put them in the trunk of our taxi where they stayed until we arrived at our destination I was present when our driver opened his trunk  I then picked up both bags and carried them to our room no one else touched our bags as soon as they were back in our custody and when we arrived in our room and began unpacking I we discovered items missing All the items just so happened to be in the most easily accessed compartments of our bags Unless our driver had someone hiding in his trunk then the theft had to have occurred while our bags were in Cubana Airlines custody The next morning I contacted Cuba Travel Services who we booked our tickets through and they told me to send an email as soon as I got home which I did The folks at Cuba Travel Services were responsive and helpful I believe they did all they could do but an cannot offer any similar compliments for Cubana Airlines After filing our theft claim we didnt hear back from Cubana Airlines for over a month at which point they explained that since I didnt file a claim at the airport in Havana they werent willing to do anything I found this response unsatisfactory and absurd for a number of reasons one being that there would be no reason for me to unpack our bags at the baggage carousel so how could I possibly discover that we had items missing Cubana Airlines only reached out to Cuba Travel Services they made no effort to contact me directly they have offered no compensation for the theft nor have they truly expressed any regret or apologies They dont even seem concerned that they have employees handling customers bags and stealing items while in their custody I have almost nothing but wonderful things to say about Cuba and its people but I have no love for Cubana AIrlines and while we plan to return to Cuba we do not plan to fly with Cubana again,1.0,,Positive,Negative,Neutral,ManualCheck
Cubana Airlines,airline,Andrew Martin,2019-04-07,Madrid to Havana Myself and my girlfriend had wanted to go to Cuba for some time and in  we realised our dream to visit the island We decided on flying with Cubana from Madrid to Havana and return so as to spend a couple of days in Madrid on our return journey through Madrid I booked our flights which were scheduled for a Saturday departure from Madrid and booked our connecting flights from Dublin to Madrid with Ryanair A few weeks before departure I received an email notifying me that the flight had changed as was now leaving Madrid on Friday This change of plan cost me another  in new flights with Ryanair Got to Madrid checked in for our flight and after about an hours delay we were on our way on board an Ilyushin Il with the smell of stale urine emanating from the toilets Fast forward  weeks later and we find ourselves back at Havana airport for the pm flight back to Madrid The tired old Il is towed on to the stand and shortly after boarding commences Engines are started we push back off stand and a few minutes later return to stand Everybody disembarks and sits in the terminal awaiting news of our flight Very little info is forthcoming from official sources but a helpful fellow passenger explains to us what is happening The flight is delayed then cancelled We get a voucher for a roll but little else We bed down for the night on uncomfortable airport seats as no hotel or accommodation is offered Not much sleep was had and after a  hour delay we finally take off for Madrid arriving at around  in the morning We were both given a form to fill in presumably to claim for compensation which I posted to the airline but I never got a reply All in all Cubana despite being the cheapest option to Havana ended up costing me more because of their schedule change and offered nothing in the way of compensation for the  hour delay on our return That was our first and last experience with Cubana you have been warned,2.0,,Neutral,Negative,Positive,ManualCheck
Darwin Airline,airline,M Watts,2014-12-22,Flew DUSSTN booked on Air Berlin flight was operated by Etihad regional which in turn is operated by Darwin Airlines Flight was slightly delayed leaving which wasnt too much of an issue Boarded onto buses by very disinterested gate staff and taken to the remote stand flight was only  full which was nice crew member was very professional and smiley welcoming everyone onboard with a big smile Did look very professional in uniform Service was started but there wasnt much point given a cold towel the sandwich is the smallest Ive seen either ham sandwich or cheese sandwich and either water tomato or orange juice tea or instant coffee or soft drinks No beer or wine was available like most other European carriers No water in the toilet sink to wash hands only the cold towels to wipe hands Landed at STN only to be disembarked by Menzies into the satellite which had been evacuated due to an escalator fire the arrivals tunnel was very smokey ground staff from swissport came to our rescue and took us out to a stand where we had to stand for over  minutes until a bus came to take us to the arrivals hall although not Etihad regional fault didnt really help with the overall experience Would not book with these again as I didnt think the offering on board was worth the extra cost compared to other airlines flying the same route a real shame as I did expect more,3.0,,Neutral,Positive,Negative,ManualCheck
Delta Air Lines,airline,N Jones,2025-02-23,We gate checked our  month old babys car seat in SLC and had our other gate checked stroller laying right on top of it in the tunnel right before entering the plane Both had the pink tag indicating a gate checked item We get to Columbus on our direct flight only to find our stroller with no car seat Somehow they found a way to send one of our gate checked items on the plane and the other on a plane to LAX How you even do that is bewildering to me Then we go to Deltas customer service counter in Columbus only to be greeted with rudeness and zero apology from the workers They treated us as if it was our fault the car seat wasnt there My wife and I even tried to be nice since we knew it wasnt them who didnt put the car seat on the wrong plane Then they are supposed to offer a temporary replacement car seat until they can get the proper one to us because of situations very similar to ours all they had were large car seats way too big for our  month baby It would not have been legal to put her in one of those When we explained that they basically just said well that sucks I had to leave my daughter and wife at the airport and drive  minutes to a friends house to borrow their car seat and then  minutes back It was well past midnight when I got back to my family All the meanwhile we received no apology Horrible experience with Delta,1.0,,Neutral,Positive,Negative,ManualCheck
Delta Air Lines,airline,Catalina Tiu,2025-02-22,The Feb st Delta flight from Detroit to Amsterdam has been delayed for over  hours due to a technical issue allegedly a faulty switch on the board The communication on the steps taken to remediate has been proactive and constant while the Delta app has been far behind in terms of updates during the whole time However the communication on the available options couldnt have been worse One cabin crew said we could offboard and come back another said the opposite When redirected to a manager I have been told that we would deplane all deplane shortly Less than two minutes later another cabin crew announced that wed be done in  minutes And so on and so forth for  hours now One cabin crew in particular has been quite rude when asked for clarifications He patronizingly retorted that maybe I shouldnt get off the plane if Im concerned about being able to get back on How would anyone not be concerned given the circumstances During all these hours the only thing weve been offered was water No food no snacks no any other beverages And not for lack of asking,2.0,,Neutral,Positive,Negative,ManualCheck
Discover Airlines,airline,T Vincent,2025-03-22,It all started when we checked in our luggage We arrived at the Discover counter and only saw the Business Class checkin desks Since we were flying Business we headed there A staff member standing in front told us we had to go around the corner to check in That seemed possible so we went there but it turned out to be the Economy checkin So we returned and told the staff member that we needed to check in here since we were flying Business His rude response You could have said that Well its not our job to inform himits his job to ask what class were flying It didnt get better from there The checkin agent seemed completely uninterested and at the end simply stated a number while staring at us when we didnt immediately understand what it meant We had to figure out for ourselves that he was referring to the gate The only positive experience was the lounge which was a Lufthansa lounge not a Discover one Then came boarding After scanning our tickets we walked toward the aircraft but the entrance to Business Class was still blocked because they werent ready If theyre not ready boarding shouldnt start There were passengers with mobility issues who had to stand and wait until they finally opened the section The cabin crew was okay but the welcome Prosecco was undrinkable The salmon trout tataki appetizer was absolutely disgustingit smelled awful The plane itself was old and the seats were extremely uncomfortable If youre tall or overweight good luck Breakfast was fine but Im still waiting for my apple juice The lavatories werent great eithernot at the level of other airlines Overall it was okay but for the price definitely not worth it I cant recommend it,1.0,,Positive,Negative,Neutral,ManualCheck
Discover Airlines,airline,Laura Cieux,2025-01-09,My husband and I were planning on spending Christmas with family in Paris Flight from Tampa was h late We had a h flight from Tampa to Frankfurt Missed our connection to Paris by a few minutes The security at Frankfurt was slow and not friendly and nothing was set up so we could catch our connection though we were told the plane would be held on We had received an email with  options of other connections to Paris one was h later and the other was h later than original time That would have been fine However we went to Customer Service Lufthansa and we were told we were booked for a flight in h We were only given a  coupon to eat in Frankfurt airport as compensation And we were not upgraded We spent Christmas Eve stuck in an airport for h and got in Paris at pm instead of pm originally We were awake for h when flying to Paris takes  to  hours We were extremely disappointed,3.0,,Neutral,Negative,Positive,ManualCheck
Dniproavia,airline,M Vigo,2012-09-04,KBPOTP Sandwiches and drinks served even a local wine although the flight is just over  hour departurelanding on time check in chaotic in Kiev Embraer  looked in good condition but seats are pretty cramped If you have mediumlarge size handbag they will ask to load it in the plane as the overhead compartments are small they will give you back to you in the tarmac so no need to wait at the luggage belt crew was young but not that smiley Good experience overall,8.0,,Positive,Negative,Neutral,ManualCheck
Dniproavia,airline,M Vigo,2012-09-04,KBPOTP Sandwiches and drinks served even a local wine although the flight is just over  hour departurelanding on time check in chaotic in Kiev Embraer  looked in good condition but seats are pretty cramped If you have mediumlarge size handbag they will ask to load it in the plane as the overhead compartments are small they will give you back to you in the tarmac so no need to wait at the luggage belt crew was young but not that smiley Good experience overall,8.0,,Positive,Negative,Neutral,ManualCheck
Dragonair,airline,10 reviewsT Chung,2017-02-26,Kota Kinabalu to Hong Kong It was a pleasant experience flying on the second day of Chinese New Year Flight KA was delayed until  from the original schedule departure  Due to unforeseen circumstances I was not able to make my flight connection to Beijing I was delighted that a notify sms was sent to my mobile informing of such delay Another notification was sent from BKI based ground staff to further confirm such I arrived the airport earlier with the hope that I will be able to get a replacement flight to Beijing Seemingly that it was indeed risky for me to get a connecting flight from HKG to PEK on  They offered me the option of next day departure which I agreed upon Travelling was made easier as a confirmed seat and boarding pass for CX was also issued at the same time Similarly hotel was also arranged for me Upon boarding flight KA I was assisted by the cabin crew to my seat A apology was also made prior to departure informing the reason behind such delay I am impressed with the professionalism of the flight attendants In flight meal was promptly served after airborne I had been flying Cathay Dragon since  Nonetheless I am slightly disappointed with the inflight meal The portion has now been resized to smaller portion since  In the last  months I had also flown with other airline in this region  Asiana Airlines still serve dessert and metal cutlery which Cathay Dragon now longer provide,8.0,,Neutral,Positive,Negative,ManualCheck
Dragonair,airline,Dennis O'Brien,2016-11-22,Hong Kong to Da Nang First day as Cathay Dragon but unfortunately really disappointing No inflight entertainment no drinks run of any kind chose the chicken with noodles but the chicken must have been on holiday Staff were ok and cabin clean but it all looked rather tired Have had much better experiences on nofrills airlines for less money,3.0,,Neutral,Negative,Positive,ManualCheck
Dragonair,airline,R Sanyal,2016-10-22,Kolkata to Hong Kong with Dragonair An unexpectedly unpleasant flight Although the aircraft was newish and an iPad laden with a limited selection of entertainment provided the service was not up to par The flight attendant instead of providing me the menu card read out the options from the copy she held in her hand There was a couple with an infant who wailed through much of the night flight In a cabin with just  rows and  seats there is no escaping this misery Very little sleep possible Furthermore before landing I was unable to use the lavatory   flight attendants were on their knees cleaning the floor both inside and outside the lavatory it was splashed with water and covered with absorbent towels What a mess Was glad to rush out of the plane when it landed,4.0,,Neutral,Negative,Positive,ManualCheck
Druk Air,airline,19 reviewsRishad Patell,2016-02-10,Flew Delhi to Paro via Kathmandu return Check in at Druk Air in Delhi was fine We got the seats we wanted Flight was to depart at  but we got delayed due to fog in Kathmandu Eventually left  hours later  We were kept informed but the manager in charge at Delhi was a very rude lady who kept saying that its not their fault and the delay was due to fog  not that any passenger said anything She was so aggressive about the whole thing that it made you dislike the airline even before we took off Most passengers were appalled by her way of speaking The rest of the flight was good The staff were lovely on board and very apologetic Food was very average Return flight once again delayed due to fog in KTM Apparently it happens every day Again flight back was fine Food pretty average Landed late in Delhi All in all an okay experience that would have been much better without that lady shouting at us in Delhi,6.0,,Neutral,Positive,Negative,ManualCheck
Eastern Airways,airline,Josh Corps,2022-06-13,After both flights were cancelled we were made to rearrange other flights upon trying to claim the cancelled flights back through the rd party Opodo they said that there is no evidence that the flights were cancelled I called Eastern Airways for one thing an email from them confirming that the flights were indeed cancelled so that I could forward that to the rd party and progress with the refund process At this point I unfortunately met with a customer service representative it was pretty clear from the getgo she was more interested in speaking than offering me some help I appreciated that this booking was made through a rd party but I just needed clarity After repeating herself over and over telling me it basically wasnt her problem to the point where her tone was something I wouldnt expect from anyone within a customer service environment rude abrupt and a complete disregard for the situation I suggested that she is obviously is working from home because she would never speak to a customer like this in front of other colleagues she then said No Im in an office and you are on loudspeaker and then got her colleagues to confirm that I was on loudspeaker by shouting from across the room that they could hear me This bothers me for a few reasons  the amount of effort that was taken not to help me could simply have been applied to sending an email and I would have come away from that phone call being a happy customer  When I called I was greeted with a message informing me that there is a high wait time however Eastern Airways can afford to have  employees listening to a phone call I am assuming that customers were waiting in a queue whilst these customer service representatives sat around and listened to the representative telling me should wouldnt help me for  mins  What on earth am I doing on loudspeaker anyway I hope that the phone calls are recorded so that this can be looked into I will be sending an email to customer services and let them know of what just happened I hope that her manager was not one of the ones that shouted across the room confirming that they could hear me,1.0,,Neutral,Positive,Negative,ManualCheck
Easyfly,airline,Lione Ginata,2016-07-31,Easyfly from Pereira to Medellin Dont take it if you are a tourist Booked and payed online more than a month ago and only once arrived at the check in they told me my booking was cancelled although the money were charged on my bank account I had to pay a higher price to fly None at the check in or call center speaks basic English,1.0,,Positive,Negative,Neutral,ManualCheck
easyJet,airline,Simon Bates,2025-01-08,Sat th Dec we sat in departure lounge for  hrs with no information from pm Eventually we board  pm and told we are being diverted to Madrid to change crews A hour later we are told we are being booked into a hotel in Madrid for the night and flying home in the morning Then the story changed to the hotel has been cancelled and were booking you into a hotel in Gran Canaria go collect your luggage and meet us At  a EasyJet rep told us  we cant get you a hotel goodnight and check your app for your rearranged flight home We watched the staff leave for there booked accommodation Unable to find a bed we ended up on a beach for the night Our rearranged flight was originally for  but left at  After numerous apologies from the captain we was offered a free teacoffee or water as a good will gesture but they had no food left as the plane wasnt restocked Landed hrs later The biggest disgrace is they have denied compensation and blamed air traffic control extraordinary circumstances pp Yet two of us have had different excuses I have ATC report confirming they are not being honest I have ATC report showing every flight landing that evening into Gatwick except only one cancelled was ours including  Easyjet flights yet they said it was passenger safety Easyjet are a disgrace,1.0,,Positive,Negative,Neutral,ManualCheck
easyJet,airline,J Harfi,2024-12-22,Delay on flight back to Nice for about  hours however their aircraft was there keeping the frustrated passengers in gate without anything to offer and responding nothing and most interesting was sending an email to review their service whatever I was selecting a reply was coming to me to verify that you rated the airline  please confirm that I dont know was it on purpose to earn only good reviews or not,1.0,,Positive,Neutral,Negative,ManualCheck
Edelweiss Air,airline,R Ruggles,2023-11-03,Edelweiss charged my wife and I  for two carry on pieces of luggage that were supposedly over  lbs each But they were not When we received our tickets we understood that we were allowed one free bag each under  lbs We were charged in Las Vegas for the trip to Zurich but were not charged on the return trip for the exact same bags When we got home we contacted the airlines about this situation We were asked to provide evidence that we should not have been charged We provided the evidence which was on our tickets We received no further response from the airline despite repeated attempts to contact them Additionally the flight was very hot and uncomfortable as the air conditioning was apparently not functioning properly We will never fly this airline again,2.0,,Neutral,Negative,Positive,ManualCheck
Egyptair,airline,C Reddy,2025-03-27,Avoid this airline at any cost Just pay extra and fly literally ANY other airline but not Egyptair Our flight from Dar es Salaam to Cairo has to be the MOST annoying flight ever The check in process was a nightmare The aircraft was old like it seemed like it was from the s No in flight entertainment system it was a  Hour flight the seats were old and torn the tray was broken the food was pathetic with the eggs smelling really bad and the aircraft was not cleaned there were wrappers and used tissues in the seat pocket The staff was friendly and nice Do not fly this airline,1.0,,Neutral,Negative,Positive,ManualCheck
Egyptair,airline,Omkar Kale,2025-03-26,Avoid EgyptAir  A Disappointing Experience I had a terrible experience with EgyptAir and Im sharing this so others are informed and hopefully the airline improves its service My journey was from Mumbai to Dublin with a layover in Cairo Heres how it went First Flight Mumbai to Cairo   h mins Pros The food was good Cons No cushions no blankets and no earphones for the inflight entertainment It was a long uncomfortable and boring flight The cleanliness was also subpar Layover  hrs  mins Second Flight Cairo to Dublin   hrs  mins Pros The flight was cleaner than the first Cons No blankets no cushions and no inflight service for the first  hoursstrange and unprofessional Worse they did not serve me food I had attempted online checkin twice to order vegetarian meals but the system said checkin was only available at the desk Onboard when I requested a vegetarian meal they simply denied my request stating there was no special order Even after explaining my situation they made no effort to help or offer alternatives The staff didnt even know the ingredients of what they were serving except beef I was left starving for the entire flight and felt completely ignored and unwelcome Adding to the discomfort the lack of blankets or cushions resulted in severe body pain Other Disappointments Unlike airlines such as Virgin Atlantic British Airways Etihad or Swiss Air the pilots here did not share any information about notable landmarks during the journey Even after getting a window seat I did not get a glimpse of the pyramidsa small touch that could have made the experience better The first half of my journey lacked proper entertainment and the second half left me hungry Final Thoughts This is my personal experience and opinion but I strongly advise choosing a better airline except visiting Egypt itself A Cairo layover with EgyptAir is not worth it no matter the extra baggage allowance few extra Kilos or a discounted price You would be left with severe body pain and illness All the best with your travels,1.0,,Neutral,Negative,Positive,ManualCheck
El Al Israel Airlines,airline,Ola Bannan,2024-09-18,My recent experience with EL AL was quite disappointing From start to finish almost every aspect of the journey fell short of expectations The checkin process was chaotic and timeconsuming with long lines and inefficient service The staff while professional seemed overwhelmed and not very accommodating to passengers needs Once on board things didnt improve much The seating was extremely cramped making it uncomfortable for longer flights The inflight entertainment system was outdated and offered a very limited selection which made the journey feel even longer To top it off the food quality was poor with limited options and lackluster taste Overall flying with EL AL was a frustrating experience They fell short in terms of service comfort and overall customer care I wouldnt choose to fly with them again if other options are available and if not  I will cancel the whole trip,1.0,,Neutral,Negative,Positive,ManualCheck
Ellinair,airline,M Kovalenko,2021-07-28,They have cancelled flights twice so Ive asked them for a refund Its been more than  days since my request and they still havent refunded and also they are not replying to my emails Ive had just  reply from an Ellinair representative during this period Avoid at all costs,1.0,,Positive,Negative,Neutral,ManualCheck
Ellinair,airline,Christine Croxton,2018-11-23,Heraklion to Athens We bought the online ticket because it included hold baggage in the price and appeared to be the most reasonable We checked in very easily as there was no one at the checkin desk We had our bags tagged and sent on the conveyor belt at am Alls good We had a quick flight to Athens all on time Within  minutes of arriving at Athens we were able to pick up our bags off the carousel Took them to the taxi Less than an hour later we checked in our Athens Plaka Hotel My husband went to open his bag and to his dismay he found the toggle openers of his Osprey pack had  out of the  missing off his zips making it virtually impossible to open I immediately emailed Ellinair they responded and said a complaints department would contact us They did but because we hadnt notified the people at the airport they couldnt do anything about it Well we didnt notice the missing handles at that point Anyway since then we have realised that the bag had been opened and new gloves had been stolen  For this reason we wouldnt go near Ellinair or Heraklion Airport ever again The most reasonable ticket has ended up costing us a lot more than we bargained for We are incensed that there are staff who are dishonest and clearly not enough checks are done when employing people There should be cctv in place in the baggage handling area so they can be checked as Im sure we are not the first or the last to have items stolen during baggage handling,2.0,,Positive,Negative,Neutral,ManualCheck
Ellinair,airline,D Ison,2017-06-26,Both flights I took from Thessaloniki to Athens return had a delay The aircraft was tiny and the air condition was blowing warm air It really felt like a bus The cabin crew was professional kind and tried to counterbalance this mess The ticket was a bit cheaper relative to other companies but very expensive considering the level and the quality of service provided,6.0,,Neutral,Positive,Negative,ManualCheck
Ellinair,airline,C George,2017-04-18,Flew Ellinair from Thessaloniki to Cologne Booking process and space on the plane were unacceptable Staff were friendly Propably the only aspect which could be reviewed as good The airline is not following European standards and is charging extreme prices for this poor service,3.0,,Neutral,Negative,Positive,ManualCheck
Ernest Airlines,airline,H Larenyov,2020-01-05,Milan to Kharkov So my flight has been cancelled I have receive email with this info at pm when departure time was am the next morning When I  arrived to Milan Malpensa airport at am  I found Ernest info point which was closed and no person in the airport didnt know something about the reasons of cancelling my flight And now i am waiting  am when info point is opened and i will be able to understand the reasons why my flight was cancelled and how can i return to my homeland,1.0,,Positive,Negative,Neutral,ManualCheck
Eswatini Air,airline,Xavier Masule,2023-06-07,Flight slightly delayed but arrived slightly ahead of time by  minutes Crew well presented and very professional Meal type and beverage selection an overkill for such a short flight Will fly Eswatini Air again,9.0,,Neutral,Positive,Negative,ManualCheck
Ethiopian Airlines,airline,Reinhold Zimmermann,2025-02-15,My wife had her seat D what they call a priority seat with extra charge  reclined Passenger behind on F didnt like this and started shouting at my wife touching and threatening her Cabin crew passed by and instructed my wife make seat upright instead of protecting her Incidence reported to supervisor she investigated instantly and apologised however passenger continued misbehaving Flight was full many passengers had bigger luggage than allowed  When we boarded no more overhead locker space was available around our seat we stowed the luggage at locker  At the time of debarking luggage couldnt be found We had to wait until all passengers left to find the luggage in another compartment far away crew had removed it,1.0,,Positive,Negative,Neutral,ManualCheck
Ethiopian Airlines,airline,K Fernandes,2025-01-26,Flew Business class but was treated like I was flying economy No water offered Had to ask for a headset Steward was wearing an airpod No greeting on entry or exit from the aircraft Washrooms were filthy Thank goodness it was a short flight Would never take a long haul flight with this airline,2.0,,Negative,Positive,Neutral,ManualCheck
euroAtlantic Airways,airline,M Foster,2019-06-16,Originally booked Icelandair direct flight from Halifax to Reykjavik Iceland for our honeymoon Due to the grounding of the Boeing Max airplanes they cancelled all their summer flights out of Halifax and rebooked us flying out of Toronto The day of our flight we were told the Icelandair flight would facilitated by euroAtlantic This airline should not be used for long haul overnight flights This plane has the most narrow and uncomfortable seats I have ever sat in My hips are black and blue from the arm rests digging into them for the nearly  hours of the overnight flight My husband could not even sit with his knees infront of him The seat configuration in economy was  seats across  typically for a Boeing  it is  across I sat on j offered blankets for comfort due to the ultra thin seat padding And no individual air made the flight unbarable Do not recommend for long haul flights Never again,1.0,,Neutral,Negative,Positive,ManualCheck
euroAtlantic Airways,airline,Richard Freeman,2019-03-10,Lisbon to Salvador I booked my flight with TAP and expected to be flying on a TAP flight In the event it was a euro Atlantic flight I have flown this route more than  times so am well used to it Without doubt this was the most uncomfortable flight I have had on this route really very uncomfortable I wrote to TAP but received no reply so this is just a heads up to others to avoid this airline if you have other options The aircraft was clean and well presented but this did not make up for the lack of padding on the seats and their very small size For a short haul of a couple of hours it would have just been tolerable but on long haul very very uncomfortable There were also issues with the inflight entertainment not working,2.0,,Neutral,Negative,Positive,ManualCheck
Eurowings,airline,T Aarle,2025-01-08,This was the worst flying experience I have ever had If you dont check in online you are unceremoniously fined  per person But even if you do check in online you are charged  per person Theres simply no way to avoid it If your suitcase is slightly over the weight limit or deviates just a bit in size expect an additional charge of  to  per person There is zero tolerance or flexibility The attitude of the cabin crew is far from customerfriendly The flight feels more like a flying market stall Its as if youre in a busy bazaar with constant attempts to sell you something Eurowings is an airline I absolutely cannot recommend to anyone The lack of service numerous hidden costs and unfriendly staff make the experience nothing short of disappointing,2.0,,Neutral,Negative,Positive,ManualCheck
EVA Air,airline,Nico Schmidt,2024-11-07,There was no priority boarding for EVA Airs Premium Economy the boarding process was basic and I found myself boarding in Zone  The zones range from  to  Zone  is the first to board and then theres me in Zone  Economy was in Zne   and,1.0,,Positive,Negative,Neutral,ManualCheck
Evelop Airlines,airline,Tiffany Rhoads,2019-07-09,This airline is a clear disappointment Had I known I wouldnt be on a Norwegian plane where I at least know what to expect I would have changed my flight immediately On the way to Dublin I was asked to give up my seat that I paid for by the flight attendants because the airline hadnt set room for them to sit together in the back I told them they could move me to first class where theres a window so I can sleep I had been up for  hours at this point and bought this seat for a specific reason which they laughed off and then denied me Apparently that didnt sit well with them because I was ignored the rest of the flight by not being offered food or drink off of the cart blatantly raising my hand and waving at the nearest attendants who facing me happened to not see me acting as if something was on fire I had to call over two attendants when I saw them since they also didnt want to answer my call button One attendant told me nothing was available except a brownie gummy snacks and drinks About  minutes later I grabbed another attendant who politely checked again and got me noodles so I could take my medication Now Im returning home and this plane is disgusting We were to board at pm and fly at pm We boarded just after  I purchased priority seating because I was not going to deal with the mess of waiting and I still had to wait an extra  minutes in the corridor Apparently the plane was on base last night or early morning but was stuck in a queue and couldnt move to be cleaned and sorted Im not sure but while we were in the corridor an attendant asked a maintenance man for extra toiletries for the flight as there werent any Now I get to my seat and theres crumbs all over on the floor and I get it Flights back to back but when the plane has been on base for this many hours its unacceptable I look to my right and theres nothing but trash napkins what looks like a McFlurry lid food etc just in this one area I have never ever flown on a plane so gross and useless I wish I were able to give  for everything except entertainment which works surprisingly and sodaswatertea thats average everywhere,1.0,,Neutral,Negative,Positive,ManualCheck
Ravn Alaska,airline,J Peale,2022-11-16,The reservation process was terrible I was able to book the flight easily but thats where the ease ended The flight time changed  times and ultimately made coordinating with my other two connections that were booked at the same time as the first flight time unusable When I called and told the phone agent this they told me the company is not responsible for those charges or changes We had to leave a very expensive resort we saved years for this trip for our th anniversary at an ungodly hour to make it to the flight that moved from pm to  am with no other options We had to wait all day in the airport in Anchorage to catch our connecting flight If I ever go to Alaska again and have the option to use you company I will not Terrible experience,1.0,,Neutral,Positive,Negative,ManualCheck
fastjet,airline,Dirk Oesterling,2019-03-02,I was supposed to fly from Johannesburg to Victoria Falls Two weeks before flying I received a message that all flights have been cancelled Until now I am waiting for a refund which I never received yet Dont fly this airline,1.0,,Positive,Negative,Neutral,ManualCheck
fastjet,airline,Andrew Warren,2019-03-01,Dar es salaam to Mbeya I bought my ticket in October  on the Fastjet website I turned up to fly in February  from Dar to Mbrya to be told by airport staff that the airline had ceased flying Right up until the day if departure its website still showed the flight as on time They never even bothered sending me an email telling me they werent flying any more Then I sent seven emails and made five phone calls to their office asking for a refund phone was never answered emails never replied to I went to their office this morning and demanded a refund  they now say they will give me my money back in  working days time I will wait to see if it happens Be warned  do not fly with this airline,1.0,,Positive,Negative,Neutral,ManualCheck
Fiji Airways,airline,Jane Salthouse,2025-04-03,Change dates of flights with no compensation offered Change paid for seats with no compensation offered Do not get our special meal A  voucher offered to the food court with no gluten free  The seats are angle beds and are rubbish,1.0,,Positive,Negative,Neutral,ManualCheck
Finnair,airline,Juan Silva,2025-03-13,First time I booked with Finnair  wanted to travel to Helsinki with my daughter I bought seats with returns and a day after I received and email from Finnair that they changed my place I was travelling with my daughter and I wanted to be with her but they changed it Thats a shame on Finnair  that was my first and last time when this airline,1.0,,Positive,Negative,Neutral,ManualCheck
Firefly,airline,E Paressa,2024-07-29,Flight arrived on time My luggage arrived too but I had to rescue from the back of the delivery belts it had falled on the area after it The plane smelt very bad I dont know if they even had any kind of issue with ventilation or similar questions as the smell was really very bad I purchased I had paid for it an aisle seat on the front it was a flight landing late so disembarking earlier was really important for me and they moved me to a middle seat Emergency seat its true but still middle seat where you have to fight for both arm rests with others They forced me to put at the top the small fanny pack I bring attached with valuables passport money credit cards mobile phone  Anxiety while this happened was obvious Even leaving it at the front where the safety instructions are stored it fitted without problems was not acceptable for them I have flown hundreds of flights with many companies and its been the first time it was a problem Obviously I had to accept it for not losing the flight but I have it clear its the last time I fly with them,1.0,,Neutral,Positive,Negative,ManualCheck
Flair Airlines,airline,Skylar Langley,2025-03-03,I have flown flair airlines multiple times a year for over  years and this past trip was by far the worst experience of price gouging that Ive experienced from any airlines Its a discount airline which is why people accept the extremely inconvenient departure dates and times and the uncomfortable old seating but flair has recently become very aggressive with the baggage fees Ive always travelled with a small backpack with three changes of clothes and never had an issue usually they just ask to see my bag and as long as its close to the dimensions the staff have never had an issue This past trip they didnt email my boarding pass after the online checkin and when I went to the counter at the airport to get the pass they were making every single passenger wait in line and measure their baggage in a rack People were literally taking clothes out of their bags and putting them on and strangers were helping each other strongarm backpacks down by force because the bags werent perfectly flush with the measuring rack Some of the staff were nice and patient while passengers tried to make their bags fit but others were outright and completely inflexible when bags were just slightly larger than the rack Additionally those who had a cross body bag were forced to use that as their personal items and then pay for a carryon for any other baggage they had And all of this wouldnt be so outrageous if the fee for a carryon wasnt nearly the same price as my round trip Next time Ill pay the extra hundred dollars that they wanted for my backpack and buy a ticket for a flight that includes a backpack and isnt scheduled for an pm departure,1.0,,Neutral,Negative,Positive,ManualCheck
Fly540.com,airline,G Hardilova,2022-10-28,This airline had apparently been suspended from service about a month ago September  I was told on the airport in Nairobi as well as in Lamu They havent informed passengers they even still let you buy tickets and do check in online and when you show up at the airport its only then when you realize that there is no flight of fly Please do not book with this airline,1.0,,Positive,Negative,Neutral,ManualCheck
flyadeal,airline,Mohammed Fasil,2022-08-20,Had a dreadful experience with Flyadeal today  Aug  on flying from Dammam to Jeddah flight time  AM for Umrah Having booked  tickets and reached around  minutes late and was denied check in for a flight that was on delay for  minutes One staff was frantically trying to connect to a system which would never open for about an hour another staff would collect the current reports and slipped off saying nothing but Theres nothing that I can do and yes the Supervisor who does not care of anything but customer satisfaction I always understood that customer satisfaction was of utmost importance for any business but on flyadeal it was nothing but the opposite Also to point all in unison said one thing Take a New Ticket easy when said  minutes into our reaching the check in point we noticed there were other passengers around  of whom some had reached even before us and facing the same problem It was though the airlines was waiting for the clock to strike  and then close the counters for good In spite of seeing me in Ihram and having said my intentions for Umrah there was not a slight of consideration from the staffs or the supervisor by which it struck me that they give high regards to their policy rather than Allah that too in a country like Saudi Arabia where people are given value and not troubled for such trivial but unavoidable and genuine cases In amidst of all this the supervisor had vanished nowhere to be seen Slowly the other staffs also began to move away and we were left with no one to raise a concern with Also to take to consideration is that the flight was delayed for  mins and there was no problem for it but a  minute delay from our end cost us our time money and chance for Umrah Airlines should improve their customer satisfaction areas as there can be always unexpected delays and a mere   or even  minutes should be granted entry Of course last minute entries are problematic and should be handled separately Policies are always good to ensure correct procedures and delays but equally important is customer satisfaction and providing expectations on relevant cases,1.0,,Neutral,Positive,Negative,ManualCheck
flyadeal,airline,Mohammad Kashif,2022-06-15,The worst travel and service of my life I am a frequent flyer on all kind of airlines regardless Flyadeal is a budget Airline they are residuals in terms of services and policy I travelled with my parents over  years of age and the counter staff  supervisor treated us very bad  rather than offering them wheel chair they made from is ping pong from departure entrance to counter four times asking to fit your handcarry we are allowed kg each passenger and we are travelling  together holding two bags of kg as my parents cant carry anything we split into more bags as per the request of supervisor but now he said you weight is fine but number of pieces has to be reduced all the mess he made of make money and he even charged me the fees of my laptop bag which he considered a separate piece on top of all when I complain he said you can make fuss here its my country not yours This is the standard and service Flyadeal is providing and hired staff to ripoff people  the management have to have shame of giving such training to staff and teach them to respect the passengers and treat them like your guest,1.0,,Neutral,Positive,Negative,ManualCheck
flyadeal,airline,11 reviewsAffan Butt,2022-01-26,Flew on a routine domestic service from Jeddah to Riyadh The aircraft was OK for the  hour flight I had paid for meals and water which I never received So Im quite disappointed Legroom was quite bad and the seat wasnt uncomfortable But I cant complain much for the  hr flight I have to say the prices are quite unreasonably high,5.0,,Negative,Positive,Neutral,ManualCheck
flybondi,airline,L Alvarez,2025-03-03,They made me check in a briefcase But the briefcase could fit onboard the plane because it weighed less than  kilos The worker didnt let me bring the briefcase on board because flybondi airlines wanted to make more money How damned the flybondi workers are Me hicieron despachar un maletn Pero el maletn caba abordo el avin porque pesaba menos de  kilos La trabajadora no me dej traer el maletn abordo porque las aerolneas flybondi queran hacer ms dinero Que malditos que son los trabajadores de flybondi,1.0,,Positive,Negative,Neutral,ManualCheck
flybondi,airline,Ariel Gioino Robman,2024-09-24,I bought tickets during the Travel week they were promising to give back  of the amount paid as voucher for another flight After one month I havent received anything They dont reply per email and I have been trying for weeks to get in touch with the customer service They never replied Worst customer service ever,3.0,,Negative,Positive,Neutral,ManualCheck
flydubai,airline,H Badil,2025-03-24,During my transit in Dubai on a Riyadh to Multan flight their staff demanded a fee for my laptop bag claiming only one handcarry was allowed When I resisted and asked for a supervisor they changed their tone acting as if there was no issue This kind of behavior is unacceptable and feels like an attempt to exploit passengers I do not recommend Flydubai for South Asian destinations,3.0,,Positive,Negative,Neutral,ManualCheck
flydubai,airline,Jitin Gangadharan,2025-03-22,Flight FZ  on February nd  between Baku and Dubai and I was provided with very poor customer service by the flight attendants One was very arrogant and needs more customer service training in how to be courteous to passengers The toilets were not clean and they did not provide sufficient assistance to passengers when necessary,4.0,,Neutral,Negative,Positive,ManualCheck
flydubai,airline,S Lanekova,2025-02-19,Never choose fly Dubai They cancel flights and its impossible to get your money back  months after they cancelled my flight  months of me trying to get a cent back  months of them ignoring messages Actually a month ago their customer service confirmed a refund however turned out a month later they didnt issue it and were very surprised I was promised a refund At the beginning they tried to lie that they booked me another flight and their records show that I have boarded that plane If you want to fly to your destination and not just feed them your money while being stressed  dont those them,1.0,,Positive,Negative,Neutral,ManualCheck
Flynas,airline,J Karmal,2024-10-19,I made a mistake when entering my first name during booking Despite the fact that all other information matched perfectly  same passport number date of birth and last name  they refused to correct the name Their reasoning They claimed it was a completely different person This is absurd as the error was clearly just in the first name On top of that their cancellation policy is misleading Their terms clearly state that if you cancel they will retain  of the booking amount However when I tried to cancel they took  of the money offering no refund This is contradictory to their own policy,1.0,,Positive,Negative,Neutral,ManualCheck
Flynas,airline,C Ramesh,2024-07-19,The boarding crew to the inflight crew were rude Although a snack was included in my ticket nothing was offered It felt like they were doing me a favour by flying me The crew took all the bags to put in the overhead compartment for take off which is understandable but they did not check to close the compartment They laughed at the person seated next to me because they appeared to be a little confused I was not allotted the seat which I had reserved and the check in crew did not even offer an explanation or apology Just said its been allocates to someone else Will never fly again with Flynas,1.0,,Neutral,Positive,Negative,ManualCheck
FLYONE,airline,J Hayne,2024-09-25,I booked the below flight on Sep  and didnt receive any other email communication from FlyOne I just had confirmation with FlyOne helpdesk that my email wasnt sent a schedule change The told me to email helpdesk to escalate the situation as claims arent being helpful TBSEVN Sep   wegot to the airport at  hours and minutes before scheduled departure only to find our flight wasnt on the board I then checked the FlyOne app and it showed the flight at departing at  I didnt receive any notification via email or app push notification that the flight time changed I contacted FlyOne customer service and spoke with an agent who mentioned that an email communication was sent out to all passengers on Sep  I havent received anything I checked my junk and deleted folders Nothing Today Sep  FlyOne helpdesk confirmed my email wasnt sent a notification This highly unacceptable service and its made me think twice about ever flying with FlyOne in the future,1.0,,Neutral,Negative,Positive,ManualCheck
FLYONE,airline,Pavel Ryukhov,2024-09-07,Really bad service I was requested to pay for a hand luggage  euro which is above any reasonable price That was the first and definitely the last time I bought a ticket from that company,1.0,,Neutral,Positive,Negative,ManualCheck
FLYONE,airline,C Marton,2024-03-26,Dont recommend is low cost but still money I bought a ticket tur retur Chiinu  Dubai via Turkey Hand luggage was included but apparently only backpack I had only one small luggage around  kg Turkey to Chiinu flyone didnt charge me but when I flew From Chiinu to turkey they charge me  euro and I had the same one small hand luggage During the flight even water is not included this flight also is not cheap at least should include water,2.0,,Negative,Positive,Neutral,ManualCheck
FlySafair,airline,Jacky Sykes,2025-02-13,Flights booked September  to fly to Cape town on  December returning  January to spend time with family I had to have a hip replacement on  December so was not able to fly on  December Flight was cancelled with FlySafair a week before  a refund was then requested We were advised by FlySafair that they would only refund  as I was not hospitalised on the day of the flight  this is not mentioned in their Refund Policy  it states a full refund for hospitalisation or death of a family member For the  refund it states not fit to fly,1.0,,Positive,Negative,Neutral,ManualCheck
Freebird Airlines,airline,S Maldiyan,2024-05-23,On my booked Holiday via Checkde und ForYouTravel both Germany from Kln to Antalya my baggage didnt appear in Antalya When I asked for my baggage they said in Antalya that my baggage felt down from the carrier from the Plane to the Terminal My baggage was damaged Complaints by Freebird Airlines didnt result in any apologize or take into account to pay the damage Please be warned before you decide to fly with this airline,1.0,,Positive,Negative,Neutral,ManualCheck
Freebird Airlines,airline,Azemina Zuka,2023-07-04,They broke our baby stroller and for one month long they are refusing to refund our money pretending that our bank details are incorrect which is not the truth The details are correct the problem is Freebird that promised us a refund and now they dont want to refund us Never ever fly with this company,1.0,,Positive,Negative,Neutral,ManualCheck
French Bee,airline,Patrick Darius,2025-01-04,I recently flew with French Bee from OrlyFrance to Newark NJ and was extremely disappointed with the experience The flight itself was uneventful but the checkin process was a nightmare When I arrived at the entrance gate I was informed that my luggage was overweight and my backpack was too big and that I would have to pay an additional  to check it in I was not aware of the weight limit and was not given any warning when I booked my ticket The staff at the checkin counter were unfriendly and unhelpful and seemed more interested in collecting the extra fee than in assisting me I felt ripped off and frustrated by the experience The airlines policy on luggage weights and fees is not clearly stated on their website and I believe that they are taking advantage of unsuspecting passengers like myself The agents at the gate were very rude and treated me that I might lose my seat if I dont pay before the door is closed I emailed and emailed the customer service and was a waste of my time I will not be flying with FB again and would not recommend them to anyone The extra fee for my luggage was a significant inconvenience and added to the overall stress of my trip I expect more transparency and fairness from an airline company and fell far short of my expectations,1.0,,Neutral,Negative,Positive,ManualCheck
Frontier Airlines,airline,T Benton,2025-03-29,I purchased the return flight ticket in Feb  for a return flight on May  I was notified on Mar  the flight had been cancelled and I could request a refund on their website which I did and they confirmed was received and processed with an up to  day wait I waited  days no refund I called their customer service and was told the refund would be processed again with another  day wait days later no refund I called again and told their system shows the refund was sent on March  it is now March  and no refund has been received and they will do nothing else to verify on their end why I have not received a refund and as far as they are concerned the matter is final,1.0,,Positive,Negative,Neutral,ManualCheck
Garuda Indonesia,airline,1 reviewsIk Sung Heo,2024-12-08,Strange Carryon luggage policy Basically your carryon luggage must fit into some strange metal frame the airline invented to measure your cabin baggage size My luggage is sold as cabin baggage and all airlines I flew so far have allowed me to carry on this luggage into cabin I flew Garuda from ICN to DPS right before and I could bring my cabin luggage into my seat and compartment But suddenly I was not allowed to carry the same one into the cabin in this domestic route because mine does not fit into their metal frame Of course they asked me to check in and charge me extra cost I think it is a new scam that the airline invented to hassle passengers and to take your money at the airport Be careful about your socalled cabin baggage when you fly this hopeless one We fly FSC instead of LCC expecting some margin of leniency But this Indonesian one does not have such a professional leniency,1.0,,Positive,Negative,Neutral,ManualCheck
Garuda Indonesia,airline,Josh Tay,2024-10-30,Garuda Indonesia did a flight reschedule for January  as they forgot to account for daylight saving time and shifted departure time from Sydney to Bali one hour earlier This is a transit flight booked through a third party ticket agency so I asked to cancel that flight but was rejected and made to pay penalty fees for the time change I was slapped with a rule that flights reschedule within min time frame is not entitled to full refund How can a National Carrier not know and account for daylight saving time when publishing flight schedules And how can they still force customers to board the flight when they have rescheduled it and not according to the original time it was booked,1.0,,Positive,Negative,Neutral,ManualCheck
Georgian Airways,airline,K Halten,2023-08-23,I would not recommend Georgian Airways to anyone I do not even know where to start No customer support whatsoever We wanted to change our tickets from Paris to Tbilisi due to death in the family We were unable to speak to any airline representative They put you on hold and disconnect after a  min hold I tried for quite a while and had to stop My husband had an extra luggage on the way back from Tbilisi to Paris Airline rep refused to take Bank of America Mastercard and demanded cash payment Only after an argument she finally agreed to charge the card Our flight departure times has been changed multiple times On board of a hour flight we were only offered water one time No other beverages food or snacks even for sale Where is famous Georgian hospitality Bathrooms were filthy nobody cleaned them during the flight If you can avoid this airline please avoid,1.0,,Neutral,Negative,Positive,ManualCheck
Germania Airline,airline,1 reviewsFaryad Kashef,2018-02-28,Berlin to Tehran They do not have have online check in from selected airports This means if for any reasons like a delayed train in my case you dont make it to the manual checkin you will miss the flight for sure and there is simply no one to reply to your messages I was at the airport  minutes before the flight and all of the counters were closed If they had online checkin like any other modern airline I could board the plane I sent them an email and politely asked about the missedflight options and possible refunds Not a single line of reply even after sending a followup after a month Also their Austrian phone number is not their number at all You can check it,1.0,,Neutral,Positive,Negative,ManualCheck
Go First,airline,3 reviewsS Hayle,2023-04-24,After booking this ticket I read the reviews for this airline which are pretty negative especially about delays So I monitored my flight in the fortnight before my trip Of the  flights only twice did it go on time but  of the flights the delay was only between    minutes Once it was just over an hour and once it was  hours Go First is a low cost airline so dont expect to be pampered You will be herded on at the airport They also maximise the usage of the airplane so if its delayed on the first flight of the day say fog at Delhi then all of its flights for that day will be delayed So I suggest if you need to be somewhere at a particular time meeting wedding flight connection then maybe look elsewhere However if it doesnt matter too much if you arrive an hour or so late at your destination then use them The plane was clean crew courteous a reasonable choice of purchase fooddrinks were available and I would use them again,8.0,,Positive,Negative,Neutral,ManualCheck
GoAir,airline,R Heller,2021-08-03,I booked a flight on August nd for  members Myself wife  kids I was very happy to see a fight which was departing early from Bangalore to Jaipur However  days before travel the flight was rescheduled at  AM After a day It was rescheduled for  AM Actually I booked this flight so that I could reach Jaipur early and then drive from Jaipur to Hanumangarh One day before the travel it was rescheduled at  PM In the airport Flight was again delayed and left around   PM Because of this inconvenience we had to stay in Jaipur and leave next day morning I had specially spoken to Customer care regarding travelling with  small kids and they agreed to put our cabin baggage to checkin baggage as one luggage by hearing about our travel However on the airport counter the lady said i cannot do so and need to speak with customer care Sir if you have issue you need to submit a complaint From my side I was totally helpless by hearing from their side Frankly they need to have a uniformity regarding their rules and regulation If they agreed anything through customer support they need to update that on my booking Anyways after a long struggle and repeated requests they agreed Personally This was my first and last time I travelled on GoAir,1.0,,Neutral,Positive,Negative,ManualCheck
Golden Myanmar Airlines,airline,4 reviewsMin Htet,2018-03-15,Yangon to Mandalay The ground staff and the cabin crew are very friendly But we have a delay of about one and half hour due to weather condition at Yangon International Airport During the delay the purser explain about the delay and apologize for delay They served us with tea soft drink during the delay and the time flew very quickly and at last the tower permitted us for take off During the flight they served us with in flight meal which is acceptable for a short haul flight But no duty free product sale on broad Recommended,10.0,,Positive,Negative,Neutral,ManualCheck
Greater Bay Airlines,airline,E Karinsky,2023-08-20,I do not recommend Greater Bay Airlines I was supposed to take a short trip from Taipei to Hong Kong on th August My flight was cancelled when I was on the way to the airport without any reason given I was forced to take an alternative carrier on the same route and same time last minute which cost me lot of money To this day the airline is refusing to communicate with me and refund me my ticket despite multiple attempts to contact customer service,1.0,,Neutral,Negative,Positive,ManualCheck
Gulf Air,airline,Jörg Schmalz,2025-01-29,The flight and the service on board were quite good and I had nothing to complain about but then this problem came up You should have to pay over  to rebook your return journey Many phone calls came to nothing or there was no contact at all Emails are not responded to and support in Germany is in English Normally I get by well with my English but here they didnt want to or couldnt understand me So everything came to nothing here too The service from the support team here is terrible Im sorry for the service on the plane but the support outside the plane has to be good too and unfortunately thats not the case here and from what Ive read Im not the only one with these overpriced rebookings,1.0,,Neutral,Positive,Negative,ManualCheck
Hainan Airlines,airline,H Anderson,2024-10-29,Reasonably good value airline but expect Chinese cultural expectations Westerners usually like a glass of red wine on a flight to make it easier or relaxing but if you ask for a glass they will give you a ml measure ask for more and they will think you will get drunk This was her words to me in Chinese on the flight Beijing Manchester Main meal food was quite reasonable but dont expect any familiar western snacks like cheese as stated on the menu between service Entertainment system also is mostly useless my headphone sound quality bad and video selection too Bring your own entertainment  Transfer in Beijing requires re entry through immigration no seamless transfer The outward leg to china was better than the return the return flight really did feel like all I had to do was sit and watch the plane map while sipping my orange juice,6.0,,Neutral,Positive,Negative,ManualCheck
Hawaiian Airlines,airline,S Lane,2025-01-07,Short story zippers were torn completely off of my bag and all of my stuff came out onto the carousel in an open plastic bin Have yet to get help or compensation from Hawaiian Still trying to figure out if stuff is missing  Hawaiians online customer service told me to contact Hawaiian through email about the bag but I never heard back Reached out  times Eventually had to call and wait to speak to someone Rep initially is unable to give me any info or answer any questions Says theyll get back to me eventually and that theyre currently dealing with claims in October its Jan th and they werent sure how long the wait would be Rep says I need to send photos which I had They repeatedly accuse me of not sending photos or sending in the wrong format but eventually suddenly sees them in my first email  and tell me its an issue with the bag Not sure how two intact working zippers get torn completely from a bag during the flight and its a me and my bags problem Rude slow unhelpful basically nonexistent customer service and the flight wasnt great either Highly recommend avoiding if you can,1.0,,Neutral,Negative,Positive,ManualCheck
Hi Fly,airline,J Porten,2025-02-20,Iberia sold me a flight on which I was supposed to operate with its equipment but  hours before it changed it to the airline Hi Fly I purchased my ticket with Iberia with the expectation of receiving certain specific services and amenities which were not provided due to a change of aircraft Not only did this change represent a decrease in the quality of the service I paid for but it was also made without prior notice or options for compensation Furthermore I am concerned to note that these types of modifications appear to disproportionately affect flights to Latin America giving the impression that passengers on these routes are treated less than those in other regions As an Iberia customer I consider it unacceptable that this type of differentiation is established that makes us feel like secondclass passengers To compound the situation the staff on board displayed an unprofessional and indifferent attitude towards passengers concerns which only contributed to an even more unsatisfactory experience  Iberia me vendi un vuelo en el que se suponia operaba con sus equipos pero  horas antes me lo cambi por la aerolinea Hi Fly Compr mi boleto con Iberia con la expectativa de recibir ciertos servicios y comodidades especficos los cuales no fueron proporcionados debido a un cambio de aeronave Este cambio no solo represent una disminucin en la calidad del servicio por el que pagu sino que tambin fue realizado sin previo aviso ni opciones de compensacin Adems me preocupa notar que este tipo de modificaciones parecen afectar de manera desproporcionada a los vuelos con destino a Latinoamrica lo que da la impresin de que los pasajeros de estas rutas reciben un trato inferior al de otras regiones Como cliente de Iberia considero inaceptable que se establezca este tipo de diferenciacin que nos hace sentir como pasajeros de segunda categora Para agravar la situacin el personal a bordo mostr una actitud poco profesional e indiferente ante las inquietudes de los pasajeros lo que solo contribuy a una experiencia an ms insatisfactoria,1.0,,Positive,Negative,Neutral,ManualCheck
HK Express,airline,N Gan,2024-07-15,I purchased a HK Express airline ticket from a wellknown travel booking site but when I attempted to perform an online checkin using the ticket reference number the airlines website and app failed to recognize it  Their website was far from userfriendly and lacking clear instructions on how to make inquiry with my issue Fortunately through a conversation with a colleague who had faced a similar situation I learned about a hidden website that could only be found via a Google search After completing the online checkin I encountered another setback when attempting to print my boarding pass Despite receiving an email confirmation with a button to print the boarding pass the button did not work Upon arriving at the airport I had hoped to use the selfserve kiosk to print my boarding pass by scanning my passport However the process failed to function I approached a ground helper who suggested me to try another kiosk Not surprising another kiosk also failed and then I was told to go to the counters The very long queues for the counters added to the overall inconvenience and discomfort Eventually I got to the counter and the staff printed my boarding pass but what struck me was their keen interest in checking the weight of my carryon luggage max kg and the size of my backpack While queueing I noticed that at certain intervals ground crew members would call out passengers of specific flights to come forward due to the approaching boarding time This practice seemed to be a reactive measure to prevent passengers from missing their flights due to the abysmal checkin process and long queues The numerous obstacles and technical failures encountered subjected passengers to unnecessary inconvenience prolonged queues and hidden procedures that compromise the overall travel experience,4.0,,Neutral,Negative,Positive,ManualCheck
Iberia,airline,Yochai Levy,2025-03-12,Me and my family  adults went on th of March  on a vacation to Dakar from Wien through Madrid Flight from Wien to Madrid was very comfortable the crew was polite and helpful When we arrived to Madrid I wanted to upgrade the seats to Business in the flight number IB from Madrid to Dakar At the counter of Iberia located at Madrid Airport TS I paid for this upgrade and our seats were modified from FCD to ACD Unfortunately we were very upset with the service since we were seated in business chairs which were exactly as tourist and we were informed that no meals were left and the  upgraded persons got a meal similar to tourist class We were not told that such thing will happen We are very upset and thought it is a misleading of clients When we approach the airline we were instructed to a link with small words that gives the airline a right to do so What a shame,1.0,,Neutral,Negative,Positive,ManualCheck
Iberia,airline,S Kanela,2025-01-05,My luggage didnt make it to my connecting flight in Madrid The meals were supremely mediocre  of them were literally a small sandwich and the cabin crew was visibly annoyed when I returned the cheese  ham sandwich she placed on my table despite having requested a vegetarian meal and asked whether they had a vegetarian alternative She did come around a few minutes later with a different sandwich at my table while saying vegan and walking away,3.0,,Negative,Positive,Neutral,ManualCheck
Iberia,airline,S Baluso,2024-12-17,Flight was good and bad The plane was dirty and our seat trays didnt work Seats were old not enough cushion on them The flight attendants were nice and very attentive The food were good as well They made me wait all that time waiting for my bag when they knew it was still in Madrid They told me it was going to arrive the next day and will be delivered same day It didnt arrive till the second day My new luggage came back with two missing wheels and beat up I cant seem to file a claim online it kept giving me errors and took forever to speak to someone on customer service line When we finally got someone they barely spoke English and after all that explaining the call drops By the way when they called for us to get my bag we had to go to the car and we had to ask the man to open the trunk for us He didnt even get out of the vehicle,3.0,,Neutral,Positive,Negative,ManualCheck
Iberia,airline,Sverre Magnus Hagen,2024-11-05,I recently flew with Iberia from Madrid to New York and back and my experience was far from satisfactory From the start the service was disappointing The staff were neither polite nor welltrained and their approach felt rushed and indifferent It seemed as though they were just trying to get through the flight rather than attending to passengers needs Adding to this there was a significant delay with the flight No clear or timely communication was provided about the reasons for the delay Once we finally arrived it took an unusually long time for the baggage to arrive and there was no apology from the airline for the delay Throughout the flight the crews attitude was unaccommodating and unsympathetic When I had concerns their responses were curt and dismissive which made the journey even more stressful Simple requests seemed to be a burden and any sense of hospitality was noticeably absent Add to this that the WiFi would not work with any of my functioning credit cards Overall this was a very disappointing experience Iberia needs to improve not only their inflight service but also their handling of delays and baggage delivery Better communication more efficient operations and welltrained empathetic staff would go a long way in enhancing the passenger experience Based on this trip I would be hesitant to fly with Iberia again unless significant improvements are made,2.0,,Neutral,Positive,Negative,ManualCheck
Iberia Express,airline,Margarita Ortiz,2024-07-01,I bought a flight in February from Madrid to London the company canceled the flight more than  months later they still have not refunded my money despite having sent emails filing the corresponding claim and providing all the documentation that the company has requested I call every week and every week I get no answer  Compr un vuelo en febrero Madrid Londres la compaa cancel el vuelo ms de  meses despus siguen sin devolverme el dinero a pesar de haber enviado emails poner la reclamacin correspondiente y aportar toda la documentacin que la compaa ha pedido Llamo cada semana y cada semana no obtengo respuesta,1.0,,Positive,Negative,Neutral,ManualCheck
Interjet,airline,Vigdaly Zavala,2021-02-11,Our family of  had a trip to Cancun for June  with Interjet I was able to get vouchers that we still arent able to use They dont answer phone calls no phone number is working for us not even the one in Mexico We have tried booking online but it doesnt allow us to dont know what to do anymore This is stressful and very unprofessional Today I found their email and sent them one I really hope we dont lose our money this is unfair,1.0,,Positive,Negative,Neutral,ManualCheck
Interjet,airline,C Reyes,2020-12-03,We were supposed to fly to Mexico City then to Acapulco Due to the travel restrictions between both countries we had to keep postponing our vacation We kept postponing until we were finally decided to go By then Interjets routes and schedules became lesser and lesser It will take  extra stops just to get to Mexico City that is normally about a  hour flight And also theres no more flights to Acapulco Through Expedia and I dont know how Expedia found out that Interjet dont refund And also all Interjets  toll free numbers no longer work,1.0,,Positive,Negative,Neutral,ManualCheck
Interjet,airline,J Galanara,2020-08-31,This was the first time I was going to fly ever I bought tickets for my boyfriend and I to see my dying grandmother one last time and I wasnt ever informed that my flight was changed at first then cancelled My boyfriend and I were at the airport waiting for the plane before asking someone why Interjet wasnt coming up on the screen after being told there were not Interjet flights I called Interjet and they confirmed that the flight was cancelled I was shocked and had to scramble to get home and figure out what to do Both my boyfriend and I have been calling multiple times daily and at first I got an answer now it sounds like they have the phone off the hook Ive been waiting for a response to emails and calls Never ever going though them or recommending ever,1.0,,Positive,Negative,Neutral,ManualCheck
Iran Aseman Airlines,airline,Parsa Farjam,2016-08-22,Tehran to Shiraz with Iran Aseman Airlines The F is old The windows are scratched and poor The seats are not comfortable and ugly Nice takeoff and landing but even at the front of the plane the engines are noisy The plane was old and not so clean Really not a good time on the flight Cabin staff are nice and catering is not bad Overall its not good,1.0,,Neutral,Negative,Positive,ManualCheck
Island Air,airline,G Mallam,2017-09-27,Honolulu to Lihue I understand bags get lost It happens Especially when we took three flights to get to our final destination Lihue and involves two different airlines We landed in Lihue at pm yesterday without our checked bags The employee we dealt with said she would call us once she found out more details She called around pm and stated the bags were still in Honolulu and would be on the last flight to Lihue landing at pm last night She then stated we should plan to be at the airport at that time to pick up our bags normally when this happens the airportairline happily drops them off for you at your hotel but I told her ok and we would be there We canceled our dinner reservation being that we didnt have approriate clothes to wear and sat by the pool as we didnt have our bathingsuits Not too long after she called back to say our bags would be delivered to our hotel that night  wonderful we said and notified the staff at the hotel This morning we go down to get our bags and they werent delivered We have early morning excursions so you can imagine our frustration I call Island Air at the airport where they say the driver will be in at am and our bags would be dropped off some time today doesnt work for us So we drive the hour round trip to get our bags Again I understand bags get lost and I dont even know who is at fault for the mishap but the miscommunication or even lies about when bags are being dropped off is unexceptable and then the inconvenience of being put out to go and get them when we would have gotten them last night is absurd,5.0,,Positive,Negative,Neutral,ManualCheck
Island Air,airline,Mark Hood,2015-09-22,One night in Maui ended up a few hours in Maui thanks to flights not leaving It took  aircraft and hours at HNL airport to leave No communications from Island Air ground staff and bad attitudes Worth paying the Hawaiian Airlines price to travel with them I wish we had read reviews before booking with this company,1.0,,Neutral,Positive,Negative,ManualCheck
Israir Airlines,airline,Angel Law,2022-10-27,When i went checkin in the airport got refused due to i flew in Egypt from Cairo airport and i am not allow to fly out from Sharm el sheikh airport I think as an airline should remind customers of this regulation Not just me there is another have the similar situation he flew in from Alexandra End up we need to use the way to get to our destination spend extra money and got no reply from the airline Ive try many way to reach to them want to ask about how come it will happen or if anyone can help Not at that moment when i got refuse or after,1.0,,Positive,Negative,Neutral,ManualCheck
Israir Airlines,airline,M Günther,2013-10-22,More than  hours late no excuse me no meal voucher no information The unfriendly staff were overwhelmed My flight was from Tel Aviv to Berlin They changed the flight time from  to  am the aircraft arrived  hours later at am During the flight than the meal and drinks were not free I can only advise again this company,0.0,,Neutral,Negative,Positive,ManualCheck
Japan Airlines,airline,Amy Russell,2024-11-04,Just flew Japan Airlines from Australia to Europe via Tokyo Paid for Premium Economy seats  mths in advance and chose Japan Airlines specifically to secure Premium Economy seats for the long flight Two weeks before departure Japan Airlines phoned to advise that the aircraft had been changed and Premium Economy class was no longer available Options were to make an already long journey longer by adding another transfer in Europe in order to fly in Premium Economy or to downgrade to Economy All arrangements for the trip had obviously been made by this time and we couldnt cancel or change carrier so we reluctantly had to accept the downgrade Again booked  months in advance they advised just  weeks from departure and even suggested that we cancel our tickets outright and rebook despite the ticket prices being far higher given that it was so close to the departure date We were told we would need to wait until the trip had been completed before we could request a refund We were also told that the refund amount couldnt be confirmed until after the trip We were provided with no receipts or paperwork related to the new ticket purchase and as numerous reviewers already note the website is useless for trying to manage your own booking We put in cash bids for upgrades to Business on our return flight having endured the long haul economy on the way over and dreading the return but bids on both legs of the trip were rejected Would have been nice if there had been a red flag on our booking to say that JAL had stuffed us around at the last minute and perhaps accepting our bids would go some way towards compensating  we werent asking for free upgrades We get back from the trip after a very long journey in Economy and contact Japan Airlines to arrange the refund as we had been advised then the tickets were downgraded by the JAL phone operator In short Japan Airlines has now advised it will not refund any amount as the Economy fare that they booked in downgrading us was the highest cost  fully flexible fare that equated to the cost of the Premium Economy tickets This was not communicated to us at the time of the downgrade and we certainly wouldnt have agreed if we had known that the phone operator had discretion in which booking class the downgraded ticket was allocated  how dare you spend our money without permission The difference in ticket price between our Premium Economy tickets and Economy tickets was in the order of thousands of dollars for the two of us I spent ages on the phone talking with different people who all advised that there will be no refund and there is no recourse So we have paid extra for Premium Economy class paid in full well in advance of our travel dates to sit in Economy through no fault of our own and with this change being made two weeks before our departure Extremely dissatisfied with the atrocious customer service and the misappropriation of our money,1.0,,Positive,Negative,Neutral,ManualCheck
Japan Airlines,airline,W Milson,2024-05-25,Check in was very disorganised We had checked in online but I am not sure why anyone bothers The clerk seemed very inefficient Security was quick enough with Fast Track as was Immigration But the aircraft was a tired old plane in need of refurbishment Service friendly and polite but a bit uncoordinated my travelling companion in the next seat was offered and received a glass of water with lunch I was not and had to ask twice The AVOD is very limited with programmes that are very out of date The food Japanese selection was adequate but not the quality that I remember Business Class on JAL is really not worth it,5.0,,Neutral,Negative,Positive,ManualCheck
Jazz,airline,5 reviewsOctave Caporossi,2018-02-20,This was my first flight with Jazz and all in all I was quite pleased The flight to Montreal was short and agreeable The crew spoked both French and English which makes a plus for the flight To my surprise the economy seats were equipped with personal IFE with the whole Air Canada inflight program Food consisted of a cookie and a drink which is more than enough for a one hour flight The only downside of the flight was the delay created by bad luck The aircraft was already late already and during taxi when we were about to align on the runway the tower decided to change of runway making us  hour late On our arrival at Trudeau the crew make sure that the passengers going on another flight about to depart left the aircraft first,8.0,,Neutral,Positive,Negative,ManualCheck
Jeju Air,airline,E Jursen,2025-03-28,This is hands down the worst airline I have ever come across as far as customer service is concerned They have zero effort in helping a foreign customer Yes The flights are cheap but there it stops Flight to Japan was ok but the seat I had purchased was completely inadequate Have never sat on such a tight and uncomfortable seat Fortunately the flight is short  only just over  hours It is the situation with the return flight which is giving most concern All week I tried to purchase extra luggage so can take my shopping back their so called Biz ticket which allows more weight is not available it appears for any dates The FlyBag fare only allows kg Trying to add more turned out to be impossible The payment is declined every time I tried over several days I contacted the card issuer and they said no problem at their end It is the airline doing this The customer service emails reply the same response constantly and not giving any real solution Some email replies come in Korean The chat is hopeless They just leave the chat when you get to a certain point So finally after  days of trying reached the  hour booking time limit after which you cant add luggage Now you will face charges at the airport which will be several times the cost of the fare There seems complete unwillingness to offer any real customer support and one suspects it is designed so that the customer ends up having to pay the extraordinarily expensive charges I travel to Japan once a year and Shizuoka airport was an attractive idea as it is small and thus customs etc are a breeze But never again with this airline I have flown low cost before but this is the first airline you feel is out to rip you off completely Avoid this airline at all cost,1.0,,Neutral,Negative,Positive,ManualCheck
Jeju Air,airline,S Mcann,2024-07-11,They charged me  KRQ for overweight charges that was more than the tickets I purchased Keep your bag underweight They have lower requirements than the US,4.0,,Positive,Negative,Neutral,ManualCheck
Jeju Air,airline,T Huang,2024-06-12,My original flight suppose to be departed at  and was delayed to   I arrived and try to check in and was told too early to check in come back  minutes before flight depart I came back  hour before flight departed and was in line for  minutes which meant I had  minutes time frame Staffs at the counter told me they are closed and I was late for my flight and not helped me to find a flight to Seoul I finally have to book the cheapest flight and paid for checked in luggages Other alternate flights would cost more than  usd per ticket with total of two travelers and travel time with connection time would be more than  hours This travel route cost me too much money extra tickets and luggages cost,2.0,,Neutral,Positive,Negative,ManualCheck
Jeju Air,airline,H Morton,2024-03-13,Boarding was easy and rather pleasant Once seated it was very cramped hence economy But cabin was hot and stuffy I figured the air will improve once we took off but it never did While in the air and have reached cruising altitude and speed the cabin crew quickly sped the refreshment cart by without a word of instructions as to items for purchase including water I am American and non Korean therefore do not readspeak Korean  hour flight from Cebu to Seoul and no water in a hot cabin is not safe My husband needed water for medication One of our traveling mates had gotten up for the toilet and I asked him to get my husband a cup of water Our travel mate had a extremely hard time getting a cup of water He basically had to firmly insist before getting a half cup of water This is unacceptable I would have purchased water had I had been informed  If we party of  can ever avoid it we will never take JeJu Air again,1.0,,Positive,Negative,Neutral,ManualCheck
Jet Airways,airline,B Vijay,2019-04-16,Jet Airways is a third class airline I booked the ticket from Ahmedabad to Mumbai but after  days I got the message that they cancelled the flight for operation reasons So I called customer care executive with holding line  hrs and make arrangement in another flight Unluckily that flight was also canclled with same reason and arranged for another flight Same thing happened  to  times Finally last flight also canclled with same reason,1.0,,Neutral,Positive,Negative,ManualCheck
Jet Airways,airline,S Marisanto,2019-04-13,My initial departure flight to Pune was canceled a week before departure date At first we kinda accepted it and get along with the rerouted flight to Mumbai Because of this I need to stay at hotel in Mumbai before continuing my trip to Pune by car in the morning Yet it doesnt simply end with re route trouble my checked in bagage is delayed It still left in Singapore where I transited They promised to take my bag tomorrow in the morning yet my bag arrived  days later As it not enough with just that they also canceled my return ticket a day before I supposed to fly on saturday morning  I write this review on friday and due to sudden information from Jet Airways my office had to find flight replacement best closest day they get is sunday evening whom will be operated by another airways and I will arrive in jakarta at Mondaynoon Canceling all appointment plan in the weekend Very disappointing,3.0,,Neutral,Positive,Negative,ManualCheck
Jetblue Airways,airline,Maria Roman,2025-03-04,I called customer service because we paid for be comfort on seats B and C and we never were comfort because both seats can not reclined broken and both tvs were not turning on either Was our flight from BQN to MCO How is possible that the answer was we are not given compensation for a service that we do not receive Very disappointed We paid for a service not received,1.0,,Negative,Positive,Neutral,ManualCheck
JetSmart,airline,Reza Chegini,2024-08-19,It was my first time and last time flight with this airline We wanted to pay for luggage in website and they didnt accept the card and they charged for checkin because their website didnt let us to do that and also they charged us for carryon and also didnt take from us,1.0,,Positive,Negative,Neutral,ManualCheck
Jetstar Airways,airline,T Tran,2024-12-28,My flight from HCM City to Sydney was delayed for  hours after landing with no clear reasons from the cabin crew The lines to the counters are always busy and there are usually only  staffs at the time  each staff normally takes around  minutes per personsmall group The counter staffs charge  per person for early bag dropping which is a scam as they never display the price on the signs nor in the app nor anything  this is where it gets ridiculous as they only open bag dropping counters for a specific flight  hours before the departure whereas the boarding time is  minutes before departure and it usually takes like an hour per person to get to the counter Got my flight cancelled just an hour before the departure time after all that effort and money as I tried to make it to the counter They compensated me with free flight rescheduling and an overnight accomodation The bus service which was also covered in the compensation was late for  minutes and I came to the airport one hour before the departure time Lined up again for  minutes which was still ontime as compared to the boarding time and the counter lady said I was  minutes late and no one announced me about this when I was still inline Had to reschedule again but this time they charged me person Im writing this review while waiting for my next scheduled flight lets just hope that it wont be cancelled another time Never recommend this to anyone Please do not waste your time and money considering if youre looking for a budget airline as its not worth what youre going to pay,1.0,,Neutral,Positive,Negative,ManualCheck
Jetstar Airways,airline,Janice Lee,2024-12-19,On  Dec woke up at am to see that my am flight from Gold coast to Melbourne JQ has been cancelled Email was sent at am very last minute At the Melbourne airport the flight JQ was delayed multiple times I received  notifications on my phone of updated flight timings Staff announced about engineers fixing emergency lights After a while staff said they will be done  to  minutes the engineers will be done but they were not Continued to say that there are no updates It is quite frustrating After h mins it was cancelled Appreciate the complimentary  voucher to be used in the airport the accommodation and the  meal voucher at the accommodation We were told that the  Dec flight JQ is at pm Upon reaching the airport it is changed to pm The screen showed that checkin is open but there was no counter no mentioned Initially was boarding gate  at pm Suddenly changed to boarding gate  at pm No announcements were made Then I overheard a staff member telling a passenger to come back at pm as he was telling to queue at pm The staff announced for rows  to  to board at pm but we were made to stand and wait for mins Appreciate the complimentary entertainment Overall this experience has been patience testing and I felt that the staff could be clearer in communication to passengers This has caused me to lose faith in this airline,3.0,,Neutral,Positive,Negative,ManualCheck
Jetstar Asia,airline,M Lanssen,2024-01-12,I am reporting what the Jetstar Airlines did to my flight The travel Agency in Sweden where I booked and paid my whole ticket already confirmed my flight And I checked it and all set confirmed and done After  weeks the Jetstar Asia changed the flight schedule and they want both my travel Agency and The Jetstar to confirm the changes on my flight and I did it As I checking in during my flight schedule The Jetstar Asia pending my flight without knowing that I have to pay and they charge me a total of  philippine peso at the airport I have no other option because they dont want to confirm my flight I asked them what is the payment for It is for the Change of your flight REALLY Do I need to pay for the Airlines cancelation or Change flight they did I already accepted the option they gave to confirm the changes but they never specified that I need to pay for that action It should be refunded instead of Charges I asked them what happened to my original flight they said it is already canceled  I am so disappointed and discouraged,2.0,,Positive,Negative,Neutral,ManualCheck
Jetstar Asia,airline,C Han,2023-08-07,Unable to check in on time was late by  min I arrived to check in station at h flight is at h and the counter staff at SIN terminal  was not able to help me out to manually check in or at least check with control regarding late check in I had to book a whole new flight or else my itinerary will be disrupted  Not willing to help even if it is a  min thing made me lose time and money Counter staff was not at all helpful and kept shoving me to book another flight on my own way by all means,1.0,,Neutral,Negative,Positive,ManualCheck
Jetstar Japan,airline,Sergio Gonzalez,2024-12-12,I would not recommend Flying out of Narita they were weighing everyones luggage When I bought my flight I paid for extra weight to kg Then at the airport I was over by kg and had to put the heavy items in my jacket until I got under the weight requirement Not a fun thing to do I probably wont fly with them again,1.0,,Positive,Negative,Neutral,ManualCheck
Jetstar Pacific,airline,Nicolas Cabero,2020-09-07,Problem airlines Every time I decided to fly with them I struggle with problems I made a booking on July  for a flight from HCM to Ha Not this September This August they have been bought by Vietnam Airlines and changed their name now Pacific Airlines They had to change all bookings previously made By entering our booking in their new system they made a mistake with the name of my fiancee they forgot her rd name I shown them the proof I have put the right complete name when I made the original booking and the mistake came from their end They did not care at all and ask me to pay for another ticket We refused to pay and it took h to bargain with them and make the name modification without paying any fees for their mistake Fortunately the ground service in HCM airport were fully understandable and made their best toward for us to do not pay any additional fees,1.0,,Positive,Negative,Neutral,ManualCheck
Jin Air,airline,A Kelsey,2018-11-30,Seoul to Vientiane I had to wait an hour standing in line just to receive my boarding pass I was not able to check in online While waiting in line they also allowed someone to bypass me who hadnt been waiting in line at all Once on board I found the seats werent comfortable The bathroom was the smaller bathroom I have ever been in I could barely even wipe They only offered one meal and because I dont eat fish I was not able to eat There was no tv and the flight was for  hours and  min There was no option to upgrade to a better seat it was very cold on the plane and no place to plug in phones,1.0,,Neutral,Negative,Positive,ManualCheck
Joon,airline,Michael Hallauer,2018-12-18,Paris to Cape Town This was my first and last trip using Joon I usually fly to Europe using Emirates or Qatar Airways This time I thought I would try out Air Frances or so I thought when I booked direct flight to Paris from Cape Town My first surprise was to find out that even though I thought I had booked Air France the booking confirmation indicated Operated by Joon My second surprise was to find out that this airline has a poor reputation as a low cost equivalent to Air France but too late I had already booked and paid So I went into the trip with an open mind hoping to be pleasantly surprised but sadly the surprise was not pleasant at all The economy class seats have got to be the worst I have ever experienced in economy class on any other airline Very narrow and very hard Very uncomfortable Secondly the food service and quality of food provided is just totally unacceptable for a long haul international flight They basically try and get away with giving you one full meal and a small snack on a  hour flight while other carriers like Emirates will give you  decent meals on their  hour flight from Cape Town to Dubai Also Joon should be embarrassed at the quality of the meal they provide In my cabin section the attendants also decided they were going to forget to offer drinks with the meal When a passenger in front of me eventually complained they brought him a drink but didnt then immediately try and correct their mistake and offer drinks to other passengers like me I had to personally request a drink Do yourself a favour and rather take a more reputable carrier even if it does involve a connection and longer flying time,1.0,,Neutral,Negative,Positive,ManualCheck
Joon,airline,Anoop Raina,2018-11-19,Paris to Mumbai Leg space is good along with inflight entertainment but everything else is not good enough Untrained staff not so comfortable seats I mean it does not matter how many times you press the button to call hostess they just wont come In  hour flight they served only twice and we were left hungry They would serve when they wanted to even if I asked them if you could serve us as we were hungry Thats a no no for a new airline and I would not recommend it to anyone at all This was the worst experience travelling international I travelled with them twice within a span of  days,2.0,,Neutral,Negative,Positive,ManualCheck
Joon,airline,Kenneth Sandvær,2018-07-02,Paris CDG to Oslo Highprice highdensity seats The crew kept crashing with pax several times when serving from the trolleys Crew uniform seemed like tshirts and did not fit a crew The crew made the wrong announcement before landing As much as the crew kept smiling and apologizing it felt like the crew had little experience Not recommended,3.0,,Negative,Positive,Neutral,ManualCheck
Jordan Aviation,airline,Essam Alkhatib,2024-06-13,They did not meet the departures timing and they arent helpful at a delayed times of there airplane they keep us for more than ten hours at the airport,1.0,,Positive,Negative,Neutral,ManualCheck
Juneyao Air,airline,Ben Ryan,2025-01-13,I just flew back from Japan via Shanghai with Juneyao Airlines and had the worst experience  Australians etc on the same flight from Osaka were left stranded when our flight was delayed We all missed our connecting Juneyao flights to Melbourne and Sydney despite the fact both planes were still at the gates and on the ground for an hour after we had landed Rather than hurry us to make the connecting flight we were given no updates or communication about what was going on from the minute our flight was delayed to when we landed Once off the first flight at the Gate we were told to go with the ground staff who we all assumed would be fast tracking our path to the next gate to help board our next flight but instead we were taken through customs to collect our bags Even up to this point no updates or info as to what was going on We were then ushered on to the airline desk and told via language translation apps that we would be getting the next flight in  hours for those of us lucky to be going to Melbourne  everyone trying to get home to Sydney was stuck hours Then when we couldnt believe it could get any worse we were eventually bussed to a hotel in the middle of no where that was horrendous people smoking through the lobby and all the rooms and given a packet noodles for dinner and sent off to our filthy smelly rooms for the night The following day I asked if we could go back to the airport early as there we could at least use clean toilets and find a coffee They agreed to take some of us early and eventually we cramped in an old ford transit van without working seatbelts and driven by a reckless maniac back to the airport where we eventually were able to check in again and wait to board our flight home some  hours later it was also delayed for over an hour All in all I definitely wouldnt recommend Juneyao Even if you save a few bucks it was an utterly horrific experience and an unfortunate way to wrap up an otherwise great holiday Suspect they wont be around long if they dont establish some basic level of basic customer service Hopefully the rest of the Sydney people also eventually got home too Also no the WiFi doesnt work on board,1.0,,Neutral,Negative,Positive,ManualCheck
Kam Air,airline,Mursal Ali,2020-01-02,The last time I had to fly by Kam Air was few month ago during summer holidays I booked my round trips flight from Geneva to Istanbul by turkish airline Istanbul to Kabul and from Kabul To Mazar e Sharif north province of Afghanistan by Kam Air One week before the first flight I had to change my flights from Kabul to Mazar and contacted Kam Air They responded after to days and refused to change the date or refund even a percentage of three tickets me and my two kids for return from Mazar to Kabul the changed the date of a round trip from Mazar to Kabul and Kabul to Istanbul and from Istanbul I had to fly to Geneva without informing me I missed all round trip and had to pay more than  to rebook all three tickets for two days latter Two days latter again while I as in the Mazar e Sharif airport the Kam Air flight was gone and I had to travel by road and drive nine hours in other to not miss again all my flight to Geneva After nine hour of drive arriving in Kabul airport our names were not included to the passengers list and again our flights were changed to next day without any previous notice We hardly managed to take the flight to Istanbul but I had to leave my luggage and I had to travel all way to Istanbul far from my kids as the sets were separated I contacted them many times to compensate at least few percentage of missed flights which they caused but they didnt respond and even once they asked me for  extra Then they blocked me from their social pages to not add comments and or contact them For a round trip which normally costs  I paid  The staff and customer services are not kind and helpful They dont know there own system to work and behave Even in their own branch office they will ask you to contact their customer service,3.0,,Neutral,Negative,Positive,ManualCheck
Kam Air,airline,Dave Stanley,2009-01-28,DubaiKabulDubai Not so good as my last trip The  aircraft is not on this route so they are using an ancient  or MD We were about  hour late each way Ticket prices have increased a lot in the last year so it would not be unreasonable to expect better The food departing Kabul should still be avoided,3.0,,Positive,Negative,Neutral,ManualCheck
Kam Air,airline,Dave Stanley,2007-12-24,DubaiKabulDubai in early December Kamair continues to be OK Both flights were close to being on time  the only small delay down to Dubai air traffic They are now doing the luggage security check in Kabul which means you have to point out your case before it is loaded onto the aircraft Dont forget to do this if you want to see your case at your destination,3.0,,Neutral,Positive,Negative,ManualCheck
Karthago Airlines,airline,S Klouwer,2009-09-17,It wasnt all that bad Food wasnt great cleanliness was not great We found the cabin crew to be friendly and they all had smiles and were tired from Ramadan,7.0,,Neutral,Negative,Positive,ManualCheck
Karthago Airlines,airline,P Lewis,2009-07-07,It was with great concern that I learnt our flight to Tunisia was with Karthago having gone onto this site to check them out Tried to changed the flight with Thomas cook but they were most unhelpful and told us if we wanted to change it we would lose about  so decided to suck it and see what happened After arriving at Gatwick we were told by the check in staff that the e ticket we had received was not acceptable to them and had to get tickets printed at a cost of  taking this one up with Thomas Cook The plane did take off on time which was the only good thing about it  plane was old and very worn food on the way out was a stale sandwich coffee offered was cold Staff unfriendly which is a shame as in Tunisia all the people we came across were lovely On the return flight food was awful and staff rude,1.0,,Neutral,Negative,Positive,ManualCheck
Karthago Airlines,airline,V Allonby,2009-06-13,I am not surprised to see that the reviews of this airline are poor I have not flown with Karthago Airlines as they decided to cancel our flight and did not bother to tell us We were supposed to be flying to Monastir today and just happened to call up on Wednesday to check we had the correct documentation and were told our flight was cancelled and I still have not been given an explanation I think if I hadnt I would be stood at the airport right now waiting to go on holiday I will certainly not be booking with this airline again In a way I am glad I never boarded the flight due to the reviews of the poor maintenance of the plane and continuous delays together with the appalling customer service I have received it sounds like a blessing in disguise,0.0,,Neutral,Positive,Negative,ManualCheck
Kenya Airways,airline,Katy Fly,2025-02-18,We had a travel from Warsaw to Zanzibar in December and in February back After horrible reviews we were ready for everything But eventually it was not so bad Only h delay we experienced in Nairobi on the way to Rest of the flights were on time We didnt risk to take our sport equipment with us because we knew that they can charge for it their online policy about kitesurfing equipment is vague and in the letters we didnt receive any normal response  just some standard reply Planes though are quite big and comfortable food is average service on the flight  ok The only thing  our flight back got cancelled and we didnt receive any letter about it So be ready to check your flight days before to make sure it happens as planned And better prepare that it can be shifted days laterearlier Luckily we could change it online without any problems But eventually on the check in it turned out that we have only booking and no new ticket so the checkin lady had to fix it through their contact center Somehow she managed to do it in min But if you want to call them  NO CHANCE to get in contact with their contact centre  its just unavailable any number you dial or even off you write to their WhatsApp The only way is emails which takes couple of days to get an answer Conclusion better than expected but be ready for the offmoments,7.0,,Neutral,Positive,Negative,ManualCheck
Kenya Airways,airline,S Ward,2024-12-24,Worst airline Ive ever dealt with hr delay on first flight due to engineering issues Left sitting on the plane with no aircon or lights while they worked it out Next flight air con didnt work after about mins into flight and the flight became an over Very old and tired planes and the seats feel like youre sitting on metal They cancelled todays flight and moved me to another flight without telling me And then put my Dad on a separate flight Staff at the help desk were rude and kept passing me from one line to another When I asked for names they refused to provide them so I took a photo to report them and they then demanded I delete the photo or theyd call security I complied but they called security anyway and still wouldnt provide names In the end we still ended up being put on separate flights mine hrs after the original flight Id booked The only saving grace was the staff on the plane were at least friendly and polite But nothing else positive to say,1.0,,Neutral,Positive,Negative,ManualCheck
KM Malta Airlines,airline,E Hayle,2025-03-12,KM Malta Airlines overbooked my flight and would not allow me to fly Apparently they feel that overbooking is a perfectly legitimate practice They were not at all apologetic did not supply me with the form I needed to prove that I was bumped off the flight and then claimed that I was a No Show and refused to reimburse me for the Easy Jet flight I had to take instead Terrible service,1.0,,Positive,Neutral,Negative,ManualCheck
LAN Airlines,airline,7 reviewsP Manderson,2016-06-24,Buenos Aires to Lima with LAN The plane looked a little bit dated and not completely clean Seat space is good fully flat bed but with a lot of divisions on the seat so in the bed position it is slightly uncomfortable Weak cushioning Food was not the best Amenity kit was Ferragamo in brown colors with Tuscan Soul toiletries highly acceptable,7.0,,Neutral,Negative,Positive,ManualCheck
LAN Airlines,airline,David Guenthner,2016-06-16,I had purchased a ticket between Buenos Aires Aeroparque and Santiago Chile On the date of my return to Buenos Aires when I went to check in at the LAN ticket counter a LAN staffer told me my flight had been cancelled and she sent me to be rechecked in a line for a flight to Ezeiza the airport  minutes outside of town Instead of the exitrow aisle seat I had reserved for the Aeroparque flight I was placed in a middle seat on a full flight to Ezeiza However once I landed at Ezeiza I discovered that not only had the Aeroparque flight not been cancelled but that it was arriving at Aeroparque  minutes after I arrived at Ezeiza The LAN ticket counter staff never provided an explanation for why I was bumped off the flight I had purchased nor was I offered an apology for being taken an hour out of my way All I got was a free transfer into the city To add insult to injury LAN has not credited my LANPass kilometers for this flight,1.0,,Positive,Negative,Neutral,ManualCheck
LAN Colombia,airline,Patricio Dangelo,2015-07-28,I flew twice from Bogota to Miami on LAN on June th and on July th Plane old  but in good condition very good entertainment system and very comfortable economy seat Paid US to sit in the economy first row but definately worth it it had tons of legroom However there are  negative points of LAN first the meal They serve a cold disgusting sandwich on a route where the  other full service airlines Avianca and American Airlines serve  choices of hot meals Two thumbs way down But the worst part is having to deal with their reservations department If you buy a ticket on LAN make sure you do not change it It took me  calls to have my flight changed the first  tries I was given wrong information by  totally clueless agents in their call center in Colombia Finally on the third attempt an agent in the call center in Chile could change my flight Each time I was on the phone with them about one hour,4.0,,Neutral,Negative,Positive,ManualCheck
Lao Airlines,airline,35 reviewsT Harper,2023-02-05,Friendly airline No Skybridge for the ATR  and the board from the back Although Seat A was quiet  you will be one of the last ones to sit and one of the last to leave your seat The snack was a bit sad but it was a short smooth flight,8.0,,Neutral,Negative,Positive,ManualCheck
LATAM Airlines,airline,D Tandy,2025-02-19,I paid  for a hold bag online the day before my flight On arrival at the airport LATAM said there was an error with their system and the payment wasnt linked to my ticket I showed them my invoice receipt email and bank transaction and they agreed the payment had been made but said I needed to pay  and the  would be refunded I made the point that there was no reason for me to pay  more because their system had failed but they wouldnt budge and as I was at risk of missing my flight I ended up paying Had a very frustrating experience with their complaints team who also accepted the issue was with their system but said system failures happen and that I was liable for the full amount So essentially LATAM are rewarded for making a hash of a luggage booking and charging over  extra at the airport Incredibly unhelpful staff at all levels Scam artists Enjoy my  Ill spend a lot more to avoid you in future,1.0,,Neutral,Negative,Positive,ManualCheck
Laudamotion,airline,Jean Heffels,2020-03-21,Malaga to Dusseldorf Regarding our return flight with Laudamotion departing from Malaga We tried to contact  days in advance with both airline and ticket provider Both agencies did not respond by phone or mail Wednesday morning on March th we went to the airport anyway and our flight was not even mentioned on the information boards I understand all the commotion surrounding the coronavirus but it is shameful that customers are not informed at all and are simply left to their own fate Ultimately we were helped by Ryanair with a flight to Amsterdam The next day we Picked up our car in Dsseldorf We dont recommend Laudamotion at all,1.0,,Positive,Negative,Neutral,ManualCheck
Level,airline,E Calson,2025-01-18,First and last time Im flying this airline Worst flight so far in terms of the airplane Toilets were dirty None of the restrooms had water in the sink  for a hour flight  I had to ask the flight attendant for sanitary wipes otherwise they didnt proactively supply Food not good I think the flight attendants were ok Smooth flight Great landing by the pilot I dont think ill ever choose Level again,4.0,,Neutral,Negative,Positive,ManualCheck
Level,airline,K Carlos,2024-07-24,The experience was okay especially in Premium Economy I dont know if this is what you would expect for Premium Economy but I can tell your firsthand its not too bad compared to other airlines with low budget such as this one It had okay meals it was kind of mid though it tasted a bit bitter The inflight entertainment was okay There were movies of which there was only  very limited if you compare to other airlines There was a USB Port for charging and a Headphone Plug If your looking for something cheap I would recommend Level,6.0,,Neutral,Positive,Negative,ManualCheck
Libyan Airlines,airline,G Misioch,2009-02-09,TUNTIP Checkin at Tunis was efficient and staff generally friendly Boarding at the gate was chaotic While on the runway the plastic emergency exit covering came off The pilot came and put it back on Plane then proceeded with takeoff The food was standard and staff friendliness on board ok although only with limited English skills Onboard announcements were in Arabic only The interior was worn emergency cards in seat pockets were still from the former owner of the plane a defunct French airline,2.0,,Neutral,Negative,Positive,ManualCheck
LOT Polish Airlines,airline,Natalia Sorokovik,2025-03-05,Our recent experience flying with LOT Airlines from Vilnius to Miami via Warsaw was beyond disappointing What was supposed to be a smooth and wellplanned journey turned into a frustrating and stressful ordeal due to the mismanagement and complete lack of customer care We booked three seats two for my husband one for myself an additional seat was added to ensure a comfortable journey for us and our pet Everything seemed fine during online checkin for the first leg of our flight However at the airport LOTs staff only issued us two boarding passes and assured us that the third seat was reserved When we boarded the plane in Warsaw we were shocked to find that the seat we had paid for was given to another passenger LOTs mistake not only caused us significant discomfort but also resulted in our booking being falsely marked as a noshow The most frustrating part wasnt just the mistake it was how LOT handled it Despite having clear proof of payment and checkin we received no meaningful support or apology To make matters worse the cabin crew while technically following procedures lacked the most basic empathy or communication skills No one acknowledged our distress offered any kind of solution or even apologized Imagine being on a longhaul flight having paid extra for comfort and being completely ignored when that service was not provided LOT Airlines may offer petfriendly travel but our experience proves that when things go wrong they do not take responsibility If you have an option to fly with another airline take ityoull save yourself a lot of stress and disappointment,1.0,,Neutral,Negative,Positive,ManualCheck
LOT Polish Airlines,airline,Esther Simmendinger,2025-01-07,We flew to Delhi and only on the way back they asked us to weigh our backpacks Apparently backpacks can only weigh  kg Not only is this weight rather unreasonable the policy of weighing backpacks is completely ridiculous It allowed them to have us pay an additional  to check in another bag They should have at least allowed people on a return ticket to fly back the same way they came But its obviously a great way to make extra money which is earning them customers who will not take more flights with them Additionally the food is abysmal they dont let you choose veg or nonveg and they served us a fullon dinner at  in the morning The second meal was a tiny hot pocket The toilets also became incredibly disgusting after a few hours with paper running out etc,4.0,,Neutral,Negative,Positive,ManualCheck
Lucky Air,airline,Samantha J Finkbeiner,2018-12-17,Bangkok to Chengdu I am furious with this airline I tried to contact them about adding more luggage and just kept being put in circles with no answers Then once Ive arrived to check in they charge me almost  dollars excess baggage fee instead of letting me increase the amount I was super embarrassed  All I was trying to do was go back home I will never recommend this airline for anyone,1.0,,Positive,Negative,Neutral,ManualCheck
Lufthansa,airline,E Layne,2025-04-04,What a disappointing experience Our outbound flight was on SwissAir and the quality of the cabin and service was equal to Singapore Airlines which was codeshared We were expecting something similar on our homebound flight with Lufthansa but as soon as we boarded it became obvious that this wasnt to be the case The plane was old I havent seen one like it for at least ten years We were in the upstairs cabin but there was no privacy between the seats and there was bizarrely a service station halfway down the cabin so the stewardesses were plating food and scraping leftovers directly in front of our seats The screens were small and not touchscreen so you had to use a wired handheld device to move a cursor on the screen I gave up trying to scroll through the options as it was so unresponsive The food was uninspired The flight staff were pleasant but not particularly friendly and we didnt see them at all between dinner and breakfast They didnt help to set up our beds which were so narrow that you couldnt turn over and the bedding was thin and not very comfy There was only one bathroom for  seats and the waste bin hadnt been emptied overnight so in the morning there was no space for towels etc Suffice to say that we will not be flying Lufthansa business class again,5.0,,Neutral,Negative,Positive,ManualCheck
Lufthansa,airline,R Morton,2025-03-31,I recently March  was on a business trip from US to Europe The original flight was cancelled due to a strike in Frankfurt I fly a lot so not the first time But this is when several red flags began to happen The first red flag was Lufthansa did not offer an alternative flight The only way to communicate with them was through a chat bot there was no real person to talk to The only options I had was to refund my flight and completely new book which would have been insanely expensive or to update to another flight two days later for an additional  Why Lufthansa did not offer this update for free was beyond me to understand Lufthansa refused to reimburse me these  I ended up paying more than  for a flight ticket from the East Coast of US to Frankfurt  But it gets better The first flight was a leg from Raleigh to Newark That flight was delayed which then led to me being rebooked on a Lufthansa flight from Newark to Munich which also was delayed which then led again for me to be rebooked on a different flight from Munich to Frankfurt The funny part is that a United customer service agent was able to rebook me last minute on a flight to Germany on Lufthansa Something that Lufthansa was not able to do two days earlier when their flight was cancelled This lastminute rebooking of course also led to a downgrade of my booked class I flew Economy  Over this entire process Lufthansa has lost my luggage At that point I only had two days in Europe anyways but all the appointments that I cramped into those two days had to be cancelled because I literally only had one change of cloth with me Thankfully my mother lives in Germany so I could rent a car and drive to my mother to stay until my luggage was found At that point I already has another flight to Asia so I lost an entire week of work thanks to Lufthansa At the end of the day I paid more than  for an economy class flight from Raleigh to Frankfurt that was more than  hours too late and during which my luggage was lost Lufthansa has not given me a cent of reimbursement Dealing with their customer service which you only can reach via web portal is an absolute pain They expect you to know all the Lufthansa specific rules and regulations It seems their main aim is not to satisfy their customer but to save as much money as possible I travel a lot for work and I flew many many airlines in my life I always looked forward to fly Lufthansa But this experience has changed my mind There are many other airlines that fly to Europe They all have to deal with strikes they all lose luggage sometimes But every single airline I ever flew with even the US based airlines were friendlier and more helpful in their customer relations than Lufthansa Lufthansa just lost a customer in me And I dont wish for anyone to have the same experience,1.0,,Positive,Negative,Neutral,ManualCheck
Lynx Air,airline,S Chelsea,2024-02-11,Terrible experience Our bags fit under our seats in front with room to spare and they still made us pay  Rude customer service The way back was fine and the crew did not make us pay for our bags Have a flight booked for spring and they bumped our flight a day out coming home which is going to cost me an extra night hotel childcare and day off work  they are unwilling to compensate in any way Will never fly with them again after this trip I would cancel but have a cruise booked They have an average review of  for good reason,3.0,,Neutral,Positive,Negative,ManualCheck
Malawian Airlines,airline,M Sangher,2019-12-04,Johannesburg to Lilongwe Was originally booked on SA but due to their strike I was rebooked onto Malawian Airlines ET The whole process was a total mess Boarding gate staff pulled aside  or  passengers because they did not scan passports at the checkin counters  made us wait until the entire flight was boarded and then scanned us and boarded us After that I was seated in C business class My seat was filthy uncleaned and plastic parts of the seat were broken and cracked The tray table for food was broken and sat at an angle with the food tray sitting on the edges delicately and precariously Hostess did not seem bothered about this and still place food and drink on the wobbly table which was frightening Food was abundant it was very tasty and enjoyable Could not fault it Aircraft information card was fool of dried food  obviously not cleaned for ages Will never want to be on this aircraft again if I had a choice,2.0,,Neutral,Negative,Positive,ManualCheck
Malawian Airlines,airline,Marc Menrath,2017-10-28,Lusaka to Dar es Salaam via Lilongwe The flights itself were pleasant Flew with the allfemale crew and all the staff was great felt very safe on board even during landing in heavy wind and rain in Dar Food was good too We encountered technical problems in Lilongwe the plane had an electronic failure and could not move on after three hour of helplessly trying around and waiting for an engineer it was later evening and the flight was cancelled I understand this is an exceptional situation and a worst case scenario for every airline at this place and at this time of the day But you have to keep in mind that Malawian is very small They run only two different aircrafts and they were very apparently not prepared for such a situation The crisis management was abysmal The staff was unable to cope they gave us a bottle of water after  minutes and told us they would give new information in  minutes  minutes later they announced the flight was cancelled and they would try to set the connecting passengers on a list for the same flight for the next day Wait so its at least one full day of waiting in Lilongwe Yes they said that After that the poor staff was trying to find rooms for the night for the around  passengers in Lilongwe They failed Many passengers had to sleep in dorms in very bad hotels they told the next morning Our hotel however did not accept the voucher a handwritten note stating Malawian Airlines will pay the bill until   Guy at the reception said They always say that they never pay anything this is Ethiopian Airlines so cash or no room At least they fixed the problem during the night and finally already on the bus to the hotel they told us we could fly in the early morning And yes they kept their word and we could continue our journey at  am But whoever flies Malawian should know that this is a good and friendly airline  as long as nothing unexpected happens In this case you wish you had paid a little more at least for a better situation management or information policy So no I would not fly them again,3.0,,Neutral,Negative,Positive,ManualCheck
Maldivian,airline,F Shameel,2017-05-25,Male to Kooddoo I was travelling by Maldivian in  sectors on the same day But the airline does not provide a flythrough service The staff at check in counter was able to give the seat I requested for The flight was delayed but there was no announcement or indication by airline on the delays Three other Maldivian flights were also delayed that were scheduled to depart almost the same time as my flight They made an announcement for  of the flights and gave an estimated departure time for the other Ground staff are relatively inexperienced and naive with no sense of accountability in attending to customer The aircraft was clean and well maintained but extremely hot The cabin crew gave a wet tissue Seats were very packed with limited leg space There was no inflight entertainment or catering The cabin crew announced the restriction of any electronics or mobile phones and clearly mentioned that the mobile phones must be swtiched off through out the flight There was an inflight journal which I have read in my previous flights For more than  hour I just sat up and did nothing just waited for the aircraft to land Seats were fixed upright and cannotbe reclined Cabin crew served packet juice and water No food light meals or snacks such as sandwich peanuts available even for purchase in the flight Overhead speaker was not clear at all and didnt understand most of the announcements The flight was very noisy and they offered ear plugs Maldivian has a long way to go in meeting its customer needs Lack of competition is the the upside and downfall of this airline,4.0,,Positive,Negative,Neutral,ManualCheck
Mango Airlines,airline,1 reviewsJamie-Lee November,2021-05-02,Myself my husband and our  small kids arrived at Cape Town International airport on Tuesday th April departing to Durban After checking in and taking our suitcases we were advised that we will not have a flight home on Sunday nd May I had checked on both my departing and return flights before leaving for the airport and everything was confirmed no notification of cancellation When I asked why I was not informed I was asked dont you watch the news I was then sent to customer care and I was told there was nothing they could do to help me and that I have to book a flight home with another airline The attitude of the staff member was disgusting and extremely unhelpful I spent the entire day on Wednesday trying to get hold of somebody at Mango with no success on Thursday I was told they dont know anything and cant confirm if they will be flying I had no choice but to book with another airline and fork out R which I had not budgeted for Today I received an sms stating my flight time has changed so I called to advise I have already booked with another airline and cannot cancel I was abruptly told that I would have to accept a voucher as Mango never confirmed my flight was cancelled despite what I was told by staff at both airports They ruined a family holiday we had been looking forward to for months They affected my job as I had to request another leave day Their staff have no empathy and should not be working in customer services What am I supposed to do with a voucher The least these people can do is extend the validity period of the voucher I have no intention of travelling again in the next  months I could barely afford this trip with all the issues caused by them I will never ever book with this airline again Please people do not book flights with this airline,1.0,,Negative,Neutral,Positive,ManualCheck
MEGA Maldives Airlines,airline,Gaurav Sinha,2017-02-26,Delhi to Male First of all business class in MEGA Maldives Airlines is pathetic Smaller seats the same as economy just more leg room but no leg rest They provide no lounge access and top of it they have no in flight entertainment Its a waste of money if you fly with them in business class I am never going to fly them again or recommend anyone,4.0,,Positive,Negative,Neutral,ManualCheck
Meridiana,airline,Robert Bakewell,2016-09-21,New York to Palermo Italy From the moment we confirmed this flight by paying last April had the sinking feeling it was a mistake It is almost impossible to reach airline representatives by phone and if you do it may be returned voice mail  hours after you call  Seat assignment process was difficult and reviews of performance not good Yesterday the hammer dropped Interminable wait to board our flight in New York JFK then an announcement it had been cancelled A sort of Keystone Cop melee to get passengers into nearby hotel Must say this place is good We are waiting this next morning to see if they fly us out today Meanwhile we missed a prearranged day tour of Palermo scheduled for tomorrow AM So unless you really have to save money and dont mind uncertainty and a sort of make it up as we go philosophy and a tiny airline that has no planes on back up fly Meridiana Otherwise do not book with Meridiana,1.0,,Positive,Negative,Neutral,ManualCheck
MIAT Mongolian Airlines,airline,Shijirbaatar Badmaarag,2019-10-25,Beijing to Ulaanbaatar MIAT Mongolian is not ideal Im a MIAT Mongolian Frequent flying during  due to family vacations Their customer service nor landings are good Meals are okay but if youre trying to get to Moscow use Aeroflot or a better airline They dont use inflight entertainment,1.0,,Positive,Negative,Neutral,ManualCheck
MIAT Mongolian Airlines,airline,Jennifer Chevalier,2019-02-13,Tokyo Narita to Ulaanbaatar They used to have  seats on an already uncomfortable flight now they have  seats on what is the most miserable flying experience ever No entertainment of any variety on this flight from Japan to UB so bring a book Its too tight to sleep Babies crying people cursing cant blame them really  its a punishment flight Do not eat the breakfast burrito on the return flight from UB to Narita even the Mongolians will tell you it will keep you in the bathroom No way to upgrade to Economy plus Plus they have cut back on the weight of carryon so make sure youre either super light or have a suitcase that youre checking No WiFi connection and there are no Miat staff at Narita until just before departure so if you have questions or problems youre out of luck,1.0,,Neutral,Negative,Positive,ManualCheck
Middle East Airlines,airline,Jennifer Bteich,2024-05-15,As a frequent traveler Ive had my fair share of experiences with various airlines but my recent encounter with Middle East Airlines MEA left me thoroughly disappointed and frustrated although i am a cedar miles frequent traveler as well First and foremost the lack of reliability in MEAs flight schedules is alarming Despite booking my flights well in advance I found myself at the mercy of frequent and abrupt changes in the itinerary The excuse of the ongoing crisis in the Middle East region is simply not acceptable especially when other airlines seem to operate smoothly without such disruptions This incident happened to me and my family during Christmas holidays it affected our travel plans and it happened again now for our upcoming summer flight Whats even more infuriating is MEAs complete disregard for the inconvenience caused to passengers especially with regards to prior connecting flights that will be disrupted due to this change  Not only was I not offered any compensation for the disruption to my travel plans but MEA also failed to provide any alternative flight options to accommodate my schedule Its outrageous to expect passengers to bear the brunt of MEAs incompetence without any form of recourse Bearing in mind that i am travelling with my family of  young kids Furthermore the dismissive attitude displayed by MEAs customer service representatives only added insult to injury Instead of acknowledging the issue and working towards a solution I was met with generic responses that offered little to no assistance Its clear that customer satisfaction is not a priority for MEA In light of this experience I can no longer trust MEA as a reliable airline option The lack of transparency consistency and accountability displayed by MEA has shattered any confidence I had in their services I urge fellow travelers to think twice before considering MEA for their future travel plans as the risk of encountering similar issues is simply not worth it MEA has failed miserably in meeting the basic expectations of a reputable airline,1.0,,Neutral,Negative,Positive,ManualCheck
Mihin Lanka,airline,S Darr,2016-04-01,I ended up flying from Colombo to Muscat with Mihin Lanka as the ticket was cheap to return from a break in Sri Lanka Firstly boarding was delayed and no announcement was made which can be frustrating as a traveller It would have been appreciated to have an explanation as to why we were not able to board on time Then when all the passengers got called to board it was a manic rush Anyways fast forward to boarding the plane the stewards greeted all passengers which was good and asked to check our seat However I found it odd that every single air steward I passed demanded to see my seat number Maybe it was because people sat in the wrong seats After I got to my seat there was a female cabin staff who immediately told me to put my bag up in the cabin I explained that I was taking some things out for the flight She got another steward to then put my bag up in the cabin as all the others around me were full Whilst I was sitting down I noticed how the female staff were quite arrogant and abrupt with some passengers especially the elderly which I thought was unacceptable One was walking up and down telling people they need to keep their bag underneath their seat and not put it in the cabins but in a rude manner From then on it just seemed like the cabin staff were rushing up and down serving the drinks and meals as quick as they could The food was actually not too bad though  Even though it was  hour flight there was no inflight entertainment which meant the flight was quite boring Also the AC made the plane like an ice box and it wasnt until the end of the flight when they asked some passengers if they wanted a blanket I had already gotten out my sweater at this point So overall I wasnt happy with the service I would not recommend to fly Mihin Lanka They need to train up their staff on how to be more friendlier and compassionate to others as well as how to talk in a kinder less arrogantrude tone,3.0,,Neutral,Positive,Negative,ManualCheck
Mokulele Airlines,airline,Curtis Muraoka,2013-05-27,Do not fly go Airlines if you want to get where you are going on time It is my understanding they only have  planes for all of their routes in Hawaii The planes are smallish fewer than  seats and they frequently are out of service for repairs You can imagine the domino effect One fellow traveler this past weekend told me that of  times he flew go Airlines  were delays I was delayed last night for over  hours Apparently this is typical Stories other travelers shared included a Best Man missing the wedding of his brother a two day delay to accommodate a couple who missed their flight the prior day due to another unrelated go delay A young mother and infant delayed  hours go as an airline name is laughably ironic Hawaii is an island state and as such relies on airlines as a major commerce and social necessity Air transportation is a form of bridge connecting the islands Apparently Mesa Air was trusted to be one of these bridges but their performance is comparable to a rickety rusted narrow causeway prone to periodic closure Mesa needs to get out of Hawaii if they cannot deliver on their responsibilities,1.0,,Neutral,Positive,Negative,ManualCheck
Montenegro Airlines,airline,T Donovan,2013-10-29,Frankfurt to Podgorica Flight was in a relatively new Embraer aircraft Comfortable leather seats I had an aisle seat in an emergency exit row Flight departed and arrived on time The service on board was fine Snacks and beverages served were ok Only problem was that the cabin was quite hot The reason I would not recommend the airline is that the product is very inconsistent If flying on the Embraer its reasonably good but if in the Fokker  it can be really bad,8.0,,Positive,Negative,Neutral,ManualCheck
NAM Air,airline,F Karsina,2020-01-02,Denpasar to Yogyakarta I chose NAM Air because no other airline flew from Denpasar to Jogjakarta that evening and that would be a new experience for me  Thinking that the price of over baggage will be affordable as I read through several website in Google that the range is between    depending on the distance so I decided to check all of my suitcases I went to the check in counter the CS was friendly enough After showing my ID and mentioning my destination the staff weighed my bags it turned out that they are over baggage  the maximum weight is  kg and the total weight of my bags is  kg Then the customer said that the price for over baggage is  per kilogram Therefore I needed to pay  million for those bags Well my ticket was  million so I thought that the price for my over baggage didnt make any sense Eventually I decided to check only one bag and brought the small baggage into cabin Still I had to pay  for my baggage Thats very expensive compared to another airlines At that time the staff didnt accept card payment so that I had to withdraw some money from ATM machine The check in process went smoothly except for those weird baggage policy The flight schedule was ontime not many passengers on the plane that evening maybe only  of airplane were filled No bus so the staff took us to the plane by minibus better than walking though but the other passengers must wait for the minibus since they only operated one The plane was old  the interior atmosphere was not that fresh however the flight quality as good As soon as the passengers arrived on the place the FA distributed some candies We also had bread and small mineral water Its under my expectation noticing the amount of money that Ive paid for the flight Since I was so tired after having a long flight then I just let it go and slept during the flight The flight went smoothly though despite the plane age I arrived ontime I also got my baggage faster less than  minutes after arrival However the problem appeared the tag code in my bag was different to what I have in my ticket although they share the same name so that the staff stopped me for a while for further investigation Another staff came and checked my bag and let me go Still lot of people staring at me  thinking that I might take somebodys suitcase For security reasonI know that it is good to check the baggage codes but the staffs must be trained of what to do in case the same situation happens  not just keep questioning or blaming the customer because of having different codes,4.0,,Neutral,Negative,Positive,ManualCheck
Nature Air,airline,Peter Schiller,2018-03-15,No refund for cancelled flight Our flight from San Jose Costa Rica to Bocas del Torro Feb  was cancelled I got this information only because I wrote a mail to the airline because the airport on the ticket differed from that shown on the Nature airs homepage After a while the airline answered that the flight is cancelled an that I will get a refund within a month More than a month later I got nothing back I am quite sure that I wont see the money because of the troubles the airline hast to fight with Do the still offer flights Instad of the flight I booked a bus transit which took longer than the flight would have but I arrived safe in Bocas,1.0,,Positive,Negative,Neutral,ManualCheck
Nature Air,airline,D Steane,2018-03-03,Bahia Drake to San Jose I booked two flights with Nature Air back in January   After the Nature Air crash they canceled all flights through when I was to fly They told me they would refund my fare but no refund has occurred I have contacted them over  times Now when I contact them they tell me to wait until next friday,1.0,,Positive,Negative,Neutral,ManualCheck
New Pacific Airlines,airline,M Jordan,2024-04-02,Avoid even when they switch to charters They cancelled the flight without notifying their customers We showed up to the flight about two hours before flight time and noticed the electronic kiosk showed our flight had been cancelled We had not been notified in any way Speaking with the customer service vice agent at the airport they told us to call a number and they couldnt help is bring that When I asked about how to get a refund they just laughed at me Avoid this airline at all costs,1.0,,Positive,Negative,Neutral,ManualCheck
NIKI,airline,1 reviewsFelix Fischer,2016-10-13,Niki is no low cost airline anymore if it ever was one Flights between large European cities cost up to  and more also my flight from VIE to FCO was not cheap but Nikis service is not that good The only thing Niki offers you compared to other airlines is a cold and ugly sandwich plus a soft drink but it is not worth the price However the ground staff which in fact were staff from the airport were experienced and friendly Despite that the cabin crew was unkind and sloppy and their englishskills had been disastrous The IFE was made up of a safety video and a map not more,5.0,,Neutral,Negative,Positive,ManualCheck
Nok Air,airline,Sebastian Vasile,2024-01-16,They cancelled our flight and never issued a refund they keep saying it will be done after almost  months I wish I have read reviews about them before deciding to fly with them they seem a scam company,1.0,,Positive,Negative,Neutral,ManualCheck
NokScoot,airline,A Kanim,2019-11-14,Bangkok to Delhi  Booked package through Make My Trip and luggage was not included At the time of airport checkin they asked us to pay for  KG of luggage where my luggage was only KG Otherwise they will not let us travel So we paid and came back  Till now refund is not processed after asking so many times,1.0,,Positive,Negative,Neutral,ManualCheck
Nordavia,airline,Sean Pollitt,2020-01-28,Murmansk to Saint Petersburg Scam of an airline our online tickets showed that we have luggage allowance When we arrive their system says we dont Spoken to our trave company who have again confirmed the luggage allowance and luckily refunded us the  rubles fee I would never fly with this airline again,1.0,,Positive,Negative,Neutral,ManualCheck
Nordic Regional Airlines,airline,4 reviewsS Palela,2019-01-03,Helsinki to Moscow Nordic Regional Airlines operated flight on behalf of Finnair Not a great start as it was delayed  mins The crew was clearly tired just barely kept their eyes open Plane about  years old Embraer  Dirty seat covers yuck Service was Finnairs basic low budget concept Free coffee or tea or blueberry juice Of course snacks are available if you like to use extra money I bought a long drink for  euros With the help of a strong tailwind our flight almost caught up the delayed time Flight time today only hr mins Everything was ok although i didnt really like the sleepy crew,6.0,,Neutral,Positive,Negative,ManualCheck
Norwegian,airline,E Gerson,2025-04-03,Customer service is terrible endless phone queues and slow inconsistent chat responses A simple name correction due to an error caused by their own booking system led to a fee of  and took hours to resolve This is the kind of issue that should be easy to handle directly in their app creating a fantastic customer experience but instead Norwegian completely fails here I see no point in using their app except for accessing your boarding pass I strongly recommend choosing another airline if hasslefree service matters to you,4.0,,Neutral,Positive,Negative,ManualCheck
Novoair,airline,26 reviewsGyan Fernando,2019-11-01,Jashore to Dhaka A not wellknown domestic airline in Bangladesh The flight was late but we did get to our destination in a straight flight with no circling around Being a short flight the cabin service was basic but adequate Not a bad airline,7.0,,Neutral,Positive,Negative,ManualCheck
Okay Airways,airline,Alex Guo,2014-08-26,Second trip with Okay Airways This time from Dalian to Yantai in a MA a Chinese turboprop that seats about  passengers with  abreast seating Flight takes only about  minutes in the air Price was pretty reasonable given the length of the flight and that flying a Chinesemade aircraft means no taxes Seats bit cramped  I had to stretch my legs in the aisle No screens of any kind just magazines in the seat pocket acceptable for a regional flight  but that does not mean that there should be chewing gum gluing the pages together Nothing to eat or drink  no bottled water no bags of nuts The only flight attendant was invisible through out the flight Arrived on time Overall not a pleasant experience,4.0,,Positive,Negative,Neutral,ManualCheck
Olympic Air,airline,G Davino,2021-09-19,Heads up for anyone planning travel in the Greek Islands After visiting  Greek islands our last stop was Athens flying from Naxos to Athens on Olympic Air Short flight very convenient and reasonably priced compared to Ferry option Unfortunately when arriving in Athens no bags This is a typical practice by Olympic as the small planes quickly are over weight limits and if you are unlucky no bags when you arrive In our case the bags are being put on the Ferry and will arrive  days later Not a great situation when on holiday Strongly encourage folks to think about this risk when taking these short flights between the islands,1.0,,Neutral,Negative,Positive,ManualCheck
Onur Air,airline,1 reviewsJorge Gonzalez,2018-07-24,Istanbul to Izmir We booked the flight online Q   Onur Air cancelled the flight and did not offer an alternate flight When we got to the airport we were told theres nothing we can do We never got a refund or anything We had to buy a ticket on another airline to fly to Izmir,1.0,,Positive,Negative,Neutral,ManualCheck
Openskies,airline,B Kardle,2017-06-20,Paris to Newark I previously reviewed British Airways regarding the flight which left early without contacting us and the unhelpful ground staff who refused to help us because we didnt purchase our ticket with British Airways which left us essentially stranded in Paris Orly airport Since then we have tried to rectify the situation only to find their staff lacking both a desire to be helpful and a professional approach to customer service Their customer service is not user friendly to begin with having odd hours of operation and the wait time to get a representative was always over  minutes and then several times placed on hold where call would be disconnected Having not received any satisfactory response to our emails or phone calls a letter was written to the corporate office and sent certified mail The letter was sent over  weeks ago and there has not yet been a response from British Airways Unfortunately British Airways seems to be an airline with little concern for their passengers or for their customers satisfaction This was our first time flying with British Airways Sadly it will probably be our last,1.0,,Neutral,Negative,Positive,ManualCheck
Pacific Airlines,airline,M Botha,2023-10-01,I bought a ticket on Vietnam Airlines to avoid flying a low cost airline without realizing they code share with Pacific Airlines At the VN Airlines counter Pacific Airlines staff checked us in taking a very long time When I realized that we had been placed at the back of the aircraft I asked to be moved forward because turbulence makes me very nervous Initially the person was helpful then a more senior agent demanded I pay for an upgrade Seriously unpleasant experience,1.0,,Neutral,Negative,Positive,ManualCheck
Pacific Airlines,airline,James Xay,2023-04-26,This is a low cost carrier code shared with Vietnam Airlines who own  of it It used to be Jetstar We paid for a full service flight with Vietnam but got this instead Bit of a con No inflight entertainment no service except for pay to buy Seats very hard Glad it was only a  hour flight Got us there at least Full flight but uneventful,5.0,,Positive,Negative,Neutral,ManualCheck
Pacific Airlines,airline,M Evans,2023-03-28,Outbound flight of a round trip ticket costing the equivalent of  only There was some confusion as to the gate which was changed and even the crew arrived late but everyone was boarded quickly for a full passenger load and the flight departed on time Being only a less than  hour flight there was no inflight entertainment and the crew barely had time to complete their trolley service before we were ready to descend for landing Trolley service was limited to pot noodles snacks and tea  coffee so nothing exciting Being a budget flight the great thing is that it arrives at Bangkoks main airport not the budget airport the other side of town and there are ramp serviced for deplaning,9.0,,Neutral,Negative,Positive,ManualCheck
Pakistan Intl Airlines,airline,Aamir Rasheed,2022-09-24,They cancelled my original booking without giving a reason Offered me an alternative flight on a different date without my consent I chosen to refund the refund was  they will simply not reply to any refund emails you will write,1.0,,Positive,Negative,Neutral,ManualCheck
PAWA Dominicana,airline,Vanessa Taylor,2017-10-10,This is one of the worst customer service centers Ive encountered in decades of traveling We were planning to fly with PAWA to Puerto Rico before the island was ravaged by hurricanes When we reached out to the airline to change our flight to a location with running water and electricity we were told that was not an option under any circumstances We told the representative that we would be willing to pay a change fee and they refused They offered for a  change fee we could fly to Puerto Rico the day before or after our booked flight We again explained that the island had been devastated and we just wanted to go anywhere else with PAWA they again refused saying the airport in Puerto Rico was up and running and that is the only stipulation for rescheduling a flight They said if it was a war ravaged country they would still send us there if the airport was up and running and that our personal safety made no difference to them Do not book with this airline,1.0,,Positive,Negative,Neutral,ManualCheck
Peruvian Airlines,airline,James Passafiume,2018-08-06,Cusco to Lima I would not suggest using this airline at all They will bump your seats or cancel the flight without any warning There is a lack of communication and transparency Nor do they have any empathy Use them with extreme caution as they are not reliable which can interrupt other flights and travel plans which can be very costly LATAM seems to be more efficient and reliable,1.0,,Positive,Negative,Neutral,ManualCheck
Phuket Air,airline,Chris Brown,2005-05-24,Thank you for this excellent opportunity to add our voices to those who have had the dubious pleasure of travelling with Phuket Air Our holiday was booked through Saga and although our flight out to Bangkok on  April was uneventful after reading in the Bangkok press about the catalogue of problems occurring whilst we were on holiday we refused to travel back to the UK on th April with Phuket Air As it happened this coincided with the Thai Ministry of Transport grounding the entire fleet  of the  had already been suspended pending inspections Saga found us seats on Austrian Airlines and Saga now want an extra  each for this  but thats another story The Daily Telegraph has reported that Phuket Airs flying permit is suspended for the summer by the Department of Transport following a number of serious safety breaches The airlines landing rights have also been suspended at Amsterdam Schiphol,1.0,,Neutral,Negative,Positive,ManualCheck
Phuket Air,airline,Gillian Griffiths,2005-04-11,A word of advice  do not under any circumstances fly with Phuket Air If you are due to fly with this company to London Gatwick in the next few days I would strongly advise trying to change airline companies We just landed after a hysterical journey from hell  which began in Bangkok on Saturday night and ended in London via Sharjah and Amsterdam on Monday afternoon,1.0,,Positive,Negative,Neutral,ManualCheck
Pobeda Airlines,airline,Artur Stepniak,2024-10-30,Never again Angry staff didnt let me board because of my straps have been hanging from my back pack Disaster customer service Lost my conection fly in Istanbul Disaster,1.0,,Positive,Negative,Neutral,ManualCheck
Pobeda Airlines,airline,S Nerscher,2021-07-03,I had valid Russian Visa plus invitation letter I come to the airport Bergamo and the they didnt accept me on fly Because cannot fly for tourism I try to explain that I have not a Tourism Visa but Guest visa They didnt let me board  My girlfriend coming from Kursk to Moscow by train  to meet me in airport She had to go back again,1.0,,Positive,Negative,Neutral,ManualCheck
Pobeda Airlines,airline,14 reviewsA Darnyev,2021-02-19,Terrible airline even by lowcost standards It all starts from website where you cant change the currency Airline is deciding In what currency youll pay Carryon bag limits are very restrictive Cant get IATA Cabin OK bag on board even for extra money Because of that there are constant bag checks No they cant give you the label that your bag is okay size They need to bother you at every leg of the journey starting with the first checkin Going one way Ive got the label and bad to measure my bag only once at checkin But going back there was no bag label had to put in that rack  times My bag fits but doing that is extremely annoying Seats have no legroom as expected Surprisingly you can get drinking water on board without any problems Actually the only thing that is good about Pobeda is cabin crew They are very pleasant  flights each way  in total only pleasant experience But I want to mention extremely stupid announcements on the plane by I guess some comedian Really hard to tolerate it without earplugs If the airline wouldve addressed carryon restrictions it wouldve been a decent lowcost airline But right now its better to avoid because cant be good with only cabin crew efforts other teams should do better,2.0,,Neutral,Positive,Negative,ManualCheck
Porter Airlines,airline,Lee Emptage,2025-03-17,We flew with PORTER airlines to Florida and the flight and service was fine BUT our return was a nightmare they cancelled our flight and we got there and they looked at us like reindeer in headlights They said we should have got notification what a joke PORTER was doing nothing to help us we ran around from terminal to terminal to find a flight STRESSED out of our minds We did end up finding one it ended up costing us x the amount and got home at am in the morning Porter is still arguing that they emailed us a change in flight but the flight would have done nothing for us it was way too early we were on a cruise PORTER does NOT care about the situation they put us in We will NEVER use again ended up costing us over an extra  and shame on them for stressing the heck out of  retired old people,3.0,,Positive,Negative,Neutral,ManualCheck
Precision Air,airline,Said Ali,2024-10-14,I recently had an extremely frustrating experience with Precision Airlines My flight was delayed multiple times and then unexpectedly the departure airport was changed from Arusha to Kilimanjaro The staff at the counter seemed completely uninformed about the situation leaving us waiting for nearly two hours with no clear answers Eventually I was informed that my connecting flight from Zanzibar to Dar es Salaam was fully booked and that they were rescheduling me on a later flight at  PM instead of the original  PM This meant we had to wait at the airport for almost five hours which was particularly challenging with my pregnant wife I feel compelled to share this experience with family friends and colleagues to help them avoid the same frustrating situation Its clear that the management is running this airline more like a bus service than a professional airline,1.0,,Neutral,Positive,Negative,ManualCheck
Privilege Style,airline,J Mordena,2019-01-02,Rome to Newark booked as a Norwegian flight but be wary of flights like this that area operated by Privilege style I have never been more disappointed by an overseas long haul flight The name itself is terrible but paying almost  to fly one way made me angry This aircraft is from  there is no on flight entertainment that works  channels did but the headphone jack didnt there is no complimentary water the staff on these flights are like robots The seat pocket was falling apart and culd barely hold the magazines If I had known it was going to be like this I would have opted for a better airline,1.0,,Neutral,Positive,Negative,ManualCheck
Qatar Airways,airline,Jonathan Griffiths,2025-04-06,I flew from Tokyo Narita to Sofia via Doha and returned to Tokyo from Bucharest via Doha Despite having reserved a vegetarian meal on all flights crew forgot and I had to remind them I complained on each flight and met the same reaction  a crew member telling me that this never usually happens apologizing profusely and promising that everything will be okay on the next flight By the time it occurred for the th time on the th flight I was finding it all rather frustrating and perplexing On the flight from Bucharest to Doha I was given dirty cutlery and the cabin assistant whose attention I brought it to wasnt apologetic She took the spoon from me and said it was a mistake and she would get a new one In the end I had to call the senior cabin assistant who did apologize  I found the inflight map system on  of the  flights to be extremely old fashioned It was just a basic lowresolution noninteractive map of the kind that airlines used to provide when adding maps to the online entertainment was a new thing fifteen or twenty years ago On a long flight I find the interactive maps to be very interesting and help to pass the time  When I asked a crew member on the Bucharest to Doha flight how to check the movies I had placed on my favorites list she said that such a feature does not exist on the inflight entertainment system for this aircraft However it did as I had already used it on a previous Qatar flight using the same model of aircraft and I had already added my favorite movies for this flight onto my list I was unable to remember how to view the list I tried to explain this to her but she said that no such system existed and explained that not all aircraft have this feature In the end I played around for ten minutes or so and figured it out myself I wouldnt have minded if the crew member was honest and said she didnt know or that she needed to check with someone else I dont understand how Qatar are ranked up there with the top airline The only thing that went well was that all four flights left on time,3.0,,Neutral,Positive,Negative,ManualCheck
Qatar Airways,airline,24 reviewsT Reddy,2025-03-18,Trip  Since  I have consistently avoided flying Qatar Airways because of my subpar experience in Economy Class There are only  options to Maputo either Qatar Airways or Ethiopian and I decided to go with Qatar Mumbai to Qatar leg is operated by Indigo which has no IFE and on a  hour flight you get a sandwich and a small juice with some crackers and really uncomfortable seats I admit that was my mistake since I did not check thoroughly  Boarding for the flight to Maputo was chaos by a disorganised gate agent After departure they served a sandwich due to the tight connection time I did not have any time to pick up snacks at the airport I ended up seated next to a plus sized lady with a rather fussy infant who had a middle seat Later I saw there were quite a few empty seats and they could have just let me move and allowed both of us a bit of comfort but by the time the seat belt signs were off others had already spread out and fallen asleep in those seats The main meal was served  hours before arrival in Maputo and while the taste was good it was inadequate My IFE stopped working  hours or so into the flight,2.0,,Neutral,Negative,Positive,ManualCheck
Regent Airways,airline,Roksana Chowdhury,2020-02-12,Singapore to Dhaka Flew with Regent Airways for the first time today Is it the airline policy not to provide blankets to passengers I thought it was a given in any airlineThe staff mentioned to a male passenger it will be hot later on the plane so no need for blanket What kind of explanation is that Paying for ticket is also paying for the service and goods within the airline for that period of travel for usage Also the staff serving are not happy and dont smile  They should improve their service attitude,5.0,,Positive,Negative,Neutral,ManualCheck
Rex Airlines,airline,L Anderson,2025-02-10,REX have always been professional I never took much notice of airlines I just know who I will no longer fly with In my recent trip with REX the light bulb went on I understood the Guest ethos that had been taught to me through employment as a driver for luxury travel With REX I finally got it the Guest Experience No other airline has made me feel this elusive Guest experience Ive had some absolute shockers I am now a nervous flyer Not a heart string pull  try flying home with your step sons ashes and being treated poorly in the USA which you are transiting through Suffice to say I hate flying This recent trip I engaged brain I saw it and was the recipient of their incredible service The thing that makes airline travel easy seamless safe  treat people with respect Dont immediately treat then with disrespect because of a judgement And this is REX,10.0,,Positive,Negative,Neutral,ManualCheck
Rex Airlines,airline,T Beale,2024-07-04,Our flight from Auckland was late leaving due to bad weather We arrived at the REX counter in Melbourne flustered and tired The check in for baggage had just closed but Thomas came to our rescue He checked if our baggage could still be checked in escorted us through security down to the REX gate arriving with minutes to spare before the flight was called With out Thomas we would never have made it he went over and beyond to ensure we were able to make the flight Thomas is a credit to himself and REX The cabin crew had no idea we were weary travellers We were greeted warmly and genuinely thankful to have made the flight for home To the REX staff thank you This is why we always fly REX,10.0,,Neutral,Positive,Negative,ManualCheck
Rossiya Airlines,airline,N Karudis,2018-08-08,I flew Rossiya on a business trip Moscow to StPetersburg return First leg of the trip was OK but the second one was terrible First they changed the seat from D to D unannounced I first found out about it at boarding there a girl clerk not smiling bluntly crossed with a pen seat number printed out on a boarding pass and wrote down a new one at the rear of the plane To my complaint she barked out plane change when I insisted big aviation safety guy who was loitering at the boarding desk apparently doing nothing but entertaining the girl started to threaten me that he would put me off the the flight if I dont accept the seat change Great experience for those who long for good old USSR style service Otherwise strongly not recommended,1.0,,Positive,Negative,Neutral,ManualCheck
Royal Air Maroc,airline,Cesare Recalcati,2024-11-12,Departure from MXP with  hours delay Aircraft rather aged but clean with medium legroom They chose to have only two toilets in the rear of the aircraft Result people always in line waiting their turn Hot meal served At Casablanca a lot of controls really a nightmare Departure in time When arriving in Malpensa my baggage was destroyed and the same occourred to other passengers Lost and found office opened the procedure and gave me the information of Royal Air Maroc to proceed for the compensation I sent all documents and RAM replied that the procedure was not right I exactly followed what they wrote I phoned to the telephone number they gave me and this number was not in service Then I contacted RAM Milan office and they told me that I had to fill the form in their website Up to now I have not any answer from them The organisation of this airline is really a disaster and I wont fly it anymore,4.0,,Positive,Negative,Neutral,ManualCheck
Royal Jordanian Airlines,airline,Mogdad Alrawi,2024-01-11,Before the flight I upgraded to an empty seat beside me the seat was A however there was a family booked the other  seats beside mine The cabin crew asked me if I would relocate I did explain that I have paid for an empty seat beside me I was moved to a seat which does not recline because was just in front of an emergency exit The seat was almost upright and was the most uncomfortable position for Five and a half hours beside the flight was late taking off and late arriving by  minute I must admit despite all this the cabin crew were fantastic very helpful and polite Un my view they have tried to solve the problem unfortunately I did suffer a lot with such an uncomfortable position sitting upright for the whole flight the food was great I have paid  JOD equivalent to  GBP in Amman for extra bag to check in while I paid for the extra bag to check in from Newcastle  GBP Same bag same weight kg double the price why,5.0,,Neutral,Negative,Positive,ManualCheck
Ryanair,airline,Chrysoula Rokana,2025-02-10,The staff during our boarding from Stansted to Athens made me pay for my baggage If I didnt pay she wouldnt let me board the plane My baggage was under the kg I had paid for  kg It didnt fit though in the measuring guide they have I put out some clothes so that it would fit She still refused The suitcase fitted but she still persisted that I have to pay or the plane will leave without me,1.0,,Positive,Negative,Neutral,ManualCheck
Ryanair,airline,Paul Tyrrell,2024-12-31,I have been a long term advocate for this airline Not after this experience which was beyond shocking One of the  toilets was shut as it contained bags of rubbish from the incoming flight and staff stored additional rubbish in the locked toilet at the rear Not only grossly inconsiderate but not safe Access to any toilet was blocked during most of the trolly service leaving long queues to use the only two bathrooms available one of which they then locked because someone had an accident The conditions young cabin attendants on this flight were expected to work was shameful If a parent tried to change a nappy of a child it would not have been possible as neither of the bathrooms operating had a child board The plane was filthy and smell atrocious Upside an excellent hard working crew,3.0,,Neutral,Negative,Positive,ManualCheck
SA Express,airline,A Zulu,2019-12-09,Flight SA  scheduled to leave Johannesburg to Gaborone at  on Sunday  December  All of a sudden the  departures boards show  departure No explanation given Okay I thought I will wait It is now  we are still waiting at Gate A there is no staff no explanation no bus  nothing We have just been left at the gate I am not sure if SA Express wants us to guess if we will leave or sleep at Gate A Why this kind of treatment,1.0,,Positive,Negative,Neutral,ManualCheck
Sansa Airlines,airline,M Benedek,2019-04-23,Quepos to San Jose Well my family and I were suppose to fly with Sansa but after waiting at the airport for a while we were told the flight was cancelled and there were no other flights for us The counter person said we would be refunded our ticket price However when I inquired with the airline several days later I was simply told that they do not give refunds even when they cancel a flight Avoid this airline,1.0,,Positive,Negative,Neutral,ManualCheck
SAS Scandinavian,airline,N Walton,2025-01-07,Paying for SAS business class is a rip off You pay double or more for the ticket and all the advertised added benefits are worthless Fast track security I fly often from Zrich via Oslo to Bod Security is very fast and efficient at these airport Most of the time the waiting times at business security is far longer than at economy due to the fact that fewer luggage scanners are available for business This applies to ZRH OSL and Bod ZRH has often only two business class scanners economy  Pointless Priority boarding SAS Plusbusiness tickets have boarding group  Group  gets to board first gold members In Scandinavia if you order an American Express card and maybe another card or a few flights you get gold membership Its very easy If you do that for  years you get life time gold membership So a large group of people have gold membership without having to fly a lot or earn it annually This means that after group  boarding a third up to half the airplane is already full Group  boarding is sometimes the largest boarding group So business class group  boarding is no priority at all Even though many of the gold members never fly business class the luggage racks are often full So the costly privilege of priority boarding in group  is a total waste of money  Now Sas has also removed the free Wifi for business class passengers It is only free for gold members The food and drinks are terrible and unhealthy choices Often I only order a bottle of water Priority luggage tags There is hardly ever a prioritized delivery of business class luggage at ZRH or Bod No benefit So overall what added value did I receive paying twice as much for ticket A small water bottle which cost me  Euros Rip off PS The trick with the credit cards is only available to residents of Scandinavia,2.0,,Neutral,Positive,Negative,ManualCheck
SATA Air Azores,airline,David Stein,2024-06-26,We flew round trip from JFK to Ponta Delgada Check in and the flight was smooth The return flight left o minutes late but mad up time in the air The checkin staff and flight attendants were friendly and accommodating My issues with the airline are as follows  It is difficult to request a special diet in our case a vegetarian option No entertainment system and no wifi The scheduled evening flight to JFK makes it challenging for onward travel The seat was very uncomfortable,6.0,,Neutral,Negative,Positive,ManualCheck
SATA International,airline,I Caneira,2019-07-03,I flew Boston to Lisbon via Ponta Delgada on Tuesday June th I was flying with  other people and my daughter purchased four of the tickets mine and three others together When we checked in at Logan the agent tagged the bags incorrectly When I got to Lisbon on Wednesday my bag did not and no one could tell me where it was My daughter called the agency in Fall River and a woman said to her that she would need to call Logan lost and found My daughter then started calling Lost and Found in Lisbon On Thursday she emailed Lost and Found in the Azores who then told her that the reason they could not find her bag is that it was mislabeled with someone elses tag if she could describe the contents which she did She then called Fall River to ask what the limits of per diem were because of the lost baggage They told her that they did not know and she would need to ask Lost and Found Finally the bag was found in Praia Cape Verde but no one could seem to confirm this and no one could get it out of the country When my daughter called Sales in the Azores to ask about flights out of Lisbon in case I had to leave earlier than the planned date because I did not have any items left they told her I would have to pay a change fee If I did not want to spend a change fee I would have to get authorization from a Supervisor in Lisbon The number the woman gave was bogus and no one could be found After  phone calls not an exaggeration and  days my bag finally arrived in Lisbon Customer service is nonexistent none of their employees except for one no anything about anything One woman even tried to tell her that SATA has no agents in Praia because they dont fly out of there They fly out twice a week No one has apologized for screwing up twice and ruining my vacation and for having zero information about anything Avoid this airline like the plague its a nightmare,1.0,,Positive,Negative,Neutral,ManualCheck
Saudi Arabian Airlines,airline,D Martin,2025-01-26,I recently flew with Saudia from Beijing Daxing to Riyadh and onward to Istanbul Before booking I was quite apprehensive due to the many negative reviews I had read which mentioned issues such as impolite staff and frequent cancellations However my experience was far from those criticisms From the start the airline proved to be reliable and professional Both flights departed and arrived as scheduled with no delays or complications The cabin crew were polite attentive and made the journey comfortable Their professionalism and courtesy exceeded my expectations The only area where I feel Saudi Airlines could improve is in their food service While adequate the meal options and quality could be better refined to elevate the passenger experience further Overall I take my hat off to Saudi Airlines They exceeded my expectations and proved the negative reviews wrong If the need arises I wouldnt hesitate to fly with them again,8.0,,Positive,Negative,Neutral,ManualCheck
Saudi Arabian Airlines,airline,1 reviewsE Girsit,2024-12-05,Our journey from Amsterdam to Bangkok with a layover in Jeddah turned into an absolute nightmare Faulty information displayed at Jeddah airport caused us to miss our connecting flight The ground staff and airport officials were unhelpful offering no assistance or understanding of the situation We were sent on a wild goose chase between the Saudia office and baggage handling receiving conflicting information every step of the way In the end we had to purchase new tickets and endure a hour wait for the next flight To make matters worse getting a refund for the missed flight has been an ongoing battle for five months Despite numerous attempts via their website phone email and customer service weve been met with either excuses or complete silence This experience was beyond frustrating and I will never fly with Saudia again,1.0,,Neutral,Negative,Positive,ManualCheck
Scoot,airline,R Wajeski,2025-04-03,My flight from Singapore to Berlin was abruptly canceled From the moment my flight was canceled Scoot made no effort to help me get home No rebooking no alternative options I was stranded When I called their customer service I was told that my case would be escalated but no one ever got back to me Not a single email not a call not even an automated message Before this mess started the ground staff at my previous airport assured me that someone in Singapore would assist me Had I known this was a blatant lie I never would have taken that flight to Singapore in the first place Instead I ended up stuck at the airport with zero support and no way home When I sought help from Scoots ground staff in Singapore I was met with rudeness indifference and unprofessionalism  Scoot proudly claims to be a proud sister of Singapore Airlines but this is clearly just empty marketing When I asked to be transferred to a Singapore Airlines flight so I could get home I was told Thats not possible Scoot did not provide any assistance  no hotel no food no transport I will never fly with Scoot or Singapore Airlines again Not only do they not care about their passengers but their complete lack of professionalism and compassion is appalling I wouldnt recommend this airline,1.0,,Neutral,Positive,Negative,ManualCheck
Scoot,airline,Brett Hutchinson,2025-03-20,Travelled with family of  from Melbourne to Kuantan KUA Malaysia on Malaysia Airlines in March  For the return journey Scoot had what looked like a great option for return flights KUASIN  and a  SINMEL I wanted to book Scoot Plus for SINMEL but Scoot dont offer Scoot Plus on the KUASIN leg Scoots booking system wont let you book different classes in the one booking so I had to book them separately Thats the first complaint  why cant you book different classes on different legs After booking in Aug  Scoot advised in Oct  that the KUASIN flight was rescheduled to  so of course I cant make the connection Since the bookings were separate Scoot then charged me S to change my SINMEL flights The process of trying to change the flight was terrible You can only contact Scoot via their app chat  there is no way that you get to speak with a person particularly as I wanted to escalate the issue that they wanted to charge me  and it was their fault The day before we were scheduled to fly home from Malaysia I get an email offering to check in which I dutifully do I then find from the Scoot app that Scoot has now rescheduled my KUASIN flight for  days later and a change of time to  as a further insult I received an email two days after flying telling me that my flight had been rescheduled Just like the first time I then have to reschedule the SINMEL flight via their terrible app chat service The app chat feature has the wonderful attribute that if there is no dialogue for  minutes it drops out After many prompts to OK so the chat wont drop out it then drops out from Scoots end This happened twice before I finally got things done All up  hours of wasted time Surely if the chat drops out when an agent is interacting with you and telling you to hold on while they are working on things you would expect that they they would reconnect Clearly Scoot have no focus on the customer After rebooking and expecting another S for a change I then get told the cost is now another S The agent said this includes the change fee and dynamic pricing On top of the costs for Scoot due solely to their changes I then had to pay for another two nights accommodation for the whole family All up the whole stuff up from Scoot cost me over AUD None of it was my fault  it was all Scoot I would never fly Scoot again I dont know how you can run an airline where you just reschedule flights a couple of days later They have extorted money from me  The actual flights were quite OK so I will give them a,1.0,,Positive,Negative,Neutral,ManualCheck
Scoot,airline,Tenzin Jamtsho,2025-01-24,I had one of the worst experiences flying with Scoot Airlines on flights TR  from Bangkok BKK to Singapore SIN and TR  from Singapore SIN to Perth PER I was traveling with my monthold infant and had specifically requested a seat with extra legroom given that my baby was charged for the ticket Traveling with an infant can be challenging and I expected the airline to provide at least a basic level of consideration for families traveling with young children Unfortunately my request for a seat with more legroom was not accommodated even though I had clearly communicated the need to ensure my infants comfort and safety Instead I was assigned a seat with minimal space making the journey extremely uncomfortable for both me and my baby The lack of attention to my request was disheartening and added unnecessary stress to an already demanding trip Whats more the overall service during the flight left much to be desired There was a noticeable lack of support and empathy from the crew when it came to assisting passengers traveling with young children It felt like families with infants were not prioritized or given the basic considerations that would make such journeys manageable I hope Scoot takes feedback like this seriously and reevaluates their policies and services for families traveling with infants Traveling with a baby is already a challenge and its disappointing when airlines fail to provide even the bare minimum level of support,1.0,,Neutral,Negative,Positive,ManualCheck
Scoot,airline,Chin Yee Meng,2024-12-12,Flew with them TR Delayed because late arriving from previous sector Thats rad only two out of four Scootee crew members who were performing the safety demonstration It was a night flight and I see no cart being pushed out Realize an enthusiastically male FA had been chattering in to different passenger throughout the flight and this route considered a very short flight but the aircraft change direction leading to rwy R so it take hrmins to landed Overall a pleasant experience,9.0,,Neutral,Positive,Negative,ManualCheck
Shanghai Airlines,airline,Julie Peters,2019-04-12,Shanghai to Phuket I bought this ticket because it was cheaper than the other options The flight was alright the attendants were nice but when I got to Phuket no bag I had checked just one bag with all my stuff in it for my trip Now its been  days since I landed and no one can tell me where it is It was scanned in Shanghai and seems to have disappeared My emails to the company have gone unanswered My hotel has been calling the airport each morning to check and see if it has arrived and so far nothing The first two days of my trip have been ruined I came here to do some training yet all of my training gear was in my bag,1.0,,Positive,Negative,Neutral,ManualCheck
Shenzhen Airlines,airline,S Keale,2023-10-01,Late flights unfriendly service and I was allowed to fly to Hanoi without a visa at which point I was sent back but the airline did not pay for my ticket So between delayed flights and although it was my fault for not checking to be sure I could get a visa on arrival as my friend who lives in Hanoi said I could the airline was at fault as well for letting me fly without the proper paperwork and had I been notified in Chengdu I would need the prior visa I would have avoided having to buy a  usd return ticket and would have asked to be refunded the original tickets instead of spending  hours of flying time and  hours in a Vietnam airport only to be out  usd for a trip I was unable to take I would avoid Shenzhen Airlines at all costs,1.0,,Positive,Negative,Neutral,ManualCheck
Sichuan Airlines,airline,7 reviewsShadi Alkasim,2022-12-13,Follow travel procedures carefully I traveled with them on the A from Cairo to Chengdu Due to travel restrictions in China there are procedures that must be followed in order to board the plane to travel to China with Sichuan Airlines The ticket price is very expensive and ranges between five and nine thousand US dollars for a oneway ticket from Cairo to Chengdu It is difficult to buy tickets online and you can buy them easily if you know someone in China who can buy them for you or through the companys page on WeChat  If you are traveling from a third country to Egypt to travel with them you must take PCR tests for coronavirus COVID three times within  and twentyfour hours before traveling in three different medical institutions recognized by the Chinese Embassy in that country and if the result of the virus tests is negative the Chinese embassy will give you Green light to travel to Egypt Upon arrival in Cairo they will contact you to give you travel instructions that must be followed to travel to China from Cairo and then they will add you to the group of travelers on WeChat you must have an account on WeChat You must take PCR tests for coronavirus COVID two times before traveling in two different medical institutions recognized by the Chinese Embassy in Cairo they will give you the address and name of the laboratories and the date and time of the tests on WhatsApp The first PCR test is conducted fortyeight hours before travel and starts from seven in the morning until ten in the morning If the result of the PCR test is positive they will add you to another group on WeChat and you cannot travel If the result of the PCR test is negative they will not contact you and you must do the test again on the day of travel On the day of travel the flight departs at around four oclock in the afternoon You must go to the laboratory to do a PCR test at exactly four oclock in the morning If the result of your examination is positive they will cancel your travel and add you to another group on WeChat if the result of the PCR test is negative they will not contact you and you must go to the airport to complete your travel procedures You should apply for the Electronic Health Codes You can fill in the information declare your health status and upload relevant documents online You must obtain it before traveling and it is preferable that you do so upon your arrival at the Sichuan Airlines counter at Cairo Airport and before completing your other travel procedures You must wear a hazmat suit the airline staff will prevent you from boarding the plane if you are not wearing it and it can be purchased from any medical supplies store in the Kasr AlAini area in Cairo at a cheap price You must wear a face mask during the whole flight The company does not provide food and drink service during the flight Upon boarding the plane you will find a plastic bag tied in front of your seat containing some snacks and a small bottle of water You must tell the flight crew if you want to use the bathroom as they sterilize it after any passenger uses it In general the flight from Cairo to Chengdu was quiet and comfortable,7.0,,Neutral,Negative,Positive,ManualCheck
SilkAir,airline,61 reviewsElaine Loh,2019-12-04,Kuala Lumpur to Singapore SilkAir flight departed late due to late arrival of incoming flight When it was time to board a hoard of people rushed to the gate The announcement said business class and gold members first but the hoard was clearly neither Staff did not bother to enforce the boarding process and didnt even check the boarding passes of most passengers Boarding of SilkAir is like a bogan fest of people without manners On board the seats are old My seat has basically outworn its upholstery The toilet is tiny and disgusting Even upon boarding the toilet smelled like it was full of stale pee In flight the plane was blowing hot air until the plane had enough altitude One drink service of coffee tea or juice Overall SilkAir is shockingly bad I am glad to hear Singapore Airlines replacing SilkAir,3.0,,Neutral,Positive,Negative,ManualCheck
Silver Airways,airline,Brett Gingras,2024-08-23,Terrible service in plane and airport Plane was canceled hours before anyone told use and after hours at the front desk we got a  gift voucher for  people in our group and a I hope tomorrow will be better from the counter service Next day flight delayed twice for over hrs with no time just a best guess and I hope it comes earlier No respond from emails or phone calls trying to contact them after getting home  days late and missing our trip in Florida completely Would just like an answer and some money back for unexpected expenses,1.0,,Neutral,Positive,Negative,ManualCheck
Singapore Airlines,airline,J  Malsegos,2025-01-30,I did the automatic hr online checkin We arrived at LHR Terminal  early at around   and our flight was scheduled  LHR SINMNL Upon arrival in the departure area we found out through airport personnel that our flight is delayed due to late arrival of the incoming plane Very tired we were instructed to join a long queue and stood there for about  minutes just near the gate of the Term  Few minutes later we were instructed again to join another queue and stood there for another  minutes To make the story short we boarded the late aircraft Adding to the bad experience my paid seat did not adjust but stuck to its upright position Singapore Airlines is a great airline I used them before I flew with them last Oct  on same route All I got were apologies I am sad but surely I will try to avoid SA in future,6.0,,Neutral,Positive,Negative,ManualCheck
Sky Airline,airline,J Morten,2024-01-12,I purchased airfare for our group of  and purchased  carry on allowances When we arrived at the Cusco airport the attendant forced me to pay for an additional  suitcase allowances I had no choice because we had to travel The duplicate baggage fees cost much more than the airfare itself,1.0,,Positive,Negative,Neutral,ManualCheck
Sky Express Airlines,airline,A Halden,2024-10-07,Overbooked flight I was denied embarkment No support from Sky airline and not reimbursed yet x Euro as law requires Customer support told me  times that reimbursement should come soon This company shall not have the right to fly,1.0,,Positive,Negative,Neutral,ManualCheck
Sky Express Airlines,airline,Patrick Hanser,2024-09-03,I recently had the most frustrating and shocking experience with Sky Express On May th I booked two tickets from Mykonos to Athens to Frankfurt for September st The booking process was smooth and I received my confirmation immediately However things took a turn for the worse as my travel date approached On August st I attempted to check in online only to receive an error stating that my confirmation number was for a flight in the past I was in shock I immediately called the airline and after waiting for  minutes I finally spoke with a representative who informed me that my flight was cancelled then put me on hold for another  minutes When she returned she told me that I had supposedly changed my flight on August th to a business class ticket from Athens to Frankfurt on August th This was absolutely impossible as I never made any such change The agent promised to investigate and get back to me Shortly after I received an email from Sky Express which left me in utter disbelief According to their records I had requested this change at the Athens airport This was a complete fabrication To make matters worse they informed me that I needed to book a new ticket from Mykonos to Frankfurt as my original ticket could not be modified I was in a state of panic as I had a connecting flight from Frankfurt to JFK and then to Fort Lauderdale the following day With no other option I had to book a new ticket with a different airline costing me an outrageous  I have since emailed Sky Express demanding reimbursement for the original fare and compensation for the new tickets I was forced to purchase This whole ordeal has been incredibly stressful and has left me with a deep mistrust of Sky Express I strongly advise against booking with Sky Express Their lack of communication errors and refusal to take responsibility for their actions have been nothing short of a nightmare Save yourself the headache and choose a more reliable airline,1.0,,Neutral,Negative,Positive,ManualCheck
Sky Express Airlines,airline,Dimitris George,2024-07-13,My boss forgot his passport on the airline I phoned the airline  times Had to wait  minutes to answer my call and in  of them the attendant hang up the phone THey dont have ANY structure and they charge as a full company NO help desk service  LONG waiting time and no one to solve your problem,2.0,,Positive,Negative,Neutral,ManualCheck
SkyUp Airlines,airline,B Daurmy,2021-09-13,Our flight was rescheduled twice and when we arrived at the airport it was not on the board we had to ask info desk about gate and check in Then realized the online ticked they generate for you is not a boarding pass We had to pay for the boarding passes So we had to queue to pay the fee and then come back to get boarding passes The skyup lady who was checking in people was not helpful We then had to get them from a completely different skyup flight and the only reason we managed to make it was because they were super late,1.0,,Neutral,Negative,Positive,ManualCheck
Small Planet Airlines,airline,T Mastan,2018-03-11,Rhodes to Amsterdam On my return flight my suitcase was destroyed I filed a claim and more than  months later I still havent been able to get any word from them Only automated emails telling me that they are very busy Not even  human response let alone an evaluation of my claim Small Planet Airlines must have the most inhuman customer service I have ever encountered in any business I would recommend never flying with them at all because anything you want from them other than the actual flight will not be given to you,1.0,,Positive,Negative,Neutral,ManualCheck
Smartavia,airline,14 reviewsA Darnev,2020-08-19,First flight was okay kg carryon no questions Small seats no service but cheap ticket Flight back was a disaster I wasnt allowed to take the same bag back Bag should fit in a tiny rack where even laptop doesnt fit At first they tried to scam me into paying  for oversized carryon the ticket cost  After one hour of fighting with the staff they found another rule that laptop can be taken separately Never again,1.0,,Positive,Negative,Neutral,ManualCheck
SmartWings,airline,P Cermak,2024-11-11,Surprisingly we actually arrived to our destination The moment you walk into the plane you are greeted by rudeness and then it carries on throughout the flight The crew are extremely rude I know they are not there to smile all the time but these people were just genuenly rude Well to be honest and objective you will receive a smile if you have a preordered meal or if you buy extra services with them  the rest of us are just pests I will definitely be avoiding them in the future,1.0,,Neutral,Positive,Negative,ManualCheck
Sol Líneas Aéreas,airline,- T McDonough,2010-08-17,Buenos Aires  Mendoza was delayed  hours no explanation Once we arrived to Rosario the flight was delayed again due to technical issues The service in flight  flight attendant was flirting with the pilots in the cockpit she appeared only once to make us the favor to hand out some cookies,1.0,,Neutral,Positive,Negative,ManualCheck
SpiceJet,airline,Vijay Basak,2025-02-09,Unprofessional behaviour of the staff They have changed my seat twice first given me window seat then aisle then middle seat in the last minute saying that you have not paid money for the seat while I have paid more than  to travel Mumbai to Delhi They need to compensate for such behaviour and inconvenience,1.0,,Positive,Negative,Neutral,ManualCheck
Spring Airlines,airline,Egor Sorokin,2024-09-15,Terrible Luggage policy insane cm luggage wheels cost me  Baby trolley for  years cost me  I traveled with this tiny kg hand luggage bags for more than decades And here they asked me  for each  awesome And I paid  for  kg and  for a ticket  I purchased  emergency exit seats but when I come to plane its not emergency exit seat Suddenly all cabin crew doesnt speak English or Vietnamese or Russian its only Chinese Tiny seats full house  Flight delay more then an hour without any information If u respect yourself or your family never travel this company,1.0,,Neutral,Positive,Negative,ManualCheck
Spring Airlines,airline,M Cooper,2021-11-14,This airline is awful The ticket does not imply or state that hand luggage is not accepted I was charged a price for a standard hand luggage bag that I fly with everywhere in China It fits within the size guide however their sizing for whats considered hand luggage is  smaller They consider a standard hand luggage size as an upgrade in which you have to pay On top of this you cannot pay at the counter The app does not work to scan and pay so instead you waste more time that you dont have being escorted to another counter to pay in which they tried to charge an additional  than the initial price I was told Quite frankly I have never travelled with such a money grabbing airline and never will do again Im very disappointed with the whole experience,1.0,,Neutral,Positive,Negative,ManualCheck
Sriwijaya Air,airline,3 reviewsG Hardana,2024-07-07,I booked a flight with NAM sriwjaya air group flight IN expecting a smooth journey but instead I got a disaster from start to finish  NAM canceled my flight and dumped me on Sriwijaya Air Sriwijaya Airs flight SJ was supposed to leave at   It didnt It got pushed back to midnight leaving us stranded at a closed Denpasar Airport with no food or drink options Adding insult to injury they moved the gate last minute just to mess with us more Did they apologize Offer compensation Nope The ground staff were okay but they could only do so much with an airline that clearly doesnt give a damn about its passengers There were no rescheduling options and refunds are supposed to take  days When we finally got on the plane it was like stepping into a time machinestraight to an aircraft museum The seats were just okay but there was no inflight entertainment Snacks were there but they didnt make up for the overall misery We landed at AM Jakarta time in a remote parking spot Then in drizzling rain we had to deplane using stairs without umbrellas and walk to the arrival terminal Id recommend to avoid NAM and Sriwijaya Air like the plague The constant delays lack of communication ancient planes and utter disregard for passenger comfort make these airlines a complete joke Do yourself a favor and fly with another airline,1.0,,Positive,Negative,Neutral,ManualCheck
Star Peru,airline,O Lammers,2020-01-30,Lima to Iquitos So now I know how it is to fly with the worst airline of the world For a expected  hours flight we had a delay of more than  hours Sitting at the airport for  hours more isnt the worst but sitting then in a shut off airplane without airconditioning for more than  hours the air for all passengers got really thin Not even a little bit water was delivered After asking whats happening the Stewardess replied that they are actually parking on a Military area and they are not allowed to start the engine Thanks a lot Next time please put the airplane first of the parking zone of the military then put all the passengers into Pretty easy isnt it,2.0,,Neutral,Positive,Negative,ManualCheck
Star Peru,airline,J Vanya,2016-08-16,Thank you so much for the staff of Star Peru I had booked a flight from Iquitos to Cusco via Lima and in Lima there was only  minutes to change a plane in Lima It was already a pretty fast change but to make it even more hurryful we left Iquitos  minutes late Actually thats a small minus Nobody ever said why we were late and no any other announcments was made about the delay either Anyway I mentioned this to the staff and they promised to get me to the next plane When we arrived to Lima there was a man waiting for me And then we ran We took some staff routes to make sure we get to the gate on time I didnt realize I have to make a new security check but I did Alone I could have never made it Even though it of course was a small minus we left late and never was there any announcments why the staff really wanted to make sure I get to next flight on time Thank you for that,8.0,,Neutral,Positive,Negative,ManualCheck
Star Peru,airline,Chris Scholten,2016-07-02,Flew Star Peru from Lima to Pucallpa Sitting in the plane while writing this review My flight was supposed to leave  minutes ago staff do not seem to know why the plane got grounded and their lack of English isnt helping either Neither did they announce a gate change at Lima and for the moment they still have no insight on whether well even depart or at which time this will be I Wouldnt recommend this airline to anyone Ive had better experiences with LAN Airlines,2.0,,Positive,Negative,Neutral,ManualCheck
Sudan Airways,airline,F Durrant,2008-06-09,Business class on their A from Doha and really glad to get off this flight Aircraft very scruffy inside and needed some real attention and cleaning Seats were broken in many areas and toilets were unusabe  FAs did not seem bothered by any of this Service was all over in a short time and FAs then disappeared to galley Not an airline I would wish on my worst enemy and despite all they say in their magazine about change this airline seems to be a lot worse than when I last flew them that was in  though Avoid at all costs,1.0,,Neutral,Negative,Positive,ManualCheck
Sun Country Airlines,airline,T Marston,2025-03-26,My flight was supposed to depart Tampa at pm I was told to be at the airport  hours early Around  pm I started receiving messages from sun country delaying our flight The flight didnt leave Tampa until pm Their policy states  hrs domestic delays and  hr international delays Their customer support argues its  hr delays only response was sorry for the delay and have a good day,1.0,,Neutral,Positive,Negative,ManualCheck
Sun Country Airlines,airline,S Keane,2024-07-28,Avoid this airline This is my rd time flying with Sun Country and each time the return flight has been canceled When the flight is canceled the airport staff is of no help or support Out of Mexico they announced the flight is canceled and the next flight going out was in  days After they said that and people had more questions they said call the company and that was it We received an email to setup a hotel but the selections were undesirable and no transportation was offered I declined to be put on the next flight and booked my own flight with American Airlines It took over  months to receive my refund for the flight Second time this happened was last month Jun  I didnt even wait around to ask questions I declined the hotel they did not offer to rebook our flights I purchased my own flight again and Im still waiting on my refund Now today  Jul  in Punta Cana the flight is canceled again Since it is Saturday and I dont have to work to tomorrow I decided to stay another night and see if the flight will leave tomorrow Thankfully I do not have any more trips planned with Sun Country flights and I will never use them again,1.0,,Positive,Negative,Neutral,ManualCheck
Sunwing Airlines,airline,Dinulka Gold,2023-09-29,Service is way below satisfactory Purchased several vacation packages with Sunwing before Flights were substantially delayed numerous times and we didnt receive any reimbursement or even prior notification Last vacation the description of the hotel didnt match the reality a  star hotel room that didnt have room to place one single cot Never travelling with them again,2.0,,Neutral,Positive,Negative,ManualCheck
Super Air Jet,airline,Edy Saputra,2025-02-15,This is my first time flying a super air jet airline Initially it was written at E without confirmation of moving to E And the flight delay information was only announced at  WIB it was on the ticket at  WIB already boarding I dont know what your management is like Information via email or WASMS is possible if there is a delay Honestly this is a bit stupid of your system  Ini baru pertama kali nya lagi saya naik maskapi super air jet Awal nya yang di tulis di E tanpa konfirmasi pindah ke E Dan pesawat delay baru di info di  wib itu di tiket nya jam  wib sudah boarding Saya gak tahu management kalian kayak apa Info lewat email atau WASMS kan bisa kalau ada delay Ini jujur agak tolooolll system kalian,1.0,,Neutral,Positive,Negative,ManualCheck
Super Air Jet,airline,Hendra Kurniawan,2024-12-01,We bought the ticket thru Traveloka Apparently there is a change in their baggage policy and they only allow suitcase they do not allow any boxes stereo form or wooden There is no posted sign at the airport there is no posted sign anywhere when I fly  days ago with them The charges is not small It is almost the same price as the ticket price IDR  x  kg  IDR  I argued that there is no announcement when I booked with traveloka I told them they should have send a whatapp or email to all the passengers after the booking I usually fly with Super Air Jet before and this will be the last one,1.0,,Positive,Negative,Neutral,ManualCheck
Surinam Airways,airline,Thom Bogue,2018-02-10,Miami to Georgetown Flight from Miami was delayed an hour Return trip with connecting flight from Georgetown was also delayed an hour causing a missed connecting flight and an additional layover of combined  hours with additional cost of nd piece of luggage do to sending my son ahead with me checking his luggage in Approached management and told it was my fault in not allowing  hours for getting thru customs Told him that is incorrect as there was a  hour layover but they were an hour late He says No we were only  minutes late Wow so when flying Surinam airlines make sure you dont have to depend on ontime flights as they were late both times I used them in  Days Not a good record choose an alternative if promptness is important,3.0,,Neutral,Positive,Negative,ManualCheck
Swoop,airline,Eddy Carew,2023-08-21,I flew to Ontario from Edmonton and was supposed to be a return when I got to the airport to go back to Edmonton the security told me that the airline cancelled the flight there was no one there at Swoop to talk to so we could make arrangements to book another flight so I had to book another flight with another airline Now Swoop wont pay me for booking another flight There is nothing cheap about this service never did I hear that you have to pay for your seat and all your luggage They are trying to tell me they left  hours after they cancelled their flight how could I have knowing that when no one was there to talk to,1.0,,Positive,Negative,Neutral,ManualCheck
SyrianAir,airline,John Doe,2009-10-23,Daytrip to Aleppo on day one outbound was a domestic leg of an international flight that continued to Stockholm Aircraft was filthy but on time Was quite concerned when airline staff took our passports to be returned in Aleppo  to identify domestic passengers or give us an incentive not to stay onboard for the long flight to Sweden and civilisation Return was on decadesold Tupolev  although this aircraft was very clean Day two was a round trip on the same aircraft to Deirezzor and back to fly on a Yak  very unusual old Russian commuter jetliner gone from service everywhere else in the world While the Yak was a novelty I am sure for a regular airline passenger it would be quite scary as the plane was in fairly poor condition Our flight unlike the previous days ALPARN service left from the domestic terminal a real third world mess with puddles of water and ash on the floor no signs or shops or anything Smoking was encouraged though On arrival at Deirezzor my travel partner and I were arrested because we assume it was unusual for pax to flyandreturn in the same morning Released and allowed to rejoin the flight back to Damascus but on arrival back at DAM were arrested again and spent the entire day being interviewed by scary security officials who were not only sinister but also incompetent eg photocopied our passports but inadvertently gave us the photocopy then searching their own paperwork for the photocopies etc Perhaps our travel plans were out of the ordinary but if it was an itinerary unfavourable to Syrian security concerns why sell us the ticket in the first place Eventually released shaken Day three was a day trip to Latakia beach resort Old Yak  again shabby service smoking cabin crew smoking refuellers etc Waiting at small Latakia airport for return to DAM many plainclothes cops pacing like circling sharks due to a VIP passenger Same at international departures TK to IST and on to LHR  circling security agents in shiny suits everywhere hanging ceiling panels frayed wires broken luggage belts broken destination indicators with handwritten signs taped over them complete with spelling mistakes our flight was to Astanbul Never been so happy to leave a country Some of this doesnt relate to Syrianair but our troubles revolved around the Deirezzor flights which again Syrianair were quite happy to sell us Avoid this country and its deluded joke of a national airline,0.0,,Neutral,Negative,Positive,ManualCheck
T'Way Air,airline,Natalia Smith,2024-06-30,Complaint letter to T Way CEO Jeong HongGeun I am a frequent international flier This summer my family of  including my kids who are  and  years old decided to visit Busan I bought  tickets from Tway Airlines Our departing flight from Gimpo airport was at  am on June   After we arrived at the airport we were trying to selfcheck in but we got confused and we decided to go straight to one of your Tway customer representative agents we arrived early and there was no line  Me and my sister who speaks Korean approached your representative and gave her our passports She looked very annoyed and unfriendly It didnt bother us at first Then she rudely told us to do selfcheck in because she doesnt issue boarding passes I was trying to explain to her with the help of my sister that  I got confused with the options at the selfcheck machine In my response she impolitely asked me my last name and a departure time Then she almost  threw our passports and rudely told us that our flight was booked to Jejudo not to Busan I went back to the selfcheckin kiosk and printed our boarding passes I ended up returning to the same girl not by my choice Again she was irritable with a lot of attitude and with great reluctance started to check everyones passports Then she angrily stated that me and my two kids cant go to Busan because  I didnt write our middle names on our tickets We never use our middle names when we buy international tickets We often visit Korea  and coming to Seoul from the USA was never a problem   I mentioned this to her Instead of assisting us she raised her voice frowned her face  and yelled NO  You cant go You must buy new tickets She threw me our passports and sent us away I was so shocked to believe that this could happen in Korea  How disrespectful how aggressively we were treated I didnt know what to do because she didnt want to help us so I ended up going upstairs for a security check They didnt let me go in but they politely explained that I had to return back and a Tway agent would fix it for us Again I took my kids downstairs and another Tway representative was able to help us She kindly wrote our middle names and put stamps on our boarding passes I wanted to talk to a manager to inform of rude behavior but at that time nobody was available On July  we had a return flight At Gimhae Airport one of the Tway agents wrote our middle names and put stamps on boarding passes  with no questions asked We landed at Gimpo at   am  We got off the airport bus and I saw the same staff member again I told her that I would take a picture of her ID card and then I went downstairs to claim my luggage She followed me downstairs aggressively approached me and  shoved her cellphone right in my face It was written on the screen in English I told you several times I literally could not believe what  was happening I thought she was going to fight with me  I was threatened I was so shocked with this attitude Never in my life have I experienced this kind of treatment before This was my first and the last flight with tway,1.0,,Neutral,Negative,Positive,ManualCheck
TACA Airlines,airline,Kanarkiewicz Robert,2014-01-06,We flew TACA for Panama City Panama to Newark via San Salvador on  TACA recommended getting to the airport  hours ahead of time which we did and found that left us with a lot of waiting time San Salvador airport is not too modern and needs some capital improvements The first leg was on time and the second late was delayed over two hours but we arrive only  minutes late to Newark which was great given the bad weather the day before at Newark The breakfast food on the first leg was actually better than the lunch on the second longer leg of the flight,9.0,,Neutral,Positive,Negative,ManualCheck
TACV Cabo Verde Airlines,airline,G Bassim,2019-12-25,Washington to Dakar via Sal Worst experience so far traveling The flight was delayed more than  hours and there was no information or support from the airline or airport staff WiFi was unstable  spent hours trying to obtain WIFI to contact family Cabo Verde customer service was not available or responding Airport staff disappeared for hours with only police remaining who would not speak English and spoke only Portuguese which they knew we did not understand  very unhelpful We were pretty much stranded for hours in a foreign country with no explanation whatsoever with unfriendly police around Ill never travel with Cabo Verde or fly through Cape Verde again I will definitely warn friends and family about my experience No one deserves to be treated like this,1.0,,Neutral,Negative,Positive,ManualCheck
TAME,airline,G Barker,2019-05-24,Ft Lauderdale to Guayaquil First time flying with TAME Our flight was delayed an hour Upon landing in Guayaquil for my two week vacation TAME informed me they had left my one suitcase with all of my things in it in Ft Lauderdale due to the other passengers having too much luggage Other people got to bring  and  huge suitcases but my  lb tiny suitcase with everything I needed in it to enjoy my vacation was left behind They said I could spend  on things I needed to replace from my bag and they would reimburse me as long as I kept my receipts and uploaded them to the customer complaint form online I spent  on clothes and toiletries to last me until my suitcase would arrive two days later clothing is expensive in Ecuador At the end of my two week trip when I got access to a scanner and wifi to upload my receipts they told me I was supposed to submit the receipts before my suitcase arrived  hours later  Now they will not contact me back and I never got my money back for their mistak even though they said they would reimburse me,1.0,,Neutral,Positive,Negative,ManualCheck
Tame Línea Aérea Del Ecuador,airline,S Murton,2019-06-11,Quito to Manta My Wife and I were going to go from Florida to Quito on another airline and we booked our flights with Tame from Quito to Manta and back to Quito We had something happen in our personal lives and had to cancel our trip The biggest issue we had was with Tame The tickets are  nonrefundable and you cant get any credit We are having an emergency right now and were just looking to reschedule our trip another time when we can sit and think about planning the dates Since we cant get a credit were forced to pay a fee  per person and also immediately choose other dates NOW which as I said is not convenient for us at the moment The only other option is to just lose all the money we paid They told us we can choose the new dates up to one year after our original flight dates We settled on dates in June  and called back to reschedule Then they told us we only have until the date of PURCHASE May th not the date of our original flight So we had to hang up and rethink all the dates again We called back again then they said the system wont let us fly that week we have to fly before May th We dont want to fly at that time so we call again later after we picked new dates for the third time in Nov  We call back to reschedule to Nov and now they say we have to pay an additional  in addition to the  that we already paid for the first flight We are looking online and the ticket prices are cheaper than what we originally paid so why are we having to pay extra on top of the  per person fees They cant explain it So were being forced to pick dates NOW which we are not really ready to do to pick dates we dont want because they just wont allow us to fly next June and pay  total for these dates We decided to just lose everything we paid and learn the lesson to never fly with Tame Were going to pick the dates we wanted in June  and pay full price with Copa or Avianca instead of dealing with Tame anymore We also will be be letting all our family still living in Ecuador of our issues with Tame We fly our parents from Manta to Florida several times a year for the last  years so I hope they enjoy the  they got from us because that is the last,1.0,,Positive,Negative,Neutral,ManualCheck
Tame Línea Aérea Del Ecuador,airline,Harry Turner,2018-06-20,In January  Tame canceled our flight from Quito to Lago Agrio with short notice They offered us a flight  hours later which did not suit our itinerary into the rain forest Tame was notified about this In order to repay we had to send copies of payment with credit card copy of credit card copy of passport copies of tickets etc We did this twice electronically and once with surface post Since this was done no contact with the airline and no money Be careful,1.0,,Negative,Positive,Neutral,ManualCheck
TAP Portugal,airline,Achille Villaret Liger de Chauvigny,2024-12-30,My suitcase never arrived with me in Lyon I have tried to submit a claim to get a refund for the expenses I had to make because I had nothing with me arriving in Lyon Of course I couldnt do it via their website Therefore I reach out to the customer service that told me that I had to deal with the previous company I was flying with whereas the law is very clear  last airline flown is the responsible one to create a missingdelay bag file proceed with search and provide you all the needed assistance The client service close the call with me because they did not want to help me saying this was not their matter,1.0,,Neutral,Positive,Negative,ManualCheck
Thai Airways,airline,Raphael Goossens,2025-03-01,The trip started with a super smooth checkin excellent security and new automated emigration congrats After a nice cocktail in the bar things however started to go badly wrong  a short  min delay was announced that later turned out in  hours Everything was very poorly managed with no support from the airline I did not get any vouchers Boarding went with an overloaded bus and it took a very long time to get on board Once on board we faced a very old business class  with no direct aisle access for window seats Storage was very limited and the seats unacceptable tight for  The flight had a very extensive crew but service was average I even had to push very hard to get an expresso from a broken expresso machine Thai seems to suffer from complacency and needs to invest to bring its equipment to a competitive level Bangkok is a great airport and has massive potential,4.0,,Neutral,Negative,Positive,ManualCheck
Thai Airways,airline,81 reviewsRichard Laycock,2025-01-19,The lack of consistency with Thai Airways is rather frustrating They are always a convenient airline to fly to Thailand with but each flight varies so much From IFE to food to the cabin crew service The food on this flight wasnt nice The IFE was much better Was a comfy flight managed to sleep for  hours ON this hour flight,7.0,,Positive,Negative,Neutral,ManualCheck
Thai Smile Airways,airline,Mike Shroeser,2023-11-28,Usually Thai Smile has been reliable transportation for my wife and I However on this occasion Thai Smile WE  was late arriving To Thai Smiles credit the morning of the flight Thai Smile did message me and made me aware of the delay but that was the last intelligent thing Thai Smile did Where Thai Smile went wrong  Thai Smile is over  minutes late to one of the largest connection hubs on the planet HURRY UP Dont coast down on descent with the engines barely engaged to save on fuel costs People are going to miss their flight Go as fast as possible A missed connecting flight is Thai Smiles Fault  Why is Thai Smile accepting a parking Spot farthest from the terminal Pay some extra money pull some strings trade with another Thai Smile incoming flights parking spot Your passengers are going to miss their next flight because of you Thai Smile needs a person with brains running the show here Because Thai Smile knew from early that morning they were going to be delayed they messaged me and told me So I know they knew long in advance If Thai smile knows that far in advance then somebody at Thai Smile needs to have some brains and ensure that the parking spot is at the terminal so passengers that have connecting flights have the best chance of making it A because we were at the farthest parking spot at the entire airport we had to take a  minute bus ride to shuttle us to the terminal This is a waste of time when Im trying to make my connection B because we were at the farthest parking spot at the entire airport it took the bags at least  minutes to start arriving at the carousel By the time I walked out of the domestic arrival area I was a full  hours late and made my connecting flight by a mere  minutes I was dead last and almost missed my flight to India,1.0,,Neutral,Positive,Negative,ManualCheck
Thomas Cook Airlines,airline,T Andrews,2019-06-20,Manchester to San Francisco with Thomas Cook Airlines Absolute trash for the amount of money paid Very hard uncomfortable seats that cannot recline Angle of seat causes neckache broken handle on seat and only a handful of movies for free Plug for headphones defective Lack of free beverages Absolutely unfit for a long haul flight of  hours Do not fly with them and spare yourself the agony,1.0,,Neutral,Negative,Positive,ManualCheck
Thomson Airways,airline,B Gordon,2018-12-10,Gatwick to Sal Cape Verde Crammed in like sardines not sure how Thomson get away with this Space between seats is so limited you cannot get out without hanging on to seat in front so you annoy your fellow passenger Seats also recline so if you are unfortunate enough to have someone in front recline you are effectively a prisoner in your seat I am  tall and my knees were touching seat in front in upright position Extra leg room seats not purchased in advance very expensive hence availability were offered for  each These were snapped up quickly but looked like they were taken by larger passengers No entertainment Food surprisingly tasty no choice Crew seemed happy On arrival Thomas Cook airbus was on tarmac very jealous Will not do this route with Thomson again unless they use different plane,4.0,,Positive,Negative,Neutral,ManualCheck
Tigerair,airline,H Ng,2019-10-02,I bought a return ticket from Brisbane to Sydney  Sep  and Sydney back to Brisbane  Sep  with Tigerair almost two months ago  August  On Saturday  Sep I flew to Sydney on schedule Then I received an announcement that the Flight on  Sep back to Brisbane TT was cancelled due to engineering requirements and postponed to Monday  Sep at pm Thus I stayed in Sydney one more day On Monday morning I got to the airport early and found that the flight TT was cancelled also due to engineering requirements The announcement reached my mobile phone at am  Sep The available flight is on Thursday I requested a Tigerair staff to buy a ticket for me back to Brisbane as I could not stay in Sydney longer and I had to fly back to Brisbane on that day otherwise I would give a negative review However the staff did not care and said that he only could send me a refund In the end I bought the last seat available from Sydney to Brisbane with Virgin Australia at  I do not know whether the Fair Trading can force Tigerair to pay for my extra airfare Tigerair is not reliable and their service to customers is unfair,1.0,,Positive,Negative,Neutral,ManualCheck
Tigerair Australia,airline,R Halson,2020-03-16,Gold Coast to Melbourne Absolutely shocking will never fly with this unprofessional airline again I tried checking into my flight online a few hours before the flight left their app would not let me I also tried using webjet which just rejected my check in I had no luggage with me so I had planned to get everything I needed to get done in Gold Coast before my flight  and walk on smoothly  minutes before it departed however because of their online check in not working and being put on hold for an hour just to ask someone to assist over the phone I missed my flight Nobody cared to help me out or even compensate me in the slightest way for their website and app faults The man at the counter just informed me that if you dont have an allocated seat on the flight your check in online wont work Great thanks for the heads up I would love to see where that is outlined for their passengers to follow The next flight was a few hours later for  I am only a student and would rather pay  to get onto a JetstarQantas flight so that I never have to deal with them again,2.0,,Neutral,Negative,Positive,ManualCheck
Tigerair Taiwan,airline,Vincent Tan,2016-02-14,Tigerair Taiwan from Singapore to Taipei No notification on flight retime via email or sms There was no staff directing passengers what to do next when we arrived at the airport The counter staff were extremely unfriendly The queue was very long and yet there were at least  other counters with the staff who were very free just looking around chatting,1.0,,Neutral,Negative,Positive,ManualCheck
Titan Airways,airline,Peter Simmons,2022-07-24,Brillianta bit shook up to be taken to a plane covered in Jet branding Is this the right one Are we being kidnapped But the staff were super The pilot sounded as annoyed as us passengers when he informed us that despite us all getting on board in very good time we may be delayed by h m presumably because other planes due to depart before us being delayed He must have argued the case very well as we were only  minutes late taking off It was also a  rather than a  which undoubtedly Jet would have used This meant that once up in the air it became apparent there was lots of empty rows Anyone that fancied a kip could get themselves a row and bed down for the flight Only downside was none of the cabin crew stood in for Jess Glynn and sang Come And Take My Hand The end of holiday experience just missed that little touch Many thanks for fetching us home though Titan,10.0,,Neutral,Positive,Negative,ManualCheck
Transaero Airlines,airline,Isabel Pomelek,2015-08-23,Our flight from VIEDelhi was alright An immense  hrs waiting time for the connecting flight though Service is minimal food is minimalistic Our flight back from Delhi was actually ok The AC seems extreme the food was more in quantity but less in quality Our  hrs for the connecting flight back to Vienna turned out to be  hrs Almost every flight was delayed  up to  hrs This airport aims for international however the amount of people in the shops and food courts who speak English is almost zero Please Transaero improve your quality,4.0,,Neutral,Positive,Negative,ManualCheck
Transaero Airlines,airline,Yevheniy Kahanovych,2015-06-01,I was on a short hop from Kiev to Moscow They called it discount class flight The price tag was well over what Aeroflot and other legacy carriers asked but I needed to be late night at Domodedovo so bought it The check in was polite but was informed about recent hand baggage rules change they demanded to pack my backpack into a hold bag and to proceed to a plane with laptop bag only When onboard was shocked with the seat pitch Ryanair looks generous after that overcrowded accommodation You have literally no room to seat plus passengers can recline leaving you no room even to move The snack service was pathetic with peace of bread in plastic Crew were polite but not up to other airlines standards The plane was old The toilet was smelly Deplaning in Moscow was via bus I used to be their loyalty program active user so accumulated some miles Trying to used them I was unable to book reward ticket via website This option leads you to a error message on the payment page Overall overpriced and substandard Not recommended,2.0,,Negative,Positive,Neutral,ManualCheck
Transavia,airline,R Horton,2025-01-23,This is by far the worst airline I have ever used I work throughout Europe so I fly every  weeks and Transavia is to avoid by every means necessary They do not provide a legal invoice Their computer system is bad and regularly does not work so you are not even able to print a proof of payment and you can not check in before your flight You have to go to the desk and you have to explain to them their system does not recognise your name Then they will argue with you that it is never their fault  some flight attendants are friendly but most dont care at all The air plane was really worn down Seats were old not comfortable and not very clean in general You cant buy anything with cash My  experiences with Transavia were that bad that I rearranged working hours on the project I now drive  to  minutes more by car to get to another airport where I can choose other airliners and I happily pay  to  euro more on a return flight I will not recommend them to anyone not even as a cheap budget line,1.0,,Neutral,Negative,Positive,ManualCheck
TUI Airways,airline,John Murrie,2024-09-16,Ridiculous how you can only use card and not cash anymore cash is legal tender and best to keep cashflow incase services go down everyone is talking about this and now buying snacks and drinks at airport to take on plane as cant use cash people will boycott the online service if this keeps up most people exchange there euros into cash for there holidays to keep track of spending instead of unexpected card charges while going abroad There was  of us which did not buy anything on plane so what a loss of money due to that alone,3.0,,Positive,Negative,Neutral,ManualCheck
TUIfly,airline,Bence Kern,2024-12-09,They almost made me to miss my flights They made me to pay  usd extra because of backpack overweight which could only be kg which was not stated anywhere and also a joke as it is always kg at least normally After paying they still made me to unpack my backpacks and pack the overweight separately as I can not bring it on board it has to go below The most uncomfortable experience also after  years of flying the first time someone measured my backpack and also be that picky Never again,1.0,,Neutral,Negative,Positive,ManualCheck
Turkish Airlines,airline,Soheil Sadeghi,2025-03-10,It would be bad citizenship if I dont write about my experience with Turkish airline If you plan to book a trip in which ones possible airline option is Turkish please make sure you have adjusted expectations I travel often from the US to middle east and tried different airlines This time I chose Turkish because it has sightly shorter duration on the longer leg compared to other service providers in the region Qatar Emirates etc But unfortunately I didnt get what I wanted shorter trip and also missed some other standard benefits With Turkish airlines you can happily book a flight and make travel plans accordingly But the airline doesnt feel obliged to commit to that booking They very very often cancel some legs of your flight likely due to the fact that the leg is not being fully booked This selfish cost saving approach wont stop there In my case it led to a major layover duration increase  hr to  hr And as you may have guessed they dont care for your time and wont even mention a penalty Having a  hr layover I decided to book a lounge at Istanbul airport I wont bother readers with describing quality and variety of accommodations at the lounge But its good to change your expectation about a lounge if you think its supposed to be a comfy area for resting and good food If you could find a spot to rest like taking a nap you should be proud of yourself And lastly after all the misery we arrived at the destination Newark NJ with two out of five checked luggages missing Again it might be surprising to a regular reader but its very usual for Turkish airline staff if you ask them The airline had only seven hours to transfer our luggages and this is indeed error prone You may be more lucky with  hr layovers next time Why am I writing this Just to vent a little Im sure the effect would be minimal But I also hope this helps some future travelers to dodge the bullet if they have other options,1.0,,Neutral,Positive,Negative,ManualCheck
Turkish Airlines,airline,Adel Soliman,2025-02-25,I recently flew business class on Turkish Airlines from JFK New York to Istanbul and unfortunately my experience was far from what I expected The aircraft felt outdated with uncomfortable seats The cabin temperature was unbearably high turning the entire hour flight into a sauna While the food was passable I found it below the standard of other airlines business class offerings My connecting New York to Rochester flight was canceled with no assistance from Turkish Airlines No automatic rebooking No refund or apology I had to book a sameday ticket on a different airline at my own expense just to get home Reaching customer service was a nightmare they were dismissive unhelpful and indifferent Each call ended with them simply asking me to leave feedback on their website Emails were ignored and when I finally spoke to a ground agent they were rude and uncooperative Despite multiple attempts I received no refund no compensation and no resolution This level of service is unacceptable especially for a businessclass passenger I will never fly Turkish Airlines again,1.0,,Neutral,Negative,Positive,ManualCheck
Turkish Airlines,airline,E Meere,2025-02-24,As we were entering the flight we were told we couldnt take our hand luggage a very small suitcase even smaller then most backbacks Women was not friendly at all and shouted We had some valuables with us what we had to take out and keep in our hands When i asked for bag she did not even answer Most unpolite people I never fly Turkish Airlines,2.0,,Neutral,Negative,Positive,ManualCheck
Uganda Airlines,airline,Katongole Emmanuel,2023-12-17,I paid a very expensive ticket in economy premium and my luggage was left behind Reaching entebbe I reported the case to cargo section and they promised to bring the bag next day I waited for  days and no one was contacting me I contacted given number many times and was off then later turned on and no one was picking Later a lady picked but was too rude and hanged on the phone Staffs there are acting unprofessional and I think they luck knowledge of customer care I celebrated my daughters birthday without her dressing attires which costed me much money First time and disappointed and hope not to use same plane,3.0,,Neutral,Positive,Negative,ManualCheck
Ukraine International,airline,Oleksandr Saienko,2021-08-18,Denied boarding KyivAmsterdam due to falsepositive express COVID test which was not required at destination  only hour one which wed had and negative Once weve got retested and negative express results  lady at a counter told us  youve been already crossed out from the flight  you wont board this one  go figure it out with the main office No assistance whatsoever no tickets for the next flight no vouchers nothing We are family of four with  kids   and  yo had a wonderful time  hours trying to understand what to do next on our own  no one from this company came with anything,1.0,,Positive,Negative,Neutral,ManualCheck
Ukraine International,airline,K Aly,2020-06-12,So they cancelled flights due to COVID Good luck getting a refund from them They are offering vouchers on their website I disputed the airfare charge with my credit card company Initially they credited it back to my account but then they received a response from Ukraine International Airline and reposted the charge In their response the airline was appealing to the restrictions imposed by the Ukrainian government due to the global COVID pandemic As a result of these restrictions the airline was unable to operate any international flights at that point The airline further insisted that due to the extraordinary circumstances the airline should not be liable Duh Well on April  the the US Department of Transportation issued an enforcement notice where it clarified that US and foreign airlines remain obligated to provide a prompt refund to passengers for flights to within or from the United States when the carrier cancels the passengers scheduled flight or makes a significant schedule change and the passenger chooses not to accept the alternative offered by the carrier Furthermore the notice clarifies that the longstanding obligation of carriers to provide refunds for flights that carriers cancel or significantly delay does not cease when the flight disruptions are outside of the carriers control eg a result of government restrictions I submitted a complaint with DOT Well see how that goes The bottom line  I will continue fighting this  I will never fly with Ukraine International Airline again  Im cancelling that credit card too as they have not been very supportive in this situation PS my ratings for the seat comfort inflight entertainment etc are based on my prior experience with this airline The only reason I used to fly with them is because this is the only direct flight from NYC to Kyiv Well never again,1.0,,Neutral,Positive,Negative,ManualCheck
United Airlines,airline,6 reviewsA Hadsan,2025-02-28,Very old aircraft I guess partially retrofitted Cabin service was great What I didnt like  mismanagement at the time of boarding with cabin luggages that delayed departure  boarding bridge customer service  food for purchase only on a  hours flight Never knew United has become a budget airline I wouldnt recommend the airline based on Food is only available for purchase And delayed departure due to their own mismanagement with cabin luggage of certain passengers,6.0,,Positive,Negative,Neutral,ManualCheck
UP by El Al,airline,1 reviewsI Fine,2015-08-12,They charged for everything including printing your boarding pass and carry on bags Nice crew when I got on but uncomfortable and flimsy seats When an woman kicked my seat it went forward and was locked in the upright position for the rest of the flight We were delayed for an hour on the ground and there was no announcement as to why  the crew served free water After departure the flight attendants went down the aisle with a cart of food for sale We were sitting toward the back of the aircraft and when the flight attendants got to us it turns out that they were out of everything except for cup noodles A nice airline would have got on the intercom and announced it to everyone regretfully There was no inflight entertainment and no wifi,2.0,,Positive,Negative,Neutral,ManualCheck
US-Bangla Airlines,airline,18 reviewsD Hamzen,2024-02-10,Flight was delayed for more than  minutes without informing the passengers A very small craft that doesnt tough the boarding bridge The airline provided connecting bus to the fleet Automated check in could be done though the machine was not working properly Ground Staffs and cabin crews were good in proving services Food was basic snack Ticket price was too high,6.0,,Neutral,Positive,Negative,ManualCheck
Utair Aviation,airline,Vassily Sidorov,2011-10-11,Moscow to St Petersburg Flight was OK food was better than MANY airlines for flights that short check in for the flight was awfully organized Several registration points were shared between a number of UTAir flights but obviously werent enough as there were crowds of passengers The personnel were slow I spent about  minutes in line The business class point was empty but the lady who worked there refused to register anyone else even late passengers and just kept reading something It was not before people had started calling for the representative realizing they were being late for boarding that the situation improved more or less I arrived  hours before the flight and finally managed to register only  minutes before the registration was closed,5.0,,Neutral,Positive,Negative,ManualCheck
Uzbekistan Airways,airline,Zayniddin Nizamov,2025-02-03,My experience with Uzbekistan Airways was extremely frustrating due to the complete lack of organization during the boarding process At the airport there was no clear line or queue system for checkin and baggage dropoff Passengers were crowding chaotically and the staff did nothing to manage the situation or maintain order As a result we waited for over  hours just to drop off our luggage and get our boarding passes The disorganization continued inside the plane Passengers were not guided properly leading to confusion and delays during boarding The cabin crew seemed overwhelmed and did little to assist or streamline the process This lack of efficiency made the entire experience stressful and exhausting I travel frequently and I have never encountered such poor management at an airport or on a flight Uzbekistan Airways needs to improve its ground and onboard operations significantly to provide a better experience for passengers Clear lines better staff training and effective communication would go a long way in resolving these issues I hope the airline takes this feedback seriously and works on improving its services Until then I would hesitate to fly with Uzbekistan Airways again,1.0,,Neutral,Positive,Negative,ManualCheck
Uzbekistan Airways,airline,1 reviewsD Jansen,2023-10-31,As a well travelled Belgian who has been to  countries and used over  different airlines world wide I can tell Uzbekistan Airways really satifisfied me despite the negative reviews I have read over here and other websites Due to the fact that the online checkin wasnt possible not on the website nor on their app we had to be early at the airport to make sure we were seated next to each other From the moment my girlfriend and I entered the air vessel we were welcomed with a smile and notice some Spanish extra cabin crew members to the staff of the flight HY as well as the Uzbeki who also served us in English Our  seats on the left side were spacious the meal was suprisingly very varied and rich of side dishes such as extra fruit dessert some burek sauces such as ketchup olive oil and mustard We were served many times with drinks during the flight The cabin crew were very available very caring and had a really nice level of customer service This air vessel had the problem of non working screen entertainments Keep that in mind if you are taking a  hour flight or longer Also some of the locals dont really care about queueing  correctly as entering the plane as well as embarking the plane even we noticed them being a bit rude towards the airplane staff Also I have to confirm the entire staff showed the safety flight procedures so they value the safety on board If the screens would have been worked I would give a,9.0,,Neutral,Positive,Negative,ManualCheck
Vanilla Air,airline,B Gardner,2017-08-13,This was the first time I flown with Vanilla Air parent airline is ANA They have a different terminal for low cost airlines Terminal  at Narita Airport for LCCs and also at Okinawa Check in was smooth for both flights I had no expectations whatsoever The inflight service was basic and for and  hour flight is just fine Seats were comfortable and the cabin crew was nice This is a low cost carrier and I will recommend it and I will be flying again Within Japan is it rather difficult to get a bad service,9.0,,Neutral,Negative,Positive,ManualCheck
ViaAir,airline,Rachelle Anderson,2019-08-24,Pittsburgh to Austin I booked a flight in March I never received an email stating that my flight was cancelled or that the airline was bought out by another company Ashley Airlines I simply went to check in  hours in advance and was unable to When I contacted Pittsburgh Airport they informed me that Via Air had not been flying there since APRIL So now I drive to the airport to try and find another flight and of course my  flight to Austin is now  dollars for a similar trip Needless to say I declined going to my friends bachelorette party and missed out on all of the weekend fun If you want to make it to your destination do not book with this airline They literally have an F rating on Google and Yelp So splurge an extra  for a reliable airline,1.0,,Negative,Positive,Neutral,ManualCheck
ViaAir,airline,K Donohue,2019-05-07,I had a round trip scheduled from Jackson to Orlando Two days before my departing flight I received an email stating my flight was cancelled No reason no info on refund nothing other than being told my returning flight was confirmed I called the customer service number attached to the email and it goes straight to someones voicemail I got in touch with the MS airport authorities who contacted ViaAir They were told by a rep to have me contact them through Facebook for a response After two days waiting for a response through all the mediums I contacted them through I received an email simply apologizing for the inconvenience I arrived at the FL airport for my returning flight that I was told was confirmed and waited  min at the ViaAir desk and saw not one person I then contact the airport information to be told my returning flight was also cancelled with no reason and this time no email in advance The lady at the information desk told me they didnt even send employees in today for work because they cancelled the flight So no rep to even answer questions available Do not book waste of time and money,1.0,,Positive,Negative,Neutral,ManualCheck
VietJet Air,airline,Thai Hoa Le,2025-03-28,I booked my tickets through the CapitalOneTravel website and it autofilled my information but incomplete so I called Vietjet Air to update it I called a week before my scheduled flight date Vietjet Air refused to update my name from Le Thai to Le Quang Thai Hoa and to change my birth year from  to  I offered to verify my identity in any way that they want but they still said no Asked to speak directly to a supervisor  NO They told me thats out of their policies to change it and told me to buy a new ticket I ended up cancelling my flight VietJet Air pretty much ruined my trip,1.0,,Positive,Negative,Neutral,ManualCheck
VietJet Air,airline,1 reviewsE Alekseev,2025-03-10,If you want to spoil your travel experience you can choose this airline I understand if the tickets were very cheap but the price is average and I paid extra thanks to the employees of this airline Im not talking about disrespectful attitude towards passengers when they dont even greet you and look at you with a face as if you owe them When they weighed my carryon the number wasnt visible on the scales and the woman at the reception desk said that my suitcase was too heavy please note that the max weight of a carryon is  kg and they will definitely force you to put even a small bag so theres definitely an overweight Since I wasnt traveling alone I bought joint tickets with my boyfriend if you buy joint tickets then the weight of the luggage is added together Thats what we were told when we flew these airlines from Chengdu to Ho Chi Minh City and from Ho Chi Minh City to Phu Quoc The combined weight including small carryon bags was certainly higher the weight on the scale wasnt reset and was  kg before I put my carryon I didnt see the weight of my carryon although I weighed at home and it did not exceed  kg When we were flying in one direction the staff offered to pay for the extra weight on one of the hand luggage we did so and everything seems to be fine But when we were flying back from PhuQuok the woman at the checkin desk said that we should buy luggage but not a word about the extra weight only the luggage in the back of the plane accordingly it is more expensive than just paying for an excess of  kg We were in a hurry to board and I said that then we would just pay for one of the suitcases since the tickets were bought together its possible This woman sent me to another counter for payment where they calculated the price for  suitcases I asked why such an amount we have joint tickets in general it turned out that this is not possible and I need to buy  suitcases I already wanted it to end faster and I just paid we were already late for boarding It was only later that I realized she hadnt given me a receipt she said I need to buy luggage for  flights back to Phu QuocHo Chi Minh CityChengdu so when we checked in at Ho Chi Minh City again the employee demanded a receipt and pay again I was already getting angry and saying that I had already paid and let him check it himself The employee even took the trouble to check our tickets on the computer and told us to open the ticket purchase application and show it to him The flight attendants were also not welcome on the plane there was not even water for the hour flight they were dressed very untidily with their hair down I dont know how they were trained or what the regulations are but its terrible We were lucky that the flights werent delayed which is very common Its not possible to change tickets or refund the cost,1.0,,Neutral,Positive,Negative,ManualCheck
Vietnam Airlines,airline,1 reviewsD Payes,2024-12-17,I travel from SydSGNHanoiDa NoiDanangSGNPhon PheHanoiSydney I had great service from the Airline and its crew All flights were on time the food and service were great and the entertainment in the longhaul sector was decent They serve good tasty food with a smile Sydney checkin staff needs training as they were rude and arrogant including their supervisor who has given  different seats across the cabin even though we share a common ticket booking number Finally cabin crew helped us adjust and provided us with a seat Similarly at Hanoi airport is chaotic it took more than  minutes to complete our security from arriving from international and departing again We just reached the gate  minutes before departure and we were told to wait as the aircraft is not ready but noticed that few passengers were allowed to board the aircraft from the side When other passengers investigated why they were waiting They reluctantly allowed passengers to move in but again they were asked to wait at the aerobridge for more than  minutes The time is ticking away and passed the departure time and no reason provided that why passengers are not allowed to board and meanwhile one ground staff mentioned that there is some technical issue and so we are not allowed to board Finally when everyone raised their voice they allowed to board and what we noticed that few influencers were flying on Vietnam and they occupied aircraft for their own video shooting this was the really unacceptable practice of Vietnam Airlines The flight departed more than  minutes late i had prebooked a Hindu meal on sectors and I was provided a proper Indian hindu meal but on a sector from Hanoi to Sydney they swap my request with a Vegan meal They blame catering department,8.0,,Positive,Negative,Neutral,ManualCheck
Virgin America,airline,L Neale,2018-03-22,Newark to San Francisco I am trying to return home on eve of a major storm I usually fly UA but not satisfied with their service including st class so I thought give Virgin America a try I am on a paid st Cl ticket and flight out ok Food very good seat not lie flat but fine for length of flight One complaint no lounge in SFO I am at the moment trying to make a change to an earlier flight to avoid getting stuck by cancellation The online link to modify it in is dead and have been on hold for  The press one for call back option is also dead I realize it is a mess for them with merger as well as storm warning in progress but one reason I fly st is for better service in this kind of service And BTW no lounge in NY airports,6.0,,Positive,Negative,Neutral,ManualCheck
Virgin America,airline,Hayden Henderson,2018-03-08,Dallas to Los Angeles The whole process was terrible I arrived at the airport a Hour early waited in line until it finally became my turn to get my boarding pass and everything Well the man helping me get checked in kept walking away from the computer to help other people and finally comes back to my counter and told me you missed your check in time by  minutes  minutes of my own time he spent not helping me get my boarding pass After explaining to him I had to be on that certain plane for a family emergency He told me it wasnt his problem and I should have been at the airport earlier if it was important to me Flat out most disrespectful attendant I have ever dealt with but doesnt end there He got me another plane that brought me to San Fran airport then had to wait  hours to board another plane And Recharged me a  fee for layover when I already bought protection on my original tickets When I tried to tell him I already paid for flight protection he walked off and got another attendant to help me Then when I finally got on the plane all the flight attendants were  rude I ordered a free beverage and it took over  min to get no turbulence Overall first and last time ever wasting my time with Virgin Airlines Do yourself a favor and avoid their airline unless you like to be treated worthless,1.0,,Neutral,Positive,Negative,ManualCheck
Viva Air,airline,M Mosco,2022-08-28,I can share a few cautionary anecdotes with you regarding Viva Air Its hard to understate the kindness courtesy and helpfulness of every Colombian Ive met in Medellin Guatape and Santa Marta That impression was tarnished when my husband and I presented our passports to the woman at the baggage drop desk She told us that contrary to the information Id received from the platform on which Id purchased our tickets we were not checked in for our flight However the real problem was not that wed arrived too late for our flight The Viva representative informed us that she would not be able to allow us on the flight because we had arrived  minutes after the cut off time for check in For check in Please note that this is a small airport where ordinarily only  minutes are necessary to get from the entrance through security to the gate But no matter how we pleaded our case neither the woman behind the counter nor her bureaucratic martinet of a supervisor would budge It was not merely that we were prevented from boarding our flight that we found upsetting it was the way Vivas staff treated us At no moment did we receive a sympathetic word from anyone When we tried to reschedule our flight the supervisor coldly informed us that wed have to fly out the following morning then amended her statement a minute later That flight was actually booked maybe the next day She was clearly anxious to dismiss us impatient with our lack of fluency in Spanish In addition to the chilly manners of its staff and its insistence on punctilious enforcement of its rules Viva also qualifies as Colombias answer to the US Spirit Airlines Prepare to be nickeled and dimed in every possible way My husband has never had to pay extra for his very compact travel guitar on any of the many carriers hes flown Guess what Theres a first time for everything They were about to charge me for my yoga mat bag as well when out of shock I dropped my water bottle and it broke spilling all over the floor I didnt plan it as a distraction I really liked that water bottle but it did save us another ridiculous fee,1.0,,Neutral,Negative,Positive,ManualCheck
VivaColombia,airline,6 reviewsBart Dario,2019-02-26,Cartagena to Cali Paid the ticket  pesos equivalent to mBP or EUR We left on time we arrived before the scheduled time Some people judge an airline when they spend peanuts for it I find Vivacolombia exceptional for what you pay,10.0,,Positive,Negative,Neutral,ManualCheck
Volaris,airline,B Read,2025-04-02,I wasnt able to fly with Volaris on March   at  PM because they overbooked the flight and canceled two of the three seats I had booked months in advanceone for my brother and one for my sister While my seat was still available I obviously wasnt going to fly without them Volaris made no effort to resolve the issue and offered absolutely no assistance To make matters worse they didnt provide compensation a hotel stay food or any kind of support I was forced to book a lastminute flight with another airline for the next day since there were no available flights that same night This cost me over  plus an extra  for food and drinks while I had to stay up all night and all day at the airport We were stranded there for over  hours and during this time both of my siblings suffered from dehydration due to the lack of proper rest and resources The lack of professionalism and customer service from Volaris was beyond frustrating This was my first experience with them and it will definitely be my last I strongly advise others to think twice before booking with Volaris,1.0,,Positive,Negative,Neutral,ManualCheck
Volotea,airline,C Hailene,2025-04-05,The flight was not delayed we even arrived early Compared to the forecasts In addition I had the pleasant surprise having taken an option that I was offered a drink without knowing it Of course its not much but when you dont expect it its nice Small note sorry I dont know on which plane we came back from Lille But there was significantly less legroom  Le vol na eu aucun retard on est mme arriv en avance Par rapport aux prvisions De plus jai eu lagrable surprise ayant pris une option sans le savoir que lon moffre une boisson Bien sr cest pas grand chose mais lorsque lon ne sy attend pas cela fait plaisir Petite remarque dsol je nen sais pas dans quel avion nous sommes revenus de Lille Mais il y avait nettement moins de place pour les jambes,9.0,,Neutral,Positive,Negative,ManualCheck
Vueling Airlines,airline,Joshua Wilkinson,2025-02-14,Ive flown  flights with Vueling within the last  months at the time of this review  and despite the claim that they grant you premium status from  flights onwards Vueling Customer service team keep refusing to grant me the status They claim the problem is that I previously used a different Vueling Club account number linked to an email address I no longer use They said I could resolve this by creating new account and then they would merge them Even though they claim this happened  my flights no longer correctly show on the new account After countless of contact back and forth with the customer service team about this I received a standard reply to my queries putting the blame on me for not stating my loyalty number or email correctly at the time of booking Not only did I always list my club account number when booking  I followed all their instructions to change and merge my loyalty accounts Still they only reply in relation to my Avios and not the number of flights and reaching Premium status Since this message Ive contacted them thrice as well as emailed the CEO  without any reply This company does not even care about their frequent flyers that fly more than  times per year with them avoid at all cost,2.0,,Positive,Negative,Neutral,ManualCheck
Vueling Airlines,airline,James Scott,2024-11-08,Second last Vueling flight out of Gatwick on Sunday evening Lots of problems that evening with weather in BCN and especially to the south of that airport so plane in was delayed Early indications were for a  minute delay but the crew were anxious to make up for lost time and expedited boarding Unfortunately the Captain then informed us that BCN was limiting arrivals and that we would need to wait for  minutes before pushing back so losing the advantage that the efficiency of crew had apparently won for us Flight left as outlined per previous comments Flight was exceedingly smooth which counts for an awful lot with this passenger Perhaps because we flew straight across Paris rather than down the Atlantic coast but the tannoy was so poor that I couldnt make out the comments not heard Unfortunate But unimportant vs arriving safely and that after a very smooth flight Very minor hiccups on arrival exactly  mins after fairly generous scheduled time Which left the Captain more than a little frustrated as he and his crew had been superefficient Overall its not the QE or the Hilton for sure but in my experience Vueling is always  the best price on this route which we use  or  times per year and based on that degree of exposure to this company I contend that their service is by not as poor as a number of recent posts here suggest,8.0,,Neutral,Positive,Negative,ManualCheck
Wamos Air,airline,Lynn Doble,2019-01-03,Denver to Gatwick Wamos Air was used by Norwegian Air during my trip home to the UK in December They contacted me by e mail informing me of this change I was rather annoyed as I had flown Norwegian in the Summer as was very pleased with the service I called Norwegian whose agent assured me it would be exactly the same service including my seat reservation and ordered vegetarian meal The flight out from Denver was ok despite my vegetarian meal being some inedible dried up pasta dish Breakfast was a barely thawed hard bread mozzarella sandwich There were no TVS in the seats and one had to log on onto Wamos Air which I was not prepared to do as I only had Cellphone and did not want to use my batteries In the return journey to Denver the flight was delayed by half an hour In both directions I was placed in a middle seat not an aisle seat as booked One lady was kind enough to swap with me Fortunately on the way back the aisle seat next to me was vacant By moving one seat over and informing the flight attendants I had done this must have caused great confusion for them I did not receive my vegetarian meal at all I asked three times to various attendants which proved quite annoying to them regarding their passive aggressive facial expressions Finally they told me they had run out of vegetarian hot lunches and brought me a cheese sandwich and a free beer probably to appease me I was not at all complaining at the time but their general attitude towards me was aloof and unfriendly I went to the galley to ask for a cup of tea x interrupting three attendants happily chatting away in Spanish I wondered why they could not have such cheery dispositions towards the passengers One girl very much put out it appeared gave me a cup of tea The annoyance on her face was very apparent I am shocked that a reputable good airline such as Norwegian would contract such a sub standard company to replace them I paid my money and it was not that cheap for a service that made my journey uncomfortable and unfriendly I have read other negative reviews of Wamos Air so I am joining the throng of a large number number of very dissatisfied customers Would not recommend Wamos to anyone Grubby old plane hostile crew seemingly in a constant state of confusion,1.0,,Neutral,Negative,Positive,ManualCheck
WestJet Airlines,airline,Doug Bray,2025-02-27,I had a return flight booked with WestJet from Lethbridge Alberta to Victoria BC back in late August  There was a connecting flight through Calgary Alberta I was scheduled to leave Lethbridge at  am August  but received a message from WestJet at  pm the day before that my flight from Lethbridge had been cancelled I spent about  hours before finally contacting an agent who rescheduled my  am connecting flight from Calgary the next morning to a later flight as I was not able to rearrange my schedule including alternate packing and a  hour drive to Calgary the next morning I then had to park my car at ParkGo for the entire week I was to be gone and pay them  I lodged a complaint to WestJet upon returning and finally received a reply after four and a half months of waiting My request for reimbursement was denied due to unplanned aircraft maintenance which they do not compensate you for  I did receive compensation for my cancelled flight from Lethbridge to Calgary but not the cancelled return flight Some consolation On top of that I have found that the WestJet staff are not nearly as friendly or accomodating as they used to be In the future I will make every effort to fly with another airline as i feel WestJet even though I am a Rewards member does not offer reliable service nor accommodation for their lessthanacceptable behaviour,1.0,,Neutral,Negative,Positive,ManualCheck
Winair,airline,J Bolten,2024-04-06,This airline cancelled several days of flights in a row due to wind and I do know that is beyond their control beyond mine as well We had to buy expensive ferry tickets to get back to the St Maarten missed our connect so had to purchase new tickets to get home purchase an additional nights stay and other expenses All I asked for was a refund for a service they were unable to provide but the only solution they offered was that apparently i should have stayed on Saba indefinitely until they were able to fly planes Weather is one thing but offering no refund for flights you have cancelled on all passengers for days and days  just keeping peoples money for doing nothing What a racket I also bought their flight insurance but that only covers if I miss a flight apparently so I guess I should have lied and said I didnt show up Even then it looks like the insurance is designed to make it as difficult as possible to prove anything I saw an area where you were supposed to drop in downloaded weather reports So the insurance is definitely a scam Extremely unhelpful customer service they just want to keep your money and make you later everywhere you go Ill never fly with them again a day long ferry sounds better,1.0,,Neutral,Negative,Positive,ManualCheck
Wingo,airline,Roland Richineld,2023-10-26,The airport staff in Medellin have no respect for customers and treat all like cattle Even when purchased their highest priced go extra with priority check in and priority boarding Still cattle service Any airline staff would even say  happy birthday when they see your passport or offer a free chocolate on the house Not Wingo Its all about being nickled and dimed Their row  is the worst seat you can choose at the highest price Dont even talk about excess baggage Their defence is the website Being rude is their motto,1.0,,Neutral,Positive,Negative,ManualCheck
Wings Air,airline,Nick Ellison,2023-08-29,Charged double for baggage handling AUD Flying from Bima Sumbawa to Denpasar Bali via Lombok I didnt get off the plane neither did my surfboards and bag but LionWings Air charged me for baggage handling twice Baggage was more than the flight itself If you fly with someone else do it,1.0,,Positive,Negative,Neutral,ManualCheck
Wings Air,airline,Michaela Patkova,2022-07-14,This airline is very unprofessional they just dont want to admit their mistakes and help They have changed my time of departure  weeks before my flight and did not let me know i have figured it out just day before my departure Thanks to them I have missed my international flight paid  euros more Until now no one has admitted their mistake no one has apologised And no one wants to help Clearly they are ignoring my messages and also clearly they dont see my point of if i get confirmed tickets you have to let me know for any change If they would let me know i could change my international flight before and I wouldnt end it up paying extra money,1.0,,Positive,Negative,Neutral,ManualCheck
Wizz Air,airline,Kevin O'Donnell,2025-02-08,I was charged  by wizz air for not checking in online even though i was at the baggage check in as soon as it opened  hrs before the flight time I got an email the day before saying check in online but it didnt tell me Id have to pay  euros if i didnt check in Huge slap in the face,1.0,,Positive,Negative,Neutral,ManualCheck
World2Fly,airline,E Lortas,2021-08-25,Tuesday  July I call to cancel my flight customer service suggest that I keep my booking and change it later I agree Tuesday  August I call to rebook because it was to late to cancel obviously and a women tells me that I will get a email confirmation Friday goes no confirmation Saturday customer service is closed Sunday I call their emergency number the man behind cant help me out Monday I reach customer service and instead of listen to what Im explaining she inform me that its to late for a flight change that to make a change I have to send them a email Im furious but on their website youll find a different information See for your self under How can I manage my flight bookings  Feel free to call our Customer Care Department and we will take care of the procedure for you Over  email with text explanation prof of calling them in form of screenshot with date and the exact hours they stop answering me In one of the email Im clear about having to take my flight if they dont gonna make the change for me The day before my original flight still no answer I call them and the tell me to wait for their email response Next day no answer The day after I call them same answer The day after I send them a new email with out any response from them Finally I get a response but not the one I was expecting We are sorry for all the bother and please accept this email as a formal apology We understand how frustrating this has been and we believe the situation resulted from a misunderstanding Again we are sorry for what happened and we will try to help you on future occasions  Is obvious that one from the service group forgot to do one task affecting my booking and putting me in this very uncomfortable and unnecessary situation If you cant change my flight as previously agreed I will be forced to traveling back on the  of August,1.0,,Negative,Neutral,Positive,ManualCheck
Xiamen Airlines,airline,25 reviewsAlain Kupferman,2024-11-20,They advertise on the plane that they are a  Star APEX Company but the competition must have been terrible because I did not see even a  stars approach on this trip Very small basic snack no wine no inseat entertainment standard seats ok there was a USB connection magazine in Chinese really nothing to write home about Good thing was that the plane left on time and arrived on time but this is the only really positive thing I can mention,5.0,,Neutral,Positive,Negative,ManualCheck
XL Airways France,airline,Maria Barrow,2019-08-11,My family and I traveled this summer from Austin to Miami two cities in Colombia Madrid France and New York We used multiple airlines and took carryon bags on all of them We are a family of four and each of us took a carryon suitcase The bags qualified for carrying on in all of the airlines that we used except for this one Ridiculous enough the trip that we used XL airways was an international trip from Paris to New York At the airport XL airways had a small compartment to measure the bags that they said the bag needed to fit in including the wheels It seems like they were doing this scam often enough because when we were boarding there were three guys ready to take the bags that people couldnt take as carryons in the plane The representative told us that it was going to be  euros per bag and they took our passports and put us aside with many other people who were going through the same thing we were going through They pretty much kept us until everyone boarded and told us that if we were going to take the flight we needed to pay  euros per bag and he acted like he was doing us a favor This was our flight to come home from a long trip it was really late at night and we had our six and nine year old exhausted kids with us so we didnt see any other option than to pay them for the four bags This is what they have on their website to pay for checked in bags Also during boarding time I have never seen an airline as disorganized as this one There were no lines and they just called everyone at once Inside the plane there was no entertainment and the plane inside was very uncomfortable for a transatlantic trip The only bright spot was that the crew was really nice to us and they served one hot meal during the flight Do not fly with this airline they are not worth it and if it is a family trip even worse Here are the measurements that most airlines advertise as carry on  x  x  in And here is theirs  in high X  in wide X  in deep They are not really that much different We had measured them before we left for the airport as well as had carried them on several flights previously I think what they do with the carryons is a scam I will not recommend this airline to any of my colleagues family or friends who travel quite often I will not fly with them again,1.0,,Neutral,Negative,Positive,ManualCheck
Yemenia,airline,Abdourahman Bakr,2011-07-18,DjiboutiSanaa There was a small delay leaving but that was not a problem as the flight is less than  hr During the flight we were given a drink and a sandwich which was nice because the flight is so short The crew members were professional and spoke Arabic and English not French I suppose the seats are standard for this kind of plane Boeing  and I had ample leg room Also the plane was not full so I could have  seats to myself,6.0,,Neutral,Positive,Negative,ManualCheck
Yemenia,airline,P Yogesh,2011-06-04,AdenDubai on A Checkin swift and airside in less than  mins Flight overbooked caused delay as ground staff sorted out rebookings for disgruntled pax Boarding was mildly confusing as some pax did not respect seat assignments Crew did their best to sort it out and finally got my seat Seat pitch tight for someone over cm limited seat recline  good enough for h min flight would have been worse for longhaul Video on safety procedures was running during takeoff Light meal served after takeoff Good selection of juices though only one drink offered Cabin fairly clean but hygiene of restrooms questionable Rule on mobile phone use not enforced by crew and several pax out of their seats emptying overhead bins while taxiing to stand at Dubai  quite chaotic,5.0,,Positive,Negative,Neutral,ManualCheck
Yemenia,airline,Roy Clogstoun,2010-02-14,RUHSanaa return on time on both legs RUHSHH sector was run by the customary A which look tired and old No IFE and food was inedible SHHRUH sector a newer A was used but still no IFE Food on this sector was passable scrambled eggs and foul On both sectors staff ensured that security procedures were adhered to which was reassuring,7.0,,Negative,Positive,Neutral,ManualCheck
ZIPAIR,airline,Hussam Yousif,2024-11-14,The price of the fare was very reasonable and affordable but there was no food on board served for free unless you ordered and paid for it also there was no entertainment screen to watch movies,7.0,,Positive,Negative,Neutral,ManualCheck
Air India1437 Reviews,airline,Deepa Tiwari,2025-03-26,Recently travelled on Air India flight from Toronto to New Delhi Trust me any state transport operated buses are so much better as compared to Air India Flight of around  hours with kids and there was no inflight entertainment It was just not working for almost everyone on the flight The seats were very uncomfortable The trays were broken and literally put together using tapes at some places The overhead reading lights were broken as well and had sharp edges which could easily cut fingers while trying to adjust them The food quantity was very less it almost seemed like sample food for tasting and there was no variety The airhostess was polite but inflight service was not good Didnt serve tea or coffee and just left the aisle in a hurry Cold beverages were at room temperature Flight hit turbulence way too many times Overall it was not a pleasant experience and would definitely avoid it next time,3.0,,Neutral,Negative,Positive,ManualCheck
Air India1437 Reviews,airline,Surinder Buray,2025-03-18,Air India Flight ATQBHX B Dreamliner  Seat D InFlight Entertainment Inoperable USB charging port inoperable Seating old dated and showing significant signs of wear  tear Reading light inoperable Inflight food poor at best Cabin crew call button inoperable Cabin crew efficient but failed to smile giving the impression they would rather be somewhere else Pointless providing earphones with broken inflight equipment Tray table dirty Rubbish from previous flight in seat pocket The flight landed  minutes ahead of schedule The New Air India  is still in Phase of their transformational programme and is nowhere near the mark of world class for which they strive There are world class alternatives on this flight sector that involve a short layover that are far more superior to AI who are All talk and no action,2.0,,Neutral,Positive,Negative,ManualCheck
Read more,airline,Deepa Tiwari,2025-03-26,Recently travelled on Air India flight from Toronto to New Delhi Trust me any state transport operated buses are so much better as compared to Air India Flight of around  hours with kids and there was no inflight entertainment It was just not working for almost everyone on the flight The seats were very uncomfortable The trays were broken and literally put together using tapes at some places The overhead reading lights were broken as well and had sharp edges which could easily cut fingers while trying to adjust them The food quantity was very less it almost seemed like sample food for tasting and there was no variety The airhostess was polite but inflight service was not good Didnt serve tea or coffee and just left the aisle in a hurry Cold beverages were at room temperature Flight hit turbulence way too many times Overall it was not a pleasant experience and would definitely avoid it next time,3.0,,Neutral,Negative,Positive,ManualCheck
Read more,airline,Surinder Buray,2025-03-18,Air India Flight ATQBHX B Dreamliner  Seat D InFlight Entertainment Inoperable USB charging port inoperable Seating old dated and showing significant signs of wear  tear Reading light inoperable Inflight food poor at best Cabin crew call button inoperable Cabin crew efficient but failed to smile giving the impression they would rather be somewhere else Pointless providing earphones with broken inflight equipment Tray table dirty Rubbish from previous flight in seat pocket The flight landed  minutes ahead of schedule The New Air India  is still in Phase of their transformational programme and is nowhere near the mark of world class for which they strive There are world class alternatives on this flight sector that involve a short layover that are far more superior to AI who are All talk and no action,2.0,,Neutral,Positive,Negative,ManualCheck
Turkish Airlines2739 Reviews,airline,Soheil Sadeghi,2025-03-10,It would be bad citizenship if I dont write about my experience with Turkish airline If you plan to book a trip in which ones possible airline option is Turkish please make sure you have adjusted expectations I travel often from the US to middle east and tried different airlines This time I chose Turkish because it has sightly shorter duration on the longer leg compared to other service providers in the region Qatar Emirates etc But unfortunately I didnt get what I wanted shorter trip and also missed some other standard benefits With Turkish airlines you can happily book a flight and make travel plans accordingly But the airline doesnt feel obliged to commit to that booking They very very often cancel some legs of your flight likely due to the fact that the leg is not being fully booked This selfish cost saving approach wont stop there In my case it led to a major layover duration increase  hr to  hr And as you may have guessed they dont care for your time and wont even mention a penalty Having a  hr layover I decided to book a lounge at Istanbul airport I wont bother readers with describing quality and variety of accommodations at the lounge But its good to change your expectation about a lounge if you think its supposed to be a comfy area for resting and good food If you could find a spot to rest like taking a nap you should be proud of yourself And lastly after all the misery we arrived at the destination Newark NJ with two out of five checked luggages missing Again it might be surprising to a regular reader but its very usual for Turkish airline staff if you ask them The airline had only seven hours to transfer our luggages and this is indeed error prone You may be more lucky with  hr layovers next time Why am I writing this Just to vent a little Im sure the effect would be minimal But I also hope this helps some future travelers to dodge the bullet if they have other options,1.0,,Neutral,Positive,Negative,ManualCheck
Turkish Airlines2739 Reviews,airline,Adel Soliman,2025-02-25,I recently flew business class on Turkish Airlines from JFK New York to Istanbul and unfortunately my experience was far from what I expected The aircraft felt outdated with uncomfortable seats The cabin temperature was unbearably high turning the entire hour flight into a sauna While the food was passable I found it below the standard of other airlines business class offerings My connecting New York to Rochester flight was canceled with no assistance from Turkish Airlines No automatic rebooking No refund or apology I had to book a sameday ticket on a different airline at my own expense just to get home Reaching customer service was a nightmare they were dismissive unhelpful and indifferent Each call ended with them simply asking me to leave feedback on their website Emails were ignored and when I finally spoke to a ground agent they were rude and uncooperative Despite multiple attempts I received no refund no compensation and no resolution This level of service is unacceptable especially for a businessclass passenger I will never fly Turkish Airlines again,1.0,,Neutral,Negative,Positive,ManualCheck
Turkish Airlines2739 Reviews,airline,E Meere,2025-02-24,As we were entering the flight we were told we couldnt take our hand luggage a very small suitcase even smaller then most backbacks Women was not friendly at all and shouted We had some valuables with us what we had to take out and keep in our hands When i asked for bag she did not even answer Most unpolite people I never fly Turkish Airlines,2.0,,Neutral,Negative,Positive,ManualCheck
Read more,airline,Soheil Sadeghi,2025-03-10,It would be bad citizenship if I dont write about my experience with Turkish airline If you plan to book a trip in which ones possible airline option is Turkish please make sure you have adjusted expectations I travel often from the US to middle east and tried different airlines This time I chose Turkish because it has sightly shorter duration on the longer leg compared to other service providers in the region Qatar Emirates etc But unfortunately I didnt get what I wanted shorter trip and also missed some other standard benefits With Turkish airlines you can happily book a flight and make travel plans accordingly But the airline doesnt feel obliged to commit to that booking They very very often cancel some legs of your flight likely due to the fact that the leg is not being fully booked This selfish cost saving approach wont stop there In my case it led to a major layover duration increase  hr to  hr And as you may have guessed they dont care for your time and wont even mention a penalty Having a  hr layover I decided to book a lounge at Istanbul airport I wont bother readers with describing quality and variety of accommodations at the lounge But its good to change your expectation about a lounge if you think its supposed to be a comfy area for resting and good food If you could find a spot to rest like taking a nap you should be proud of yourself And lastly after all the misery we arrived at the destination Newark NJ with two out of five checked luggages missing Again it might be surprising to a regular reader but its very usual for Turkish airline staff if you ask them The airline had only seven hours to transfer our luggages and this is indeed error prone You may be more lucky with  hr layovers next time Why am I writing this Just to vent a little Im sure the effect would be minimal But I also hope this helps some future travelers to dodge the bullet if they have other options,1.0,,Neutral,Positive,Negative,ManualCheck
Read more,airline,Adel Soliman,2025-02-25,I recently flew business class on Turkish Airlines from JFK New York to Istanbul and unfortunately my experience was far from what I expected The aircraft felt outdated with uncomfortable seats The cabin temperature was unbearably high turning the entire hour flight into a sauna While the food was passable I found it below the standard of other airlines business class offerings My connecting New York to Rochester flight was canceled with no assistance from Turkish Airlines No automatic rebooking No refund or apology I had to book a sameday ticket on a different airline at my own expense just to get home Reaching customer service was a nightmare they were dismissive unhelpful and indifferent Each call ended with them simply asking me to leave feedback on their website Emails were ignored and when I finally spoke to a ground agent they were rude and uncooperative Despite multiple attempts I received no refund no compensation and no resolution This level of service is unacceptable especially for a businessclass passenger I will never fly Turkish Airlines again,1.0,,Neutral,Negative,Positive,ManualCheck
Read more,airline,E Meere,2025-02-24,As we were entering the flight we were told we couldnt take our hand luggage a very small suitcase even smaller then most backbacks Women was not friendly at all and shouted We had some valuables with us what we had to take out and keep in our hands When i asked for bag she did not even answer Most unpolite people I never fly Turkish Airlines,2.0,,Neutral,Negative,Positive,ManualCheck
