review_name,review_type,passenger_name,review_date,review_text,rating_value,textblob_label,vader_label,keyword_label,hybrid_sentiment,review_classification
Antwerp Deurne,airport,Michael Newport,2005-08-16,Great airport not many flights so no hassle From check in to take off minutes Car parking also free,0.0,Positive,Positive,Positive,Positive,
Riga,airport,Natalija Argenta,2023-03-24,I was very impressed with the experience at Riga Airport So fast through security and no problems with my Japanese hair sticks which look like weapons on xrays Pleasant staff too which makes a real change Wish I could say the same for UK airports Good range of shops and helpful staff but some of the cafes are very expensive just for coffee and cake Slightly let down by toilets and desolate area C after passport control but generally very impressed compared to some nightmare experiences in the UK,8.0,Positive,Positive,Positive,Positive,
Unknown,General,Anonymous,,guadalajara airport main terminal is quite modern however the check in area seems slightly small for the amount of passengers and airlines checkin queues were not somewhat good we waited just under hour to get through the queue for a delta flight to atlanta there were about or desks open and only one md flight being checked in so it seems as though the service is somewhat inefficient security queues were also somewhat long as well the airport seems to be in urgent need for more contact gates as our plane was on a remote stand and so were many other planes the car park was appalling its obviously far smaller than expected and queues to leave were somewhat long and time consuming you also pay when you get to the end of the queue therefore you end up paying for the minutes that you spend in the queue overall guadalajara airport needs to be expanded quickly,,,,,,
Guayaquil,airport,S Franklin,2016-10-03,Ive flown through this airport several times this year and generally consider it a fairly basic simple nofrills experience Its close to the business areas of Guayaquil and normally transit through migration security etc is quick and painless Not however yesterday the queue for the exit control and security snaked halfway down the terminal building Even allowing hours to pass the controls was not enough time to reach my gate before the plane left This is utterly unacceptable the management company needs to get its act together and provide efficient passenger handling,1.0,Neutral,Positive,Neutral,NEGATIVE,
Lagos,airport,5 reviewsJoern Andre Horaczek,2023-06-04,Traveling through Murtala International airport in Lagos Nigeria is an experience Staff are generally friendly and smiled a lot My documents were repeatedly checked I counted ten checkpoints altogether At five of them I was asked if I would hand over some money They weirdest situation was that the customs officer asked how much money I carry and then after hearing the honest as he was a customs officer answer asked me if I would give him some of it The airport is quite run down and processes are not streamlined Boarding was rather chaotic with passengers placed on different coloured seats after the boarding passes were scanned,2.0,Positive,Positive,Positive,Positive,
Lanzhou,airport,9 reviewsGraeme Bray,2017-08-04,Flew from CKGLHW on Sichuan Airlines a pleasant enough flight We used an airbridge in the older Terminal while the booking hall is now closed the baggage hall and arrivals remain the same for Terminal The high speed railway has been completed so I decided to catch the train to Lanzhou West railway station The train station is a short walk to the left from the exit of Terminal opposite Terminal There was only a short queue for tickets in the Ticket hall to the right of the station entrance about for First class on the very next train Travel time was about minutes All in all it was much better than slow airport bus and taxi options,7.0,Positive,Positive,Neutral,POSITIVE,
Unknown,General,Anonymous,,this review is in regards to the cabin crew for our flight ar on august from montevideo to buenos aires they regularly offer beverages and sandwiches or muffins in premium class the staff closed the curtain and started to eat and drink they did not offer even a glass of water the got the sandwiches that were supposed to be offered to u,,,,,,
Unknown,General,Anonymous,,the onboard service was ordinary and there were long intervals between service food took hours to serve after take off fish dish was overdone out crew took long time to respond to call button when they ignored servings and sometimes did not respond at all no seat cover provided which would have improved seat comfort peculiar provision of slippers more compact for anyone with size standard experience generally,,,,,,
Hainan Airlines,airline,H Anderson,2024-10-29,Reasonably good value airline but expect Chinese cultural expectations Westerners usually like a glass of red wine on a flight to make it easier or relaxing but if you ask for a glass they will give you a ml measure ask for more and they will think you will get drunk This was her words to me in Chinese on the flight Beijing Manchester Main meal food was quite reasonable but dont expect any familiar western snacks like cheese as stated on the menu between service Entertainment system also is mostly useless my headphone sound quality bad and video selection too Bring your own entertainment Transfer in Beijing requires re entry through immigration no seamless transfer The outward leg to china was better than the return the return flight really did feel like all I had to do was sit and watch the plane map while sipping my orange juice,6.0,Neutral,Positive,Negative,NEGATIVE,
Unknown,General,Anonymous,,lousy application that didnt allow me to choose my seats before checkin and that required long loading times and unnecessary checks for each manoeuvre chaotic boarding process with an announcement that boarding would start in twenty minutes only for boarding to start less than five minutes later forcing me to run back through the airport id gone to buy a bottle of water the a was modern and clean with large bright screens and were provided with a plaid and headphones of mediocre quality bring your own as regularly while the seats lack a little comfort and legroom even though im far from being somewhat tall basic tasteless meals deplorable service with a stewardess who seemed to be in a hurry even though it was a longhaul flight in fact she spilled tea all over me as she was trying to go too fast without any real apology and blaming the container when she was clearly at fault rather decent choice of films but no french subtitles on offer its either original voices or french dub its not too bad but its strange all the same music selection of little interest and the same goes for the games some of which are unplayable disembarkation at cdg in buses not necessarily the airlines fault but annoying to have to spend a good ten minutes in a bus after a longhaul flight,,,,,,
LAN Airlines,airline,Piveteau Alessandro,2016-08-19,I took LAN airlines from Santiago to Easter Island I was in business the seats were very comfortable and cabin crew were very helpful and kind The food was good the flight was on time and the cabin was clean It was a very good experience with LAN for my first time Would recommend,10.0,Positive,Positive,Positive,Positive,
Read more,airline,Soheil Sadeghi,2025-03-10,It would be bad citizenship if I dont write about my experience with Turkish airline If you plan to book a trip in which ones possible airline option is Turkish please make sure you have adjusted expectations I travel often from the US to middle east and tried different airlines This time I chose Turkish because it has sightly shorter duration on the longer leg compared to other service providers in the region Qatar Emirates etc But unfortunately I didnt get what I wanted shorter trip and also missed some other standard benefits With Turkish airlines you can happily book a flight and make travel plans accordingly But the airline doesnt feel obliged to commit to that booking They very very often cancel some legs of your flight likely due to the fact that the leg is not being fully booked This selfish cost saving approach wont stop there In my case it led to a major layover duration increase hr to hr And as you may have guessed they dont care for your time and wont even mention a penalty Having a hr layover I decided to book a lounge at Istanbul airport I wont bother readers with describing quality and variety of accommodations at the lounge But its good to change your expectation about a lounge if you think its supposed to be a comfy area for resting and good food If you could find a spot to rest like taking a nap you should be proud of yourself And lastly after all the misery we arrived at the destination Newark NJ with two out of five checked luggages missing Again it might be surprising to a regular reader but its very usual for Turkish airline staff if you ask them The airline had only seven hours to transfer our luggages and this is indeed error prone You may be more lucky with hr layovers next time Why am I writing this Just to vent a little Im sure the effect would be minimal But I also hope this helps some future travelers to dodge the bullet if they have other options,1.0,Neutral,Positive,Negative,NEGATIVE,
Chattanooga Metropolitan,airport,Corey Shreffler,2005-09-12,As a resident of Chattanooga I have used this airport on several occasions With just gates it seems to be a bit undersized for a city of However speaking from an architectural perspective it has more character than most airports I have flown through and is very clean besides There is virtually no chance of getting lost owing to the small size and simple layout The security checkpoint is neither intimidating nor cumbersome but the agents are thorough and will search your bags if needed CHA recently added a daily direct flight to DallasFort Worth and will soon follow up with direct service to Houston and Orlando Other cities with direct service to and from CHA include Atlanta Chicago Charlotte Washington DC Cincinnati and Memphis CHA really is a connected airport and getting moreso all the time apparently,0.0,Positive,Positive,Positive,Positive,
Kiev Borispol,airport,Y Tryemka,2021-01-04,I frequently fly through Borispol to get to my home city Usually its an alright experience This time around flying back to the states I was getting my tickets for my flight to Warsaw and my carry on was kg and luggage wasnt included because I came in with it being much lighter The women at the registry said it will be a total of or if I want to get it for cheaper I can give her cash never happened before I said no so I went to the separate register to pay the At the register I asked the woman multiple times does this cover my luggage to be transported from Kiev to Warsaw and then from Warsaw to Chicago She said yes When I came home I checked in my bank statement that I was charged another dollars by Lot Airline registry at Borispol airport This same thing happened to my mother flying back days before me Ukraine is my home country so Im extremely disappointed and hurt by what they are doing Please be careful and look at the amounts on the receipts,2.0,Neutral,Negative,Neutral,NEGATIVE,
Unknown,General,Anonymous,,went to doncaster airport and was told i had to stand outside in the rain when i was picking up and was not allowed into arrivals for some reason i am a taxi driver and have been to a lot of airports since the covid outbreak and not once have i been told that i am not allowed into the airport until doncaster,,,,,,
Alicante,airport,Marilyn Mair,2024-01-02,I had to fly from Alicante with a fractured leg The staff and facilities were absolutely amazing Please can you teach Edinburgh Airport how to facilitate and treat disabled passengers Thank you so much Alicante,10.0,Positive,Positive,Neutral,POSITIVE,
Belem,airport,1 reviewsRudá Pinho,2018-07-23,It is a mediumsize International airport located in the city easy to arrive Served with all the big airlines companies in Brazil and also Surinam Airways TAP Portugal and flights to Miami and Fort Lauderdale by LATAM and AZUL The terminal is clean and offers lots of options for shopping and food The departure lounge could be bigger Sometimes it is filled of people and the seats are not enough The staff are good and prepared,7.0,Positive,Positive,Positive,Positive,
Qingdao,airport,Rui Cao,2015-05-18,Excellent also it is not as large as other mainly international airports it is the largest airport in Shandong province There are many attractive airlines and aircrafts in this airport,10.0,Positive,Positive,Positive,Positive,
Unknown,General,Anonymous,,kuwait to kabul return flight operated by a b which was okay condition the flight attendants worked hard as flight was full ife is below average there is one big screen at the front of the cabin i would recommend safi airways to other people over kam air,,,,,,
Unknown,General,Anonymous,,shoutout to veronica ground transportation dispatcher after a somewhat long day of travel from nova scotia i finally arrived at savannah airport a little after midnight only to find that no uber or lyft rides were available and there was a somewhat long line at the taxi stand when i got to the window where veronica was managing a list of ride requests i learned that the wait was to hours empty taxis dribbled in and veronica often with a smile bellowed out the next name on the list is all directions people were growing impatient with the pace and the next taxi to show up was a mini van after exchanging a few private words with the driver veronica changed strategies put her list down and bellowed anyone going to fill in the blank in my case downtown hop in i got a ride with other fares in a van after only hr wait way to problem solve veronica esomewhatone wins including the taxi driver who made a few extra in case anyone wants to know the issue was related to a train stopped across the main roadway access for over an hour,,,,,,
Turkish Airlines2739 Reviews,airline,M Samina,2025-02-28,I flew from Detroit to Paris with hour mins layover Little that I know that the IST is so vast that theres no way that I can transfer from gate D to gate A within that time limit My luggage never arrived to CDG when I arrived I was asked to complete a form online indicating my address in France telephone number and off course my information and the ticket number At that point I was told that I should expect the luggage in hours That was Thursday My flight to Istanbul was booked on Sunday by Saturday I was concerned that the luggage may not arrive before my flight I decided to change my flight to Tuesday afternoon pm I was forced to pay for charging my flight even though it was not my fault that the airline didnt deliver the luggage It has been a week now since I left Detroit and I still dont have my belongings,2.0,Neutral,Negative,Neutral,NEGATIVE,
Unknown,General,Anonymous,,what an absolute shambles is taxi drop off and pick up they are now at the midterm car park where one is promised a shuttle bus that doesnt come on wednesday the st of february at pm there was a queue of people waiting for the bus it simply didnt come i had to make it by foot a good min walk if not more with a toddler and luggage to where our taxi was waiting the whole arrangement is chaotic and confusing the whole thing is in disarray same story when we arrived at the airport but it was raining so we had the privilege to walk to the terminal on the rain suitcase children and adults got soaked in the process i bet the ceo of the airport doesnt get to experience this what a mess this is i would give them stars if i could,,,,,,
Kam Air,airline,Ernest Mutwangaa,2007-07-26,Kamair could do a lot better with the Kabul Dubai flight the food is still lousy the hostess busy closing curtains to do make up and laze around That is the customer care side of things On the security side of things it looks they are finally waking up My flight to Dubai on rd July was surprising though our luggage was let on the rain as the loaders sheltered under the wings the boarding well done under the supervision of two foreign looking gentlemen a security manager and a safety manager who though serious looking and thorough in their work they smiled at us and even greeted passengers as they boarded That was heart warming to say the least,3.0,Neutral,Positive,Neutral,POSITIVE,
Plovdiv,airport,M Jonkman,2012-03-07,Modern clean and efficient airport Only a few flights per week Airside after security and passport control there is a kiosk for food and drinks and a souvenir shop For Ryanair flights you walk between plane and terminal so the priority boarding works Parking in front of the terminal building is free,8.0,Positive,Positive,Positive,Positive,
Unknown,General,Anonymous,,strict minimum no much to do no much space if you can prefer avianca vip lounge with snacks drinks and wifi,,,,,,
Armenian Airlines,airline,Armen Vardanyan,2023-09-29,If I could give Armenian Airlines negative stars I would My recent experience with this airline was nothing short of a nightmare From start to finish it was a comedy of errors that left me questioning why I ever chose to fly with them in the first place Lets start with the booking process Trying to book a flight with Armenian Airlines felt like navigating a labyrinth designed by a sadistic genius Their website was a hot mess of broken links confusing menus and error messages It took me longer to book my ticket than it did to plan my entire trip If that doesnt scream userunfriendly I dont know what does The day of my flight arrived and I foolishly thought that the worst was behind me Oh how wrong I was The checkin process at the airport was a disaster The line was longer than the Great Wall of China and the staff seemed completely disinterested in helping passengers I had to wait for what felt like an eternity before I could even drop off my luggage,1.0,Neutral,Negative,Positive,NEGATIVE,
Vistara,airline,L Sojel,2024-09-30,It was very great flying in Vistara today then any other Company I liked this because of several reasons like hospitality Seat comfort cabin staff service food Etc Keep it up,10.0,Positive,Positive,Positive,Positive,
StarFlyer,airline,Matthew Lubeck,2007-02-26,This airline has impressive cabin staff and a very efficient ground staff never need check in more than minutes before my flight even in Tokyo,0.0,Positive,Positive,Neutral,POSITIVE,
Unknown,General,Anonymous,,a small domestic grade airport that is being doubled in size checkin seemed to serve just china southern flights was on a flight to shenzhen via xiamen after a month of traveling this was the only airport in china that made me take my boots off to be scanned there was several food outlets and coffee choices available but i did not look closely at them,,,,,,
Painushima Ishigaki,airport,12 reviewsRussell Taylor,2019-08-07,Small but efficient little island airport Quite possibly the cleanest terminal building Ive ever been in a small team of cleaners were walking around constantly dusting vacuuming polishing and looking for any litter the whole time we were there No fuss no overly loud announcements friendly staff obvious sign posting and a nice selection of shops which had very reasonable prices and unobtrusive sales assistants who didnt attempt to force anyone into buying things I really like this airport a lot the only thing Id mention is that try to remember its a tropical island so be careful where you leave your bags While waiting outside for the shuttle bus to take us to our rental car centre I saw a huge spider the size of the palm of my hand scurry into someones luggage Probably not the best start to that persons vacation but thankfully we managed to arrive and depart without any extra passengers with us,10.0,Positive,Positive,Positive,Positive,
Phuket Air,airline,Brian Whitelegg,2005-08-08,Im travelling to Thailand in The travel group agent that I use bases their Thailand fares on Phuket Air but no longer sell those flights as Phuket Air are barred from Europe The agents comment Even if Phuket Air get their landing rights back in Europe we wouldnt touch them with a bargepole I think that qualifies as a negative commen Happily I am booked on Thai with whom I have had a couple of very good flights in the past The only downside is that I have to go from Heathrow What foreign visitors must think of the UK when they arrive at LHR Terminal is beyond me,3.0,Positive,Neutral,Neutral,NEGATIVE,
Unknown,General,Anonymous,,my sisterinlaw sister and yearold mother flew into orlando airport last night i picked them up the flight was on time but my yearold mother is unable to walk a young man came with a wheelchair to help us get her to the parking area he rushed ahead of us and got on an elevator as others crowded into the elevator behind him we were unable to get on so my sister jumped on the elevator with him with barely any room left for her to fit and my husband told him to wait on the second floor for us the rest of us got on the next elevator the young man took my mother and led my sister somewhere other than where we requested it took us two hours to find them and the airport staff were little help when we would ask anyone for help theyd just quickly tell us a location and go back to what they were doing by the time we found them we were all somewhat stressed out as my mothers health is not good and she suffers from alzheimers disease i will not recommend this airport to anyone again,,,,,,
CemAir,airline,1 reviewsG Keane,2023-01-11,A Tuesday evening flight It was the cheapest compared to their competitors at such short notice booked the ticket the Thursday before If one can get past the aging interior and the year old aircraft an average age for commercial aircraft in SA it was a very decent experience The ground staff was polite and helpful The cabin crew was firm but polite and the onboard service included a complementary packet of crisps a small chocolate and some sweets The complementary beverage service was lovely as the drinks were poured in glass I was entertained by a wine topup upon request Im not sure if this is offered on all flights or whether I got lucky because it was the last flight of the day Amazing leg room for tall passengers One benefit of flying on a small airplane is the short wait for checkedin baggage on arrival Expect a connecting bus to the terminal at larger airports I would probably fly them again in the future should their tickets stay competitive,7.0,Neutral,Positive,Positive,NEGATIVE,
Pula,airport,Amanda Whale,2019-09-25,Worst airport in Europe I have ever visited Although the staff at the check in desks do their job they firstly dont do it with much of a smile but once checked in thats when the problems start We departed on a Sunday that had about flights departing roughly at the same time and it was total chaos trying to get through Security They only have conveyor belts trying to cope with about people all trying to pass through security at the same time The queue to get to one of the check points was about mins and it snaked around departures so much that eventually airport staff had to take charge and make the queuing line zig zag to avoid blocking the doors and check in desks Eventually because they knew that people would actually miss their planes they then started taking people out of the queue who were on the next flights and moving them to the front of the line Once you got to security the staff were rude with one security man physically shoving me out of his way so he could get to talk to one of his colleagues They snatch your belongings off you as you try and put them in the trays to go through the xray machine and shove your trays through before you have even finished trying to put your stuff in Awful place Id rather fly in somewhere else and drive,2.0,Neutral,Negative,Negative,NEGATIVE,
Helvetic Airways,airline,22 reviewsN Parsons,2022-01-02,LX from Vienna to Zurich operated by Helvetic Airways The flight was completely full but boarding was expertly handled by the crew and went very smoothly The EE is a small aircraft and space in the overhead bins is limited The crew assisted passengers with finding a place for their carryon luggage and in the end all luggage could be stored somewhere Also the crew were very friendly and courteous As this was a very short flight a small snack was served which was excellent All in all a very comfortable short flight on a small aircraft with an excellent crew,8.0,Positive,Positive,Positive,Positive,
Unknown,General,Anonymous,,new york jfk to rome via milan first ticketing counter somewhat challenging counter locations at the airport the farthest counter from esomewhatthing around the corner and hidden behind all other counters that you actually have to ask someone to locate by the way they do not affiliate with air italy first i thought it was just at jfk but to my surprise it was the same setup in rome seems like they picked the cheapest counters at the airport second leg room lets start with tight seats with no leg room they do not meet the standard requirements once the seat in front of me is reclined i literally was trapped and could not get up i could not even close the food tray that was jammed on my lap wanted to reach out to flight attendant for help but obviously couldnt reach out the overhead help button no one walked by for hours until dinner time but even then she was not able to help as if people in economy do not matter at all i understand that they have to treat upper class customers better but they cannot ignore economy class to that level third baggage fee no charge for luggage from us to rome but they hit you with no luggage allowed policy for economy unless you pay euro each as if its not the same bag came on the flight in to rome why charge only one leg of the flight when i refused the pay they referred me to the supervisor who finally showed up after half an hour but was not helpful at all in fact she was quite rude and pretty much said to us this the way it is whether you like or not,,,,,,
Salam Air,airline,Pouria Panahi,2024-12-23,The airline is unnecessarily expensive and provides almost nothing as a service The meal should be bought The price is high and quality is poor Airline does not even offer water Additionally if you need a blanket you should pay a cost of OMR Most of the seats is selected via a payment method No entertainment is available No cabin wifi This is disgustingly annoying policy,1.0,Negative,Negative,Neutral,NEGATIVE,
Zakynthos,airport,Brenda Buckley,2023-07-28,Absolutely joke Not enough shuttle busses to get passengers off planes and then onto planes gridlock Flights with similar flight departure times given gates next to each other so absolute chaos for seating etc So slow getting passengers boarded so inevitably leading to late departure times,2.0,Neutral,Negative,Neutral,NEGATIVE,
Beijing Capital Airlines,airline,10 reviewsWeichi Liu,2017-09-23,Lisbon to Beijing The most terrible is the plane meal the worst of my flights Although the various conditions on the plane are not satisfactory the only thing that is worthy of being the service of the crew who are warm and thoughtful But if the next time there are other options I would not take this flight,5.0,Neutral,Negative,Negative,NEGATIVE,
Leticia,airport,T Henson,2025-02-16,Its a small airport so getting on and off was easy They ask for a tourist tax when you arrive Its not a lot of money There were lots of taxis and a cheery driver took to me to Tabatinga The fare seemed very reasonable For departures theres a few shops and cafes but once you go through security theres nothing at all except the toilets Theres no AC but the biggest ceiling fan I have ever seen I didnt see any information screens,7.0,Positive,Positive,Neutral,NEGATIVE,
Houston IAH,airport,K Micherda,2024-09-01,Worst TSA experience ever booths and only open Had hours to catch my connection and missed it because of horrible organization of this airport Staff kept on saying everyone has a flight to catch well they were not ones to miss the flight due lack of urgency on their part Cost me to get a hotel to catch another flight the next morning not even counting my lost time Never again will I fly by that airport,1.0,Negative,Negative,Negative,Negative,
Air Panama,airline,Chance Hochstein,2019-12-30,Panama City to Bocas Del Toro Arrived at the airport an hour before my flight to find out I was switched to a different flight two hours after my scheduled flight They told me I was informed by email which was a lie The Air Panama staff acted annoyed and placed me on an imaginary waitlist by literally writing me last name down on a blank piece of paper and told me to keep checking and of course there was no room on any earlier flight every time I checked I recommend using Copa or really any other airline if possible I am finally boarding my plane after three hours and I will update if more things go wrong,2.0,Neutral,Negative,Neutral,NEGATIVE,
Manchester,airport,Janette Grundy,2024-12-14,I recently flew out of Manchester Terminal A great experience from leaving the car at the pre booked car park No queues at bag drop off or security even though I had bought a fast track pass The terminal is clean bright and well appointed Within minutes of arrival I was eating breakfast in San Carlo My return trip was as efficient within one hour of landing I had collected my car and was at home Terminal is a revelation after the dire experiences of Terminal Well done from me,10.0,Positive,Positive,Positive,Positive,
Utair Aviation,airline,Vassily Sidorov,2011-10-11,Moscow to St Petersburg Flight was OK food was better than MANY airlines for flights that short check in for the flight was awfully organized Several registration points were shared between a number of UTAir flights but obviously werent enough as there were crowds of passengers The personnel were slow I spent about minutes in line The business class point was empty but the lady who worked there refused to register anyone else even late passengers and just kept reading something It was not before people had started calling for the representative realizing they were being late for boarding that the situation improved more or less I arrived hours before the flight and finally managed to register only minutes before the registration was closed,5.0,Neutral,Positive,Negative,NEGATIVE,
Aegean Airlines,airline,1 reviewsStefanos Georgios Manasis,2024-12-27,Good overall experience albeit a steep price to pay for either economy or business I had the chance to fly business on this trip and was pleasantly surprised by the food assortments and wine but rather disappointed by the seating and overall feeling of lesser luxury It is a shame that the seats offer a lesser premium feel and lesser comfort and appearance especially for business class as they operate some beautiful new Aneo aircraft WiFi on board has never worked in my case but this could be an isolated issue Business class does not offer many inflight entertainment options apart from magazines but as a short haul airline this has never been the largest inconvenience The cabin crew is always a delight and boarding happens almost always at a gate with minimal delays although this is not always on the airline I have definitely flown a lot worse but also have flown better My score is for my most recent business class trip and I note that it would be slightly lower if I were rating for my experience in economy class Improved seating cabin appearence and economy offerings would make my next review score higher,7.0,Positive,Positive,Negative,NEGATIVE,
Discover Airlines,airline,Srinivas Bilakanti,2025-01-15,No regular drinking water in the flight When we request for plain water they ask what do you mean the only water they have sparkling water and you cannot get regular water even if you want to buy Horrible food our family had very tough time with this segment of the journey,1.0,Negative,Negative,Negative,Negative,
Air Tahiti Nui,airline,I Blair,2024-10-24,Excellent airline Flights outbound and return were on time if not early Service and staff were helpful and friendly and the plane was very comfortable Definitely recommend them The only negatives the film choice was not great for an English speaker and there was if anything too much food served,10.0,Positive,Positive,Positive,Positive,
Faleolo,airport,R Ellis,2003-08-03,Apias airport has been upgraded and presents a warm pacific feeling The immigrationcustoms staff should be taught to smile though especially after tourists are sold on the idea of a friendly pacific paradise proudly operated by the friendliest people on earth,0.0,Positive,Positive,Positive,Positive,
Unknown,General,Anonymous,,flew from tripoli to benghazi quite small airport but somewhat speedy bus from aircraft to arrivals shed which was about m from the plane a single baggage reclaim belt that was open to anyone from arriving passengers to wellwishers and anyone else no obvious security but a couple of guards departures domestically was a similar affair with a perfunctory scan of hand luggage and a check of boarding pass which then had to receive a stamp from another person before being lead into a seating area with a small place selling drinks and snacks and toilet and prayer room boarding was females first then male passengers by bus to the plane waiting on the tarmac somewhat few aircraft movements so departure was as soon as boarding was completed,,,,,,
Air Bagan,airline,Rob Boyce,2009-12-16,Yangon to Lashio in November ATR plane Allocated seating and good snack served with excellent customer service Would fly with them again any time,5.0,Positive,Positive,Positive,Positive,
Benghazi,airport,Peter Thackray,2010-04-19,Flew from Tripoli to Benghazi Extremely small airport but very speedy Bus from aircraft to Arrivals Shed which was about m from the plane A single Baggage Reclaim Belt that was open to anyone from arriving passengers to wellwishers and anyone else No obvious security but a couple of guards Departures domestically was a similar affair with a perfunctory scan of hand luggage and a check of Boarding Pass which then had to receive a Stamp from another person before being lead into a seating area with a small place selling drinks and snacks and toilet and Prayer Room Boarding was females first then male passengers by bus to the plane waiting on the tarmac Very few aircraft movements so departure was as soon as boarding was completed,3.0,Neutral,Neutral,Neutral,Neutral,
Unknown,General,Anonymous,,this review is in regards to the cabin crew for our flight ar on august from montevideo to buenos aires they frequently offer beverages and sandwiches or muffins in premium class the staff closed the curtain and started to eat and drink they did not offer even a glass of water the got the sandwiches that were supposed to be offered to u,,,,,,
Croatia Airlines,airline,G Spoots,2023-09-30,We flew from Dubrovnik to Athens and then Athens to Zagreb on Croatia Airlines They were on time within minutes for both flights You drop your bag on the tarmac and they load it into the belly of the plane And then you pick it up directly from the tarmac after the flight so there is very little chance for lost luggage which I like They allow a smaller carryone bag as well They did not weigh our bag or try to charge us for anything extra We were allowed to pick our seats for no charge The seats are standard and comparable to Southwest airlines for leg room and space We were served water and drinks on both flights For the price we paid it was a great deal Some people might be nervous about flying a propeller plane but it was a very smooth flight in both directions with almost zero turbulence and a very smooth landing If you had to fault them for one thing it would be nice to have some in flight entertainment Other than that it was a perfect flight Definitely recommend,9.0,Positive,Positive,Positive,Positive,
Cagliari,airport,30 reviewsR Darsena,2024-08-11,Cagliari Airport is an absolute shambles From the moment of arrival its clear that chaos reigns supreme The staff seem overwhelmed resorting to shouting to manage the crowds Flight delays are the norm and passengers are left completely in the dark with no information provided The airport is plagued by frequent blackouts adding to the confusion and slowing down everything to a crawl The situation is exacerbated by the lack of proper air conditioning With temperatures soaring passengers are forced to endure sweltering conditions leading to discomfort and distress While the airports train connection is a positive aspect the closure of flypasses leading to the airport is an added inconvenience Its truly disheartening to witness such a poorly managed airport in this day and age Cagliari Airport is a black eye for Europe and a complete embarrassment for Sardinia Its clear that urgent improvements are needed to bring this airport up to even the most basic standards I strongly advise travelers to avoid Cagliari Airport if at all possible,1.0,Neutral,Negative,Negative,NEGATIVE,
Derry,airport,Macrory Riley,2014-08-07,Fantastic airport brilliant staff took great care of my family when they were returning home and the baby travelling with them took ill They couldnt of done enough getting medical help ringing emergency services getting flights rearranged with Ryanair free if charge They also rang to see how the baby was on several occasions and when they were finally travelling home again the staff were yet again brilliant You wouldnt get it in other airports,10.0,Positive,Positive,Positive,Positive,
Hancock County-bar Harbor,airport,Paul Whiteley,2013-07-20,Checkingin for a seat flight without any other flights at the same time was never going to be busy Checkin staff who was also baggage handler flight dispatcher and Im sure other things was very friendly and efficient The small terminal had good restroom facilities car hire drinks and food dispensing machine Surprisingly large number of security personnel for a tiny airport I counted at least security staff Nice experience,8.0,Positive,Positive,Positive,Positive,
Air India1437 Reviews,airline,N Kajit,2025-03-18,The airport check in process is a nightmare The weighing machines at the check in counters have kg error I trust this is a planned scam I know this because all my bags were weighed more than the actual weight I had an international connection from New Delhi and when my bags wemore weighed again at the Delhi International airport they weighed kg less for each bag If the payment for excess baggage exceeds INR than the payment machine stops working and the passenger is asked to pay in cash Then the invoice printer stops working So at the end of the day you will be wrongly charged for excess baggage weight you will need to pay in cash and dont expect to get any receipts for the payment Being elite or business class customers will not change the unprofessional and frustrated attitude of the airport check in staff,1.0,Neutral,Negative,Neutral,NEGATIVE,
Bangkok Suvarnabhumi,airport,Lauren Weitzman,2024-06-15,I stopped at this airport on a three leg journey back from Laos with a three hour layover This airports seating options already leave a lot to be desired but when I tried to go down one floor to my gate I was turned away for security reasons I found an uncomfortable chair upstairs near my gate Flash forward to an hour before boarding time and there are tons of people sitting upstairs on the floor because were not allowed down to the gate even though were the next flight to depart Uncomfortable and frustrating Plus the aggravation of watching the entire crew go down while we werent allowed to take all the seating downstairs,3.0,Negative,Negative,Positive,NEGATIVE,
Unknown,General,Anonymous,,shoutout to veronica ground transportation dispatcher after a somewhat long day of travel from nova scotia i finally arrived at savannah airport a little after midnight only to find that no uber or lyft rides were available and there was a somewhat long line at the taxi stand when i got to the window where veronica was managing a list of ride requests i learned that the wait was to hours empty taxis dribbled in and veronica often with a smile bellowed out the next name on the list is all directions people were growing impatient with the pace and the next taxi to show up was a mini van after exchanging a few private words with the driver veronica changed strategies put her list down and bellowed anyone going to fill in the blank in my case downtown hop in i got a ride with other fares in a van after only hr wait way to problem solve veronica esomewhatone wins including the taxi driver who made a few extra in case anyone wants to know the issue was related to a train stopped across the main roadway access for over an hour,,,,,,
Austrian Airlines,airline,R Marsam,2024-11-03,I have flown yesterday with my pet in business from Vienna to Larnaca and have never seen such behaviorcustomer service from an airline staff I have been using Austrian Airline for the past years and never came across such rude inhuman behavior towards me and my puppy I wish Austrian Airline can teach their staff to be more kind and understanding when a passenger take his support dog with and not treat them like a baggage She didnt even let me give water in the three hours to the dog She kept raising her voice to keep the dog in the cage which he was but no water unbelievable behavior for the manager very disappointing I understand that there are rules and regulations and I bought the right cage for the kg puppy but this kind of behavior I have never seen I paid high price for this ticket and received zero customer service On top of that I requested a wheel chair and no one would help me get out of the plane,2.0,Neutral,Negative,Negative,NEGATIVE,
Rijeka,airport,S Vanter,2022-09-07,Its a small airport at an island abt km from Rijeka Checking in and out goes quite fast at our experience Some staff members in the shop are kind of grumpy Nevertheless we are very happy with this airport how they have arranged a hotel in Opatija for our group when our flight was cancelled all of a sudden in the evening Our flight company Transavia told some people to find and book by themselves a hotel but the airport arranged bus transport and a luxurious hotel so our compliments,8.0,Positive,Positive,Neutral,POSITIVE,
JetSmart,airline,Cristina Munoz,2025-03-03,You might pay a little less but they will be very attentive about finding ways to charge you for everything They measure your bags and suitcases check that you dont have anything you havent paid for even baby carriers On my UIOLIMA flight everything went quite well but on the LIMASCL flight it was a different story Even if you ask for water theyll only give it to you if you pay for it But something very particular happened to me They didnt let me board the flight because they said in Lima that I needed to show my return ticket from Chile to Quito They say that theyre clear about this on their website because they tell you if youre traveling to Chile as a tourist remember that according to immigration requirements you need to have a return flight Make sure you meet this condition before your trip I had my return ticket but it wasnt clear that you have to present your ticket before boarding Since the internet at the Lima airport doesnt work well only WhatsApp it wouldnt let me download it and they didnt let me board They left me there saying theyd bring a letter so I could leave the airport but it never arrived I had to go to immigration and ask them to force JetSmart to send me the letter Then I waited until am for their doors to open they obviously opened later around am and they didnt know how to solve the issue in any way except asking me to pay the fine for being rebooked on the next flight They said they didnt have agreements with other airlines and that the only way was to pay the fine Zero empathy Think twice before flying with JetSmart You might save a few cents but its not worth all the obstacles they put in your way to get you to pay a little more They even charge you for the boarding pass if you dont have it printed but they do warn you on the website A terrible user experience just a lowcost faade to charge you wherever they can,1.0,Neutral,Negative,Negative,NEGATIVE,
Zakynthos,airport,Graham Bush,2018-10-13,Had assistance at airport on the whole this was ok Was taken through cheack in then to duty free and on to gate through the last passport cheack to the gate area Normally you are told to be back at the gate if you go shopping mins before flight but when we went to go and get our duty free we were told we were not allowed back into airport so me and my party could not get anything I told the assistant I wanted duty free but she took no notice and did not explain the situation to us,5.0,Positive,Positive,Neutral,NEGATIVE,
Unknown,General,Anonymous,,hours early and needed a wheelchair but was told i would miss my flight if i waited for one walked through security and was treated like a criminal this is not the first time this has happened,,,,,,
Unknown,General,Anonymous,,new york jfk to rome via milan first ticketing counter somewhat challenging counter locations at the airport the farthest counter from esomewhatthing around the corner and hidden behind all other counters that you actually have to ask someone to locate by the way they do not affiliate with air italy first i thought it was just at jfk but to my surprise it was the same setup in rome seems like they picked the cheapest counters at the airport second leg room lets start with tight seats with no leg room they do not meet the standard requirements once the seat in front of me is reclined i literally was trapped and could not get up i could not even close the food tray that was jammed on my lap wanted to reach out to flight attendant for help but obviously couldnt reach out the overhead help button no one walked by for hours until dinner time but even then she was not able to help as if people in economy do not matter at all i understand that they have to treat upper class customers better but they cannot ignore economy class to that level third baggage fee no charge for luggage from us to rome but they hit you with no luggage allowed policy for economy unless you pay euro each as if its not the same bag came on the flight in to rome why charge only one leg of the flight when i refused the pay they referred me to the supervisor who finally showed up after half an hour but was not helpful at all in fact she was quite rude and pretty much said to us this the way it is whether you like or not,,,,,,
Carcassonne,airport,G Duffy,2022-09-09,Fine for landing as you get through quickly but lack of facilities seating shops bar means come with your own food n drink You cant buy a beer unless you buy food in the small caf before security There is only a soft drinks vending machine after security No duty free and the free airports wifi its like cracking the enigma code or such to register time wasting for sure Okay not many flights in or out but cater for passengers most seats are outside exposed to the elements,3.0,Positive,Positive,Neutral,NEGATIVE,
Pisa,airport,B Alessandro,2024-09-17,Overcrowded filthy tiny airport No seats whatsoever People forced to stand on lines for hours Ridiculous Absolutely lowgrade in all respects I will do all I can to avoid this filthy trap in the future,1.0,Negative,Negative,Neutral,NEGATIVE,
Atlantic Airways,airline,29 reviewsM Kinder,2018-08-21,Copenhagen to Sorvagur return Wonderful experience many smiles by service team multiple drink refills decent inflight entertainment via own device and very smooth flight into Faroer An excellent value for money and perhaps one of the last remaining airlines in Europe that treats customers as many did in the past I got the impression that the team liked their job and were happy to welcome everyone on board We preordered delicious snacks and very comfortable seats Flights were on time and a breeze a perfect start into the vacation and back home,10.0,Positive,Positive,Positive,Positive,
Hong Kong,airport,Michael Murphy,2023-11-29,Shocking to find no city check in services provided both in TST and Central All city counters closed and I cannot find any online information to advise passengers accordingly,5.0,Negative,Negative,Neutral,NEGATIVE,
Unknown,General,Anonymous,,this has got to be without doubt the suboptimal airport in the world queues esomewhatwhere inside and outside the building it has looked like an ongoing building site for years access subpar hideously expensive quick drop off car park the min free car park is just far enough away to mean you cannot get to the terminal and back before having to pay the check in queues seem to be esomewhatwhere the escalators are intermittently out of service the signage is subpar or non existent in places one of the few airports i have been through recently where you still have to pay for a trolley not that you would be able to push one through the crowds there is not enough seating in the duty free area it is hardly esomewhat possible to get on a plane without going through a basement holding are to get on an overcrowded bus to be taken practically to the other side of the airport on arrival you are invariably also put on a bus and taken to a little flight of stairs like a trademans entrance this is a shocking way to welcome visitors to the uk,,,,,,
Unknown,General,Anonymous,,is this an airport somewhat crowded regional airport for cheaper airlines but not really worth the savings no seating no signs under staffed queues for esomewhatthing noisy and not somewhat air conditioned the queue for our flight ended up in the gift shop and with little staff on hand arguments broke out after paying extra to get to tampere from the helsinki airport we would recommend paying extra money to use helsinki vantaa,,,,,,
Unknown,General,Anonymous,,is this an airport somewhat crowded regional airport for cheaper airlines but not really worth the savings no seating no signs under staffed queues for esomewhatthing noisy and not somewhat air conditioned the queue for our flight ended up in the gift shop and with little staff on hand arguments broke out after paying extra to get to tampere from the helsinki airport we would recommend paying extra money to use helsinki vantaa,,,,,,
Antwerp Deurne,airport,C Wajsberg,2012-10-27,Very small airport with not many destinations to fly to from Free parking in front of airport very fast check in One restaurant coffee shop with nice local food Arriving at Antwerp airport it will take you around to after disembarking until you receive your suitcase and are in a taxi home,10.0,Positive,Positive,Neutral,POSITIVE,
Unknown,General,Anonymous,,usinsk to vilnius with utair aviation departure on time is about the only thing that is ok with this airline comfort onboard is non existant since there is no leg room whatsoever catering has been abolished and they only offer a glass of water for a hrs flight mind you this is not a low cost airline staff infrequently showed up after the fa buzz button was activated by my neighbor overall average experience,,,,,,
Unknown,General,Anonymous,,plainly disability access does not apply to those in the eu paid a premium for business only to find the only access to the business lounge is two flights of stairs the lounge itself is spacious as it offers little food is available by going back down the stairs to the main terminal or you can have a prepackaged croissant staff are between invisible and totally disinterested,,,,,,
Berlin Tempelhof,airport,Lisa Sanders,2008-06-06,Templehof is a dream The architecture is beautiful and the departure hall is stunning Some of the original features can be found a true jewel It oozes nostalgia and would be a tragedy to lose such a wonderful piece of history The most civilised journey Ive embarked on to date was Templehof to Brussels,5.0,Positive,Positive,Neutral,POSITIVE,
Kulula,airline,Deon de Wet,2021-09-28,My wife and i flew from George to Johannesburg We paid for a return flight to George for tomorrow Oct I tried to move our flight with one week The service at Kulula is so pathetic that you sit on the phone for hours Apparently they experience hi call volumes That was the case for days now We decided to lose the ticket and money and book one with FlySafair So unfortunate that we are with Discovery medical and this is the only service they use,1.0,Negative,Negative,Neutral,NEGATIVE,
Airnorth,airline,R Warten,2022-06-21,The only thing consistent about Airnorth is their inconsistency I live in a town where its our only choice of airline so we have to continually endure rescheduled flights Im not talking about minutes behind I mean hours and hours You are forever missing connecting flights losing money on motel rooms rentals etc Their pricing is typical of an airline who has a monopoly on a service and I can live with that but its the simple fact that they cannot provide a consistently reliable service for the money they get that infuriates me And only providing a tiny bottle of water and a packet of cheese and crackers as in flight catering is poor If you have the choice never fly with this airline of inutility,1.0,Neutral,Negative,Neutral,NEGATIVE,
Bari Palese,airport,40 reviewsH Bertens,2024-03-02,A small airport serving the city of Bari Its clean and functional but looks like nothing has changed over years Arrivals is small so that you can walk to the train and get to the city quickly price is around euro Staff speaks English but their knowledge is limited,8.0,Neutral,Positive,Positive,NEGATIVE,
Bergerac,airport,N Carlton,2024-06-17,I flew fom Bergerac airport to Stansted today When i had cleared baggage body and passport check I went to the lounge to realise to my horror that I hadnt got my belt from the body check I spent minutes contemplating how I was shortly destined to be walking round London with my trousers falling down because I didnt have my belt on As we were summoned to the gate I was overjoyed to hear an announcement from Bergerac Airport or Ryanair saying that my belt had been found I am so happy I feel moved to thank and complement whichever staff or system meant that I was reunited with my belt Well done,10.0,Neutral,Positive,Neutral,POSITIVE,
Unknown,General,Anonymous,,batik airs airport staff closed the checkin counter earlier than scheduled when they reopened it it was already too late to check in the staff was unhelpful and falsely claimed to have called our names even though we were present and heard nothing we had to purchase another ticket to jakarta because of this also when we were heading to bangkok our flight was delayed by almost an hour with no notification or compensation provided overall i wouldnt recommend this airline its worth paying more for better service,,,,,,
Unknown,General,Anonymous,,quito to coca canceled flight without prior notice we arrived at the airport and flight was canceled second time on weeks dont fly tame i heard also from other customers similar experiences,,,,,,
Air Zimbabwe,airline,D Redford,2013-06-10,With an unexpected weekend off in Harare and Victoria Falls beckoning Air Zim was the only option so we took a deep breath and booked Outbound flight on yearold B which left the stand with the precision of a Swiss train at and zero seconds Served a reasonable snack and coffee and ontime arrival Return flight on Sunday was on a leased E fully booked with departure from the stand minutes early and again nice snack and drink en route The crew was SAA Overall could have no complaints at all,10.0,Positive,Positive,Neutral,NEGATIVE,
Unknown,General,Anonymous,,despite the new international terminal give yourself several hours to checkin it took me hours minutes at american the other morning,,,,,,
London Gatwick,airport,Glenn Taylor-Biffen,2023-10-11,Long distance walking doesnt suit everyone with mild mobility issues and the South Terminal complete with non working escalators assists with this Added to which poor signage directing you one way to passport control which resulted in a blocked exit only to be followed by being rudely shouted at as if we were an unwanted problem by an official wasnt acceptable either It was a surprise however to find the scanners were actually working,3.0,Neutral,Negative,Negative,NEGATIVE,
Unknown,General,Anonymous,,plane holds people they overbooked the flight and peices of luggage made it on the aircraft the plane was an hour late half of the passengers had a pm international connecting flight to the usa the plane touched down at pm noone got there luggage somewhat unorganized but its the only access to little cayman,,,,,,
Unknown,General,Anonymous,,the immigration line was more than meters long the priority line for wheel chair and pregnant women had only one clerk the regular line really leisurely also few clerks attending customers,,,,,,
Amman Queen Alia,airport,T Hilderbrandt,2024-11-21,Terribly disorganized airport Signage is horrible for international transfers Had to go through security times Eg bought some overpriced water by the boarding gate Then they ordered all passengers out to go through security and then they took my water away At security they pulled my bag apart then just stuffed things in randomly I had to repack the whole thing Few staff speak any English and they are rude Also the airport has zero places to lie down anywhere Avoid this airport if you can They are amateurs in this business and a disgrace,3.0,Negative,Negative,Negative,Negative,
Kangerlussuaq,airport,Vesa Laeaekkoe,2023-09-11,Kangerlussuaq is where you enter Greenland on Air Greenland flights you arrive here from Copenhagen on their A and continue on board smaller planes to towns around this massive land Airport is very relaxed on domestic flights there is no security check so you simply arrive checkin your luggage and off you go The only flight you have security check is the one to Copenhagen Terminal is very small it has couple of shops and cafes and also an outdoor terrace where anyone can enter and watch the airplanes There is only one tiny luggage belt on arrival so when A arrives its very packed and for some reason it took about half an hour for our luggage to arrive They are now expanding airports in the capital Nuuk and also in the main tourist destination Ilulissat to receive larger aircraft so future of Kangerlussuaq is a bit cloudy,7.0,Neutral,Positive,Neutral,NEGATIVE,
Tehran Mehrabad,airport,Anthony Singer,2004-10-07,Although the computer information screens are in Farsi and English I would advise completely disregarding the English information Flying from Terminal to Esfahan on Iran Air the computer screens read Delay without estimate next to my flight An hour after the scheduled departure time this suddenly switched to boarding When I enquired I was told I was too late to check in By this point the info screens were showing Await further information on my now departing flight Moral of the story Ignore the screens and be at a check in desk any check in desk an hour before your flight is leaving and stay there until someone gives you a boarding card Dont take no for an answer and dont ask the airport info desk theyre nice but clueless speak with the airline Airport itself is fine but frequently descends into chaos that only a minimal amount of planning or thought would avoid You quite often see hordes of staff racing around and shouting trying to resolve a confused multi flight boarding situation when it would have taken just one of them to head off the problem with clear directions half an hour earlier Would strongly recommend arranging for your hotel to send a car to pick you up on arrival It is not possible to figure out how the airport taxi system works without practice and often its the last thing you need when youve just landed Taxi touts attempting to charge a markup on the maxmimum rate are common Ensure a fare at the start and dont let him drive off until youre satisfied,0.0,Neutral,Positive,Negative,NEGATIVE,
Santiago De Chile,airport,Maria Mazzei-Tovar,2024-06-26,The immigration line was more than meters long The priority line for wheel chair and pregnant women had only one clerk The regular line really slow also few clerks attending customers,4.0,Neutral,Neutral,Neutral,Neutral,
Unknown,General,Anonymous,,the domestic terminal of this airport remains crowded it doesnt have boarding bridge and thus passengers have to take bus services to the aircraft,,,,,,
Bangkok Airways,airline,4 reviewsDjordje Susic,2024-07-26,This flight was ok but my biggest remark is that the cabin was very dirty and outdated The tray table and the toilet pictures provided below were very dirty The flight attendants were very polite and friendly The food was pretty bland and the juice wasnt good The dessert was ok The flight was delayed for minutes but everything was fine I would recommend this airline for shorthaul flights,6.0,Neutral,Positive,Negative,NEGATIVE,
Garuda Indonesia,airline,190 reviewsJonathan Rodden,2024-12-11,Flew GA Amsterdam to Jakarta from Madrid Spain GarudaIndonesia had arranged with the Schiphol VIP Center to meet me at the plane door upon arrival from Madrid and I was taken to the VIP centre for check in security and immigration formalities This is a great service as it bypasses all queues Within the VIP Lounge at Schiphol Airport there are full service including a full Al La Cart dining When I it came time to board the aircraft I was assisted by a member of the VIP team that took me by car to the aircraft stairs At the aircraft door I was meet by the cabin crew Fauziah Pradita Maurenia Ade Indrawati and Chef Aris Gumilar who give me a very warm welcome and guided me to my seat The First Class Team gave outstanding service from boarding in flight dining and general overall service There was a very good selection of food for both evening meal and for breakfast The meals can be served on demand however as I wanted to have some sleep I requested my meal two hours after takeoff The quality portion and presentation of the food was outstanding There was quite some turbulence throughout the flight however I still had an excellent sleep We were slightly delayed arriving in Jakarta but this was caused by the delay in departing Schiphol as it is over minutes taxi to the remote runway When I arrived in Jakarta I was meet at the aircraft door by Yudi from the First Class Team who help and assisted me through immigration luggage collection and through customs and out to a car provided by GarudaIndonesia to take me to my home I used the onboard Wi Fi and connectifity and speed was excellent This was another excellent flight and I thank the Cabin crew for their outstanding service,10.0,Positive,Positive,Positive,Positive,
Azul Airlines,airline,T Pereira,2024-12-29,We had a challenging experience with Azul on the So Paulo to Joinville route First the Azul shuttle bus from Congonhas to Viracopos was full forcing us to take a taxi at a cost of R This situation seems to be recurring as there were taxi drivers already waiting at the location In addition our return flight was rescheduled from PM to AM with this being the only option offered resulting in the loss of nearly a full day with family Its worth noting that this appeared to be a case of overbooking by the airline as the PM flight did indeed take place Unfortunately the overall experience was disappointing particularly regarding the reliability of the services purchased,2.0,Neutral,Negative,Neutral,NEGATIVE,
Mombasa,airport,W Pechler,2012-09-03,Arrived from Nairobi and flew to Amsterdam on September nd Baggage arrived quickly from our domestic flight couldnt immediately find international departures but were helped friendly at the outside service desk Security went fast but that could be attributed to the fact that it was a very quiet day only international flights departing after pm and we were early Enough available power sockets for charging Checkin opened a little over hours before departure once again we were helped by a couple of very friendly guys Staff on the lower floor overall was kind and helpful but we asked different people if there was either a Burger King McDonalds or KFC at the airport and none of them gave us a straight no answer they all directed us to the small sandwich counter on the second floor On the second floor staff spoke poor English Passport control went fast but was arbitrary they asked for my entire right hand fingers thumb to be scanned while my sister and father didnt need to have their thumbs scanned Free wireless internet of fairly good speed but very limited reach A dozen or so of duty free shops Half the ceiling fans were broken but since the second floor is not entirely walled up the fresh wind from outside cooled the waiting area down enough No power sockets at gate no toilets either if you need to go you can just walk right back After asking very politely and kindly if there was a way I could charge my laptop for the long flight hours they agreed I could charge it behind a desk at the security check where I left it out of sight for over half an hour and Im happy to say my faith in humanity remains the same it was right there where I left it when we boarded right on time,7.0,Neutral,Positive,Positive,NEGATIVE,
Unknown,General,Anonymous,,arrival people queuing up for customs control on the apron because terminal more limited more than hour waiting time yes in september out of peak season during covid departure at entry to security my selfprinted boarding pass was okay min waiting time at security then my boarding pass was checked again min waiting time at customs control then the customs officer said that selfprinted boarding passes are not okay and sent me back to checkin counter total time lost again more than hour probably europes suboptimal airport,,,,,,
Unknown,General,Anonymous,,disrespect to high level among the security staff i was not treated like a human but rather a criminal all i had was a short layover and still stood in an interrogation with different woman who were wielding their powers over me it took over an hour to answer questions and un pack and repack my bags i had good experiences previously but honestly that whole situation makes me not excited to travel back again,,,,,,
Utair Aviation,airline,T Waters,2010-12-22,Tu Moscow St Petersburg Creature comforts not up to modern aircraft standards but superb real experience Food quite good and service good Do it before the Tus become a thing of the past,9.0,Positive,Positive,Neutral,POSITIVE,
Lahore,airport,Ahmad Khalid Akhtar,2019-08-22,When arriving you can see the agricultural beauty and the city of Lahore and the country of Pakistan The airport is very nice Immigration is busy and crowded Staff were vigilant and happy to assist with any baggage related queries and baggage also arrived on time The washrooms are very wet and needs improvements The airport needs more duty free shops WiFi and connectivity are fast and quick to connect The checkin is a bit slow and there is always a big line,6.0,Positive,Positive,Neutral,NEGATIVE,
Air Austral,airline,P Geare,2019-10-20,Johannesburg to St Denis Service like it was years ago professional attentive amenity kit handed out on a hour flight and the quality and quantity of the catering Ive not seen for years Thoroughly recommended,9.0,Positive,Positive,Neutral,POSITIVE,
Munich,airport,S Redfern,2024-08-29,In terminal there are no drop off zones where you can print labels for baggage yourself Longest queues for security I have experienced here in Terminal Too few lanes and not even all open hour wait is simply unacceptable in,3.0,Positive,Positive,Neutral,NEGATIVE,
Guatemala,airport,N Bayker,2018-02-19,I was interested to read a couple of other reviews of Guatemala airport mentioning that random items had been confiscated at security as this was also my experience and it marred an otherwise positive impression After Xray scanning a guard asked to search my bag and I cooperated fully He pulled out my small nail file and a pair of safety scissors with cm roundended blades and confiscated both items He then added insult to injury by smiling and saying Is OK as he dropped them through the slot Im an experienced traveller and both of the items that were taken had been through numerous other security checks on many previous occasions including in countries with reputations for being especially strict The episode left me and my partner feeling irritated and grumpy as it was so unnecessary I would never have any problem at all with established security rules being enforced but La Aurora should ensure that individual officers arent confiscating peoples belongings on the basis of arbitrary and unfounded personal decisions,4.0,Neutral,Positive,Neutral,NEGATIVE,
Unknown,General,Anonymous,,shoutout to veronica ground transportation dispatcher after a somewhat long day of travel from nova scotia i finally arrived at savannah airport a little after midnight only to find that no uber or lyft rides were available and there was a somewhat long line at the taxi stand when i got to the window where veronica was managing a list of ride requests i learned that the wait was to hours empty taxis dribbled in and veronica frequently with a smile bellowed out the next name on the list is all directions people were growing impatient with the pace and the next taxi to show up was a mini van after exchanging a few private words with the driver veronica changed strategies put her list down and bellowed anyone going to fill in the blank in my case downtown hop in i got a ride with other fares in a van after only hr wait way to problem solve veronica esomewhatone wins including the taxi driver who made a few extra in case anyone wants to know the issue was related to a train stopped across the main roadway access for over an hour,,,,,,
LOT Polish Airlines,airline,Katalin Polhos,2024-10-22,Was surprised how good it was Very nice and smiling crew bed quite comfortable good choice of drinks Did not really like the gluten free option as I got the same meal twice Ground service was a disaster,9.0,Positive,Positive,Positive,Positive,
Punta Cana,airport,Manav Parmar,2023-11-11,This airport was very wellrun when me and my family were here We were going to Punta Cana for a family vacation through jetBlue We were able to get through security smoothly and the customs and shuttles were fast The food court provided a wide variety of foods for me and my family to choose from and everything was very modern The bathrooms were clean enough for usage The only con about this airport was the lack of the jet bridge It didnt help that it was raining upon our leaving Punta Cana We experienced torrential downpour and had to quickly get onboard and we were drenched by the time we were on the plane But there were also many good things about this airport and I would not mind visiting it again,9.0,Positive,Positive,Positive,Positive,
Unknown,General,Anonymous,,small airport that served its purpose lift was out of order shops and coffee shops it may be expanded should the flights picked up to and from this airport we arrived at international terminal and need to walk to domestic to pick up our hired car hire car costs about day,,,,,,
Hamilton Island,airport,Beatriz Staley,2023-08-03,We were flying home on July from Hamilton Island Our flight was with Virgin As it was pouring rain we noticed at the airport did not have any cover at all As we noticed Qantas was parked very close to the entry not that far of a walk but still no cover at all for passengers Very disappointed that every single passenger was saturated getting on to the plane Virgin did not park close it parked far away Very disappointed wont be back,4.0,Negative,Negative,Neutral,NEGATIVE,
Unknown,General,Anonymous,,we have arrived to be greeted by utter carnage due to the airports not great ability to deal with a bit of snow and slush we landed at and have now been waiting over mins waiting for buses this is scotland where it snows in winter right easyjet have not offered any water but hey feel free to use the loo fortunately we are not under a tight schedule but many passengers are so we should be compensated in some way if it was a train we could claim somewhat disappointed in our national airport,,,,,,
Fort-de-France,airport,8 reviewsMarco Palzkill,2020-02-19,Fort de France Airport is small but heavily decorated There are very few amenities at the airport We found the restrooms to be surprisingly clean Sometimes flights seem to change gates without electronic gate screens reflecting that so better ask staff wether the gate is correct A lot of seating was provided for such a small airport,5.0,Neutral,Positive,Positive,NEGATIVE,
Unknown,General,Anonymous,,the airport is not friendly for the elderly sick or incapacitated basically if you have to be fit to power walk a marathon you might make it to your flight as a result or teetering on the edge of racing in the design of this airport makes it so that most terminals are quite far and sometimes up to hour away from check in point if you speak englishspanish people dont make a considerable effort to help im guessing to much drinkee drinkee and sun bathing really gets people in such a relaxed mood they barely care about their work this is the sense i got from almost esomewhat brazilian i kindly encountered for directions and guidance the card reader at the covid clinic did not accept my international visa chase card and so i was not able to have a covid antigen test that was somewhat much needed for boarding i went to money exchange center and they could only give me dollars for reals so basically my funds were blocked and i could not pay for the test that i needed to board the plane all in all a below average experience with up to people telling me to go in opposing directions,,,,,,
Jetstar Airways,airline,R Layne,2024-12-27,Apart from a minute delay outbound it is hard to fault my SydneyAdelaide return trip Yes its a no frills carrier but most everything worked efficiently and I was impressed by how smiling and happy all the staff were,8.0,Positive,Positive,Negative,POSITIVE,
Tivat,airport,Jelena Jovanovic,2024-07-05,My recent visit to Tivat Airport left me utterly disappointed and frustrated to say the least From the moment I arrived until the moment I finally boarded my flight the experience was nothing short of a chaotic nightmare Understaffed and Overcrowded Upon entering the airport it became immediately apparent that the facility was severely understaffed There was only one person checking flight tickets leading to an outrageously long queue that snaked through the terminal To exacerbate matters there was also just one queue for both hand luggage and personal control causing massive congestion and delays No Relief from Crowds and Heat The airport quickly filled with travelers waiting in line and the atmosphere became stifling There was a complete lack of adequate air conditioning or ventilation making it unbearable to stand in the packed queues The lack of seating aggravated the situation leaving elderly passengers and families with young children particularly vulnerable and uncomfortable Unprofessional and Unhelpful Staff Adding insult to injury the airport staff were shockingly unprofessional and downright rude They displayed a complete lack of courtesy and seemed indifferent to the plight of passengers struggling with the chaotic conditions Requests for assistance were met with dismissive gestures or simply ignored further deepening the sense of frustration among travelers Overall Impression In summary my experience at Tivat Airport was one of the worst I have encountered in my travels The combination of understaffing overcrowding lack of basic amenities and unprofessional staff created an environment that was not only unpleasant but also distressing For an international airport these conditions are simply unacceptable and reflect poorly on the management and operational standards If you have the option to avoid Tivat Airport or choose an alternative route I strongly recommend doing so,1.0,Negative,Negative,Neutral,NEGATIVE,
Nordavia,airline,Skytrax Editor,2020-08-19,Nordavia has been renamed as Smartavia and reviews can be found on this new linkSmartavia Reviews,0.0,Positive,Neutral,Neutral,POSITIVE,
Derry,airport,C Graves,2018-11-05,I have travelled through Derry airport numerous times in the last two years with a young child and usually on my own I cannot express enough how helpful staff have been on every single occasion They always offer to help me with bags usually fast track me through security scan my boarding card and passport so that I dont have to stand in long queues especially if my child is sleeping and have even bumped me up to priority boarding again ensuring I am not standing in queues struggling with bags or a toddler Their customer service is second to none and they always make the journey pleasurable,10.0,Neutral,Positive,Positive,POSITIVE,
Unknown,General,Anonymous,,the new airport is a large airy and often empty building flew to kbp and connected to rix on friday morning and we were the only flight for hours although there was no other plane at the airport instead of parking the vv atr by the gate they parked it over at the far side of the old terminal necessitating a long and completely unnecessary bus ride check in was quick and so was security there was a small cafe after domestic security and nothing else oddly the signs pointing to domestic gates didnt match the number of the gate shown for our flight looking to the terminal from the front domestic gates are to right international in middle a cab to the airport was about minutes at if you take the trolley bus i think it drops you at the old terminal so youll have a walk of a couple blocks,,,,,,
Unknown,General,Anonymous,,airconditioning was not working on the first floor too hot and suffocating on first floor airport staff should monitor the temperature regularly this is the bare minimum standard,,,,,,
Rome Fiumicino,airport,Maya Todorova,2024-08-02,I want to thank to all the staff at this airport for helping me find my luggage which was lost because of Zrich airport The medicine of my mom were in that suitcase and all your team helped me a lot to locate and find it as soon as possible Very warm hearted people and extreme professionals They didnt skip any official procedure so that they kept the security conditions but did their best to help me Unfortunately I do not remember their names but I hope this message will find them and make them feel appreciated Thank you wish you all the best and God bless you,10.0,Positive,Positive,Neutral,POSITIVE,
Unknown,General,Anonymous,,quiet room with reclining chairs are actually somewhat loud since we get somewhat loud announcements on microphones personal announcements gate announcements for boarding etc,,,,,,
Beijing Capital,airport,J Williams,2024-10-15,I came here twice an hour layover and an hour layover im from Australia and was seeing some of Dads family in the UK I didnt have that high hopes for China i didnt know what to expect but wow The airport is massive yet its so empty it obviously very government controlled or something staff spoke like barely any English but they were alright i guess Security the first time took forever to que and it was insanely hot the second time was extremely quick though We stayed in a business class lounge because the lounge we paid for was before security the lounge was good it had great food and was nice The airport is pretty intimidating to be honest very foreign barely friendly to foreigners Couldnt wait to get back to Australia,2.0,Positive,Positive,Positive,Positive,
San Diego,airport,Julie Klinger,2024-07-15,This airport is terrible There is absolutely no seating available People have to sit on the floor and in areas that cause traffic concerns There are so many people in the terminals that moving through the crowd is slow and frustrating Only bathroom in terminal areamassive line and paper product shortages Only barrestaurant available and it is absolutely packed with mediocre service and food For a city this beautiful and popular the airport is a huge disappointment and aggravating Again absolutely no seating What is the maximum capacity in this place because I am sure we have passed an appropriate number causing concerns about safety and any type of positive costumer service type experience Terrible Do something about it,2.0,Neutral,Negative,Negative,NEGATIVE,
Unknown,General,Anonymous,,germanwings operations have now been transferred to and taken over by eurowings you can read their reviews here eurowings customer reviews,,,,,,
Unknown,General,Anonymous,,plainly disability access does not apply to those in the eu paid a premium for business only to find the only access to the business lounge is two flights of stairs the lounge itself is spacious as it offers little food is available by going back down the stairs to the main terminal or you can have a prepackaged croissant staff are between invisible and totally disinterested,,,,,,
Unknown,General,Anonymous,,the new king shaka airport is roomy airy and thoughtfully planned there are a dozen or so retail outlets on the ground floor accessible to all and more retail outlets past security on the second floor where checkin occurs there was an airport shuttle service connecting the airport to downtown durban and some coastal points along the way that was reliable going into town but not coming back not sure if this is a regular service or if it was only during the world cup,,,,,,
Unknown,General,Anonymous,,arrival people queuing up for customs control on the apron because terminal more limited more than hour waiting time yes in september out of peak season during covid departure at entry to security my selfprinted boarding pass was okay min waiting time at security then my boarding pass was checked again min waiting time at customs control then the customs officer said that selfprinted boarding passes are not okay and sent me back to checkin counter total time lost again more than hour probably europes suboptimal airport,,,,,,
Okinawa Naha,airport,19 reviewsFrancis Wong,2019-04-27,It was years ago I used this airport and wow so much has changed The check in on nd level had moved to a much more spacious rd level It made the experience totally different in a positive way No longer does it feel cramped Staff are friendly and signage are very clear The only thing that still need improving is the variety of shops available air side and food options It is still pretty basic at this stage With more and more airlines flying to OKA they can be more ambitious and open up more shops and restaurants to cater for us,8.0,Positive,Positive,Positive,Positive,
Canaryfly,airline,Anastasiia Khomenko,2018-11-23,I bought a flight between Las Palmas and Fuerteventura in offpeak season months in advance at noon there were earlier flights as well Quite soon they called me that the flight is rescheduled on am causes huge problems on Fuerteventura to get to the airport in time as public transportation doesnt function earlier than am taxi costs min Then on a checkin the employee could not find my entry and it took him mins and several calls to get things sorted out most likely i was not in am registry list still as i bought ticket to pm flight initially and someone forgot to update that list which almost made me late for the flight got in on final call Turned out there is no assigned seats at all so active fast running teenagers occupied all window seats Then Ive put my ebook Kindle into seat pocket and forgot it there contacted the airline hours later after the flight via email saying that i am still around to pick it up two days later received a reply sorry not found anything impossible as I was the last leaving the jet and i am positive about leaving my device in the pocket Airline website as well as inflight magazine are in Spanish Yes definitely the majority of tourists on Canary Island speak Spanish A very customeroriented approach I was flying on Nov th Overall not pleasant impression about this airline avoid if possible,2.0,Neutral,Positive,Neutral,NEGATIVE,
Unknown,General,Anonymous,,went to doncaster airport and was told i had to stand outside in the rain when i was picking up and was not allowed into arrivals for some reason i am a taxi driver and have been to a lot of airports since the covid outbreak and not once have i been told that i am not allowed into the airport until doncaster,,,,,,
Unknown,General,Anonymous,,nadi to noumea aircalin is the only airline i have ever flown that does not allow for baby strollers car seats or cots to be checked in without paying for additional luggage also beware when buying a fully refundable ticket it is nearly impossible to cancel a flight on aircalin you cant do it on line and you cant do it over the phone you can only do it in writing and then if you are lucky you may receive the refund days later,,,,,,
HOP!,airline,8 reviewsLaurent Charpentier,2017-11-02,Toulon to Paris Orly Aircraft on time and clean Good service in flight pleasant staff on departure inflight and on arrival We had to leave bags at plane entry gate and we fetched them at plane exit gate in Paris The aircraft is useful for small flights but is a little small for passengers Flight entertainment would have been appreciated domestic flights in another countries have in flight entertainment even for hr flights,7.0,Positive,Positive,Positive,Positive,
Unknown,General,Anonymous,,this has got to be without doubt the suboptimal airport in the world queues esomewhatwhere inside and outside the building it has looked like an ongoing building site for years access subpar hideously expensive quick drop off car park the min free car park is just far enough away to mean you cannot get to the terminal and back before having to pay the check in queues seem to be esomewhatwhere the escalators are intermittently out of service the signage is subpar or non existent in places one of the few airports i have been through recently where you still have to pay for a trolley not that you would be able to push one through the crowds there is not enough seating in the duty free area it is hardly esomewhat possible to get on a plane without going through a basement holding are to get on an overcrowded bus to be taken practically to the other side of the airport on arrival you are invariably also put on a bus and taken to a little flight of stairs like a trademans entrance this is a shocking way to welcome visitors to the uk,,,,,,
Unknown,General,Anonymous,,i flew from ft walton beach to minneapolis in august on sun country airlines at the sun country desk i put my bag in their holder to make sure i was legal with my bag the desk agent cleared me and said no violation a few weeks later i fled back on sun country while boarding at the gate the sun country employee grabbed my left arm and pulled he pulled me out of line he stated my bag with shorts and tshirts was in violation i informed it had less content than when i flew up with it and it was confirmed by a sun country employee he said i had to pay a fine i presented my delta american express card and be stated you should have flown delta being retired from law enforcement i kept reserved and didnt say anything he then said we dont take american express i used my bank card then i paid it and was the last one too board i overheard this sun country employee tell another one at the gate what an idiot move thinking he was going to get away with it i couldnt imagine working in this field talking to a customer like this i filed a complaint with sun country over two weeks ago and rarely received and feedback or correspondence from sun country,,,,,,
Unknown,General,Anonymous,,arnvbyarn soldmarketed under gotlandsflyg but operated by nextjet which claims to be swedens largest regional airline the visby flights were operated by a saab and load was about in the offseason rather exorbitant prices if booked through the website as much as ow cheaper if booked through gotlandsflyg and cheapest if booked at the airport on a standby price onboard service is nonexistent no drinks esomewhatthing for sale magazines of both nextjet and gotlandsflyg in the seatback pockets bob in both listed as cardonly but flight attendant only takes cash and offerings are completely different though good quality and cheap late on the outbound early on the inbound with subpar service this airline left a lot to be desired,,,,,,
Unknown,General,Anonymous,,i recently flew from montreal to halifax paying nearly for my ticket on my outbound flight there were no issues with my cabin baggage however on my return two flight attendants who stated they dont speak french and dont have to insisted i pay an extra fee for my backpack when i questioned the inconsistency they resorted to threats saying i wouldnt be allowed to board if i refused to pay the inconsistent baggage policy feels like a cash grab i expected better service professionalism and respect from this airline,,,,,,
Qingdao,airport,W Pollitt,2010-01-01,Really nice facility The Olympic games in that city I am sure modernized the facility Nice waiting area at departure area to wait with friends before immigration Immigration was fast but was surprised by the friendliness and the I hope you had a nice stay in our area of the one person at immigration check with excellent english skills Nice Food selection and shops acceptable Over all a good experience,4.0,Positive,Positive,Positive,Positive,
Yangon,airport,7 reviewsNuti Damrongphatr,2016-08-16,Yangon Terminal is very nice It is not too large immigration may be slow but they are friendly Atmosphere is modern clean and nice including good restroom Check in counter are totally empty at the time of my departure Once can spend minutes for check in process and wait at a few nice cafe they have noted that you cant find anything to eat after passing immigration,9.0,Positive,Positive,Positive,Positive,
Unknown,General,Anonymous,,the immigration line was more than meters long the priority line for wheel chair and pregnant women had only one clerk the regular line really leisurely also few clerks attending customers,,,,,,
Unknown,General,Anonymous,,the onboard service was ordinary and there were long intervals between service food took hours to serve after take off fish dish was overdone out crew took long time to respond to call button when they overlooked servings and sometimes did not respond at all no seat cover provided which would have improved seat comfort peculiar provision of slippers more limited for anyone with size monotonous experience generally,,,,,,
Unknown,General,Anonymous,,we bought tickets before the pandemic and cant have our money back since then since that time they write to us that we need to wait the regular flights to start operating according to their website they have been already flying all regular routes seldom buy tickets in buta airways,,,,,,
Halifax,airport,W Thomas,2019-08-24,The custom officers were mean and condescending He kept shouting whats wrong with people these days and do you even speak English while we were being nothing but polite and patient even after a long international flight,2.0,Negative,Negative,Neutral,NEGATIVE,
Unknown,General,Anonymous,,had the misfortune to travel through this cow shed last week the small quantity of multitasking staff there are more than happy to do as little as possible and ensure that esomewhatone has an unpleasant experience the customs and security staff especially behave as if they are secret police in charge of the white house rather than some backwater airfield you have to queue too long for esomewhatthing if you have to check a bag in you will have to show your passport and boarding pass to separate people at different stages who are all within meters of each other what is the point of this just jobs for the boys no doubt when you have reached the departure lounge you find not enough seats small air conditioners which are all useless you will only find a couple of vending machines which dont accept notes only coins i had to go back out through security to get some change for the vending machines the security staff members i tried talking to refused to speak english to me when only minutes earlier i had heard them talking decent english with another passenger finally i found someone who would talk english and explained to them why i needed to return land side all in all a somewhat unpleasant experience i recommend anyone not to use this pathetic excuse of an airport,,,,,,
Unknown,General,Anonymous,,i recently flew from montreal to halifax paying nearly for my ticket on my outbound flight there were no issues with my cabin baggage however on my return two flight attendants who stated they dont speak french and dont have to insisted i pay an extra fee for my backpack when i questioned the inconsistency they resorted to threats saying i wouldnt be allowed to board if i refused to pay the inconsistent baggage policy feels like a cash grab i expected better service professionalism and respect from this airline,,,,,,
Unknown,General,Anonymous,,shoutout to veronica ground transportation dispatcher after a somewhat long day of travel from nova scotia i finally arrived at savannah airport a little after midnight only to find that no uber or lyft rides were available and there was a somewhat long line at the taxi stand when i got to the window where veronica was managing a list of ride requests i learned that the wait was to hours empty taxis dribbled in and veronica occasionally with a smile bellowed out the next name on the list is all directions people were growing impatient with the pace and the next taxi to show up was a mini van after exchanging a few private words with the driver veronica changed strategies put her list down and bellowed anyone going to fill in the blank in my case downtown hop in i got a ride with other fares in a van after only hr wait way to problem solve veronica esomewhatone wins including the taxi driver who made a few extra in case anyone wants to know the issue was related to a train stopped across the main roadway access for over an hour,,,,,,
Unknown,General,Anonymous,,went to doncaster airport and was told i had to stand outside in the rain when i was picking up and was not allowed into arrivals for some reason i am a taxi driver and have been to a lot of airports since the covid outbreak and not once have i been told that i am not allowed into the airport until doncaster,,,,,,
Skymark Airlines,airline,Mark Woods,2014-01-08,I flew TokyoSapporoTokyo I was pleasantly surprised at the efficiency and professionalism of the staff The crew spoke English We departed and arrived ontime The great price combined with the excellent service ensures I will fly Skymark again,10.0,Positive,Positive,Positive,Positive,
Mahan Air,airline,Maryam Saadatjoo,2015-11-01,Mahan Air from Kuala Lumpur to Tehran Check in was fast and friendly The signage to find the premier lounge in Kuala Lumpur airport was almost nonexistent and took me a while to locate the lounge which offered minimum amenities Boarding was efficient and the A was packed for this flight The aircraft interior was new and clean with smiling crew The flat bed was great and plenty of food was offered for this hour flight Perhaps the refreshment pizza and a burrito at the end of the flight was a bit too much Only negative thing I can think of was not much entertainment and it was limited to public LCDs Considering the business class fare was almost cheaper than other airlines which operated indirect service it was a good buy I was especially impressed by the very attentive flight attendants Overall a good flight,8.0,Positive,Positive,Positive,Positive,
Unknown,General,Anonymous,,airconditioning was not working on the first floor too hot and suffocating on first floor airport staff should monitor the temperature regularly this is the bare minimum standard,,,,,,
Manaus,airport,Ned Hopkins,2008-03-29,On my first trip to the Amazon in Manaus airport was a nightmare On my second trip the airport had been much upgraded The entire building had been enclosed and was airconditioned many shops some with quality goods,4.0,Positive,Positive,Neutral,NEGATIVE,
Skybus,airline,Doug Jennings,2007-09-19,FLLCMH the latest US startup airline that is embracing the very low costhigh restriction fare ala carte pricing for checked bags and everything for sale onboard model My morning flight left Ft Lauderdale on time and arrived in Columbus a few minutes early I had checked in online and needed no assistance as i was not checking a bag The friendly flight attendants offered a sales catalog after boarding and customers had a large selection of food and drink items as well as dutyfree type personal items jewelryperfumes also for sale My return flight was delayed on landing and then reported a problem with the pilots radio which was a surprise given that the airline operates a brandnew fleet of narrow body Airbus Finally after a delay of more than hours we boarded another aircraft that had arrived late from another city and finally made it home by am On this flight all entree items were sold out and only snack items were available to eat Customers were not offered any sort of compensation for the delayed flight just apologies from the airport and inflight crew,3.0,Neutral,Negative,Neutral,NEGATIVE,
Blue Panorama Airlines,airline,Diego Minas,2019-06-21,Santorini to Bergamo The worst airline experience Ive ever With tickets booked from our travel company they were not accepted and sent us to another desk in another part of the airport to pay Euros to put middle names onto my girlfriend and get our boarding passes total scam In the end after paying the eur for the name changes I got the boarding passes with first and last name as I had previously Nobody could explain why we paid that value nobody even cared if we miss or not the flight the counter girl was almost making fun of us Never ever again I will fly with this company,1.0,Neutral,Negative,Neutral,NEGATIVE,
Agadir,airport,Paul Styles,2009-02-16,To get in from the street you must undergo luggage scan first as theres no entry hall To get out onto the tarmac and into your plane note well that theres no queue space the departure lounge seats are right by the exit gate doors Our flight was announced at gate N there are only gates but after minutes delay moved to gate then to gate for people with much luggage for a flight with first come first served seats The hostesses tried to get people to form queue lines in vain so embarkation was a free for all Shocking treatment for an international airport Aside from that the setting is very pleasant,1.0,Positive,Negative,Negative,POSITIVE,
Unknown,General,Anonymous,,strict minimum no much to do no much space if you can prefer avianca vip lounge with snacks drinks and wifi,,,,,,
Panama Tocumen,airport,Donna de Jong,2025-04-05,Like many airports food and drinks are much too expensive I do therefore I also do not want to buy water It is not allowed to take bottled water through customs so most airports have free tap drinking water Also this airport But they are all disconnected I find this outrageous To have access to drinking water is a right,7.0,Neutral,Negative,Neutral,POSITIVE,
Unknown,General,Anonymous,,on a scoot flight from d we could not find any food or drink outlets between d and d and that is a long way the airport has obviously grown so big that it has become unwieldy,,,,,,
Humberside,airport,R Rouse,2011-07-06,Whilst small and basic its the perfect option for a frequent traveller No queues at check in or security Friendly staff even the security guys are nice No long walks to find your gate Arrive mins before departure travel stress free without the crowds and connect to the world via Schiphol Baggage claim takes minutes Would recommend this airport over flying via Manchester any day unless you enjoy arriving hrs early and shopping,5.0,Positive,Positive,Positive,Positive,
Maun,airport,F Zanon,2008-12-10,Travelled twice fromto Joburg Very small airport used mainly and maybe only to reach Okawango Delta A couple of flight per day to South Africa and Gaborone twice a week to Namibia However it is usually quite busy because all small airplanes leaves from here to all airstrips in Okawango Security control also for internal flights with these small planes One gate you walk to the airplane There are no facilities inside only one toilet and no food and shops one checkin desk that open hours before flight but the queue is reasonable It is a safe airport quite clean but not the place where youd like to spend more time than necessary Nice shop and honest food just in front of the airport,3.0,Positive,Positive,Positive,Positive,
Sioux Falls,airport,N Ramsay,2017-06-17,Two years on from my last report and improvements continue to happen The check in area has been updated making for a comfortable experience and the new TSA security area is large and works efficiently A new hotel is now connected directly to the terminal Staff as usual friendly and helpful Forced to deduct one point for the lack of baggage carts If they are there they are well hidden,9.0,Neutral,Positive,Positive,POSITIVE,
Yeti Airlines,airline,S Handush,2021-10-18,First of all thanks to the team for on time flight experience I am deeply disappointed by the behaviour of air hostess I was traveling with my yr kid who is inquisitive about surroundings so he was standing on the seat to see around in a minute air hostess came to us and with rude pitch uttered very harsh words to my child sit down on your seat otherwise i will lock you in the bathroom I request the airline to teach their members to behave properly,2.0,Negative,Negative,Negative,Negative,
Unknown,General,Anonymous,,pointe a pitre to paris we bought our business class tickets but actually we got only premium economy seats i think the reasonable way to deal with it is to return the price difference to us,,,,,,
Breeze Airways,airline,George Everhart,2025-03-19,Breeze failed on both flight directions st flight was hours late arriving delayed our arrival hours nd flight was canceled They have so few planes there were no alternative breeze flights Sadly they have no agreements with other airlines to move passengers to other airline Refund was inadequate and didnt cover hotel and alternative travel costs customer service they want you to text a number which does not provide a solution I would not recommend this airline You cant count on this airline to stay on schedule or get you home When a problem arises they dont have the ability to solve it You are better off driving or taking one of the major airlines,1.0,Negative,Negative,Negative,Negative,
Rex Airlines,airline,L Anderson,2025-02-10,REX have always been professional I never took much notice of airlines I just know who I will no longer fly with In my recent trip with REX the light bulb went on I understood the Guest ethos that had been taught to me through employment as a driver for luxury travel With REX I finally got it the Guest Experience No other airline has made me feel this elusive Guest experience Ive had some absolute shockers I am now a nervous flyer Not a heart string pull try flying home with your step sons ashes and being treated poorly in the USA which you are transiting through Suffice to say I hate flying This recent trip I engaged brain I saw it and was the recipient of their incredible service The thing that makes airline travel easy seamless safe treat people with respect Dont immediately treat then with disrespect because of a judgement And this is REX,10.0,Positive,Negative,Neutral,POSITIVE,
Unknown,General,Anonymous,,plane holds people they overbooked the flight and peices of luggage made it on the aircraft the plane was an hour late half of the passengers had a pm international connecting flight to the usa the plane touched down at pm noone got there luggage somewhat unorganized but its the only access to little cayman,,,,,,
Discover Airlines,airline,T Vincent,2025-03-22,It all started when we checked in our luggage We arrived at the Discover counter and only saw the Business Class checkin desks Since we were flying Business we headed there A staff member standing in front told us we had to go around the corner to check in That seemed possible so we went there but it turned out to be the Economy checkin So we returned and told the staff member that we needed to check in here since we were flying Business His rude response You could have said that Well its not our job to inform himits his job to ask what class were flying It didnt get better from there The checkin agent seemed completely uninterested and at the end simply stated a number while staring at us when we didnt immediately understand what it meant We had to figure out for ourselves that he was referring to the gate The only positive experience was the lounge which was a Lufthansa lounge not a Discover one Then came boarding After scanning our tickets we walked toward the aircraft but the entrance to Business Class was still blocked because they werent ready If theyre not ready boarding shouldnt start There were passengers with mobility issues who had to stand and wait until they finally opened the section The cabin crew was okay but the welcome Prosecco was undrinkable The salmon trout tataki appetizer was absolutely disgustingit smelled awful The plane itself was old and the seats were extremely uncomfortable If youre tall or overweight good luck Breakfast was fine but Im still waiting for my apple juice The lavatories werent great eithernot at the level of other airlines Overall it was okay but for the price definitely not worth it I cant recommend it,1.0,Positive,Negative,Neutral,NEGATIVE,
Read more,airport,J Moises,2024-07-13,I never thought Id review an airport but there is a mix of staff that hates being there and some willing to be friendly The wifi is horrible Sometimes it connects and other times it doesnt I would even if you paid for their faster service reliability would be the same Food selection is similar to a malls food court that is somewhat deserted,3.0,Neutral,Negative,Neutral,NEGATIVE,
Bangkok Suvarnabhumi,airport,B Robert,2024-03-09,This airport has gone downhill in the last few years Very long lineup for checking in The departures terminal is too small for the volume of passengers Also far too slow Immigration procedure,3.0,Negative,Neutral,Neutral,NEGATIVE,
Unknown,General,Anonymous,,despite the new international terminal give yourself several hours to checkin it took me hours minutes at american the other morning,,,,,,
Thomson Airways,airline,3 reviewsJ Bream,2017-07-17,Gatwick to Puerto Vallarta We travelled in premium economy both directions and its worth the upgrade but only just Firstly the premium check in was fast the included lounge access was great The only part of the upgrade that doesnt work is the bags off first this didnt happen in both directions The food quality was acceptable drinks were free flowing The crew seemed to be experienced and happy which made for an enjoyable flight both ways,8.0,Positive,Positive,Positive,Positive,
Read more,airline,C Lewis,2025-02-20,We flew with Turkmenistan Airlines for flights one from Milan to Ashgabat hrs with a Boeing and another flight hrs from Ashgabat to Kuala Lampur with a Boeing Both flights were much better than expected after reading the reviews Both aircrafts looked modern and clean with very comfortable seats For the very affordable prices the airline offers the service is very good We got meals on both flights and unlimited coffee water or any other drinks The staff was really nice and you can even ask for a blanket if needed The only negative point is that you cant checkin online which leads to long queues at the desk but expect from that everything was fine We would definitely fly again with this airline they deserve more good reviews,8.0,Positive,Positive,Positive,Positive,
Unknown,General,Anonymous,,plainly disability access does not apply to those in the eu paid a premium for business only to find the only access to the business lounge is two flights of stairs the lounge itself is spacious as it offers little food is available by going back down the stairs to the main terminal or you can have a prepackaged croissant staff are between invisible and totally disinterested,,,,,,
Catania,airport,A Ahmed,2024-05-07,This was the first time I departed as well as arriving into Catania previously I had a good opinion of the airport as arrivals is so efficient and stress free little wait times at passport control and baggage received very quickly However this time we were also departing and now I understand why everyone hates this airport The truth is this airport has too many passengers and flights taking off for the size of the terminal Terminal A where our British Airways flight was departing from basically a zoo with too many passengers hemmed into a tiny space after security and no seating to wait It is so cramped they struggle to even fit in the food and shopping outlets And lets talk about the food outlets this is pricegouging on a level I havent seen at any other Italian airport just obscene pricing of very average looking food And of course there is no water fountain because they want to overcharge you several euros for bottled one Lastly the filth this airport is filty absolutely filthy and dirty it really made me uncomfortable I will never complain about Palermo airport ever again,3.0,Neutral,Negative,Neutral,NEGATIVE,
AnadoluJet,airline,Sule Erkoc,2024-04-01,Anadolu Jet has launched AJET I had a flight with them with a route from Dubai to Izmir From ground services to their timings it was a chaotic circusdoortodoor max The hour journey is now in its th hour and they are unable to find the luggage of only four people in Izmir Everything that can happen wrong from not being able to print boarding passes to delaying every connected flight and sending luggage to the wrong destination happened,2.0,Negative,Negative,Negative,Negative,
Orlando,airport,41 reviewsN Meares,2025-04-03,The largely renovated and rebuilt MCO airport is absolute class Clean well organized from the signage to the dropoff to security and aesthetically pleasing in most areas Returning to the US the new international arrivals area and postcustoms area so arrivals really is just gorgeous If you have Global Entry you breeze through in seconds with courteous officers that speak English and Spanish That alone is unique for a large US airport where many passport control officers are known for their powertripping belligerence but Orlando pleasantly provided the opposite of all that The signage to trains rideshare and hotel shuttles is granularly specified such that its easy for anybody to follow at least when leaving terminal Cinternational Leaving MCO the next morning arrivals at terminal A had clearly been renovated and was looking quite sharp CLEARPreCheck in tandem reduced security from a minute wait to a minute one The shuttle tram facilities between gates and terminals are showing their age and the terminal A gates area is also showing its age and could also use some more and better seating throughout but I wouldnt necessarily consider them dumpy I suppose that MCO will get to renovating those facilities as they can Truly MCO seems to be running like a welloiled machine that is geared to leave visitors to their city with a first and last positive impression,7.0,Positive,Positive,Positive,Positive,
Spirit Airlines,airline,16 reviewsN Meares,2025-04-03,vIve flown with Spirit several times and also contacted their customer service center in the past to cancel a flight Spirit can vary wildly in terms of cancellations delays timeliness and staff attitudes If using a ratio two experiences to every one have been overwhelming positive But the remaining one experience has royally sucked Still I take my chances with Spirit because theyve come to treat me more respectfully as a customer than most other US carriers pound for pound It helps that I understand the concept of ultrabudget airlines having flown them around the world and that I treat airline staff with courtesy and politeness This most recent trip from Orlando to Louisville was mostly positive friendly airline staff on ground and friendly though not particularly attentive in air they only came down the aisle once to collect trash Checkin online was easy though it helped that I wasnt checking a bag The flight took off and arrived early The immediate seat was clean enough but the seat back pocket and tray table were a bit nasty They tout their WiFi as being the fastest of any US airline though I havent tried it But I did manage to use their unpaid WiFi connection to track the flight route to Louisville on my phone so that was cool In all Spirit as great as long as you keep a good attitude and dont have any real expectations Thats the point of budget airlines right And just hope you dont get delayed by eight hours as I did once with Spirit years ago,6.0,Positive,Positive,Positive,Positive,
Manila,airport,15 reviewsT Pearce,2025-03-26,Main airport to Philippines terminals squeezed round runways Terminal International Arrivals has airbridges and a shortish walk to Passport Control Important to get your eTravel declaration done before passport control usual baggage reclaim and customs check before getting out of the airport Very busy arrivals area with many taxi offering their services and congested parking directly opposite Terminal is mainly Philippine Airlines with a domestic and international section You have to show your passport and ticketBoarding pass to get into the terminal and get all your bags scanned Checkin Desks and a few other amenities before going through security The Departures Lounge is for domestic flights and separate to the International one A small selection of cafe and similar and gatesair bridges Limited seating means it can get very busy if a few flights go at a similar time There is patchy WiFi,7.0,Neutral,Positive,Neutral,NEGATIVE,
Hamburg Lubek,airport,A Hazemi,2008-06-27,Been flying through LBC several times with destinations such as Dublin and London Stansted I have encountered only once uncomfortable experience with Ryanair flight to Dublin being delayed for almost hours Thanks to the Eu new regulation I received a voucher for a small meal at the LBC restaurant LBC is easily accessible from Hamburg City with the direct bus service The airport condition improved somehow A new duty free zone has been up and provides wide selection of goods especially perfumes Unfortunately it is located in the departure hall just behind the security control,4.0,Neutral,Positive,Neutral,NEGATIVE,
Fes-Saïss,airport,Bradley Hillier,2017-12-21,In May the new international airport terminal was opened in Fez It is an enormous improvement and upgrade on the previous terminal with a much more spacious and aesthetically pleasing environment In departures security can sometimes be a little slow but there is a clear and effective process which is greatly improved as compared to the old terminal Border checks on both arrivals and departures are much more efficient and swift There is a lounge available as well as pleasant shops and cafes in both arrivals hall and departures An entirely upgraded and pleasant experience travelling tofrom Fez,7.0,Positive,Positive,Positive,Positive,
Unknown,General,Anonymous,,the new airport is a large airy and often empty building flew to kbp and connected to rix on friday morning and we were the only flight for hours although there was no other plane at the airport instead of parking the vv atr by the gate they parked it over at the far side of the old terminal necessitating a long and completely unnecessary bus ride check in was quick and so was security there was a small cafe after domestic security and nothing else oddly the signs pointing to domestic gates didnt match the number of the gate shown for our flight looking to the terminal from the front domestic gates are to right international in middle a cab to the airport was about minutes at if you take the trolley bus i think it drops you at the old terminal so youll have a walk of a couple blocks,,,,,,
Tampa,airport,Roseann Santella,2021-08-19,Incredibly rude TSA employees throughout the entire checkin process Going through security is the absolute worst Every employee was rude TIA service is terrible all around anymore They used to be very polite,1.0,Negative,Negative,Negative,Negative,
Hobart,airport,M Duke,2016-09-20,Every time on arrival from either holiday work meetings interstate or visiting relatives in Melbourne I feel all the renovations look great but please put the car park ticket machines near the carousel arrival hall out of the weather When some people pay at the gate they hold up the traffic I travel with Virgin regularly and cant wait for the renovations to be finished,7.0,Positive,Positive,Positive,Positive,
Unknown,General,Anonymous,,nadi to noumea aircalin is the only airline i have ever flown that does not allow for baby strollers car seats or cots to be checked in without paying for additional luggage also beware when buying a fully refundable ticket it is nearly impossible to cancel a flight on aircalin you cant do it on line and you cant do it over the phone you can only do it in writing and then if you are lucky you may receive the refund days later,,,,,,
Exeter,airport,Amanda Williamson,2023-07-06,Lovely experience through check in and security at around am this morning th July The chap at Tui desk was friendly professional and helpful All four members of staff at security were great Helpful friendly and professional Lovely atmosphere At the caf a lovely women served me Smile on her face Finally going through to boarding gate yet again a friendly cheerful and helpful lady checked me in am by this stage Its a small airport The shop and caf are small Im not here to shop or sit drinking Im here to have an ideally stress free start to my holiday The staff make this place Thank you,9.0,Positive,Positive,Positive,Positive,
Hurghada,airport,D Rensh,2024-12-13,The whole airport is a disgrace x body and bag checks before I got to my departure gate Everyone is out to scam you from the visas on arrival to the stalls selling water in the departure lounge Shady characters all over the place I saw cleaner toilets out in the desert It really puts me off returning to Hurghada,1.0,Neutral,Negative,Positive,NEGATIVE,
BA CityFlyer,airline,5 reviewsAndre Bouzid,2018-08-22,London City to Paris Orly I arrived just over one hour prior to my flight and proceeded to checkin Whilst the queues were not long it did take at least minutes due to the multitude of bags of some passengers Boarding was orderly and we left on time The E has a lot of legroom compared to other BA cabins though the cabin has started to look a bit dated with older seats and torn magazines The onboard service was appreciated though it was not exceptional The service was somewhat lethargic but they were attentive After about minutes we began our descent into Orly Overall it was a great flight and if you live somewhat closely to LCY I would recommend CityFlyer over the regular BA service exLHR,9.0,Neutral,Positive,Positive,POSITIVE,
Kent,airport,Dave Stanley,2004-10-09,This airport was previously known as London Manston which is a bit of a joke because of how far it is from London However with a name change new terminal and new budget airline EUJet has started to raise its profile I travelled through there on the way tofrom Amsterdam The airport is small which works to its advantage Check in was very fast and the staff very helpful The car park is right outside the terminal entrance and is very cheap day or week The small cafeteria is good and clean The aircraft are right out side the terminal so no long bus rides or endless walkways On the way back it took less than minutes to reach my car from the time the wheels touched the ground I had no luggage All in all a very good experience,0.0,Positive,Positive,Positive,Positive,
Unknown,General,Anonymous,,plainly disability access does not apply to those in the eu paid a premium for business only to find the only access to the business lounge is two flights of stairs the lounge itself is spacious as it offers little food is available by going back down the stairs to the main terminal or you can have a prepackaged croissant staff are between invisible and totally disinterested,,,,,,
Cork,airport,Dawar Siddiq,2023-07-20,My wife was carrying few items which were not allowed due to their oversize more than ml The officer obviously had to throw them away before she goes through the security I was very upset to know as these items were medicated and not readily available I called the airport to enquire about the items and was to know that the items were disposed off in the trash I again called today and able to talk to the relevant person He was very helpful and took the pains and advised the supervisor Within half an hour I was called by the Sergeant who break the news that they found both the items Obviously I was overjoyed and so grateful to the efforts made by the energetic and helpful staff at the Cork airport,9.0,Positive,Positive,Positive,Positive,
Algiers,airport,Anes Haouar,2019-03-18,The Algiers airport terminal was not so good because they dont have many shops or restaurants the toilet was not clean and design of the building was not good But the new Algiers airport terminal was so big with a modern design and the second name of this terminal is the door of Africa that means it connects Africa with the world terminal has so many shops or restaurants and it was comfortable in the vip lounge,9.0,Positive,Positive,Positive,Positive,
Unknown,General,Anonymous,,somewhat small airport one baggage carousel somewhat quick customs and immigration line old russianstyle concrete architecture departure area similarly small there is a business class lounge but not much on offer there are a few stores in the departure area where you can get snacks drinks and souvenirs there is a small room for smokers somewhat basic but functional customs and immigration again somewhat quick on departure,,,,,,
Caracas,airport,Richard Conduit,2008-06-17,Caracas airport despite many improvements still has a very long way to go to be thought of as anything more than adequate The mad tax system where you pay to get out A rather surprising total of six separate search points The woeful queues at Immigration both inbound and outbound The lack of a covered walkway between International and Domestic terminals The constant unwanted attention from taxi touts and money changers,2.0,Positive,Negative,Neutral,NEGATIVE,
Helsinki Vantaa,airport,M Schaefers,2024-05-13,What an aggressive experience at this airport First we had a transfer many people had transfers They were very understaffed for the kind of luggage control they did From all the bags was controlled for really tiny little things and very precise bag by bag many people were missing their flights They were very unfriendly and unresponsive to their over exaggerated research To have in mind people already were checkt or times I had to throw my sons toy away because it could be a weapon I asked them if they were serious and yes that is exactly why I was checking again because me and my son are dangerous They said we could harm people I was flabbergasted with what do we exactly harm people with a wooden catapult with paper wraps Wow Helsinki Im very surprised by this Thought you are a kind country But this is just crazy and unwelcoming,3.0,Neutral,Negative,Positive,NEGATIVE,
Vienna,airport,Dharmendra Kumar,2024-06-15,It is extremely difficult to find your way around the airport due to lack of signages and there is no staff to help you They could have added direction signages every few meters Because of absence of signs You panic as you do not know where to go Toilets are very few Seating is very less Confused pax are milling about every where Lounges are not in the proper convenient places Duty free shopping is very limited and more expensive than even in other cities of Europe Dont expect to get any good duty free deal here,2.0,Neutral,Negative,Neutral,NEGATIVE,
Unknown,General,Anonymous,,arrival people queuing up for customs control on the apron because terminal smaller than expected more than hour waiting time yes in september out of peak season during covid departure at entry to security my selfprinted boarding pass was okay min waiting time at security then my boarding pass was checked again min waiting time at customs control then the customs officer said that selfprinted boarding passes are not okay and sent me back to checkin counter total time lost again more than hour probably europes suboptimal airport,,,,,,
Green Bay,airport,R Sanyal,2018-02-02,This is a small yet spacious airport with two terminal piers jutting out in a Y shape There were ample seating space plug points to charge your phones and also an enclosed section with desks and chairs to do any work on your computer Large glass windows afforded views of the runways and let sunlight stream in Bathrooms clean TSA security was thorough Check in counters are opened a couple of hours before a flight and I found the staff friendly Car rental booths are in the baggage conveyor belt section and long term parking is just outside the terminal as are the parking lots for rental cars minimal walking required Very easy and fast entry and exit intoout of terminal Driving directions to airport were clearly marked Only a couple of shopsstores for food and drinks A selection of Wisconsin beer was available in the restaurant but not my favorite Leinenkugel Overall a very pleasant airport,8.0,Positive,Positive,Positive,Positive,
Bergerac,airport,Richard Lindsay,2013-06-24,This airport is small so whilst access is good facilities are very limited Airside there are only vending machine so if you want anything to eat or drink best use the bar Landside Do not carry tins eg Duck Confit Pate etc that are greater than g in hand luggage they will be confiscated at security,5.0,Positive,Positive,Positive,Positive,
Aarhus,airport,Paul Hastie,2004-11-29,Nice small friendly airport Good transport links to the city by bus which meets flights and plenty of taxis A few shops and cafes and very clean facilities,0.0,Positive,Positive,Positive,Positive,
Fly540.com,airline,H Birteels,2017-11-24,Nairobi to Eldoret This is by far the worst airline I have ever used in my life of years of international travel for three reasons The terminal managers deliberately withheld information from all passengers as to the fact that the flights were delayed and how long the delays would be making it impossible for the passengers to call ahead and make new arrangements for their appointments and ground transportation just because they were embarrassed to admit the delay in the first place The delays were very very long and endemic hours hours although the itineraries were very short min min flights to near incountry destinations and the flexi plus fare which is higher than other tickets was supposed to afford the ability to change reservations according to advertising without an extra charge however when I changed one flight by a few hours I was charged extra for a new reservation fee and new E ticket fee and was directed to the fine print The terminal managers continually lied to all of the passengers about the fact of delays while all the time continuing to post on the monitors that the flights were on time even when the time had passed They also fabricated delay estimates in min intervals when pressured to tell us how long the delay would be with very long explanations of where the plane was why it hasnt arrived and the fact that no one anywhere in the organization had any estimates as to the delayed departure times or whether we would ever depart This act of deliberate rudeness enraged many passengers who vowed never to ride this airline again There are two other airlines in Kenya to choose from one of which has an excellent reputation and has airplanes painted like giraffes I chose this airline because it seemed to be convenient to book online A big mistake You can book online with the other airlines too and they are responsive by telephone for reservations and changes,1.0,Neutral,Negative,Negative,NEGATIVE,
Rotterdam,airport,Manuel Fernandez,2007-11-23,Good shopping for such a small airport Clean and clear Cheap car parking compared with Schiphol When arriving plane parked in front of terminal and was outside the building with my checked bag in minutes,5.0,Positive,Positive,Positive,Positive,
London Gatwick,airport,D Masil,2024-09-10,This airport is very small for the number of passengers and airlines it is serving Everywhere seemed to be crowded and felt cramped I thought they needed more space for better facilities and customer service Transferring from the train coming from London to the terminal and between terminals was very easy and well signage The prayer room is available and wellmaintained and the toilets are clean Not a pleasant experience for shopping and dining as there are too many people in a cramped space,4.0,Positive,Positive,Positive,Positive,
Kansas City,airport,P Dawsen,2023-12-01,The bathrooms look like they havent been cleaned in weeks Splatters on the back of the toilets dirty floors dusty everything Looks like all they do is refill toilet paper and seat covers,2.0,Negative,Positive,Neutral,NEGATIVE,
Philippine Airlines,airline,24 reviewsC Halsen,2025-01-09,Manila to Legazpi DRP on Christmas Day Flight was full but went smooth Checkin was a breeze Mabuhay Lounge food was OK though I was hoping for some extra flare on this special day Wasnt a problem though Flight took off slightly ahead of schedule Bags first to arrive at DRP due to Elite status Ticket price was reasonable for this season,10.0,Positive,Positive,Positive,Positive,
Kigali,airport,R Sanyal,2016-08-14,Small airport on a hilltop you walk into the terminal and descend down while arriving and you take the escalators up when departing We walked to and fro from the aircraft affording a glimpse of the hilly city of Kigali Visa on arrival meant filling out a short form at a manned counter who gives you a receipt which you present to an official at the adjacent counter who stamps the receipt gives you a copy and waves you out into the country The luggage took a few minutes longer to arrive though There is a Bank of Kigali counter as you exit the building to exchange your currency Taxis outside they take both local Rwanda Francs and US dollars and the drivers speak English Very pleasant experience stepping out of the terminal with lots of open spaces and no crowds Clean airy and uncrowded terminal with friendly airport and airline staff At departure terminal there are shops selling handicrafts in addition to the standard stocks of a duty free shop liquor and chocolates Multilevels of security at departure had to remove shoes belts and the like twice Procedures were generally quite slow and there was a tendency for people to be brought in front of the line by airport staff further enhancing the waits,7.0,Neutral,Positive,Positive,NEGATIVE,
Unknown,General,Anonymous,,my sisterinlaw sister and yearold mother flew into orlando airport last night i picked them up the flight was on time but my yearold mother is unable to walk a young man came with a wheelchair to help us get her to the parking area he rushed ahead of us and got on an elevator as others crowded into the elevator behind him we were unable to get on so my sister jumped on the elevator with him with barely any room left for her to fit and my husband told him to wait on the second floor for us the rest of us got on the next elevator the young man took my mother and led my sister somewhere other than where we requested it took us two hours to find them and the airport staff were little help when we would ask anyone for help theyd just quickly tell us a location and go back to what they were doing by the time we found them we were all somewhat stressed out as my mothers health is not good and she suffers from alzheimers disease i will not recommend this airport to anyone again,,,,,,
ASKY Airlines,airline,Soonish Rajan,2022-12-18,Flight was supposed to depart around morning apparently the crew was not available and it got delayed by hrs Once the crew arrived they started boarding the flight and after few mins of boarding completion the flight was about to take off they once again returned back The captain kept us waiting and after hr captain announced everyone must disembark the flight So during this process nor the captain or Asky management team didnt even turn back to apologise the passenger and no information about alternate arrangement Their service is outrageous,1.0,Negative,Negative,Negative,Negative,
Almaty,airport,18 reviewsAiyaphol Kemapuckpong,2016-09-02,Most of the flights use the gates but even though they are empty many lowcost flights all except Air Astana Etihad etc use the ramps The staff were reasonably friendly and the immigration process was no bother compared to Tashkent Airport The airport itself is too small One of my friends in Business class decided to not use the lounge because it was just rubbish The staff dont really care if the people in the business class lounge talk loudly or anything The airports checkin could be improved and the domestic arrivals hall has too many taxi drivers trying to find customers Food choice is also limited but the duty free was actually pretty decent However I would not use this airport again but I have to next year,4.0,Positive,Positive,Positive,Positive,
Unknown,General,Anonymous,,bad attitude from airport staff in bag checking refuse to inform all people to push the tray into belt he only selectively help some and sarcastically told some passengers that we need to push it into tray is it that hard for u to tell upfront not all passengers understand what you want shopping here is satisfactory except that they do not offer any plastic packaging for any liquor purchase,,,,,,
Stockholm Vasteras,airport,David Jackson,2015-01-21,Superb airport Small Friendly service No queuing went through security in under minutes Fast free wifi with constant connection and no connectivity issues Burger and chips SEK cl beer SEK Decent viewing facility but minimal air traffic to view,10.0,Positive,Positive,Positive,Positive,
Berlin Tegel,airport,3 reviewsEthan Phua,2020-01-10,Berlin Tegel is a very unique airport both is positive and negative ways After arriving at Berlin Tegel and disembarking the aircraft we had to queue up on the jetbridge as the customs checkpoint was right after the jetbridge A very interesting concept Right after that was a small baggage carousel then out of the departures area This meant that there was basically no departures area We had to wait quite some time for our baggage When we returned to to the airport our checkin process was pretty smooth and the lounge was easily accessible There was a huge observation deck which spanned the roof of a terminal offering beautiful views of the runway and tarmac a good place to spend the time However you have to go through a small security check and buy a ticket before entering Every two gates had its own departure area with seats and its own security checkpoint This meant snaking queues into the public area each time a flight was boarding and it was hard to walk around with baggage because there was little space Inside the tiny departures area there was insufficient seating and insufficient space for the boarding queue Everyone was squeezed at the gate and there was absolutely no order or anything No queues set up,5.0,Positive,Positive,Positive,Positive,
Unknown,General,Anonymous,,i traveled to the philippines with other scuba divers not one of our bags in the group made it to manila they were not loaded at jfk which we didnt learn until we arrived in manila we checked in almost hours to departure so timing was not an excuse of the bags arrived the following day but others took days plus to arrive airline in day of arrival could not give us an eta on bags so we had to buy clothes and rent gear,,,,,,
Kutaisi International,airport,13 reviewsC Halma,2023-07-11,This airport is completely mismanaged I arrived on Saturday morning and there were two Wizz Air flights arriving There was such a long line for immigration that people had to wait outside the terminal Out of desks for immigration only were in service The whole process was very slow and inefficient Unfortunately I have to use this airport frequently and I cannot see any improvements or even any attempt to improve the matters,1.0,Neutral,Negative,Neutral,NEGATIVE,
Unknown,General,Anonymous,,we bought tickets before the pandemic and cant have our money back since then since that time they write to us that we need to wait the regular flights to start operating according to their website they have been already flying all regular routes rarely buy tickets in buta airways,,,,,,
Unknown,General,Anonymous,,despite the new international terminal give yourself several hours to checkin it took me hours minutes at american the other morning,,,,,,
Bangkok Airways,airline,J Masters,2024-04-07,Always great and good value for money No issues with delayed flights and a smooth journey overall Friendly staff and onboard service even on super short flights eg Bangkok to Trat At Trat airport they also have complimentary snacks and drinks,10.0,Positive,Positive,Positive,Positive,
easyJet,airline,Simon Bates,2025-01-08,Sat th Dec we sat in departure lounge for hrs with no information from pm Eventually we board pm and told we are being diverted to Madrid to change crews A hour later we are told we are being booked into a hotel in Madrid for the night and flying home in the morning Then the story changed to the hotel has been cancelled and were booking you into a hotel in Gran Canaria go collect your luggage and meet us At a EasyJet rep told us we cant get you a hotel goodnight and check your app for your rearranged flight home We watched the staff leave for there booked accommodation Unable to find a bed we ended up on a beach for the night Our rearranged flight was originally for but left at After numerous apologies from the captain we was offered a free teacoffee or water as a good will gesture but they had no food left as the plane wasnt restocked Landed hrs later The biggest disgrace is they have denied compensation and blamed air traffic control extraordinary circumstances pp Yet two of us have had different excuses I have ATC report confirming they are not being honest I have ATC report showing every flight landing that evening into Gatwick except only one cancelled was ours including Easyjet flights yet they said it was passenger safety Easyjet are a disgrace,1.0,Positive,Negative,Neutral,NEGATIVE,
Cologne/bonn,airport,Youssef Zeroual,2023-08-28,The woman at the information desk Terminal near arrivals is a rude person and lacks politeness and empathy I really dont understand how they choose this specific person for a task that needs some communication skills and some level of politeness,1.0,Neutral,Negative,Negative,NEGATIVE,
Skymark Airlines,airline,M Rayler,2017-02-10,Flew with this airline today from Sapporo to Kobe and the leg room was larger than most airlines Ive flown with and the service was impecable For a budget airline it included kg luggage as well as a complimentary small snack and coffee during flight I however purchased a Coke and Soup for yen approx AUD Unlike most Australian airlines the cabin crew remained inside the cabin for the majority of the flight making sure everyone was okay and at one stage offering lollies to any needy sweettooth pax Id fly with them again and can safely say they were the best budget airline Ive flown with,10.0,Positive,Positive,Neutral,POSITIVE,
AnadoluJet,airline,1 reviewsT Sanic,2024-03-05,Never again The worst airline ever horrible ground staff at SAW airport unpleasant cabin crew delays of a few hours not speaking English announcements in Turkish only Lost baggage stress and inconveniences with no compensation I flew from SJJ to DXB over SAW to and back both times delays drama and no one was responsible Avoid,1.0,Negative,Negative,Negative,Negative,
Air New Zealand,airline,P Keale,2024-10-19,We were due to take flight NZ to Papeete arriving at on April minutes into flight our aircraft returned to Auckland due to hydraulic issues The flight was rescheduled for hours later arriving Papeete on April Our cruise ship had sailed the previous evening at The service care shown from Air New Zealand was appalling The ground crew could not care a less We were told to walk with our cases km from the airport to pick up a bus service to transfer us to a designated hotel without any assistance from ANZ staff Our flight service from Perth was carried out by Wamos Airlines operated by a Spanish crew The safety instructions were inaudible contravene the CAA regulations We gathered on our return that ANZ were grappling with worldwide maintenance checks on their engines ANZ General Manager called the arrangements with Wamos was a proactive temporary measure to avoid major flight cancellations although the problems were not just confined to the Perth Auckland route Our flight to Papeete Air New Zealand were aware of the issue before departure because a technician was aboard working in the cockpit Air New Zealand were not interested in redressing any additional costs which we incurred in trying to meet our ship in the next port This is the first last time we will travel with this carrier Air New Zealand are unprofessional show a total lack of care for their customers In our opinion they are an extremely poor Company Our rating for this airline is as is value for money ground crew If you travel with this airline you have been warned,1.0,Neutral,Negative,Neutral,NEGATIVE,
Tontouta,airport,Mark Thomson,2004-02-14,Tontouta International Airport is located km outside of Noumea If you catch a cab to the airport be prepared to pay for a twoway journey as cabbies are not guaranteed a return fare back into town Theres no point turning up early for your flight The airport only operates when flights are due to arrivedepart Checkin counters the small souvenir shop and cafe dont open till minutes prior to scheduled departures Duty free shopping is only available airside which can only be accessed minutes prior to departure Surprisingly smoking is permitted in all parts of the terminal In summary Tontouta is a very basic facility offering very basic services On a more positive note all the airports ground staff were exceptionally friendly helpful and good natured including checkin agents security immigration and customs officials,0.0,Positive,Positive,Positive,Positive,
Unknown,General,Anonymous,,arnvbyarn soldmarketed under gotlandsflyg but operated by nextjet which claims to be swedens largest regional airline the visby flights were operated by a saab and load was about in the offseason rather exorbitant prices if booked through the website as much as ow cheaper if booked through gotlandsflyg and cheapest if booked at the airport on a standby price onboard service is nonexistent no drinks esomewhatthing for sale magazines of both nextjet and gotlandsflyg in the seatback pockets bob in both listed as cardonly but flight attendant only takes cash and offerings are completely different though good quality and cheap late on the outbound early on the inbound with below average service this airline left a lot to be desired,,,,,,
Edmonton,airport,C Lewis,2018-05-12,Horrible signage I returned with my Hertz RentACar and has no idea where to go No signs where to go No signs indicating the terminal and no person to assist I travel every week for work and have never had an issue navigating an airport Got inside and stood in security line for hour to be told I had to walk half mile American gates Are you kidding me No signs when I walked in that I needed to do this No person checking passports to say this Security then tagged me and said I had too many liquids bottles with less than oz Seriously Guy took my bag apart and then said oh I guess everythings ok Horrible experience,2.0,Negative,Negative,Negative,Negative,
Unknown,General,Anonymous,,the new king shaka airport is roomy airy and thoughtfully planned there are a dozen or so retail outlets on the ground floor accessible to all and more retail outlets past security on the second floor where checkin occurs there was an airport shuttle service connecting the airport to downtown durban and some coastal points along the way that was reliable going into town but not coming back not sure if this is a regular service or if it was only during the world cup,,,,,,
Hamilton Island,airport,29 reviewsRichard Clarke,2019-10-04,A small domestic airport on Hamilton Island Queensland Australia very small but tidy and efficient Check in was a breeze and through security very quickly Lots of seating and only a couple of gates as planes restricted to daytime flights only Basic refreshments available and toilets although small were nice and clean You had a nice view of planes landing and parking close to the terminal and could see bags being loaded unloaded and the plane being refueled Very small but pleasant airport to wait for your flight,7.0,Positive,Positive,Positive,Positive,
John Wayne,airport,1 reviewsMatthew Salovitz,2018-10-03,Beautiful airport in Orange County with incredible ease to all major interstates Airport sits off the and is perfectly situated for Los Angeles visitors Large airport with a small town feel,9.0,Positive,Positive,Neutral,POSITIVE,
Unknown,General,Anonymous,,had the misfortune to travel through this cow shed last week the small quantity of multitasking staff there are more than happy to do as little as possible and ensure that esomewhatone has an unpleasant experience the customs and security staff especially behave as if they are secret police in charge of the white house rather than some backwater airfield you have to queue too long for esomewhatthing if you have to check a bag in you will have to show your passport and boarding pass to separate people at different stages who are all within meters of each other what is the point of this just jobs for the boys no doubt when you have reached the departure lounge you find not enough seats small air conditioners which are all useless you will only find a couple of vending machines which dont accept notes only coins i had to go back out through security to get some change for the vending machines the security staff members i tried talking to refused to speak english to me when only minutes earlier i had heard them talking decent english with another passenger finally i found someone who would talk english and explained to them why i needed to return land side all in all a somewhat unpleasant experience i recommend anyone not to use this pathetic excuse of an airport,,,,,,
Kathmandu,airport,B Garten,2023-08-27,Security staff are completely inappropriate my bag was pulled to pieces with every item being tipped out and on to the floor My underwear was pulled up in front of me for everyone to see and there was clearly no reason to inspect this They were very rude and laughing and I felt very violated After a overly thorough inspection I was allowed through It seemed they were just picking on tourists Also the airport is disgusting with bird droppings over the seats Dont bother buying a coffee either it must be the worst coffee I have ever tasted it was so bad that I had to pour it away after a few sips,1.0,Negative,Negative,Negative,Negative,
Berlin Schonefeld,airport,J Wilkin,2020-02-08,The security staff were incredibly slow and seemed to be more interested in personal chats than getting customers through the security process as quickly as possible Why not be more proactive you will get less tension with customers shorter queues and a better job satisfaction You dont need to be unfriendly and impersonal,2.0,Positive,Positive,Positive,Positive,
Unknown,General,Anonymous,,despite the new international terminal give yourself several hours to checkin it took me hours minutes at american the other morning,,,,,,
Shanghai Pudong,airport,Tim Ponnet,2023-11-01,The staff acts like they understand English but they dont like this they sent us to the transit area while we wanted to explore the city seen our long layover There was no way to get back to the immigration section and when we asked for help the staff was rude and not helping at all Internet doesnt work either so this is definitely the worst airport experience ever,2.0,Negative,Negative,Negative,Negative,
Hannover,airport,12 reviewsR Parten,2023-10-23,Arrival at this airport was simple with its connection to the Hanover SBahn suburban train system Hanover airport is a convenient size not an overwhelming number of gates but large enough to have plenty of connections Checkin today with Swiss Airlines went smoothly we were asked for our destination visa but not grilled and luggage was processed without difficulty Security checking was slow today probably because of Middle East tensions but security personnel were good humoured and friendly Cafes and shops on the land side closed before pm there are limited shopping possibilities on the air side but one good cafe,8.0,Positive,Positive,Positive,Positive,
Kasane,airport,7 reviewsG Torres,2019-04-25,I flew into Kasane International Airport onboard Mack Air a Botswanan bush airline that principally services safari lodges in the Okavango Delta area Kasane boasts a nice new and pleasant airport in spite of it seeing much more than people arriving to go to or from various safari lodges Passangers walk from the airplane into the baggage claim area which though not large is efficient and is air conditioned As we did not require an immigration or customs inspection passengers moved directly from the baggage claim area into the main terminal hall This too is very nice air conditioned clean and pleasant and transportation services are available Airport staff are friendly and there is a small shop where one can buy snacks and drinks Though small and not very busy Kasanes airport is a pleasant surprise and is from all I can tell efficient clean and staffed with pleasant and helpful folk,8.0,Positive,Positive,Positive,Positive,
La Guardia,airport,Karen Roberts,2022-05-18,We flew from Dallas to New York where we had a lay over and changed planes before going to Portland Maine We thought However our flight to Portland was delayed several times and then cancelled late at night when shops closed There were elderly people and handicapped people and some medical issues No assistance was offered The passengers stuck together and tried to help each other as much as possible Had to ask for snacks and water but no wheelchairs no blankets no directions just a lot of rudeness We spent the night on the floor freezing in the airport then next morning when trying to leave nothing but rudeness everywhere Security screaming at deaf boy because they wouldnt calm down long enough to realize or listen to us trying to tell them he was deaf Eating places the same way Dont mind taking your money but dont care if you get what you pay for and rude to boot Check in very inefficiently run,1.0,Neutral,Negative,Negative,NEGATIVE,
Pakse,airport,Peter J Thackray,2015-07-09,PKZ Airport is a small regional airport that is served mainly by Lao Airlines It has an international connection to Bangkok but mainly to other airports in Laos Small single floor airport with Departures at one end and Arrivals at the other end There is a CafeViewing place upstairs which provides very good views of the runway and apron where you can watch the few planes come and go In the main part of the airport is a Money Change booth and a couple of souvenir shops selling gifts books postcards etc and a Lao Airlines Office and the Airport SecurityInformation The Checkin Counters are in a room off the main Departure Entrance which has some seating just by the Passport ControlSecurity which lead into the Departure Lounge which has a very small but stocked ShopDuty Free No alcohol or cigarettes on sale which has some last minute souvenir opportunities There are also toilets in both Departure and arrivals areas and the main part of the airport Processing times very quick as flights are typically ATR sized less than people at a time The airport is very user friendly and things work well,9.0,Neutral,Positive,Positive,POSITIVE,
T'Way Air,airline,Merlynn Koh,2023-11-08,I flew on TWay from Seoul Incheon to Singapore I was a bit surprised to find a usb charging port on my seat for a low cost carrier and free of charge some more The tray table included a personal electronic device holder which allowed me to use as a stand for my phone Seat was very comfortable on A in a seating configuration with leather padding for a low cost carrier Flight landed early in Singapore didnt feel so much turbulence also not very strong turbulence so quite a smooth flight,8.0,Positive,Positive,Positive,Positive,
Bhubaneswar,airport,54 reviewsRahul Anand,2022-08-16,Mid size airport with Indian standard with connectivity to most big cities in India after covid no international flight For arrival its easy to use we arrives at baggage hall and same hall have a prepaid taxi counter and a snack shop and a liquor shop Toilets were clean and also the terminal looks clean plenty of baggage trolleys also have paid porter facility Cabs are available book through their kiosk and avoid taking from touts outside It is situated within the city so if travelling light may walk towards outside and get auto that would be cheapest option to travel Ola Uber also available,7.0,Positive,Positive,Positive,Positive,
Unknown,General,Anonymous,,quite simply an below expectations airport for its customers considering that it is an international terminal immigration and security staff are brusque bordering on rude and appear to express acceptable delight in confiscating power banks mine was only a few months old terminal is modern toilets were somewhat clean with paper and bidets however airside there is only one starbucks and a noodle shop and a guest lounge that closes at midnight i arrived there at and they wanted usd for minutes and most of the few shops close at midnight flights depart regularly throughout the night but the facilities are not there if you have a departure in the early hours the seating airside is sparse ill infrequently use this airport again oh and you can not buy alcoholic drinks anywhere in the facility,,,,,,
Darwin,airport,Eve Spence,2013-07-28,I arrived here on a Jetstar flight from Brisbane with my year old mother who needed a wheelchair This latter was provided by Jetstar but then we were on our own to travel from the plane to the baggage area not an easy task as signage was almost nonexistent and some doors along the way were locked necessitating a rather anxious wait until an official with a key card arrived The only lift in the main area of the terminal was broken down although there was no sign about this just a loose flapping internal wall that was evident when the doors opened This discouraged all users including us In the end we ditched the wheelchair and proceeded slowly down the escalator There was a total lack of information signage or assistance of any kind in this outdated dirty terminal I intend to avoid this airport in future,0.0,Neutral,Negative,Negative,NEGATIVE,
Perth,airport,D Harten,2024-09-06,We travelled overseas and was returning from Philippines We are residents here We are law abiding citizens and the way that the arrogance is flaunted in our face when providing our passport and coming thru immigration is nothing short of disgusting behaviour This behaviour needs to be culled,1.0,Negative,Negative,Neutral,NEGATIVE,
Charlotte,airport,E Keale,2024-07-14,In spite of being a large facility Charlotte was very crowded Finding a place to sit at our gate was impossible The restaurants are far apart from one another so if you need something near your gate your choices are limited The bathrooms are messy with broken soap dispensers and stall latches But really crowd management between gates needs to be better,3.0,Neutral,Negative,Neutral,NEGATIVE,
Qingdao,airport,Mike Yang,2011-03-22,Not as big as Airports in Beijing and Shanghai that it is hard to navigate It is very efficiently run and very clean It is the best midsize international airport in China,5.0,Positive,Positive,Positive,Positive,
Shenyang,airport,1 reviewsRobert Walbeek,2015-07-13,Shenyang is my home airport The recent move to the new terminal is a big improvement although there is no smoking room Food and beverage shops ok but overpriced Check in always quick and efficient Same can be said for passport control and security Lounges for frequent fliers are nice with if depart around midday a decent lunch Delays are not very frequent here and if there are delays they are always caused by traffic control Warm in winter and cool in summer Clean toilets Good signs and all within walking distance of minutes maximum,9.0,Positive,Positive,Neutral,POSITIVE,
Lviv,airport,J Koonkap,2015-03-09,Flew WAWLWOWAW last week The airport is very big and airy and clean No problems going through passport control either way and no issues with security The airport is quite empty but it has a duty free section some places to drink a coffee or have something to eat both inside and outside the departures so quite satisfactory With the huge fall of the Hryvnia the prices in the coffee shop are reasonable the gift shop Baltona is not a bargain as they quote in Euro Travelling to the city is about Hryvnia by taxi which is now about Euro There is free wifi that worked fine for me I would not hesitate to fly through Lviv again,9.0,Positive,Positive,Positive,Positive,
V Air,airline,John Duffus,2015-08-16,I have taken flights on V Air and found it a surprisingly pleasant experience The aircraft seemed new the FAs were very efficient and the meals prebooked at a discount tasty On the latest TPECNX flight I measured the seat pitch at If this is accurate then it puts many of the long distance flights on legacy carriers to shame The first flight in May was held up an hour at TPE due to runway maintenance The other two this month both departed within minutes of the advertised schedule Its about time there were low cost carriers between BKK and TPE I will happily take V Air for future trips,8.0,Positive,Positive,Neutral,POSITIVE,
Unknown,General,Anonymous,,used airport twice this month feb other then being a bit short on eating places and those open were expensive passport check and luggage presented quickly,,,,,,
Air Canada,airline,G Karacov,2025-02-18,The flight was canceled Its not all right but it happens PM I got an email from Air Canada informing about the cancellation and a promise to update the information in minutes Now is PM no information no answer from customer service almost hours of waiting It was a flight accident and the airport did not work for hours but most of the flights were not cancelled just delayed Air Canada cancelled the flight with no reason,1.0,Positive,Negative,Negative,NEGATIVE,
Kuwait Airways,airline,Manju Thomas,2024-04-22,I have faced very rude behavior from cabin crew from Kuwait to Cochin flight on at hrs Since I was traveling with my yearold son the air hostess insisted I keep the child on the seat but the child was crying so I requested the attachments to keep the baby on my lap she was quite unhappy and brought that belt and just threw it at my seat The rest of the flight journey was nice and comfortable,5.0,Neutral,Positive,Neutral,POSITIVE,
Unknown,General,Anonymous,,my sisterinlaw sister and yearold mother flew into orlando airport last night i picked them up the flight was on time but my yearold mother is unable to walk a young man came with a wheelchair to help us get her to the parking area he rushed ahead of us and got on an elevator as others crowded into the elevator behind him we were unable to get on so my sister jumped on the elevator with him with barely any room left for her to fit and my husband told him to wait on the second floor for us the rest of us got on the next elevator the young man took my mother and led my sister somewhere other than where we requested it took us two hours to find them and the airport staff were little help when we would ask anyone for help theyd just quickly tell us a location and go back to what they were doing by the time we found them we were all somewhat stressed out as my mothers health is not good and she suffers from alzheimers disease i will not recommend this airport to anyone again,,,,,,
Unknown,General,Anonymous,,plane holds people they overbooked the flight and peices of luggage made it on the aircraft the plane was an hour late half of the passengers had a pm international connecting flight to the usa the plane touched down at pm noone got there luggage somewhat unorganized but its the only access to little cayman,,,,,,
Air Labrador,airline,John Attersley,2013-11-14,Rigolet Labrador to Goose Bay Labrador on October on an Air Labrador twin Otter Aircraft has been well used over the years but provided a comfortable and quick way back to Goose Bay Bush flying copilot loaded and unloaded the bags seating well wherever there is an empty seat No complaints about the service and would not hesitate to fly with them again,2.0,Positive,Positive,Positive,Positive,
Burbank Glendale Pasadena,airport,E Mabley,2011-10-17,Burbank provides a convenient and easy alternative to LAX although the departure hall in Terminal B is too small to accommodate more than flights at a time There were flights an MD a and CRJ regional jets boarding simultaneously and the small space and cramped conditions caused confusion and delayed boarding for everyone,6.0,Positive,Negative,Negative,POSITIVE,
Alghero Fertilia,airport,Nicola Ruggeri,2018-03-09,Small airport but very functional unfortunately a little shabby and with few flights and only seasonal I landed and took off from and to Bergamo airport In any case the airport is far from Santa Teresa di Galura at two hours and three or four hours from Olbia,8.0,Neutral,Negative,Neutral,NEGATIVE,
Unknown,General,Anonymous,,plane holds people they overbooked the flight and peices of luggage made it on the aircraft the plane was an hour late half of the passengers had a pm international connecting flight to the usa the plane touched down at pm noone got there luggage somewhat unorganized but its the only access to little cayman,,,,,,
Dar Es Salaam,airport,Anders Pedersen,2023-11-27,Airport tremendously improving Immigration so easy relaxed and kind All sections of airport is now much spacier than precorona times New marvelous CIP Lounge as alternative to the old stuffy Tanzanite Has nice foods snacks local craft beers outdoor areas but lacks curves in design tarmac windows champagne and music,8.0,Positive,Positive,Neutral,NEGATIVE,
Unknown,General,Anonymous,,the immigration line was more than meters long the priority line for wheel chair and pregnant women had only one clerk the regular line really delayed also few clerks attending customers,,,,,,
Bergerac,airport,W Mitchell,2017-05-20,My two sons arrived on a flight in the pouring rain the flight had arrived ten minutes after the Ryanair Stansted flight had touched down So two full flights and two passport control officials trying to deal with two full flights of possibly around people I waited minutes from the time my boys flight landed to the time they got through passport control Absolutely ridiculous They stood in the pouring rain because there was no room under the hangar of an arrivals hall My sons could have flown to Bordeaux which is minutes from our home and we would have been home quicker travelling mins than me sitting in the carport for minutes waiting for them to come through Bergerac airport had better wake up and smell the coffee and realise you can not treat passengers like this They are not cattle and security checks are carried out heavily in the UK so why on earth they have to interrogate every passenger that arrives One family of four took ten minutes to answer questions Bergerac can not possibly compete with the other international airports in France unless it changes its attitude and builds a better hall for arriving passengers Their car park is being heavily invested in only to make money from people needing to park their cars there Start to invest in a better arrivals hall more staff and a better carousel for the suitcases otherwise they are going to lose passengers who would prefer to travel to Bordeaux or even Toulouse Please get your act together Bergerac,1.0,Positive,Positive,Neutral,NEGATIVE,
Unknown,General,Anonymous,,kuwait to kabul return flight operated by a b which was okay condition the flight attendants worked hard as flight was full ife is not great there is one big screen at the front of the cabin i would recommend safi airways to other people over kam air,,,,,,
Unknown,General,Anonymous,,on the evening flight a hot meal was ordered and added to the ticket for a year old lady when the meal arrived it was completely cold and not really appetizing when stewardess was asked to heat the meal it was answered that only for a business class passengers they can use the microwave airbaltic really,,,,,,
Fort Myers,airport,Linda K Cullen,2018-03-22,We dropped off and picked up twice in March and went to cell lot to wait Parking there is a mess Cars are parked everywhere they shouldnt be and people cant move or get out Has no one ever checked this problem out Wish I would of known I could of taken pictures and sent in I will definitely next time,1.0,Neutral,Negative,Neutral,NEGATIVE,
El Paso,airport,Keith McWilliams,2008-01-15,Modern new airport Many hotels nearby almost within walking distance Fort Bliss borders and shares airport runway with civilian airport Many military personnel fly out from this airport Security departing second visit slow planned for hour to get through security and needed it If you plan to travel across the border to Juarez by car minutes to get to border from airport Plan one to two hours for return trip back across border because of US custom check Encounter one waitress in El Paso who could not speak English Depending where you are in Juarez you can get by with very little Spanish,5.0,Positive,Positive,Neutral,NEGATIVE,
Monastir,airport,Amanda Taylor,2007-08-06,I agree most strongly that passport control is a nightmare I could not believe the length of time it takes to get passengers through and especially when the airport is so hot and lacked air conditioning I have visited this Airport twice now and hope that in future they can implement a more effective way of getting through control The rest of the airport was fine and even homeward bound found it was comfortably set out with refreshments and enjoyed a last encounter of some traditional Tunisian retail shops,4.0,Positive,Positive,Neutral,POSITIVE,
Jersey,airport,Brenda Walls,2016-06-09,I travel to Jersey regularly and am rather underwhelmed with the airport Arrivals is lifeless however staff are very nice and even helped me take my luggage off the carousel and onto my trolley There is also plenty of free tourist brochures and maps available if you want them Departures is a bit odd Check in was fast as I used the priority lane but the security people were very thorough which is fine except when they are rude as well There are plenty of shops etc particularly given the size of the airport However the airline lounge is after a one way door If you want to go back to the shops you cant I have no idea what they were thinking when they designed that part,6.0,Positive,Positive,Negative,NEGATIVE,
Gibraltar,airport,J Burns,2018-12-23,We landed from Manchester about pm on the Dec I went to the ladies but wished l hadnt as they were in a very poor state and smelt very bad There are not many flights landing in a day so why they are that bad I dont know The airport management must take the blame as it would not take long to check them and the manager is not over run with work are they A mop and some bleach go a long way,4.0,Negative,Negative,Negative,Negative,
Fort Myers,airport,Juergen Huebsch,2022-08-25,One of the TSA Security Guys on C were extremely rude this morning Lack of proper communication was a huge issue Please tell me politely to not take my small electronics out of my carry on bag which has always been the procedure before instead of yelling the words so quickly that I did not have enough reaction time to process what was being said Patience and kind words were all that I needed Please work on this,6.0,Positive,Positive,Negative,NEGATIVE,
CityJet,airline,43 reviewsEelco van den Heuvel,2018-03-01,Brussels to Milan Malpensa With only euros including drink and snack this flight was a real bargain CityJet flies this route on behalf of Brussels Airlines with a rare plane in the west the Russian built Sukhoi Superjet This turned out to be a rather silent seating plane with a good legroom The nice crew the punctual departure and a truly beautiful view of the Swiss alps made this flight a very nice one,10.0,Positive,Positive,Neutral,POSITIVE,
Mumbai,airport,Janhvi Maharaj,2025-02-28,I travelled with my mom who is a senior citizen to Mumbai We arrived in Mumbai at approximately am on January At customs control there were no ground staff to supervise and assist passengers as to which lines they should queue in They ran out of the customs forms and the print quality of the forms was pathetic After collecting our luggage we proceeded to the exit Since the wifi does not work for foreigners Foreigners must be made aware of this as it is a risk since one has no way of contacting the hoteldriver I left my mom near the exit with our luggage and proceeded to exit the terminal to look or our driver since there was no way of contacting him When I tried to enter the building again to collect my mom I was rudely chased away by a security person stationed at the door I tried to explain the situation and he rudely and aggressively told me to leave Fortunately my driver located me and I explained to him what happened He tried to intervene and speak to this person but the official disgracefully refused to listen Eventually the other official who was standing there intervened and told this official in vernacular have compassion she is a female The officer then accompanied me to my mom and produced our passports and boarding pass He tried to defend the actions of this colleague stating that its their job My response to him was do your job but do it properly with respect My question is is this the modern age Indian values of how guests are treated in the country Basic courtesy respect patience and understanding was lacking It is shocking that this calibre of staff are appointed to represent the face of the airport and to some extent the country Foreigners must are made aware of just how disgraceful ill mannered and disgusting some staff at the airport are,1.0,Negative,Negative,Negative,Negative,
Port Elizabeth,airport,Ross Buchanan,2018-10-03,Arrived pm from Cape Town and walked across tarmac to terminal The terminal was a bit chaotic as far more arrivals than usual because of World Triathlon Championships Our flight waited at nominated luggage belt and watched same luggage go around and around for minutes without any being picked off then we and those passengers on the next belt were told to swap belts and surprise there was our luggage Out the front door after picking up a handful of tourist brochures and maps and Avis was m away From flight landing to driving away it was about minutes and the airport is minutes drive from the beach front and city centre At any other time there would not have been the confusion but thousands of competitors and visitors arriving strained the services a bit We drove to Cape Town so cant comment on departures,7.0,Neutral,Negative,Neutral,NEGATIVE,
Unknown,General,Anonymous,,pointe a pitre to paris we bought our business class tickets but actually we got only premium economy seats i think the reasonable way to deal with it is to return the price difference to us,,,,,,
Panama Albrook,airport,R Dubois,2017-01-23,I dont know what they call it an International Airport because it doesnt look like one Its a small airport and the only positive thing that I can say is that it was clean the rest is all negative People doesnt speak English The customer service is really bad they werent friendly at all the people were mean and rude Theres no restaurants just two coffee shop and one kiosk and two ATMs According to New York Times Panama is one of the best destinations for tourism and I agree that it is a beautiful country However they need to work on the facilities customer service and improve their languages skills because they could loose tourists and clients just for these points that I mentioned before,1.0,Neutral,Positive,Neutral,POSITIVE,
Unknown,General,Anonymous,,one of the suboptimal airlines i have ever encountered the unprofessional staff do not know how to speak in a respectful manner and have no manners at all they suddenly changed my reserved seat to give it to someone else without even asking in a professional manner they had done the same on a few previous occasions as well also some passengers not all who travel are thirdclass and do not know how to act in a decent manner toward other people if you want a good calm travel experience rarely use this airline,,,,,,
Martinair,airline,W Eveleens,2011-12-28,AmsterdamCancun bought Comfort Class seats The cabin attendants were friendly food served was a little less good it wasnt bad just average The legroom in Comfort Class was good and other benefits are the complimentary alcoholic beverages and personal media player that you get So overall a satisfying flight,8.0,Neutral,Positive,Neutral,POSITIVE,
Vnukovo,airport,4 reviewsAlan Sargeant,2018-03-16,Arrived early for check in and flew through very quickly as it had not yet offically opened Unlike last year when I was a little late and it took more than minutes while my Passport was checked and rechecked Immigration was quick took about two minutes and the security check was also quick I came through here last year and had to be pushy to get both to Passport Control and then through Security as otherwise qiven the queues I would have missed my flight The airport is quite spacious and there are a few shops I went straight to Turkish Airlines Lounge and stayed there until it was time to board the place This was straightforward This was my third time going through Vnukovo and the experience was similar to that of my first time,8.0,Positive,Positive,Neutral,POSITIVE,
Onur Air,airline,I Chaneva,2017-08-27,Samara to Antalya I rarely write reviews even if the service is bad but I had to review this airline for the sheer fact it seems they went out of their way to be terrible Firstly we booked a flight to depart at but without telling us they moved this flight to the next day When we arrived for the flight at the new time the flight was delayed until again without any information I called the airline to check on an update and they said they could see no problem Truly terrible service avoid at all costs,1.0,Negative,Negative,Negative,Negative,
Dallas Love Field,airport,52 reviewsMahmud Noormohamed,2024-06-15,The airport was very crowded for the upcoming Memorial Day weekend Nonetheless there was plenty of seating at the gates and dining options ranging from sit down restaurants to fast food The terminal is bright spacious and with plenty of windows through which to see the airfield Going through security was a breeze with TSAPre The Airport WIFI is easy to connect too and fast The major drawback to this airport is the lack of bathrooms The bathrooms are small and there are only stalls in each of the mens bathrooms On a busy travel holiday this meant waiting times of about minutes Given the number of passengers that fly through the airport daily renovating andor expanding bathrooms should be considered,7.0,Positive,Positive,Neutral,NEGATIVE,
Unknown,General,Anonymous,,the service and comfort is correct and equivalent to other companies in eco premium one advantage is the access to lounge food on board are same as eco and the only real difference is the seat a little bit more confortable but dont imagine you will have a good night on a hours flight in fact you will have more privacy and much less chance of having an impolite person behind you that is shaking and hitting your seat ana didnt transfer the miles for this trip to thai airways as requested i send many messages talk to the chatbot but after one month no news and impossible to talk to somebody,,,,,,
Unknown,General,Anonymous,,on a scoot flight from d we could not find any food or drink outlets between d and d and that is a long way the airport has obviously grown so big that it has become unwieldy,,,,,,
Air Namibia,airline,Irina Kontsevaya,2020-01-28,Windhoek to Frankfurt After having read reviews I was prepared for bad service and problems during the flight but luckily everything was fine and I am quite happy with the overall experience The aircraft is spacious and clean seats are comfortable and have a pillow and a blanket for each passenger The crew was very friendly and not so good cop bad cop The food was quite good however it might have been better maybe a dessert could be added Big selection of drinks but only one type of juice orange On the long overnight flight dinner and breakfast have been offered During the flight the crew also offered water The entertainment system is still not working it seems to be a persistent problem that the airline is not willing to solve,6.0,Positive,Positive,Positive,Positive,
Unknown,General,Anonymous,,for an international airport davao international airport is really underwhelming theres almost no variety in shopping or food optionsif youre looking for anything beyond a basic snack youre out of luck its hard to believe an international hub can be so limited the seating situation is also badthere just isnt enough of it and during busy times youll find yourself standing around with nowhere to sit while the bathrooms are clean there are only two stalls per restroom which is ridiculous for an international airport long lines and unnecessary waiting are inevitable overall the airport needs serious improvement to meet even basic international standards for passenger comfort,,,,,,
Unknown,General,Anonymous,,a small and basic airport which is rather difficult for transit passengers due to the long wait times at security i flew through bishkek on a turkish airlines flight from istanbul to ulaanbaatar which has an hour stop in bishkek before you rejoin the same plane the problem with bishkek is it takes a good minutes to get though the security check as there is only one scanner once through though there is a smoking area several shops and a small bar but you wont get much time to avail of these facilities the departure screens dont seem to work and when it is time to board an airport staff member simply shouts the destination of the flight,,,,,,
Paris Orly,airport,E Beji,2024-11-11,One of the worst experiences ever in a major airport There was no one in the immigration at gates F Orly building h of waiting to have a single policeman for or flights departing from this hall and of course they had to start with passengers with priority so additional minutes of waiting Never in my life I could imagine an airport with no immigration officers even in the worst airports in the world Once the immigration passed gates area is still under construction no wifi and very little number of electric plugs So if you are unlucky and have a flight departing from Orly hall F take everything you need in advance,1.0,Negative,Negative,Neutral,NEGATIVE,
Seaborne Airlines,airline,B Keane,2019-04-07,San Juan to Anguilla This is the worst airline I ever flew Lost my baggage for days and then did not answer any of dozens of calls and emails Fly directly to St Martin and take the ferry over it will save you headaches I am not the only one with bad experiences with this airline check the internet for all the people who have suffered because of them,1.0,Negative,Negative,Negative,Negative,
Bournemouth,airport,S Pinchbeck,2024-09-29,I would like to say a huge thank to Yasmin who went to great lengths to find us a new flight the same day but from Bristol airport flight missed just Start of holiday delayed by hours only her professional and helpful support was greatly appreciated Thank you again,7.0,Positive,Positive,Positive,Positive,
Rwandair,airline,13 reviewsAnders Pedersen,2024-12-12,KigaliParis th Dec on one of their A aircrafts Checked in online smooth but is unnecessary and does neither add value nor gain time I chose an entire seatrow for free due to my Gold Status with Rwandairs Dream Miles Program Marburg declarations forms have to be filled prior to enter the airport Checkin slow minutes per pax but they managed to checkin luggage onwards with other airline Dream lounge in Kigali is a pleasure with panorama windows over town Catering options varied a bit sparse the best hot snacks appear not to reach the lounge easily only on firm request I suspect that they are consumed by lounge staff have seen indications hereof Wines are subpar No sparkling wine offered Flight on time full on time Seafood meal preordered and given Generous catering They gave me on early request an entire row onboard for better sleep Blankets earset and pillows given Very affordable ticket USD tr purchased months before departure Extremely good value for money Miles given,9.0,Positive,Positive,Positive,Positive,
IndiGo,airline,M Garenes,2025-02-20,I had a horrible experience travelling with IndiGo They saw a restricted item a lighter forgotten in a pocket and decided to open the luggage to remove it which got it delayed so it didnt get loaded in the flight They told me at the arrival they didnt know where it was but that they were going to contact me when it arrived I called them every day to ask where it was at they had no answer for me for two weeks they didnt know they were telling me it is my fault for carrying a lighter It finally arrived after two weeks they told me to get it whenever but when I came nobody knew where it was and I paid the trip to the airport for nothing The next day same thing but luckily an Indian friend was there with me and didnt let it go and after two whole hours of waiting at the airport entrance trying to catch indigo employees they finally located our luggage indiGo is refusing to give any compensation saying the empty lighter classified the luggage as category security threat and that it my fault Never flying with them again,1.0,Neutral,Negative,Negative,NEGATIVE,
Unknown,General,Anonymous,,this review is in regards to the cabin crew for our flight ar on august from montevideo to buenos aires they often offer beverages and sandwiches or muffins in premium class the staff closed the curtain and started to eat and drink they did not offer even a glass of water the got the sandwiches that were supposed to be offered to u,,,,,,
Pakistan Intl Airlines,airline,Syed Anzar Zaidi,2023-05-06,I flew from Karachi to Toronto on PIA LR The seats very comfortable and the leg room was amazing Cabin crew was very friendly and kept on serving refreshments The food is delicious The best part is that it is the only non stop flight from Pakistan to Canada which is very convenient and saves a lot of time The only drawbacks are that the IFE doesnt work except for the flight map and there are no charging ports,9.0,Positive,Positive,Positive,Positive,
Unknown,General,Anonymous,,arrived at night to santo domingo airport and absolutely nothing was open no shops no bars no food nothing for me and the other hungry tired people on the flight this was average we had been on a flight for at least hours with little food served on the plane and then we landed in transit and there was nothing we could get to eat or drink here either ok it was night time but many airports have places open at night as airports should function the airport especially the toilets was filthy also the staff were quite friendly but they spoke no english whatsoever and the signs were not somewhat clear,,,,,,
Belize,airport,K Gates,2014-01-03,Small minimal facilities not much to do while you wait Staff are friendly and efficient The day we arrived there was live music playing in the customs area nice touch We walked out of the terminal to be greeted immediately by our tour arranger,7.0,Positive,Positive,Positive,Positive,
Unknown,General,Anonymous,,quite simply an average airport for its customers considering that it is an international terminal immigration and security staff are brusque bordering on rude and appear to express acceptable delight in confiscating power banks mine was only a few months old terminal is modern toilets were somewhat clean with paper and bidets however airside there is only one starbucks and a noodle shop and a guest lounge that closes at midnight i arrived there at and they wanted usd for minutes and most of the few shops close at midnight flights depart regularly throughout the night but the facilities are not there if you have a departure in the early hours the seating airside is sparse ill rarely use this airport again oh and you can not buy alcoholic drinks anywhere in the facility,,,,,,
Unknown,General,Anonymous,,we bought tickets before the pandemic and cant have our money back since then since that time they write to us that we need to wait the regular flights to start operating according to their website they have been already flying all regular routes infrequently buy tickets in buta airways,,,,,,
Unknown,General,Anonymous,,we spent extra money to purchase select seating nowhere does it show in the email confirmation your assigned seating so you have no proof by the time you realize it it is too late prompting customers for more money through upgrades without delivering it and giving no proof in the confirmation either that or please fix the bug in your system,,,,,,
Chiang Mai,airport,K Kemp,2020-12-01,Probably the most inefficient and waste of time and money with double security screening Before entering the terminal you are required to screen both checkin and carry on luggage and backpacks Taking out laptopstables and mobile phones as if you are about to board the plane Then after getting your boarding pass you have to go through another security screening exactly like the first one when entering the terminal Dont really understand the reason the need for the first security check if they have the exact same one before boarding,2.0,Positive,Positive,Neutral,NEGATIVE,
Sarajevo,airport,Peter Cullen,2007-08-27,I have arrived and departed SJJ several times in the first half of and find very little to criticise It is fairly small and not very busy so checkin luggage handling passport checks etc tend to work quickly and effectively I have only encountered helpful and friendly staff in all areas One criticism is that there is no public transport to the airport except taxis and you should agree the price before you get in I did once walk from the nearest tram stop probably about km not recommended even with only hand luggage particularly when it starts to pour with rain halfway,4.0,Neutral,Positive,Positive,NEGATIVE,
Virgin Australia,airline,178 reviewsJohn Curtain,2025-02-24,Check in was easy as was boarding Staff coped well on a flight that was completely full The departure was punctual and the staff were efficient and helpful Overall a pleasant experience,7.0,Positive,Positive,Positive,Positive,
Unknown,General,Anonymous,,guadalajara airport main terminal is quite modern however the check in area seems slightly small for the amount of passengers and airlines checkin queues were not somewhat good we waited just under hour to get through the queue for a delta flight to atlanta there were about or desks open and only one md flight being checked in so it seems as though the service is somewhat inefficient security queues were also somewhat long as well the airport seems to be in urgent need for more contact gates as our plane was on a remote stand and so were many other planes the car park was appalling its obviously far more limited and queues to leave were somewhat long and time consuming you also pay when you get to the end of the queue therefore you end up paying for the minutes that you spend in the queue overall guadalajara airport needs to be expanded quickly,,,,,,
Iberia Express,airline,P Cermak,2024-11-11,Absolute and stunning perfection in everything Crew are the best wonderful and polite people who are there to make your journey a great part of your day Please treat your crew nicely they are literally one of the best and I fly a lot times a month,10.0,Positive,Positive,Positive,Positive,
Chisinau,airport,Tamika Green,2025-02-21,Checked in sent through passport control no issue Get to the gate to board and questioned about my residency and how to prove it Evisa is all linked to my passport now for the UK and a friend with dual citizenship had to prove their status An active evisa wasnt accepted but an expired BRP from visas ago was Made to feel like I was doing the wrong thing when having been to countries Ive never been questioned like this If travelling through here be prepared for appalling treatment,1.0,Negative,Negative,Neutral,NEGATIVE,
Unknown,General,Anonymous,,i flew a couple of times this year into belo horizontes confins international airport and i must say that this airport lacks the basics it was supposed to be renovated for the fifa world cup and a few weeks before the tournament the airport was in utter chaos it seemed as if i was in a construction sight i came back during the world cup and things improved a little giving it a more pleasant atmosphere i am brazilian so the language is not a problem but i spoke with some people that passed through the airport and they complained how few people spoke english the airport does not receive many international flights only flights are to buenos airesargentina miamiusa lisboaportugal and panama citypanama and only a few of those are daily most of the times i arrived to this airport were on domestic flights but in july i came from the usa using a copa airlines flight from panama city i was puzzled as to why the plane did not parked directly at the gate since it arrived early in the morning and there were many finger gates with no planes parked whatsoever immigration officials were not friendly and showed little professionalism the lady that checked my passport had one earphone on and was chewing gum with her mouth open the luggage carrousel is a complete mess as the area is somewhat cramped and small customs was the only positive as once i had my luggage i went through it quickly this airport has somewhat bad air conditioning and in the summer it can be horribly hot inside and having to wait to board with somewhat little seating can be a hassle it is really far from downtown belo horizonte but the roads are good and i recommend taking the conexo aeroporto buses that take you straight to the center of the city for a rate of r around dollars this option is somewhat advantageous because taking a cab directly from the airport is ridiculously expensive have seen worse airports but this one is one that i am certainly not somewhat fond of does its job but could be far off better and i hope it does get better once the renovations are finished,,,,,,
Kefalonia,airport,C Walsh,2016-08-28,Arriving at Kefalonia wasnt too bad luggage came through quick and we were off the plane and out within mins Departing was another story chaotic check in queing only desks signage is appalling you have to weigh your bags at check in then fight through the throng to get them on a Xray machine belt The chap checking passports was plugged into his iPhone the food from the overpriced kiosk in the departures lounge was woeful the toilets were appealing with doors that didnt lock and toilet paper on floor The departures area is too small with inadequate seating and poor public information All in all a complete dump needs some severe investment,1.0,Neutral,Negative,Negative,NEGATIVE,
Unknown,General,Anonymous,,what an absolute shambles is taxi drop off and pick up they are now at the midterm car park where one is promised a shuttle bus that doesnt come on wednesday the st of february at pm there was a queue of people waiting for the bus it simply didnt come i had to make it by foot a good min walk if not more with a toddler and luggage to where our taxi was waiting the whole arrangement is chaotic and confusing the whole thing is in disarray same story when we arrived at the airport but it was raining so we had the privilege to walk to the terminal on the rain suitcase children and adults got soaked in the process i bet the ceo of the airport doesnt get to experience this what a mess this is i would give them stars if i could,,,,,,
Richmond,airport,M Keenan,2008-08-13,Richmond is a medium size airport that has recently been extensively renovated My experience flying in and out was very pleasant RIC is a human sized airport so it is easy to get around Baggage recovery was fast and painless with our checked bags appearing only about five minutes after we had arrived at the carousel The rental car desks are conveniently sited and the rental car garage is a two minute walk from the terminal Our total time from landing to driving off in a rental car was less than thirty minutes The airport is well connected to the adjacent Interstate highway so the airport is easy to get into and out of On departure checkin and security was quick and painless There is a restaurant in the secure area offering a view of the ramp a pleasant thing for the travelling aircraft buff Overall I was very impressed with Richmond airport and would use it again anytime,5.0,Positive,Positive,Neutral,POSITIVE,
Unknown,General,Anonymous,,on the evening flight a hot meal was ordered and added to the ticket for a year old lady when the meal arrived it was completely cold and not really appetizing when stewardess was asked to heat the meal it was answered that only for a business class passengers they can use the microwave airbaltic really,,,,,,
